ts,family,market,side,qty,px,purpose,est_day,rested_h,fair,band_lo,band_hi,conf,touch_bid,touch_ask,conc,pos_after,why,oid
1787508367.1,nba,tec-nba-mvp-2027-05-17-w-lambal,BUY,100,0.01,earn,0.0068,3.8,,1,4,0,0.01,0.02,-0.01,100,joins the touch — the book has been quiet,C1Z3K549CDK0
1787525854.6,nba,tec-nba-champ-2027-06-18-w-mia,SELL,1,0.04,earn,0.0001,8.83,,2,5,0,0.03,0.04,0,-1,joins the touch — the book has been quiet,C1YYWGX9GDJR
1787580379.0,nba,tec-nba-champ-2027-06-18-w-nyk,BUY,1,0.08,earn,0.0009,23.96,,8,11,0,0.08,0.09,-0.02,1,joins the touch — the book has been quiet,C1YZNN2S4DKA
1787600137.5,nba,tec-nba-champ-2027-06-18-w-pho,BUY,50,0.02,earn,0.0256,29.45,,1,4,0,0.02,0.03,-0.01,50,joins the touch — the book has been quiet,C1YZGC25WDK7
1787600737.5,nba,tec-nba-champ-2027-06-18-w-dal,BUY,50,0.02,earn,0.0379,29.5,,1,4,0,0.02,0.03,-0.01,50,joins the touch — the book has been quiet,C1Z2R5D5MDJV
1787601068.0,nba,tec-nba-champ-2027-06-18-w-nyk,BUY,0.17,0.08,backfill,,29.7,,,,,,,,,recovered from the exchange's transaction history — this fill was never journale,C1YZNN2S4DKA
1787601097.5,nba,tec-nba-champ-2027-06-18-w-nyk,BUY,7.66,0.08,earn,0.0001,29.71,,7,11,0.427,0.08,0.09,-0.01,9.83,joins the touch — the book has been quiet,C1YZNN2S4DKA
1787601097.5,nba,tec-nba-champ-2027-06-18-w-ind,BUY,50,0.02,earn,0.0028,29.65,,1,4,0,0.02,0.03,-0.01,50,joins the touch — the book has been quiet,C1Z1DM81WDK0
1787601397.5,nba,tec-nba-champ-2027-06-18-w-cle,SELL,1,0.03,earn,0.0001,29.76,,1,4,0,0.02,0.03,0,-1,joins the touch — the book has been quiet,C1Z0J191WDK7
1787601757.5,nba,tec-nba-mvp-2027-05-17-w-donmit,SELL,1,0.02,earn,0,29.93,,1,2,0,,0.01,-0.01,-1,joins the touch — the book has been quiet,C1YYNDF26DJV
1787601757.5,nba,tec-nba-champ-2027-06-18-w-tor,SELL,1,0.03,earn,0.0001,29.85,,1,4,0,0.02,0.03,0,-1,joins the touch — the book has been quiet,C1Z0TV896DK5
1787601997.6,nba,tec-nba-mvp-2027-05-17-w-lambal,BUY,0.01,0.01,earn,0,26.01,,1,3,0.336,,0.02,-0.01,100.01,joins the touch — the book has been quiet,C22DPXJ3GDK5
1787602117.6,nba,tec-nba-mvp-2027-05-17-w-jaytat,BUY,20,0.05,earn,0.0003,30.03,,4,8,0,0.05,0.06,-0.01,20,joins the touch — the book has been quiet,C1YYK7PRJDK2
1787602117.6,nba,tec-nba-mvp-2027-05-17-w-giaant,BUY,10,0.06,earn,0.0008,30.01,,5,9,0,0.06,0.07,-0.01,10,joins the touch — the book has been quiet,C1YYYS156DJV
1787602117.6,nba,tec-nba-mvp-2027-05-17-w-paoban,BUY,27.52,0.01,earn,0.0028,29.91,,1,3,0,0.01,0.02,-0.01,27.52,joins the touch — the book has been quiet,C1Z1SD41RDJT
1787602117.6,nba,tec-nba-mvp-2027-05-17-w-shagil,BUY,5,0.16,earn,0.0014,29.9,,16,20,0,0.16,0.17,-0.02,5,joins the touch — the book has been quiet,C1Z2AV7YTDKA
1787602117.6,nba,tec-nba-mvp-2027-05-17-w-antedw,BUY,20,0.04,earn,0.0012,29.85,,3,6,0,0.04,0.05,-0.01,20,joins the touch — the book has been quiet,C1Z3XX91MDJP
1787602237.6,nba,tec-nba-mvp-2027-05-17-w-kevdur,SELL,1,0.02,earn,0.0004,30,,1,3,0,0.01,0.02,-0.01,-1,1 tick behind the touch; ~0.0% of the ask side,C1Z0J18ZWDK7
1787602237.6,nba,tec-nba-champ-2027-06-18-w-mil,SELL,1,0.02,earn,0.0001,29.93,,1,3,0,0.01,0.02,-0.01,-1,1 tick behind the touch; ~0.0% of the ask side,C1Z2AV89TDKA
1787602417.6,nba,tec-nba-champ-2027-06-18-w-gsw,SELL,1,0.02,earn,0.0002,30.03,,1,3,0,0.01,0.02,0,-1,joins the touch — the book has been quiet,C1Z11H0DJDJT
1787603277.3,nba,tec-nba-mvp-2027-05-17-w-paoban,BUY,0.48,0.01,backfill,,30.23,,,,,,,,,recovered from the exchange's transaction history — this fill was never journale,C1Z1SD41RDJT
1787603317.6,nba,tec-nba-mvp-2027-05-17-w-nikjok,BUY,5,0.12,earn,0.0003,30.35,,11,15,0,0.12,0.13,-0.01,5,joins the touch — the book has been quiet,C1YZ2G224DK1
1787603317.6,nba,tec-nba-mvp-2027-05-17-w-kawleo,BUY,100,0.01,earn,0.0029,30.3,,1,5,0,0.01,0.02,-0.02,100,joins the touch — the book has been quiet,C1Z0AAA68DJP
1787603317.6,nba,tec-nba-mvp-2027-05-17-w-paoban,BUY,72,0.01,earn,0.0021,30.25,,1,3,0.453,0.01,0.02,-0.01,100,joins the touch — the book has been quiet,C1Z1SD41RDJT
1787603317.6,nba,tec-nba-mvp-2027-05-17-w-denavd,BUY,100,0.01,earn,0.0031,30.23,,1,5,0,0.01,0.02,-0.02,100,joins the touch — the book has been quiet,C1Z2CN5TCDK2
1787603317.6,nba,tec-nba-mvp-2027-05-17-w-tyrmax,BUY,100,0.01,earn,0.0029,30.2,,1,3,0,0.01,0.02,-0.01,100,joins the touch — the book has been quiet,C1Z35GBTJDK2
1787603317.6,nba,tec-nba-mvp-2027-05-17-w-cadcun,SELL,1,0.03,earn,0.0001,30.18,,1,4,0,0.02,0.03,0,-1,joins the touch — the book has been quiet,C1Z3K5524DK0
1787605438.5,nba,tec-nba-mvp-2027-05-17-w-kawleo,BUY,100,0.01,hand,,17.92,,,,,,,,,your own trade — from the exchange's record; direction from its order intent,C2A3X3F14DJR
1787605559.3,nba,tec-nba-champ-2027-06-18-w-pho,BUY,50,0.01,hand,,296.94,,,,,,,,,your own trade — from the exchange's record; direction from its order intent,BTTM4QK14DJR
1787605567.9,nba,tec-nba-champ-2027-06-18-w-ind,BUY,50,0.02,hand,,1.23,,,,,,,,,your own trade — from the exchange's record; direction from its order intent,C2RGN5G10DK5
1787605575.8,nba,tec-nba-champ-2027-06-18-w-dal,BUY,50,0.01,hand,,1.31,,,,,,,,,your own trade — from the exchange's record; direction from its order intent,C2REPQJ3TDK7
1787606033.3,nba,tec-nba-mvp-2027-05-17-w-denavd,SELL,25,0.01,hand,,0,,,,,,,,,your own trade — from the exchange's record; direction from its order intent,C2SMWWTQEDJT
1787606039.4,nba,tec-nba-mvp-2027-05-17-w-jaytat,BUY,20,0.05,hand,,2.09,,,,,,,,,your own trade — from the exchange's record; direction from its order intent,C2QX07QFRDK1
1787606088.2,nba,tec-nba-mvp-2027-05-17-w-giaant,BUY,10,0.06,hand,,2.05,,,,,,,,,your own trade — from the exchange's record; direction from its order intent,C2QYCTZVPDK1
1787606092.6,nba,tec-nba-mvp-2027-05-17-w-nikjok,BUY,5,0.12,hand,,2.05,,,,,,,,,your own trade — from the exchange's record; direction from its order intent,C2QY2BZNCDK0
1787606095.7,nba,tec-nba-mvp-2027-05-17-w-shagil,BUY,5,0.16,hand,,0.85,,,,,,,,,your own trade — from the exchange's record; direction from its order intent,C2RX95KVTDJR
1787606148.8,nba,tec-nba-mvp-2027-05-17-w-tyrmax,SELL,50,0.01,hand,,0.02,,,,,,,,,your own trade — from the exchange's record; direction from its order intent,C2SNY3SGADKA
1787612056.5,nba,tec-nba-champ-2027-06-18-w-det,BUY,20,0.05,earn,0.0142,32.59,,4,7,0,0.05,0.06,0,20,joins the touch — the book has been quiet,C1Z45CG4ADK0
1787618810.7,nba,tec-nba-champ-2027-06-18-w-det,BUY,20,0.03,hand,,1.82,,,,,,,,,your own trade — from the exchange's record; direction from its order intent,C2V62ZSKGDK1
1787652066.2,nba,tec-nba-champ-2027-06-18-w-phi,BUY,5,0.12,earn,0.0009,43.8,,11,14,0,0.12,0.13,-0.01,5,joins the touch — the book has been quiet,C1Z1D6V5EDK1
1787716433.7,nba,tec-nba-mvp-2027-05-17-w-kevdur,SELL,1,0.02,hand,,10.36,,,,,,,,,your own trade — from the exchange's record; direction from its order intent,C3B4GD856FSS
1787716445.4,nba,tec-nba-mvp-2027-05-17-w-lambal,BUY,100.01,0.01,hand,,10.35,,,,,,,,,your own trade — from the exchange's record; direction from its order intent,C3B4Z8R5MFSS
1787716448.3,nba,tec-nba-mvp-2027-05-17-w-paoban,BUY,100,0.01,hand,,10.33,,,,,,,,,your own trade — from the exchange's record; direction from its order intent,C3B581R6MFSJ
1787716450.8,nba,tec-nba-mvp-2027-05-17-w-denavd,BUY,75,0.01,hand,,10.29,,,,,,,,,your own trade — from the exchange's record; direction from its order intent,C3B6W35NAFSS
1787716453.4,nba,tec-nba-mvp-2027-05-17-w-tyrmax,BUY,50,0.01,hand,,10.27,,,,,,,,,your own trade — from the exchange's record; direction from its order intent,C3B7QPY90FSG
1787716455.8,nba,tec-nba-mvp-2027-05-17-w-antedw,BUY,20,0.03,hand,,12.76,,,,,,,,,your own trade — from the exchange's record; direction from its order intent,C392GNG5CFSP
1787716458.6,nba,tec-nba-mvp-2027-05-17-w-cadcun,SELL,1,0.04,hand,,10.99,,,,,,,,,your own trade — from the exchange's record; direction from its order intent,C3AKFPY8TFSM
1787716460.9,nba,tec-nba-mvp-2027-05-17-w-donmit,SELL,1,0.02,hand,,10.91,,,,,,,,,your own trade — from the exchange's record; direction from its order intent,C3ANWK21RFSJ
1787716476.8,nba,tec-nba-champ-2027-06-18-w-mia,SELL,1,0.07,hand,,4.85,,,,,,,,,your own trade — from the exchange's record; direction from its order intent,C3FQZ1MKYFSK
1787716737.6,nba,tec-nba-champ-2027-06-18-w-nyk,BUY,10,0.07,hand,,13.18,,,,,,,,,your own trade — from the exchange's record; direction from its order intent,C38RV9RP8FSS
1787739418.7,nba,tec-nba-champ-2027-06-18-w-mil,SELL,1,0.02,hand,,16.21,,,,,,,,,your own trade — from the exchange's record; direction from its order intent,C3BK2X50CFSJ
1787739422.1,nba,tec-nba-champ-2027-06-18-w-cle,SELL,1,0.04,hand,,16.39,,,,,,,,,your own trade — from the exchange's record; direction from its order intent,C3BDV3ZSYFSR
1787739426.0,nba,tec-nba-champ-2027-06-18-w-tor,SELL,1,0.04,hand,,16.32,,,,,,,,,your own trade — from the exchange's record; direction from its order intent,C3BG0F1FWFSH
1787740903.0,nba,tec-nba-champ-2027-06-18-w-phi,BUY,5,0.11,hand,,5.48,,,,,,,,,your own trade — from the exchange's record; direction from its order intent,C3MZSKSZYFSM
1788141173.3,nba,tec-nba-champ-2027-06-18-w-gsw,BUY,1,0.02,hand,,0,,,,,,,,,your own trade — from the exchange's record; direction from its order intent,C6S023GFJKDK
1788325004.3,cfb,aachc-cfb-wins-2026-11-28-vir-7pt5wins,SELL,1,0.66,earn,0.6304,0.65,,59,66,0.041,0.65,0.66,-0.03,-1.01,joins the touch — the book has been quiet,C846W080MM9F
1788387839.4,cfb,aachc-cfb-wins-2026-11-28-vir-7pt5wins,SELL,0.13,0.7,backfill,,0.2,,,,,,,,,recovered from the exchange's transaction history — this fill was never journale,C8KWB0VGJMVK
1788404103.3,cfb,aachc-cfb-wins-2026-11-28-vir-7pt5wins,SELL,1,0.7,earn,0.2695,0.64,,64,69,0.365,0.68,0.69,-0.03,-2,1 tick behind the touch — we would hold 4% of the ask side,C8QAD8APAMVZ
1788409069.5,cfb,aachc-cfb-wins-2026-11-28-vir-7pt5wins,SELL,0.01,0.71,backfill,,1,,,,,,,,,recovered from the exchange's transaction history — this fill was never journale,C8R6MFA2JMW0
1788435304.7,cfb,aachc-cfb-wins-2026-11-28-vir-7pt5wins,SELL,1,0.72,manual,0.6221,7.25,,68,72,0.657,0.71,0.72,-0.02,-3.01,the owner's own order — the engine leaves it alone,C8S2S6K98MVG
1788810309.2,gameday,aec-cfb-ala-uk-2026-09-12,BUY,50,0.78,hand,,4.88,,,,,,,,,your own trade — from the exchange's record; direction from its order intent,CBMHZA9JRQ3R
1788974749.7,cfb,aachc-cfb-wins-2026-11-28-oregst-5pt5wins,SELL,1,0.07,sell,0,0.49,,8,21,0.252,0.02,0.07,0.07,0,selling filled stock — it earns while it waits,CCZGZME3GSJ1
1788975049.7,nfl,aqc-nfl-2027-01-10-playoffq-dal,SELL,0.01,0.45,earn,0.0222,0.66,,44,55,0,0.44,0.45,0.04,-0.01,joins the touch — the book has been quiet,CCZEA26H8T75
1788975109.7,nfl,ftsc-nfl-kmostfp-2027-01-10-ryafit,BUY,1,0.26,earn,0.293,1.8,,23,30,0,0.26,0.27,-0.01,1,joins the touch — the book has been quiet,CCYGT48ZASJZ
1788975468.9,nfl,ftsc-nfl-kmostfp-2027-01-10-matgay,BUY,0.06,0.3,backfill,,1.37,,,,,,,,,recovered from the exchange's transaction history — this fill was never journale,CCZ0D2TJ2T6S
1788976013.3,nfl,ftsc-nfl-rbtop12fp-2027-01-10-deach,BUY,0.01,0.41,hand,,0.02,,,,,,,,,your own trade — from the exchange's record; direction from its order intent,CD0ATHF1MSJ1
1788976053.6,nfl,tec-nfl-oroy-2027-02-11-w-jadpri,BUY,1.9,0.23,backfill,,0.83,,,,,,,,,recovered from the exchange's transaction history — this fill was never journale,CCZHDC408SJH
1788976053.6,nfl,tec-nfl-oroy-2027-02-11-w-jadpri,BUY,0.1,0.23,backfill,,0.83,,,,,,,,,recovered from the exchange's transaction history — this fill was never journale,CCZHDC408SJH
1788976483.5,nfl,aqc-nfl-2027-01-10-playoffq-ind,BUY,0.1,0.35,sell,0.0051,5.16,,33,38,0,0.35,0.36,-0.01,-0.9,an exit — its fill reduces the position it sits on,CCVZP43VTSX0
1788976519.3,nfl,aqc-nfl-2027-01-10-playoffq-dal,SELL,0.1,0.67,backfill,,0,,,,,,,,,recovered from the exchange's transaction history — this fill was never journale,CD0EVNVSMSK5
1788976583.6,nfl,tec-nfl-cbpoty-2027-02-11-w-micpar,SELL,1,0.12,sell,0,0.81,,7,12,0.558,0.03,0.04,-0.02,0,selling filled stock — it earns while it waits,CCZPREGC0SJR
1788978235.7,nfl,tec-nfl-nfcsouth-2027-01-10-w-no,SELL,0.01,0.31,sell,0.0009,0.9,,27,35,0.428,0.28,0.31,0,-0.01,selling filled stock — it earns while it waits,CD02VBTT4T6S
1788978299.6,nfl,ftsc-nfl-qbtop5fp-2027-01-10-lamjac,BUY,1,0.61,earn,0,0.81,,57,93,0,0.61,0.99,-0.15,1,joins the touch — the book has been quiet,CD06AQPT0SJR
1788978449.3,nfl,ftsc-nfl-wrtop12fp-2027-01-10-romodu,SELL,0.01,0.03,earn,0.0007,1.21,,2,12,0,0.01,0.02,0.03,-0.01,1 tick in front of the touch — we would hold 45% of the ask side,CCZTJ3HB6T6S
1788978449.3,nfl,ftsc-nfl-qbtop5fp-2027-01-10-joebur,BUY,0.81,0.41,manual,0,0.66,,41,57,0,0.44,0.57,-0.08,0.81,the owner's own order — the engine leaves it alone,CD0AN2VRPT3P
1788978631.1,nfl,tec-nfl-nfcnorth-2027-01-10-w-chi,SELL,1,0.23,earn,1.1532,2.67,,20,26,0,0.22,0.23,0,-1,joins the touch — the book has been quiet,CCYMY5PA0T3P
1788979915.7,nfl,tec-nfl-oroy-2027-02-11-w-chrbel,SELL,0.01,0.12,sell,0,0.47,,3,12,0.423,0.02,0.03,-0.06,-0.01,selling filled stock — it earns while it waits,CD0VEFM9JSX4
1788980136.5,nfl,fptc-nfl-tefpou-2027-01-10-tremcb,BUY,0.5,0.66,earn,0.3332,3.09,,64,78,0,0.66,0.67,-0.05,0.5,joins the touch — the book has been quiet,CCYKVM8E0T75
1788980375.7,nfl,fptc-nfl-tefpou-2027-01-10-marand,SELL,0.01,0.06,earn,0.0149,2,,6,25,0,0.05,0.06,0.06,-0.01,joins the touch — the book has been quiet,CCZJ80KWPT3P
1788981269.0,nfl,ftsc-nfl-kmostfp-2027-01-10-matgay,BUY,0.06,0.3,backfill,,2.98,,,,,,,,,recovered from the exchange's transaction history — this fill was never journale,CCZ0D2TJ2T6S
1788981276.8,nfl,ftsc-nfl-kmostfp-2027-01-10-andszm,BUY,0.5,0.24,earn,0.0037,3.02,,25,30,0,0.24,0.25,-0.03,0.5,1 tick in front of the touch — we would hold 98% of the bid side,CCYYF5D20T75
1788981276.8,nfl,ftsc-nfl-kmostfp-2027-01-10-matgay,BUY,1.88,0.3,earn,0.0179,2.99,,30,37,0,0.3,0.34,-0.03,1.94,joins the touch — the book has been quiet,CCZ0D2TJ2T6S
1788981493.1,nfl,ftsc-nfl-wrtop12fp-2027-01-10-emeegb,SELL,0.5,0.12,earn,0.0353,1.77,,8,15,0,0.11,0.12,0,-0.5,joins the touch — the book has been quiet,CD03PCX10SJZ
1788981685.6,nfl,ftsc-nfl-qbmostfp-2027-01-10-jaxdar,BUY,2,0.25,earn,0.0188,2.28,,24,29,0,0.25,0.26,-0.01,2,joins the touch — the book has been quiet,CCZMXFABRSX0
1788981694.7,nfl,tec-nfl-opoy-2027-02-11-w-jahgib,BUY,0.36,0.15,backfill,,2.07,,,,,,,,,recovered from the exchange's transaction history — this fill was never journale,CCZW8P76YSJZ
1788982008.1,nfl,tec-nfl-opoy-2027-02-11-w-jahgib,BUY,2,0.15,earn,0.0049,2.17,,,,0,,,,2,1 tick behind the touch — we would hold 6% of the bid side,CCZW8P76YSJZ
1788982100.8,nfl,tec-nfl-cbpoty-2027-02-11-w-micpar,BUY,1,0.2,backfill,,1.46,,,,,,,,,recovered from the exchange's transaction history — this fill was never journale,CD0HHDPXJT6S
1788982515.4,nfl,ftsc-nfl-kmostfp-2027-01-10-chrbos,BUY,2,0.22,earn,0.0136,2.6,,20,26,0,0.22,0.23,-0.01,2,joins the touch — the book has been quiet,CCZJ2B71ASJH
1788984656.2,nfl,ftsc-nfl-qbmostfp-2027-01-10-dramay,BUY,2,0.25,earn,0.8825,3.31,,22,28,0,0.25,0.26,0,2,joins the touch — the book has been quiet,CCZFCNZWTSJR
1788985610.0,nfl,fptc-nfl-wrfpou-2027-01-10-tetmcm,BUY,1,0.5,earn,0.0255,2.97,,50,58,0,0.5,0.51,-0.04,1,joins the touch — the book has been quiet,CD02T98JPSK5
1788985610.0,nfl,aqc-nfl-2027-01-10-playoffq-sea,BUY,0.01,0.84,sell,0.0321,2.69,,66,73,0,0.75,0.76,0.14,-0.99,an exit — its fill reduces the position it sits on,CD0AYTGYRSX4
1788985691.3,nfl,ftsc-nfl-kmostfp-w1-2026-09-14-kafai,SELL,0.01,0.02,backfill,,4,,,,,,,,,recovered from the exchange's transaction history — this fill was never journale,CCZ66VNHAT3P
1788985844.3,nfl,tec-nfl-opoy-2027-02-11-w-jontay,SELL,0.01,0.21,backfill,,3.69,,,,,,,,,recovered from the exchange's transaction history — this fill was never journale,CCZE186QPSJ1
1788986358.8,nfl,aqc-nfl-afc-2027-01-24-champq-den,BUY,0.01,0.31,sell,9.3739,5.85,,22,34,0.416,0.19,0.35,0.03,0,buying back the short at or under what it sold for — the bid earns while it wait,CCXPBMC1WSX4
1788986358.8,nfl,ftsc-nfl-rbmostfp-w1-2026-09-14-chrmcc,SELL,0.01,0.14,earn,0.0007,3.12,,4,13,0.431,0.02,0.14,-0.06,-0.02,12 ticks in front of the touch — we would hold 99% of the ask side,CD03GQ7NPSJR
1788988260.2,nfl,tec-nfl-oroy-2027-02-11-w-jadpri,SELL,2,0.24,sell,0.0346,3.27,,21,25,0.79,0.23,0.24,-0.01,0,selling filled stock — it earns while it waits,CD0EXB58ESX0
1788988260.2,nfl,tec-nfl-nfcnorth-2027-01-10-w-chi,BUY,1,0.22,sell,0.0007,2.67,,22,27,0.442,0.25,0.27,-0.03,0,buying back the short at or under what it sold for — the bid earns while it wait,CD0YZR9FPT3P
1788989750.9,nfl,ftsc-nfl-rbmostfp-w1-2026-09-14-kyrwil,SELL,0.04,0.07,backfill,,0.11,,,,,,,,,recovered from the exchange's transaction history — this fill was never journale,CD3G9DFNGSK5
1788991566.3,nfl,ftsc-nfl-wrmostfp-w1-2026-09-14-malnab,SELL,0.01,0.05,manual,0,4.35,,1,5,0,0.01,0.02,-0.03,-0.01,the owner's own order — the engine leaves it alone,CD0A4R0XPSJH
1788992681.6,nfl,tec-nfl-opoy-2027-02-11-w-jahgib,SELL,2,0.16,sell,0.0021,0.73,,13,18,0.44,0.15,0.16,-0.01,0,selling filled stock — it earns while it waits,CD3MRDPXMSX4
1788992686.9,gameday,aec-cfb-ala-uk-2026-09-12,SELL,50,0.785,hand,,1.02,,,,,,,,,your own trade — from the exchange's record; direction from its order intent,CD3DSPBPRSK5
1788993581.9,nfl,tec-nfl-mvp-2027-02-11-w-joebur,SELL,1,0.12,sell,0.2556,0.21,,11,20,0.586,0.11,0.12,0.03,0,selling filled stock — it earns while it waits,CD4B8BJ70SK5
1788997717.1,nfl,ftsc-nfl-temostfp-w1-2026-09-14-tremcb,BUY,0.01,0.24,sell,0,2.12,,26,39,0.423,0.24,0.38,-0.09,0.01,buying back the short at or under what it sold for — the bid earns while it wait,CD3MYPYNWSX0
1788998232.4,nfl,ftsc-nfl-rbmostfp-w1-2026-09-14-jahgib,BUY,0.01,0.25,sell,0.0001,7.12,,23,28,0.65,0.25,0.26,0,0.01,buying back the short at or under what it sold for — the bid earns while it wait,CCZER6DMWSX4
1788999334.6,nfl,tec-nfl-droy-2027-02-11-w-arvree,SELL,1,0.18,sell,4.6875,0.57,,19,29,0.403,0.17,0.18,0.06,0,selling filled stock — it earns while it waits,CD5D0MBYCSJH
1788999776.2,nfl,aqc-nfl-nfc-2027-01-24-champq-det,SELL,1,0.25,sell,0.0912,0.93,,22,27,0.415,0.24,0.28,0,0,selling filled stock — it earns while it waits,CD56R3DWCT75
1789005872.9,nfl,ftsc-nfl-temostfp-w1-2026-09-14-brestr,BUY,0.46,0.06,backfill,,0.17,,,,,,,,,recovered from the exchange's transaction history — this fill was never journale,CD79YE4E2SX4
1789006932.3,gameday,aec-cfb-ala-uk-2026-09-12,BUY,50,0.78,hand,,2.27,,,,,,,,,your own trade — from the exchange's record; direction from its order intent,CD5QXTFC0T6S
1789008034.8,nfl,tec-nfl-oroy-2027-02-11-w-jadpri,BUY,2,0.22,earn,3.4153,0.15,,22,25,0.805,0.16,0.24,-0.02,2,1 tick behind the touch — we would hold 69% of the bid side,CD7TSWHS6T75
1789008214.9,nfl,tec-nfl-afceast-2027-01-10-w-ne,BUY,2,0.49,earn,1.0153,0.16,,45,52,0,0.49,0.5,0.01,2,joins the touch — the book has been quiet,CD7W18M62T6S
1789008970.5,nfl,aqc-nfl-afc-2027-01-24-champq-ind,BUY,0.4,0.14,backfill,,1.3,,,,,,,,,recovered from the exchange's transaction history — this fill was never journale,CD72VBEW6SJH
1789011156.3,nfl,tec-nfl-nfcwest-2027-01-10-w-sea,SELL,0.01,0.25,earn,0.0049,1.03,,24,31,0,0.25,0.3,0.02,-0.01,joins the touch — the book has been quiet,CD7TQ9X9GSX0
1789011397.4,nfl,tec-nfl-opoy-2027-02-11-w-jontay,BUY,0.01,0.17,earn,0.4645,1.11,,16,22,0.584,0.06,0.24,-0.02,0.01,12 ticks in front of the touch — we would hold 92% of the bid side,CD7T0VNTWSJH
1789011397.4,nfl,tec-nfl-opoy-2027-02-11-w-jontay,BUY,0.01,0.17,earn,2.8277,0.02,,16,22,0.584,0.06,0.24,-0.02,0.02,5 ticks in front of the touch — we would hold 92% of the bid side,CD8QK50MMSX4
1789012000.7,nfl,ftsc-nfl-qbmostfp-2027-01-10-patmah,BUY,5,0.15,earn,1.528,0.43,,12,19,0,0.17,0.18,-0.01,5,2 ticks behind the touch — we would hold 98% of the bid side,CD8GDCHXPT3P
1789012619.2,nfl,tec-nfl-cbpoty-2027-02-11-w-malnab,BUY,10,0.09,earn,0.296,3.21,,8,17,0,0.09,0.1,-0.03,10,joins the touch — the book has been quiet,CD6AP3FNET75
1789013369.5,nfl,tec-nfl-oroy-2027-02-11-w-jadpri,SELL,2,0.16,sell,2.3888,0.48,,20,24,0.828,0.15,0.16,0.06,0,selling filled stock — it earns while it waits,CD8SWXM1JSJH
1789013609.5,nfl,ftsc-nfl-rbtop12fp-2027-01-10-chabro,SELL,0.01,0.39,earn,0.0094,0.38,,35,55,0,0.34,0.72,0.03,-0.01,1 tick in front of the touch — we would hold 8% of the ask side,CD8Y4HGRCSX4
1789013669.5,nfl,ftsc-nfl-kmostfp-2027-01-10-ryafit,BUY,2,0.18,earn,0.291,1.17,,19,25,0.404,0.18,0.2,-0.04,3,1 tick behind the touch — we would hold 6% of the bid side,CD8ABQQ7TSJH
1789013669.5,nfl,ftsc-nfl-kmostfp-2027-01-10-eddpin,BUY,1,0.21,earn,0.5154,0.36,,18,27,0,0.21,0.25,-0.01,1,1 tick in front of the touch — we would hold 35% of the bid side,CD8Z4ACGPSX4
1789013669.5,nfl,ftsc-nfl-kmostfp-2027-01-10-kafai,BUY,1,0.21,earn,0.089,0.16,,17,26,0,0.2,0.23,0,1,1 tick in front of the touch — we would hold 6% of the bid side,CD95E43HESJ1
1789013729.5,nfl,ftsc-nfl-kmostfp-2027-01-10-willut,BUY,0.01,0.23,earn,0.2232,0.43,,8,24,0,0.23,0.24,0.05,0.01,joins the touch — the book has been quiet,CD8XWZPY2SX4
1789013998.6,nfl,tec-nfl-nfcchamp-2027-01-31-w-sea,BUY,5,0.11,earn,0.0017,1.61,,12,17,0,0.11,0.12,-0.03,5,joins the touch — the book has been quiet,CD80M2FCMT6S
1789014359.0,nfl,fptc-nfl-qbfpou-2027-01-10-lamjac,SELL,0.01,0.28,earn,0.0005,1.17,,25,39,0,0.25,0.26,0.03,-0.01,1 tick in front of the touch — we would hold 17% of the ask side,CD8E8ERBCT3P
1789016767.2,nfl,aqc-nfl-afc-2027-01-24-champq-ind,BUY,0.4,0.14,backfill,,3.46,,,,,,,,,recovered from the exchange's transaction history — this fill was never journale,CD72VBEW6SJH
1789016788.3,nfl,aqc-nfl-afc-2027-01-24-champq-ind,BUY,1.2,0.14,manual,0.0892,3.45,,12,17,0,0.14,0.15,0,1.6,the owner's own order — the engine leaves it alone,CD72VBEW6SJH
1789019066.8,nfl,fptc-nfl-qbfpou-2027-01-10-danjon,BUY,1,0.7,earn,0.9827,3.4,,68,74,0,0.7,0.73,-0.01,1,2 ticks behind the touch — we would hold 90% of the bid side,CD7NVF1J6SK5
1789019186.8,nfl,fptc-nfl-qbfpou-2027-01-10-kylmur,BUY,0.01,0.72,earn,0.0154,0.34,,53,68,0,0.72,0.73,0.11,0.01,joins the touch — the book has been quiet,CDA9KZ06GSX4
1789021663.5,nfl,aqc-nfl-2027-01-10-playoffq-lv,SELL,0.5,0.2,earn,0.0626,1.83,,16,23,0,0.19,0.2,-0.01,-0.5,joins the touch — the book has been quiet,CD9KAHHCTSJH
1789021846.4,nfl,aqc-nfl-2027-01-10-playoffq-lv,BUY,1,0.32,sell,0,0.03,,21,28,0.454,0.19,0.33,0.08,2,buying back the short at or under what it sold for — the bid earns while it wait,CDB6262GPT6S
1789023172.3,nfl,tec-nfl-opoy-2027-02-11-w-jontay,BUY,0.01,0.14,earn,0.515,1.11,,13,18,0.677,0.14,0.22,-0.02,0.01,7 ticks in front of the touch — we would hold 20% of the bid side,CDAKEF3CMSJZ
1789026760.2,nfl,ftsc-nfl-wrtop12fp-2027-01-10-garrwil,SELL,0.01,0.06,earn,0.0008,2.24,,5,15,0,0.05,0.15,0.04,-0.01,joins the touch — the book has been quiet,CDAFRMM1MT6S
1789028414.5,nfl,fptc-nfl-rbfpou-2027-01-10-camska,SELL,0.5,0.17,earn,0.0557,0.91,,13,21,0,0.14,0.15,-0.01,-0.5,2 ticks behind the touch — we would hold 19% of the ask side,CDBZ9FFFRT6S
1789028840.9,nfl,aqc-nfl-afc-2027-01-24-champq-cin,BUY,0.8,0.14,earn,0.08,4.83,,19,27,0.509,0.15,0.16,-0.09,0.8,1 tick behind the touch — we would hold 14% of the bid side,CD8QWTMR4T3P
1789030832.4,nfl,tec-nfl-opoy-2027-02-11-w-jontay,SELL,0.01,0.2,sell,0,0,,12,17,0.738,0.2,0.21,-0.05,0,taker dump — sold into the bid (the carved exception),CDD9TZPWRSX4
1789031793.7,nfl,tec-nfl-cbpoty-2027-02-11-w-malnab,SELL,10,0.1,sell,0.4983,5.33,,6,11,0.429,0.07,0.08,-0.02,0,selling filled stock — it earns while it waits,CD914S67RSK5
1789033676.9,nfl,fptc-nfl-qbfpou-2027-01-10-bropur,SELL,0.01,0.48,manual,0.0129,8.09,,44,52,0.321,0.45,0.52,0,-0.01,the owner's own order — the engine leaves it alone,CD73P105ESX0
1789033796.9,nfl,fptc-nfl-rbfpou-2027-01-10-ashjea,SELL,0.01,0.05,earn,0.0479,0.37,,3,14,0,0.02,0.05,0.03,-0.01,1 tick in front of the touch — we would hold 14% of the ask side,CDDQ7ZKPTT6S
1789036234.8,nfl,aqc-nfl-2027-01-10-playoffq-lv,SELL,0.99,0.23,sell,0.2653,2.53,,20,26,0.607,0.22,0.23,0,0.01,selling filled stock — it earns while it waits,CDCDJ4YTTSX0
1789036234.8,nfl,aqc-nfl-2027-01-10-playoffq-lv,SELL,0.01,0.26,sell,0,0.47,,20,26,0.607,0.22,0.23,-0.03,0,an exit — its fill reduces the position it sits on,CDE7KQQ84T6S
1789038047.3,nfl,aqc-nfl-afc-2027-01-24-champq-ind,SELL,2,0.11,sell,0.8395,1.59,,8,14,0.426,0.1,0.11,0,0,selling filled stock — it earns while it waits,CDDPBQN7JSX0
1789038047.3,nfl,aqc-nfl-nfc-2027-01-24-champq-phi,SELL,0.05,0.17,earn,0.02,1.99,,11,20,0,0.16,0.17,-0.01,-0.05,joins the touch — the book has been quiet,CDDAJBCQASX4
1789038416.0,nfl,aqc-nfl-nfc-2027-01-24-champq-chi,BUY,2,0.32,earn,0.0938,3.8,,28,37,0,0.35,0.36,-0.01,2,3 ticks behind the touch — we would hold 1% of the bid side,CDBWKZN78SX0
1789039382.4,nfl,tec-nfl-nfcchamp-2027-01-31-w-sea,SELL,5,0.12,sell,0.0137,7.02,,10,13,0.421,0.11,0.12,-0.01,0,selling filled stock — it earns while it waits,CD9CPP7SGSX0
1789041760.9,nfl,aqc-nfl-nfc-2027-01-24-champq-chi,SELL,2,0.03,sell,1.3393,0.93,,14,31,0.45,0.02,0.03,0.21,0,selling filled stock — it earns while it waits,CDF4ANV2PT75
1789042423.1,nfl,ftsc-nfl-kmostfp-2027-01-10-caisan,BUY,1,0.2,manual,0.4621,9.2,,22,28,0,0.22,0.23,-0.05,1,the owner's own order — the engine leaves it alone,CD870WZ1MT3P
1789042423.1,nfl,ftsc-nfl-kmostfp-2027-01-10-chrbos,BUY,0.89,0.14,earn,1.334,1.1,,16,23,0.377,0.15,0.16,-0.06,2.89,1 tick behind the touch — we would hold 21% of the bid side,CDF4P5T7CT75
1789042454.7,nfl,ftsc-nfl-kmostfp-2027-01-10-caisan,BUY,0.26,0.2,backfill,,9.24,,,,,,,,,recovered from the exchange's transaction history — this fill was never journale,CD870WZ1MT3P
1789042483.1,nfl,ftsc-nfl-kmostfp-2027-01-10-caisan,BUY,1,0.2,manual,0.3646,9.22,,21,25,0.454,0.22,0.23,-0.03,2,the owner's own order — the engine leaves it alone,CD870WZ1MT3P
1789042483.1,nfl,ftsc-nfl-kmostfp-2027-01-10-chrbos,BUY,1,0.14,earn,0.7404,1.11,,13,17,0.59,0.15,0.16,-0.01,4,1 tick behind the touch — we would hold 21% of the bid side,CDF4P5T7CT75
1789044546.8,nfl,aqc-nfl-2027-01-10-playoffq-ne,BUY,1,0.62,earn,0.6952,10.01,,59,64,0,0.62,0.63,0.01,1,joins the touch — the book has been quiet,CD82JKGYESK5
1789044606.8,nfl,aqc-nfl-2027-01-10-playoffq-buf,SELL,0.02,0.63,earn,0.0115,1.35,,60,68,0,0.62,0.63,0.01,-0.02,joins the touch — the book has been quiet,CDFF92HR0SJZ
1789044666.8,nfl,aqc-nfl-2027-01-10-playoffq-nyg,BUY,1,0.41,earn,1.3583,1.74,,38,45,0,0.41,0.42,0,1,joins the touch — the book has been quiet,CDF4N7ZQYSJR
1789046067.4,nfl,ftsc-nfl-flexmostfp-2027-01-10-camska,BUY,2,0.11,earn,0.4398,3.86,,,,0,,,,2,joins the touch — the book has been quiet,CDDMNKQPCSJR
1789046067.4,nfl,ftsc-nfl-flexmostfp-2027-01-10-garrwil,BUY,1,0.12,earn,0.484,1.63,,,,0,,,,1,1 tick in front of the touch — we would hold 84% of the bid side,CDFK1NEQ2SJ1
1789046247.8,nfl,ftsc-nfl-flexmostfp-2027-01-10-ashjea,BUY,1,0.11,earn,0.2509,0.26,,,,0,,,,1,1 tick behind the touch — we would hold 24% of the bid side,CDGSDQA0MSK5
1789046427.8,nfl,ftsc-nfl-dstmostfp-2027-01-10-cin,BUY,1,0.16,earn,1.4021,0.02,,13,19,0,0.16,0.17,0,1,joins the touch — the book has been quiet,CDH1W1MMPSX0
1789046427.8,nfl,ftsc-nfl-dstmostfp-2027-01-10-det,BUY,1,0.17,earn,0.4622,0.02,,13,21,0,0.18,0.19,0,1,1 tick behind the touch — we would hold 30% of the bid side,CDH0GMPPRT3P
1789046517.7,nfl,ftsc-nfl-temostfp-2027-01-10-tremcb,BUY,0.01,0.46,manual,0.2126,0.99,,39,49,0,0.46,0.47,0.02,0.01,the owner's own order — the engine leaves it alone,CDG6Z29QMSJR
1789046517.7,nfl,ftsc-nfl-dstmostfp-2027-01-10-jax,BUY,1,0.21,manual,0.736,1.21,,19,25,0,0.21,0.22,-0.01,1,the owner's own order — the engine leaves it alone,CDG08DVQ6SK5
1789046937.7,nfl,ftsc-nfl-temostfp-2027-01-10-tremcb,BUY,0.01,0.39,earn,1.9196,0.1,,38,45,0.454,0.39,0.47,-0.03,0.02,8 ticks in front of the touch — we would hold 92% of the bid side,CDH3VSE92SX0
1789047397.9,nfl,ftsc-nfl-qbmostfp-w1-2026-09-14-matsta,SELL,0.01,0.02,earn,0.0233,3.52,,1,8,0,0.01,0.02,0.02,-0.01,joins the touch — the book has been quiet,CDE86A3TASK5
1789047397.9,nfl,ftsc-nfl-kmostfp-w1-2026-09-14-harbut,SELL,0.01,0.02,earn,0.4112,0.81,,1,10,0,0.01,0.02,0.02,-0.01,joins the touch — the book has been quiet,CDGK95Q0ESK5
1789047637.9,nfl,ftsc-nfl-dstmostfp-2027-01-10-det,BUY,0.66,0.15,probe,0.0501,0.19,,10,17,0.453,0.18,0.19,0.01,1.66,a scout — this market's pool could pay; but I don't know enough yet; what happen,CDH61X5JCSK5
1789048645.6,nfl,ftsc-nfl-dstmostfp-2027-01-10-pit,BUY,1,0.16,earn,0.7196,1.11,,,,0,,,,1,joins the touch — the book has been quiet,CDGNRJ1XMSJ1
1789048977.8,nfl,ftsc-nfl-kmostfp-2027-01-10-harmev,BUY,0.1,0.19,backfill,,0.23,,,,,,,,,recovered from the exchange's transaction history — this fill was never journale,CDHF5W9S6SK5
1789048986.3,nfl,ftsc-nfl-kmostfp-2027-01-10-caisan,BUY,0.48,0.2,backfill,,11.06,,,,,,,,,recovered from the exchange's transaction history — this fill was never journale,CD870WZ1MT3P
1789048990.1,nfl,ftsc-nfl-kmostfp-2027-01-10-jakbat,BUY,0.16,0.18,backfill,,2.63,,,,,,,,,recovered from the exchange's transaction history — this fill was never journale,CDFDF5G1WSX4
1789049339.0,nfl,ftsc-nfl-temostfp-2027-01-10-kylpit,BUY,4.98,0.1,earn,1.0546,8.38,,9,17,0,0.1,0.11,-0.03,4.98,joins the touch — the book has been quiet,CDAJB0KCAT3P
1789051100.8,nfl,ftsc-nfl-qbmostfp-w1-2026-09-14-matsta,SELL,0.01,0.17,manual,0.0591,0.68,,2,9,0.45,0.01,0.17,-0.12,-0.02,the owner's own order — the engine leaves it alone,CDHJ84QKWSX0
1789052356.1,nfl,fptc-nfl-rbfpou-2027-01-10-camska,BUY,1,0.3,backfill,,6.65,,,,,,,,,recovered from the exchange's transaction history — this fill was never journale,CDCND5HXET3P
1789055180.1,nfl,ftsc-nfl-rbtop12fp-2027-01-10-deach,BUY,0.5,0.45,earn,0.7471,4.88,,64,76,0.517,0.46,0.47,-0.25,0.5,1 tick behind the touch — we would hold 78% of the bid side,CDEXRTSTJSK5
1789056614.1,nfl,ftsc-nfl-wrmostfp-2027-01-10-jusjef,BUY,1,0.16,earn,0.6396,0.8,,12,20,0,0.16,0.17,0,1,joins the touch — the book has been quiet,CDJTN8WW4SJ1
1789056619.4,nfl,ftsc-nfl-temostfp-2027-01-10-brobow,BUY,0.2,0.31,backfill,,0.64,,,,,,,,,recovered from the exchange's transaction history — this fill was never journale,CDJYAKE2PSK5
1789057116.5,nfl,aqc-nfl-afc-2027-01-24-champq-bal,SELL,1,0.39,earn,0.6946,4.27,,31,40,0,0.38,0.39,-0.03,-1,joins the touch — the book has been quiet,CDFYZMQR8SJ1
1789058109.8,nfl,aqc-nfl-afc-2027-01-24-champq-buf,BUY,0.05,0.29,backfill,,7.21,,,,,,,,,recovered from the exchange's transaction history — this fill was never journale,CDDMTDTXGSJH
1789058128.8,nfl,aqc-nfl-afc-2027-01-24-champq-buf,BUY,0.95,0.29,sell,0.3885,7.22,,28,36,0.306,0.29,0.3,-0.02,0,an exit — its fill reduces the position it sits on,CDDMTDTXGSJH
1789058128.8,nfl,aqc-nfl-afc-2027-01-24-champq-lac,BUY,1,0.14,earn,2.3912,1.68,,19,27,0.487,0.14,0.15,-0.09,1,at the touch — a fill here is 4 ticks inside value (evidence band only; confiden,CDJCS1FGWT3P
1789058128.8,nfl,aqc-nfl-afc-2027-01-24-champq-buf,SELL,1,0.29,sell,0,0,,27,32,0.56,0.29,0.3,0,0,taker dump — sold into the bid (the carved exception),CDKX8P5EASK5
1789058412.2,nfl,aqc-nfl-afc-2027-01-24-champq-bal,BUY,0.18,0.38,backfill,,0.29,,,,,,,,,recovered from the exchange's transaction history — this fill was never journale,CDKQEFEEMT75
1789058428.8,nfl,aqc-nfl-afc-2027-01-24-champq-lac,BUY,1,0.14,earn,1.1956,1.76,,13,18,0.64,0.14,0.15,-0.02,2,at the touch — a fill here is 4 ticks inside value (evidence band only; confiden,CDJCS1FGWT3P
1789058428.8,nfl,aqc-nfl-afc-2027-01-24-champq-bal,BUY,0.82,0.38,sell,0.8186,0.3,,37,44,0.453,0.38,0.39,-0.02,-0.18,buying back the short at or under what it sold for — the bid earns while it wait,CDKQEFEEMT75
1789058548.8,nfl,aqc-nfl-afc-2027-01-24-champq-den,BUY,1,0.23,probe,1.3248,0.17,,21,29,0.512,0.23,0.27,-0.02,1,a scout — this market's pool could pay; but I don't know enough yet; what happen,CDKVX23X8SX0
1789059212.3,nfl,aqc-nfl-afc-2027-01-24-champq-cin,BUY,0.01,0.15,backfill,,0.12,,,,,,,,,recovered from the exchange's transaction history — this fill was never journale,CDM2XYT04T6S
1789059218.8,nfl,aqc-nfl-afc-2027-01-24-champq-mia,BUY,0.4,0.1,backfill,,1.47,,,,,,,,,recovered from the exchange's transaction history — this fill was never journale,CDJVW0S5RSJ1
1789059450.0,nfl,fptc-nfl-rbfpou-2027-01-10-deach,BUY,0.05,0.45,manual,0.9663,4.2,,49,69,0,0.45,0.72,-0.14,0.05,the owner's own order — the engine leaves it alone,CDGGK996JT3P
1789059534.0,nfl,ftsc-nfl-kmostfp-2027-01-10-joesly,BUY,0.45,0.21,backfill,,0.53,,,,,,,,,recovered from the exchange's transaction history — this fill was never journale,CDKSDVBAYT75
1789059570.0,nfl,ftsc-nfl-kmostfp-2027-01-10-camdic,BUY,0.71,0.26,earn,0.4764,1.5,,25,31,0,0.26,0.27,-0.02,0.71,joins the touch — the book has been quiet,CDJXDTYV4T75
1789059615.4,nfl,ftsc-nfl-kmostfp-2027-01-10-matgay,BUY,0.24,0.19,backfill,,0.55,,,,,,,,,recovered from the exchange's transaction history — this fill was never journale,CDKSBFYNJSK5
1789059630.0,nfl,ftsc-nfl-kmostfp-2027-01-10-jakell,BUY,1,0.2,earn,0.5654,1.29,,17,29,0,0.2,0.21,-0.02,1,joins the touch — the book has been quiet,CDK44RSJJSJZ
1789059690.0,nfl,aqc-nfl-afc-2027-01-24-champq-pit,BUY,0.01,0.21,earn,0.0844,0.2,,13,19,0,0.21,0.22,0.05,0.01,joins the touch — the book has been quiet,CDM420ZFTSX4
1789059690.0,nfl,ftsc-nfl-kmostfp-2027-01-10-caisan,BUY,1,0.18,earn,0.455,0.97,,19,23,0.698,0.19,0.2,-0.03,6,1 tick behind the touch — we would hold 29% of the bid side,CDKD0S6E6SX0
1789059750.0,nfl,ftsc-nfl-kmostfp-2027-01-10-evamcp,BUY,2,0.15,earn,1.1482,5.39,,13,23,0,0.15,0.16,-0.02,2,joins the touch — the book has been quiet,CDFKWP98JSJ1
1789059750.0,nfl,ftsc-nfl-kmostfp-2027-01-10-jassan,BUY,1,0.15,earn,0.7018,3.61,,13,23,0,0.15,0.16,-0.02,1,joins the touch — the book has been quiet,CDH4GHJ30SK5
1789059750.0,nfl,ftsc-nfl-kmostfp-2027-01-10-chrbos,BUY,2,0.11,earn,1.1022,2.86,,12,15,0.674,0.12,0.15,-0.03,6,1 tick behind the touch — we would hold 71% of the bid side,CDHT1R4J8SJ1
1789059785.8,nfl,ftsc-nfl-dstmostfp-2027-01-10-cin,BUY,0.01,0.12,backfill,,0.19,,,,,,,,,recovered from the exchange's transaction history — this fill was never journale,CDM4ZPSEASJH
1789059810.0,nfl,ftsc-nfl-dstmostfp-2027-01-10-mia,BUY,1,0.14,earn,1.1469,0.99,,10,19,0,0.16,0.17,-0.01,1,2 ticks behind the touch — we would hold 73% of the bid side,CDKCWBRB2SK5
1789059810.0,nfl,ftsc-nfl-dstmostfp-2027-01-10-cin,BUY,1,0.12,earn,1.2397,0.2,,11,16,0.437,0.13,0.17,-0.02,2,1 tick behind the touch — we would hold 79% of the bid side,CDM4ZPSEASJH
1789059870.0,nfl,ftsc-nfl-dstmostfp-2027-01-10-phi,BUY,1.87,0.13,earn,0.0385,1.17,,9,18,0,0.16,0.17,0,1.87,3 ticks behind the touch — we would hold 41% of the bid side,CDK7HCYRJT3P
1789059870.0,nfl,ftsc-nfl-dstmostfp-2027-01-10-sf,BUY,0.97,0.1,earn,0.3397,0.85,,6,14,0,0.11,0.13,0,0.97,1 tick behind the touch — we would hold 28% of the bid side,CDKKEFAD8T6S
1789060081.2,nfl,ftsc-nfl-flexmostfp-2027-01-10-kyrwil,BUY,1,0.13,earn,0.4634,2.97,,12,22,0,0.13,0.14,-0.03,1,joins the touch — the book has been quiet,CDHSX9KQ0T6S
1789060081.2,nfl,ftsc-nfl-flexmostfp-2027-01-10-abro,BUY,1,0.12,manual,0.2578,2.14,,13,21,0,0.13,0.14,-0.04,1,the owner's own order — the engine leaves it alone,CDJE2ZR7ASX0
1789060141.2,nfl,ftsc-nfl-qbmostfp-w1-2026-09-14-jargof,SELL,0.01,0.02,earn,0.0668,1.03,,2,13,0,0.01,0.02,0.04,-0.01,joins the touch — the book has been quiet,CDKESG0HYSJR
1789060381.2,nfl,aqc-nfl-nfc-2027-01-24-champq-sea,BUY,1,0.32,earn,2.4288,6.12,,30,36,0,0.32,0.33,-0.01,1,joins the touch — the book has been quiet,CDF33JE50T3P
1789061019.1,nfl,ftsc-nfl-temostfp-w1-2026-09-14-tremcb,SELL,0.01,0.24,earn,0.0768,0.44,,15,25,0.528,0.01,0.43,-0.04,-0.01,3 ticks in front of the touch — we would hold 66% of the ask side,CDM7SVKBMT6S
1789061314.0,nfl,ftsc-nfl-flexmostfp-2027-01-10-jamcoo,BUY,0.3,0.2,backfill,,0.4,,,,,,,,,recovered from the exchange's transaction history — this fill was never journale,CDMAY25M2SJH
1789061359.7,nfl,ftsc-nfl-flexmostfp-2027-01-10-jamcoo,BUY,0.26,0.2,probe,0.752,0.41,,14,26,0,0.2,0.22,0,0.26,a scout — this market's pool could pay; but I don't know enough yet; what happen,CDMAY25M2SJH
1789061479.7,nfl,ftsc-nfl-kmostfp-w1-2026-09-14-braaub,SELL,0.02,0.02,earn,0.5388,0.23,,1,8,0,0.01,0.02,0.02,-0.02,joins the touch — the book has been quiet,CDMGJFG1WT3P
1789066485.3,nfl,ftsc-nfl-qbmostfp-w1-2026-09-14-matsta,SELL,0.5,0.17,earn,0.9974,0.95,,7,18,0.603,0.01,0.17,-0.04,-0.5,1 tick behind the touch — we would hold 43% of the ask side,CDN35TXWRSX4
1789069007.6,nfl,aqc-nfl-2027-01-10-playoffq-lv,BUY,0.01,0.25,sell,0.0096,8.02,,23,28,0.666,0.25,0.26,0,-0.99,an exit — its fill reduces the position it sits on,CDFGF3YWGT3P
1789070023.8,nfl,aqc-nfl-afc-2027-01-24-champq-bal,SELL,0.01,0.39,earn,0.5155,0.03,,33,39,0.61,0.38,0.39,-0.03,-0.01,2 ticks in front of the touch — we would hold 5% of the ask side,CDPQXS2SJSX0
1789070023.8,nfl,fptc-nfl-rbfpou-2027-01-10-davmon,SELL,0.05,0.22,earn,0.02,0.81,,18,27,0,0.2,0.21,0.01,-0.05,1 tick behind the touch — we would hold 60% of the ask side,CDP2A8N4MSX0
1789070412.4,nfl,fptc-nfl-wrfpou-2027-01-10-jayree,SELL,0.05,0.35,earn,0.0165,2.73,,25,37,0,0.34,0.35,-0.04,-0.05,1 tick in front of the touch — we would hold 14% of the ask side,CDMGCDCC4T75
1789070598.9,nfl,ftsc-nfl-temostfp-2027-01-10-collov,BUY,1,0.44,backfill,,0.67,,,,,,,,,recovered from the exchange's transaction history — this fill was never journale,CDPAM9GPJSX0
1789070856.9,nfl,ftsc-nfl-temostfp-2027-01-10-collov,SELL,1,0.31,hand,,0,,,,,,,,,your own trade — from the exchange's record; direction from the position move,CDPYCYFM0T75
1789070965.5,nfl,aqc-nfl-afc-2027-01-24-champq-pit,SELL,0.01,0.22,sell,0.0037,3.01,,,,0.44,,,,0,selling filled stock — it earns while it waits,CDMCXW1VESK5
1789071190.5,nfl,ftsc-nfl-wrtop12fp-2027-01-10-jacha,BUY,0.05,0.81,earn,0.7476,1.9,,80,87,0,0.81,0.82,-0.02,0.05,1 tick in front of the touch — we would hold 94% of the bid side,CDND96G8JSJR
1789071190.5,nfl,fptc-nfl-tefpou-2027-01-10-tremcb,SELL,1,0.5,sell,0.7003,0.29,,58,68,0.339,0.22,0.5,0.14,0,selling filled stock — it earns while it waits,CDPSA9YVASJH
1789071225.4,nfl,ftsc-nfl-temostfp-2027-01-10-collov,BUY,0.05,0.29,backfill,,0.11,,,,,,,,,recovered from the exchange's transaction history — this fill was never journale,CDPYE2842SX0
1789071310.5,nfl,fptc-nfl-rbfpou-2027-01-10-ashjea,SELL,0.01,0.51,earn,0.0484,0.13,,9,16,0.405,0.13,0.51,-0.38,-0.02,6 ticks in front of the touch — we would hold 99% of the ask side,CDPYE344CSK5
1789071430.5,nfl,ftsc-nfl-rbtop12fp-2027-01-10-chabro,BUY,0.01,0.52,sell,0.0001,0.59,,41,54,0.38,0.58,0.59,0.05,0,buying back the short at or under what it sold for — the bid earns while it wait,CDPK73V6GT6S
1789071807.5,nfl,fptc-nfl-rbfpou-2027-01-10-jahgib,SELL,0.05,0.44,manual,0,8.24,,28,42,0,0.25,0.26,-0.09,-0.05,the owner's own order — the engine leaves it alone,CDG0RDVBYSX4
1789071807.5,nfl,tec-nfl-cbpoty-2027-02-11-w-tuatag,BUY,0.01,0.24,earn,0.0147,2.49,,18,26,0,0.24,0.25,0.01,0.01,joins the touch — the book has been quiet,CDN1JB076SX0
1789071807.5,nfl,fptc-nfl-tefpou-2027-01-10-brobow,SELL,0.5,0.21,earn,0.4359,2.28,,17,23,0,0.2,0.21,-0.01,-0.5,joins the touch — the book has been quiet,CDN7AF0V0SX0
1789072487.4,nfl,ftsc-nfl-temostfp-w1-2026-09-14-tremcb,BUY,0.01,0.25,sell,0.0003,3.04,,23,29,0.647,0.25,0.28,0,0.01,buying back the short at or under what it sold for — the bid earns while it wait,CDMQMYDX6SX4
1789073120.4,nfl,aqc-nfl-2027-01-10-playoffq-dal,BUY,0.01,0.58,manual,0.0001,4.91,,55,62,0.33,0.62,0.63,0,0,the owner's own order — the engine leaves it alone,CDK6D5ZMRSJ1
1789073300.4,nfl,aqc-nfl-nfc-2027-01-24-champq-gb,BUY,0.01,0.18,manual,0,6.85,,17,23,0,0.3,0.31,-0.02,0.01,the owner's own order — the engine leaves it alone,CDHJ09M6GSX4
1789073540.4,nfl,aqc-nfl-nfc-2027-01-24-champq-gb,SELL,0.01,0.23,sell,0,0,,14,20,0.454,0.23,0.24,-0.06,0,taker dump — sold into the bid (the carved exception),CDQJX5A6JSJZ
1789073740.4,nfl,ftsc-nfl-flexmostfp-2027-01-10-chrola,BUY,0.01,0.16,earn,0.1444,1.63,,8,18,0,0.16,0.17,0.02,0.01,joins the touch — the book has been quiet,CDP87907MSX0
1789074397.1,nfl,fptc-nfl-qbfpou-2027-01-10-danjon,BUY,0.01,0.68,earn,0.042,4.42,,69,74,0.383,0.68,0.69,-0.03,1.01,at the touch — a fill here is 1 ticks inside value (evidence band only; confiden,CDM0CZHXGT75
1789084465.9,nfl,aqc-nfl-afc-2027-01-24-champq-lac,SELL,2,0.15,sell,0.0394,7.18,,11,15,0.695,0.11,0.12,-0.02,0,selling filled stock — it earns while it waits,CDM1GZ01PSX0
1789095799.5,nfl,ftsc-nfl-qbmostfp-w1-2026-09-14-matsta,BUY,1,0.01,sell,0,8.14,,12,19,0.668,0.01,0.23,-0.15,1,buying back the short at or under what it sold for — the bid earns while it wait,CDNXMQ4AWSJ1
1789100202.5,nfl,aqc-nfl-afc-2027-01-24-champq-bal,BUY,0.01,0.38,sell,0.0047,8.38,,37,41,0.671,0.38,0.39,-0.01,0.01,buying back the short at or under what it sold for — the bid earns while it wait,CDPRJVZVASJZ
1789100510.2,nfl,aqc-nfl-afc-2027-01-24-champq-buf,BUY,0.1,0.29,backfill,,10.63,,,,,,,,,recovered from the exchange's transaction history — this fill was never journale,CDMX7FTKTSJR
1789130126.1,gameday,aec-cfb-ala-uk-2026-09-12,SELL,50,0.78,hand,,1.71,,,,,,,,,your own trade — from the exchange's record; direction from its order intent,CE3H6KTF6TN0
1789262928.6,nfl,aqc-nfl-2027-01-10-playoffq-phi,BUY,1,0.75,hand,,8.7,,,,,,,,,your own trade — from the exchange's record; direction from its order intent,CEX8M4D62TN5
1789301824.9,nfl,ftsc-nfl-temostfp-2027-01-10-brobow,SELL,0.14,0.2,hand,,0,,,,,,,,,your own trade — from the exchange's record; direction from its order intent,CFDZ66X2JTMM
1789301824.9,nfl,ftsc-nfl-temostfp-2027-01-10-brobow,BUY,0.06,0.2,hand,,9.91,,,,,,,,,your own trade — from the exchange's record; direction from its order intent,CF5GK8BBETMP
1789301871.7,nfl,aqc-nfl-2027-01-10-playoffq-nyj,SELL,0.4,0.29,hand,,0,,,,,,,,,your own trade — from the exchange's record; direction from its order intent,CFDZFKM18TMP
1789301878.7,nfl,tec-nfl-cbpoty-2027-02-11-w-micpar,SELL,0.4,0.02,hand,,0,,,,,,,,,your own trade — from the exchange's record; direction from its order intent,CFDZF464JTMY
1789301878.7,nfl,tec-nfl-cbpoty-2027-02-11-w-micpar,BUY,0.1,0.02,hand,,10.99,,,,,,,,,your own trade — from the exchange's record; direction from its order intent,CF4K8TVS0TN2
1789324533.4,nfl,tec-nfl-afcsouth-2027-01-10-w-hou,SELL,0.1,0.42,sweep,0,0.08,,39,51,0.105,0.41,0.42,0.02,0.9,the dust sweep (owner; 2026-09-13): 1 sh worth $0.41 at the midpoint; listed at ,CFKCW23MJTMQ
1789326592.8,nfl,fptc-nfl-wrfpou-2027-01-10-emeegb,BUY,1,0.69,backfill,,0.66,,,,,,,,,recovered from the exchange's transaction history — this fill was never journale,CFKCS4TJCTN5
1789326727.2,nfl,fptc-nfl-tefpou-2027-01-10-marand,BUY,0.01,0.72,sweep,0,0.67,,,,0.116,,,,0,the dust sweep (owner; 2026-09-13): 0.01 sh worth $0.01 at the midpoint; listed ,CFKDKJ57GTMY
1789326727.2,nfl,ftsc-nfl-qbmostfp-w1-2026-09-14-jargof,BUY,0.01,0.24,sweep,0,0.6,,,,0.167,,,,0,the dust sweep (owner; 2026-09-13): 0.01 sh worth $0.00 at the midpoint; listed ,CFKF2K1HYTMX
1789326764.4,cfb,aachc-cfb-wins-2026-11-28-vir-7pt5wins,BUY,0.1,0.68,backfill,,1.65,,,,,,,,,recovered from the exchange's transaction history — this fill was never journale,CFJJGXC58TMQ
1789327707.8,cfb,aachc-cfb-wins-2026-11-28-vir-7pt5wins,BUY,0.2,0.68,backfill,,1.91,,,,,,,,,recovered from the exchange's transaction history — this fill was never journale,CFJJGXC58TMQ
1789327819.1,nfl,aqc-nfl-nfc-2027-01-24-champq-no,BUY,0.01,0.15,backfill,,0.99,,,,,,,,,recovered from the exchange's transaction history — this fill was never journale,CFKD43ANCTMY
1789328347.0,nfl,tec-nfl-afcsouth-2027-01-10-w-hou,SELL,0.7,0.42,backfill,,1.14,,,,,,,,,recovered from the exchange's transaction history — this fill was never journale,CFKCW23MJTMQ
1789328347.0,nfl,tec-nfl-afcsouth-2027-01-10-w-hou,SELL,0.1,0.42,backfill,,1.14,,,,,,,,,recovered from the exchange's transaction history — this fill was never journale,CFKCW23MJTMQ
1789328802.4,nfl,fptc-nfl-qbfpou-2027-01-10-lamjac,BUY,0.01,0.32,sweep,0.0047,1.22,,29,48,0.134,0.33,0.41,-0.05,0.01,the dust sweep (owner; 2026-09-13): 0.01 sh worth $0.00 at the midpoint; listed ,CFKE0061YTMM
1789328802.4,nfl,ftsc-nfl-dstmostfp-2027-01-10-mia,SELL,1,0.06,sweep,0.0744,1.19,,2,10,0.165,0.01,0.06,0,0,the dust sweep (owner; 2026-09-13): 1 sh worth $0.07 at the midpoint; listed at ,CFKESJ4FTTN5
1789329014.2,nfl,ftsc-nfl-dstmostfp-2027-01-10-nyj,SELL,1,0.11,backfill,,1.32,,,,,,,,,recovered from the exchange's transaction history — this fill was never journale,CFKD3QR9PTN3
1789332404.6,nfl,ftsc-nfl-wrtop12fp-2027-01-10-garrwil,BUY,0.01,0.33,sweep,0.0449,2.21,,28,46,0.14,0.34,0.35,-0.03,0.01,the dust sweep (owner; 2026-09-13): 0.01 sh worth $0.00 at the midpoint; listed ,CFKECCWVTTMY
1789334737.6,nfl,ftsc-nfl-qbmostfp-2027-01-10-patmah,BUY,0.05,0.15,hand,,4.21,,,,,,,,,your own trade — from the exchange's record; direction from its order intent,CFJ9577SWTN1
1789335611.9,nfl,ftsc-nfl-wrtop12fp-2027-01-10-emeegb,BUY,1,0.46,backfill,,3.13,,,,,,,,,recovered from the exchange's transaction history — this fill was never journale,CFKDQH5QETMY
1789336341.7,nfl,ftsc-nfl-dstmostfp-2027-01-10-cin,SELL,2,0.02,backfill,,3.3,,,,,,,,,recovered from the exchange's transaction history — this fill was never journale,CFKEFCR68TN0
1789345440.1,nfl,ftsc-nfl-rbtop12fp-2027-01-10-brehal,BUY,0.01,0.22,backfill,,5.88,,,,,,,,,recovered from the exchange's transaction history — this fill was never journale,CFKD3E2WYTMM
1789345528.8,nfl,tec-nfl-afceast-2027-01-10-w-ne,SELL,0.1,0.3,backfill,,0.05,,,,,,,,,recovered from the exchange's transaction history — this fill was never journale,CFRAQB086TN2
1789346115.6,nfl,ftsc-nfl-kmostfp-w1-2026-09-14-harbut,BUY,0.01,0.22,backfill,,0.19,,,,,,,,,recovered from the exchange's transaction history — this fill was never journale,CFRC4E16TTMY
1789348604.6,nfl,ftsc-nfl-qbtop5fp-2027-01-10-lamjac,SELL,1,0.34,backfill,,0.92,,,,,,,,,recovered from the exchange's transaction history — this fill was never journale,CFRAQXQPTTMX
1789350876.2,nfl,aqc-nfl-afc-2027-01-24-champq-cin,SELL,1,0.02,backfill,,1.53,,,,,,,,,recovered from the exchange's transaction history — this fill was never journale,CFRB6FJHATN1
1789351766.7,nfl,ftsc-nfl-kmostfp-2027-01-10-ryafit,SELL,2.38,0.09,backfill,,1.8,,,,,,,,,recovered from the exchange's transaction history — this fill was never journale,CFRAMWTJ6TN3
1789352630.1,nfl,aqc-nfl-2027-01-10-playoffq-nyg,SELL,1,0.41,backfill,,2.02,,,,,,,,,recovered from the exchange's transaction history — this fill was never journale,CFRB0FEH6TN2
1789354293.4,nfl,tec-nfl-afceast-2027-01-10-w-ne,SELL,1.8,0.3,backfill,,2.49,,,,,,,,,recovered from the exchange's transaction history — this fill was never journale,CFRAQB086TN2
1789354293.4,nfl,tec-nfl-afceast-2027-01-10-w-ne,SELL,0.1,0.3,backfill,,2.49,,,,,,,,,recovered from the exchange's transaction history — this fill was never journale,CFRAQB086TN2
1789357233.2,nfl,ftsc-nfl-wrmostfp-w1-2026-09-14-malnab,BUY,0.01,0.1,backfill,,3.31,,,,,,,,,recovered from the exchange's transaction history — this fill was never journale,CFRAVX3Q4TMY
1789357710.8,nfl,tec-nfl-nfcwest-2027-01-10-w-sea,BUY,0.01,0.36,backfill,,3.44,,,,,,,,,recovered from the exchange's transaction history — this fill was never journale,CFRBA5Y9WTMX
1789359197.7,cfb,aachc-cfb-wins-2026-11-28-vir-5pt5wins,SELL,1,0.89,sell,0,0,,87,92,0.106,0.89,0.9,0.01,0,taker dump — sold into the bid (the carved exception),CFVMWVF8ETN1
1789359197.7,cfb,aachc-cfb-wins-2026-11-28-oregst-5pt5wins,SELL,1,0.39,sell,0,0,,38,47,0.13,0.39,0.4,0.03,0,taker dump — sold into the bid (the carved exception),CFVN3E3P8TN3
1789359197.7,cfb,aachc-cfb-wins-2026-11-28-pennst-9pt5wins,SELL,1,0.56,sell,0,0,,65,71,0.266,0.56,0.57,0.12,0,taker dump — sold into the bid (the carved exception),CFVN3E3TPTN3
1789359213.7,nfl,aqc-nfl-2027-01-10-playoffq-was,BUY,1,0.31,backfill,,0,,,,,,,,,recovered from the exchange's transaction history — this fill was never journale,CFVM5JC9MTN0
1789359213.8,nfl,fptc-nfl-rbfpou-2027-01-10-bhatut,BUY,1,0.47,backfill,,0,,,,,,,,,recovered from the exchange's transaction history — this fill was never journale,CFVMHNYC0TN5
1789359214.0,nfl,fptc-nfl-wrfpou-2027-01-10-ladmcc,BUY,0.01,0.74,backfill,,0,,,,,,,,,recovered from the exchange's transaction history — this fill was never journale,CFVMCVK9GTMQ
1789359214.0,nfl,fptc-nfl-wrfpou-2027-01-10-britho,SELL,0.02,0.28,backfill,,0,,,,,,,,,recovered from the exchange's transaction history — this fill was never journale,CFVM03N2CTMM
1789359214.1,nfl,tec-nfl-coty-2027-02-11-w-mikmcc,SELL,0.01,0.01,backfill,,0,,,,,,,,,recovered from the exchange's transaction history — this fill was never journale,CFVKJ19Z8TN2
1789359214.2,nfl,tec-nfl-droy-2027-02-11-w-emmmcn,SELL,1,0.01,backfill,,0,,,,,,,,,recovered from the exchange's transaction history — this fill was never journale,CFVM7SH7RTMP
1789359214.2,nfl,ftsc-nfl-temostfp-w1-2026-09-14-orogad,BUY,0.01,0.89,backfill,,0,,,,,,,,,recovered from the exchange's transaction history — this fill was never journale,CFVM5JCE2TN0
1789359214.2,nfl,ftsc-nfl-rbmostfp-2027-01-10-jamcoo,SELL,1,0.01,backfill,,0,,,,,,,,,recovered from the exchange's transaction history — this fill was never journale,CFVMAQZJTTN3
1789359214.3,nfl,aqc-nfl-nfc-2027-01-24-champq-was,SELL,0.01,0.01,backfill,,0,,,,,,,,,recovered from the exchange's transaction history — this fill was never journale,CFVKV42FJTMX
1789359214.3,nfl,ftsc-nfl-qbmostfp-2027-01-10-aarrod,SELL,2.01,0.01,backfill,,0,,,,,,,,,recovered from the exchange's transaction history — this fill was never journale,CFVKJ1A1YTN2
1789359214.3,nfl,ftsc-nfl-dstmostfp-2027-01-10-atl,SELL,0.01,0.01,backfill,,0,,,,,,,,,recovered from the exchange's transaction history — this fill was never journale,CFVKJ1A30TN2
1789359214.4,nfl,ftsc-nfl-kmostfp-2027-01-10-ryafit,SELL,1,0.01,backfill,,0,,,,,,,,,recovered from the exchange's transaction history — this fill was never journale,CFVM19KW2TN1
1789359214.4,nfl,ftsc-nfl-wrtop12fp-2027-01-10-romodu,BUY,0.01,0.98,backfill,,0,,,,,,,,,recovered from the exchange's transaction history — this fill was never journale,CFVMAQZR0TN3
1789359214.5,nfl,ftsc-nfl-kmostfp-2027-01-10-matgay,SELL,2,0.01,backfill,,0,,,,,,,,,recovered from the exchange's transaction history — this fill was never journale,CFVMFB61WTMY
1789359214.7,nfl,ftsc-nfl-qbmostfp-2027-01-10-jaxdar,SELL,2,0.01,backfill,,0,,,,,,,,,recovered from the exchange's transaction history — this fill was never journale,CFVMHNYW4TN5
1789359214.9,nfl,ftsc-nfl-kmostfp-2027-01-10-chrbos,SELL,6,0.01,backfill,,0,,,,,,,,,recovered from the exchange's transaction history — this fill was never journale,CFVMCVM14TMQ
1789359214.9,nfl,ftsc-nfl-qbmostfp-2027-01-10-dramay,SELL,0.06,0.15,backfill,,0,,,,,,,,,recovered from the exchange's transaction history — this fill was never journale,CFVMCVM28TMQ
1789359215.0,nfl,fptc-nfl-wrfpou-2027-01-10-tetmcm,SELL,0.07,0.36,backfill,,0,,,,,,,,,recovered from the exchange's transaction history — this fill was never journale,CFVM19MAYTN1
1789359215.0,nfl,ftsc-nfl-qbmostfp-2027-01-10-patmah,SELL,4.99,0.01,backfill,,0,,,,,,,,,recovered from the exchange's transaction history — this fill was never journale,CFVMCVM2WTMQ
1789359215.1,nfl,ftsc-nfl-kmostfp-2027-01-10-eddpin,SELL,0.05,0.16,backfill,,0,,,,,,,,,recovered from the exchange's transaction history — this fill was never journale,CFVKJ1AATTN2
1789359215.1,nfl,ftsc-nfl-kmostfp-2027-01-10-kafai,SELL,0.06,0.24,backfill,,0,,,,,,,,,recovered from the exchange's transaction history — this fill was never journale,CFVM19ME8TN1
1789359215.2,nfl,ftsc-nfl-kmostfp-2027-01-10-willut,SELL,0.01,0.2,backfill,,0,,,,,,,,,recovered from the exchange's transaction history — this fill was never journale,CFVMAR04MTN3
1789359215.2,nfl,fptc-nfl-qbfpou-2027-01-10-danjon,SELL,0.02,0.56,backfill,,0,,,,,,,,,recovered from the exchange's transaction history — this fill was never journale,CFVMAR058TN3
1789359215.2,nfl,fptc-nfl-qbfpou-2027-01-10-kylmur,SELL,0.01,0.73,backfill,,0,,,,,,,,,recovered from the exchange's transaction history — this fill was never journale,CFVMAR060TN3
1789359215.3,nfl,ftsc-nfl-kmostfp-2027-01-10-caisan,SELL,0.05,0.16,backfill,,0,,,,,,,,,recovered from the exchange's transaction history — this fill was never journale,CFVMCVM6JTMQ
1789359215.3,nfl,aqc-nfl-2027-01-10-playoffq-ne,SELL,1,0.58,backfill,,0,,,,,,,,,recovered from the exchange's transaction history — this fill was never journale,CFVM7SJC4TMP
1789359215.4,nfl,ftsc-nfl-flexmostfp-2027-01-10-garrwil,SELL,0.08,0.15,backfill,,0,,,,,,,,,recovered from the exchange's transaction history — this fill was never journale,CFVM5JCYPTN0
1789359215.6,nfl,ftsc-nfl-dstmostfp-2027-01-10-jax,SELL,0.08,0.25,backfill,,0,,,,,,,,,recovered from the exchange's transaction history — this fill was never journale,CFVMAR0DETN3
1789359215.6,nfl,ftsc-nfl-dstmostfp-2027-01-10-pit,SELL,1,0.16,backfill,,0,,,,,,,,,recovered from the exchange's transaction history — this fill was never journale,CFVM7SJDTTMP
1789359215.7,nfl,ftsc-nfl-wrmostfp-2027-01-10-jusjef,SELL,1,0.06,backfill,,0,,,,,,,,,recovered from the exchange's transaction history — this fill was never journale,CFVM19MPTTN1
1789359215.8,nfl,ftsc-nfl-kmostfp-2027-01-10-camdic,SELL,0.05,0.17,backfill,,0,,,,,,,,,recovered from the exchange's transaction history — this fill was never journale,CFVMFB6X8TMY
1789359215.8,nfl,ftsc-nfl-kmostfp-2027-01-10-jakell,SELL,0.05,0.17,backfill,,0,,,,,,,,,recovered from the exchange's transaction history — this fill was never journale,CFVMCVMDGTMQ
1789359215.8,nfl,ftsc-nfl-kmostfp-2027-01-10-evamcp,SELL,0.05,0.15,backfill,,0,,,,,,,,,recovered from the exchange's transaction history — this fill was never journale,CFVMAR0FPTN3
1789359215.9,nfl,ftsc-nfl-kmostfp-2027-01-10-jassan,SELL,0.06,0.18,backfill,,0,,,,,,,,,recovered from the exchange's transaction history — this fill was never journale,CFVM03PD2TMM
1789359216.0,nfl,ftsc-nfl-dstmostfp-2027-01-10-sf,SELL,0.04,0.19,backfill,,0,,,,,,,,,recovered from the exchange's transaction history — this fill was never journale,CFVMCVMHPTMQ
1789359346.9,cfb,aachc-cfb-wins-2026-11-28-vir-5pt5wins,BUY,1,0.9,sweep,0,0.06,,87,92,0.106,0.89,0.9,0,1,the dust sweep (owner; 2026-09-13): 1 sh worth $0.90 at the midpoint; crossed at,CFVKJ2CMATN0
1789359346.9,cfb,aachc-cfb-wins-2026-11-28-oregst-5pt5wins,BUY,1,0.4,sweep,1.2992,0.05,,38,47,0.13,0.39,0.4,-0.02,1,the dust sweep (owner; 2026-09-13): 1 sh worth $0.40 at the midpoint; crossed at,CFVKYXRJRTN5
1789359346.9,cfb,aachc-cfb-wins-2026-11-28-pennst-9pt5wins,BUY,1,0.69,sweep,0,0.05,,65,71,0.266,0.56,0.57,0.01,1,the dust sweep (owner; 2026-09-13): 1 sh worth $0.69 at the midpoint; crossed at,CFVKQRQJTTN3
1789359346.9,nfl,fptc-nfl-wrfpou-2027-01-10-emeegb,SELL,1,0.21,sweep,0,0.04,,18,31,0.074,0.21,0.22,0.03,0,the dust sweep (owner; 2026-09-13): 1 sh worth $0.21 at the midpoint; crossed at,CFVMHNYDATN5
1789359346.9,nfl,fptc-nfl-qbfpou-2027-01-10-tuatag,SELL,1,0.54,sweep,0,0.04,,55,73,0.075,0.54,0.55,0.11,0,the dust sweep (owner; 2026-09-13): 1 sh worth $0.55 at the midpoint; crossed at,CFVMFB5NCTMY
1789359346.9,nfl,aqc-nfl-nfc-2027-01-24-champq-nyg,SELL,2.75,0.15,sweep,0,0.04,,5,15,0.238,0.02,0.15,-0.05,1,the dust sweep (owner; 2026-09-13): 4 sh worth $0.62 at the midpoint; crossed at,CFVM19KVRTN1
1789359346.9,nfl,ftsc-nfl-qbtop5fp-2027-01-10-joebur,SELL,1,0.27,sweep,0,0.04,,24,32,0.098,0.27,0.28,0.01,0,the dust sweep (owner; 2026-09-13): 1 sh worth $0.28 at the midpoint; crossed at,CFVMAQZRJTN3
1789359346.9,nfl,ftsc-nfl-kmostfp-2027-01-10-andszm,SELL,1,0.11,sweep,0,0.04,,4,15,0.099,0.01,0.13,-0.02,0,the dust sweep (owner; 2026-09-13): 1 sh worth $0.12 at the midpoint; crossed at,CFVKV42R0TMX
1789359346.9,nfl,ftsc-nfl-wrtop12fp-2027-01-10-emeegb,SELL,1,0.4,sweep,0,0.04,,38,47,0.459,0.4,0.43,0.03,0,the dust sweep (owner; 2026-09-13): 1 sh worth $0.42 at the midpoint; crossed at,CFVMFB620TMY
1789359346.9,nfl,fptc-nfl-rbfpou-2027-01-10-camska,SELL,1,0.13,sweep,0,0.04,,14,24,0.233,0.13,0.2,0.06,0,the dust sweep (owner; 2026-09-13): 1 sh worth $0.17 at the midpoint; crossed at,CFVM03NZGTMM
1789359346.9,nfl,ftsc-nfl-flexmostfp-2027-01-10-camska,SELL,0.97,0.2,sweep,0,0.04,,7,20,0.135,0.17,0.2,-0.07,1,the dust sweep (owner; 2026-09-13): 2 sh worth $0.41 at the midpoint; crossed at,CFVM03P1ATMM
1789359346.9,nfl,ftsc-nfl-flexmostfp-2027-01-10-ashjea,SELL,0.06,0.16,sweep,0,0.04,,3,13,0.135,0.01,0.16,-0.08,0.94,the dust sweep (owner; 2026-09-13): 1 sh worth $0.17 at the midpoint; crossed at,CFVMHNZ5YTN5
1789359346.9,nfl,ftsc-nfl-dstmostfp-2027-01-10-det,SELL,2,0.16,sweep,0,0.04,,10,17,0.239,0.16,0.17,-0.02,0,the dust sweep (owner; 2026-09-13): 2 sh worth $0.33 at the midpoint; crossed at,CFVM7SJD6TMP
1789359346.9,nfl,ftsc-nfl-temostfp-2027-01-10-kylpit,SELL,5,0.01,sweep,0,0.04,,1,7,0.137,0.01,0.02,0.03,0,the dust sweep (owner; 2026-09-13): 5 sh worth $0.07 at the midpoint; crossed at,CFVM03P7ETMM
1789359346.9,nfl,aqc-nfl-afc-2027-01-24-champq-den,SELL,1,0.22,sweep,0,0.04,,18,26,0.274,0.22,0.23,0,0,the dust sweep (owner; 2026-09-13): 1 sh worth $0.23 at the midpoint; crossed at,CFVMHNZ84TN5
1789359346.9,nfl,ftsc-nfl-dstmostfp-2027-01-10-phi,SELL,0.45,0.2,sweep,0,0.04,,5,16,0.144,0.01,0.2,-0.1,1.55,the dust sweep (owner; 2026-09-13): 2 sh worth $0.42 at the midpoint; crossed at,CFVMFB6ZJTMY
1789359346.9,nfl,ftsc-nfl-dstmostfp-2027-01-10-sf,SELL,0.96,0.19,sweep,0,0.04,,11,21,0.144,0.19,0.2,-0.02,0.04,the dust sweep (owner; 2026-09-13): 1 sh worth $0.20 at the midpoint; crossed at,CFVMCVMHPTMQ
1789359346.9,nfl,ftsc-nfl-flexmostfp-2027-01-10-kyrwil,SELL,0.05,0.2,sweep,0,0.04,,6,18,0.144,0.13,0.2,-0.07,0.95,the dust sweep (owner; 2026-09-13): 1 sh worth $0.21 at the midpoint; crossed at,CFVM5JD5PTN0
1789359346.9,nfl,ftsc-nfl-flexmostfp-2027-01-10-abro,SELL,0.05,0.15,sweep,0,0.04,,7,16,0.144,0.01,0.14,-0.03,0.95,the dust sweep (owner; 2026-09-13): 1 sh worth $0.15 at the midpoint; crossed at,CFVM19N4PTN1
1789359346.9,nfl,aqc-nfl-nfc-2027-01-24-champq-sea,SELL,1,0.29,sweep,0,0.04,,21,30,0.144,0.29,0.3,-0.03,0,the dust sweep (owner; 2026-09-13): 1 sh worth $0.29 at the midpoint; crossed at,CFVM7SJRTTMP
1789359346.9,nfl,ftsc-nfl-flexmostfp-2027-01-10-jamcoo,SELL,0.06,0.16,sweep,0,0.04,,5,16,0.145,0.12,0.15,-0.05,0.94,the dust sweep (owner; 2026-09-13): 1 sh worth $0.17 at the midpoint; crossed at,CFVKV43DATMX
1789359346.9,nfl,fptc-nfl-tefpou-2027-01-10-tremcb,BUY,0.18,0.57,sweep,0,0.04,,58,74,0.224,0.57,0.67,-0.09,-0.82,the dust sweep (owner; 2026-09-13): 1 sh worth $0.56 at the midpoint; crossed at,CFVM7SJTPTMP
1789359346.9,nfl,tec-nfl-cbpoty-2027-02-11-w-tuatag,SELL,0.01,0.03,sweep,0,0.04,,1,7,0.152,0.03,0.04,0,0,the dust sweep (owner; 2026-09-13): 0.01 sh worth $0.00 at the midpoint; crossed,CFVM5JD6PTN0
1789359346.9,nfl,fptc-nfl-tefpou-2027-01-10-brobow,BUY,1,0.29,sweep,0,0.04,,23,37,0.152,0.28,0.29,0,0,the dust sweep (owner; 2026-09-13): 1 sh worth $0.29 at the midpoint; crossed at,CFVM7SJX2TMP
1789359346.9,nfl,ftsc-nfl-flexmostfp-2027-01-10-chrola,SELL,0.01,0.01,sweep,0,0.04,,1,7,0.153,0.01,0.02,0.02,0,the dust sweep (owner; 2026-09-13): 0.01 sh worth $0.00 at the midpoint; crossed,CFVKV43G8TMX
1789363689.9,cfb,aachc-cfb-wins-ou-2026-11-28-stan,BUY,2,0.65,sell,0,7.14,,65,93,0.006,0.64,0.99,-0.13,0,buying back the short at or under what it sold for — the bid earns while it wait,CFPNNKNDMTN1
1789389220.3,cfb,aachc-cfb-wins-2026-11-28-nd-8pt5wins,BUY,1,0.97,sell,0,0.09,,91,98,0.452,0.88,0.89,0.02,2,buying back the short at or under what it sold for — the bid earns while it wait,CG2Q9NDPCVBA
1789397734.5,nfl,ftsc-nfl-temostfp-w1-2026-09-14-orogad,BUY,0.01,0.01,hand,,1.88,,,,,,,,,your own trade — from the exchange's record; direction from its order intent,CG37FFWY2VB9
1789397734.5,nfl,ftsc-nfl-temostfp-w1-2026-09-14-orogad,BUY,0.01,0.01,hand,,1.88,,,,,,,,,your own trade — from the exchange's record; direction from its order intent,CG3776FYWVB5
1789399341.2,cfb,aachc-cfb-wins-2026-11-28-nd-8pt5wins,BUY,0.1,0.88,backfill,,2.65,,,,,,,,,recovered from the exchange's transaction history — this fill was never journale,CG2Y8R20MVB2
1789409369.4,nfl,aqc-nfl-nfc-2027-01-24-champq-nyg,SELL,0.1,0.15,hand,,5.17,,,,,,,,,your own trade — from the exchange's record; direction from its order intent,CG3648PEMVB8
1789412960.3,nfl,aqc-nfl-nfc-2027-01-24-champq-nyg,SELL,1.05,0.15,hand,,6.17,,,,,,,,,your own trade — from the exchange's record; direction from the position move,CG3648PEMVB8
1789412960.3,nfl,aqc-nfl-nfc-2027-01-24-champq-nyg,SELL,0.1,0.15,hand,,6.17,,,,,,,,,your own trade — from the exchange's record; direction from the position move,CG3648PEMVB8
1789414474.4,nfl,fptc-nfl-tefpou-2027-01-10-brobow,BUY,0.05,0.22,hand,,6.54,,,,,,,,,your own trade — from the exchange's record; direction from its order intent,CG377VV68VBE
1789422185.1,nfl,ftsc-nfl-wrtop12fp-2027-01-10-romodu,BUY,0.01,0.33,hand,,8.99,,,,,,,,,your own trade — from the exchange's record; direction from its order intent,CG2Y8THTYVB3
1789423274.7,nfl,aqc-nfl-nfc-2027-01-24-champq-sea,SELL,1,0.3,hand,,9.02,,,,,,,,,your own trade — from the exchange's record; direction from its order intent,CG35VA9ARVB5
1789424832.8,nfl,aqc-nfl-2027-01-10-playoffq-ne,SELL,1,0.68,hand,,9.91,,,,,,,,,your own trade — from the exchange's record; direction from its order intent,CG2RQW14EVB3
1789428120.5,nfl,aqc-nfl-nfc-2027-01-24-champq-nyg,SELL,4,0.16,hand,,10.38,,,,,,,,,your own trade — from the exchange's record; direction from its order intent,CG35M99CMVB5
1789428120.5,nfl,aqc-nfl-nfc-2027-01-24-champq-nyg,SELL,4,0.16,hand,,10.38,,,,,,,,,your own trade — from the exchange's record; direction from its order intent,CG35SG8CPVB2
1789431392.5,nfl,aqc-nfl-afc-2027-01-24-champq-den,SELL,0.1,0.23,hand,,11.48,,,,,,,,,your own trade — from the exchange's record; direction from its order intent,CG308Z0T6VB7
1789432972.1,nfl,aqc-nfl-nfc-2027-01-24-champq-was,SELL,0.01,0.02,hand,,12.18,,,,,,,,,your own trade — from the exchange's record; direction from its order intent,CG2RKTAN8VB6
1789434133.8,nfl,aqc-nfl-2027-01-10-playoffq-was,BUY,0.31,0.25,hand,,12.31,,,,,,,,,your own trade — from the exchange's record; direction from the position move,CG2YGZZ4WVB2
1789434133.8,nfl,aqc-nfl-2027-01-10-playoffq-was,BUY,1,0.25,hand,,12.31,,,,,,,,,your own trade — from the exchange's record; direction from the position move,CG2YEZGHEVBA
1789434641.6,cfb,aachc-cfb-wins-ou-2026-11-28-hou,BUY,0.81,0.54,probe,0,2.36,,46,60,0.021,0.54,0.64,0,0.81,a scout — this market's pool could pay; but I don't know enough yet; what happen,CGBNGREDPVB4
1789434701.6,cfb,aachc-cfb-wins-ou-2026-11-28-bayl,BUY,1,0.57,manual,0.4868,12.5,,57,64,0.551,0.55,0.63,-0.04,0,the owner's own order — the engine leaves it alone,CG2VBWWKMVB5
1789434701.6,cfb,aachc-cfb-wins-ou-2026-11-28-bayl,SELL,1,0.55,sell,0,0,,54,61,0.673,0.55,0.57,0.03,0,taker dump — sold into the bid (the carved exception),CGDQ129WGVB8
1789434832.1,cfb,aachc-cfb-wins-ou-2026-11-28-hou,BUY,0.19,0.54,probe,0.0937,2.42,,44,55,0.461,0.54,0.64,0.03,1.19,a scout — this market's pool could pay; but I don't know enough yet; what happen,CGBNGREDPVB4
1789434937.3,cfb,aachc-cfb-wins-ou-2026-11-28-bayl,BUY,0.1,0.54,backfill,,0.04,,,,,,,,,recovered from the exchange's transaction history — this fill was never journale,CGDQC27SCVB8
1789438561.6,cfb,aachc-cfb-wins-ou-2026-11-28-hou,SELL,1,0.56,sell,0,0,,43,53,0.623,0.56,0.57,-0.07,0,taker dump — sold into the bid (the carved exception),CGEMCFV78VB2
1789444944.4,cfb,aachc-cfb-wins-2026-11-28-frest-8pt5wins,BUY,2,0.44,backfill,,4.96,,,,,,,,,recovered from the exchange's transaction history — this fill was never journale,CGBW3EACAVB2
1789477369.4,cfb,aachc-cfb-wins-2026-11-28-txst-6pt5wins,SELL,0.1,0.5,earn,0.2737,0.02,,29,49,0.003,0.17,0.5,-0.1,-0.1,1 tick in front of the touch — we would hold 4% of the ask side,CGQSMS42PVBE
1789481974.9,cfb,aachc-cfb-wins-2026-11-28-ore-7pt5wins,BUY,0.5,0.81,earn,0.0731,0.04,,72,84,0,0.7,0.82,0.03,0.5,joins the touch — the book has been quiet,CGRX5M68PVB9
1789484182.9,cfb,aachc-cfb-wins-2026-11-28-kan-6pt5wins,BUY,2,0.28,earn,0.2728,0.18,,25,33,0,0.26,0.27,-0.01,2,joins the touch — the book has been quiet,CGSAFYV7RVB2
1789484271.5,cfb,aachc-cfb-wins-2026-11-28-kan-5pt5wins,SELL,0.5,0.42,earn,0.1995,1.58,,33,43,0,0.41,0.42,-0.03,-0.5,2 ticks behind the touch — we would hold 2% of the ask side,CGR4FS0EAVB2
1789485022.0,cfb,aachc-cfb-wins-2026-11-28-aubrn-8pt5wins,BUY,1,0.2,probe,0.0283,0.36,,14,30,0.096,0.15,0.16,-0.01,1,a scout — this market's pool could pay; but I don't know enough yet; what happen,CGSBVX46YVB3
1789486904.6,cfb,aachc-cfb-wins-2026-11-28-txst-6pt5wins,BUY,1,0.27,sell,0,2.35,,48,57,0.443,0.01,0.28,-0.25,1,buying back the short at or under what it sold for — the bid earns while it wait,CGR2ZQC9AVB5
1789486939.8,cfb,aachc-cfb-wins-2026-11-28-ore-7pt5wins,SELL,1,0.71,backfill,,1.32,,,,,,,,,recovered from the exchange's transaction history — this fill was never journale,CGRZTGBEAVBA
1789492094.9,cfb,aachc-cfb-wins-2026-11-28-missr-7pt5wins,SELL,0.1,0.4,manual,0.0136,28.28,,32,40,0,0.39,0.99,-0.03,-0.1,the owner's own order — the engine leaves it alone,CG321FGFCVB7
1789492154.9,cfb,aachc-cfb-wins-2026-11-28-missr-7pt5wins,BUY,0.1,0.98,sell,0,0.02,,36,41,0.455,0.36,0.99,0.59,0,buying back the short at or under what it sold for — the bid earns while it wait,CGVBQ74K4VB6
1789493278.1,cfb,aachc-cfb-wins-2026-11-28-ore-7pt5wins,BUY,1,0.76,sell,0.5841,1.75,,70,77,0.44,0.7,0.71,0.03,2,buying back the short at or under what it sold for — the bid earns while it wait,CGT48FPWTVB6
1789496289.4,cfb,aachc-cfb-wins-2026-11-28-miss-9pt5wins,BUY,2,0.34,backfill,,4.46,,,,,,,,,recovered from the exchange's transaction history — this fill was never journale,CGRH2N8GPVB3
1789498021.9,nfl,ftsc-nfl-flexmostfp-2027-01-10-chrola,SELL,0.01,0.02,hand,,29.74,,,,,,,,,your own trade — from the exchange's record; direction from its order intent,CG37V2860VB8
1789502303.0,cfb,aachc-cfb-wins-2026-11-28-miss-9pt5wins,SELL,2,0.21,sell,7.4995,0.63,,29,38,0,0.2,0.29,0.13,0,selling filled stock — it earns while it waits,CGX8P90VJVB9
1789512147.6,cfb,aachc-cfb-wins-2026-11-28-nw-7pt5wins,SELL,0.01,0.02,earn,0.0556,2.12,,3,18,0,0.01,0.03,0.07,-0.01,joins the touch — the book has been quiet,CGYB3KXM8VB5
1789513848.2,cfb,aachc-cfb-wins-2026-11-28-gtech-7pt5wins,SELL,0.01,0.12,earn,0.0739,0.17,,10,20,0,0.11,0.12,0.03,-0.01,joins the touch — the book has been quiet,CH0DVAF8GVNH
1789514775.2,cfb,aachc-cfb-wins-2026-11-28-mich-10pt5wins,SELL,0.05,0.08,earn,2.0269,0.08,,2,9,0.457,0.12,0.13,-0.03,-0.05,3 ticks in front of the touch — we would hold 27% of the ask side,CH0RT19X4VNG
1789516848.6,cfb,aachc-cfb-wins-2026-11-28-sc-6pt5wins,BUY,0.01,0.64,earn,0.014,0.54,,56,65,0,0.64,0.65,0.03,0.01,joins the touch — the book has been quiet,CH0VDT61MVNK
1789519424.1,cfb,aachc-cfb-wins-2026-11-28-iowast-3pt5wins,BUY,0.5,0.97,earn,0.8588,4.21,,95,99,0,0.65,0.99,-0.01,0.5,1 tick behind the touch — we would hold 11% of the bid side,CGY8VMY86VB3
1789519424.1,cfb,aachc-cfb-wins-ou-2026-11-28-utahst,SELL,0.5,0.04,earn,0.2949,0.98,,1,8,0,0.02,0.14,0,-0.5,1 tick behind the touch — we would hold 60% of the ask side,CH12QVKSCVNN
1789519935.5,cfb,aachc-cfb-wins-ou-2026-11-28-mary,SELL,1,0.49,backfill,,0.07,,,,,,,,,recovered from the exchange's transaction history — this fill was never journale,CH1ZDW9SAVNJ
1789520009.7,cfb,aachc-cfb-wins-2026-11-28-mspst-6pt5wins,BUY,1,0.51,earn,0.3686,12.66,,48,54,0,0.38,0.5,0,1,joins the touch — the book has been quiet,CGQ3JNCMRVBA
1789520009.7,cfb,aachc-cfb-wins-2026-11-28-ucf-7pt5wins,BUY,2,0.21,earn,0.3161,3.57,,21,33,0,0.19,0.22,-0.05,2,joins the touch — the book has been quiet,CGZ0KFZA4VNH
1789520009.7,cfb,aachc-cfb-wins-2026-11-28-frest-7pt5wins,BUY,1,0.35,earn,0.3947,2.57,,30,36,0,0.21,0.32,0.02,1,joins the touch — the book has been quiet,CGZTW7H10VNK
1789520023.1,cfb,aachc-cfb-wins-2026-11-28-cah-5pt5wins,BUY,1,0.63,backfill,,5.29,,,,,,,,,recovered from the exchange's transaction history — this fill was never journale,CGXFWJ614VBA
1789521664.5,cfb,aachc-cfb-wins-2026-11-28-cah-5pt5wins,SELL,1,0.54,backfill,,0.44,,,,,,,,,recovered from the exchange's transaction history — this fill was never journale,CH22C0D9MVNH
1789522002.8,cfb,aachc-cfb-wins-2026-11-28-mspst-6pt5wins,SELL,1,0.39,sell,7.4975,0.55,,48,53,0.452,0.39,0.4,0.11,0,selling filled stock — it earns while it waits,CH21WW1CYVNJ
1789522063.8,cfb,aachc-cfb-wins-2026-11-28-mspst-6pt5wins,SELL,0.1,0.4,sell,3.5703,0.04,,48,53,0.624,0.39,0.4,0.1,0.9,selling filled stock — it earns while it waits,CH2GAPP0GVNH
1789524018.5,cfb,aachc-cfb-wins-2026-11-28-mary-6pt5wins,SELL,0.01,0.31,earn,0.0101,0.87,,31,47,0,0.56,0.57,0.06,-0.01,joins the touch — the book has been quiet,CH28FGAG8VNA
1789524195.3,cfb,aachc-cfb-wins-2026-11-28-frest-7pt5wins,SELL,1,0.31,sell,0,0,,32,37,0.449,0.31,0.32,0.03,0,taker dump — sold into the bid (the carved exception),CH31FK7T4VNH
1789526624.9,cfb,aachc-cfb-wins-2026-11-28-minnst-8pt5wins,BUY,1,0.07,probe,0,0.04,,9,18,0.185,0.1,0.14,-0.07,1,a scout — this market's pool could pay; but I don't know enough yet; what happen,CH3JNTRTRVNN
1789526981.7,cfb,aachc-cfb-wins-2026-11-28-mary-6pt5wins,BUY,0.01,0.42,sell,0,0.18,,33,42,0.451,0.3,0.43,0.05,0.01,buying back the short at or under what it sold for — the bid earns while it wait,CH3HDHY1EVNA
1789528336.3,cfb,aachc-cfb-wins-2026-11-28-minnst-8pt5wins,SELL,1,0.02,sell,1.25,0.09,,3,9,0.512,0.01,0.02,0.04,0,selling filled stock — it earns while it waits,CH3WRF45YVNH
1789529308.9,cfb,aachc-cfb-wins-2026-11-28-gtech-7pt5wins,BUY,0.01,0.17,sell,0.0058,4.11,,15,22,0.434,0.01,0.17,-0.01,0.01,buying back the short at or under what it sold for — the bid earns while it wait,CH0RT18N6VNG
1789529411.4,cfb,aachc-cfb-wins-2026-11-28-sdst-8pt5wins,SELL,0.1,0.2,backfill,,0.44,,,,,,,,,recovered from the exchange's transaction history — this fill was never journale,CH3V5MRJWVNQ
1789530063.3,cfb,aachc-cfb-wins-2026-11-28-mst-6pt5wins,BUY,1,0.33,backfill,,0.09,,,,,,,,,recovered from the exchange's transaction history — this fill was never journale,CH49H5BH2VNG
1789530180.2,cfb,aachc-cfb-wins-2026-11-28-iowast-3pt5wins,BUY,0.2,0.82,backfill,,0.39,,,,,,,,,recovered from the exchange's transaction history — this fill was never journale,CH42TDKKEVNM
1789538008.3,cfb,aachc-cfb-wins-2026-11-28-kan-6pt5wins,SELL,2,0.26,sell,0,0,,25,30,0.385,0.26,0.27,0.02,0,taker dump — sold into the bid (the carved exception),CH69JNFSRVNA
1789550889.4,cfb,aachc-cfb-wins-ou-2026-11-28-utahst,BUY,1,0.13,backfill,,5.02,,,,,,,,,recovered from the exchange's transaction history — this fill was never journale,CH51CZNPPVNR
1789556640.5,cfb,aachc-cfb-wins-2026-11-28-ucf-7pt5wins,SELL,2,0.19,sell,0,0,,19,25,0.406,0.19,0.2,0.02,0,taker dump — sold into the bid (the carved exception),CHAQE6TQRVNH
1789559468.6,cfb,aachc-cfb-wins-2026-11-28-clmsn-5pt5wins,BUY,0.5,0.73,earn,0.3906,4.55,,72,82,0,0.57,0.73,-0.03,0.5,joins the touch — the book has been quiet,CH7G6JFVTVNJ
1789562098.4,cfb,aachc-cfb-wins-2026-11-28-col-2pt5wins,BUY,0.01,0.95,backfill,,2.35,,,,,,,,,recovered from the exchange's transaction history — this fill was never journale,CHA05YBH6VNM
1789562283.2,cfb,aachc-cfb-wins-2026-11-28-clmsn-5pt5wins,SELL,0.1,0.74,backfill,,0.73,,,,,,,,,recovered from the exchange's transaction history — this fill was never journale,CHBFP31EWVNR
1789567196.8,cfb,aachc-cfb-wins-2026-11-28-ill-7pt5wins,BUY,1,0.27,earn,0.1841,6.75,,26,33,0.218,0.24,0.25,-0.02,1,1 tick behind the touch — we would hold 3% of the bid side,CH7EJ0108VNR
1789574966.9,cfb,aachc-cfb-wins-2026-11-28-arz-5pt5wins,BUY,0.5,0.84,backfill,,3.05,,,,,,,,,recovered from the exchange's transaction history — this fill was never journale,CHCGCWQC8VNQ
1789575942.9,cfb,aachc-cfb-wins-2026-11-28-arz-5pt5wins,SELL,1,0.83,sell,0,0,,83,88,0,0.83,0.84,0.03,0,taker dump — sold into the bid (the carved exception),CHFCC1EMPVNM
1789576787.0,cfb,aachc-cfb-wins-2026-11-28-arz-5pt5wins,BUY,0.5,0.83,backfill,,0.21,,,,,,,,,recovered from the exchange's transaction history — this fill was never journale,CHFCF1HG2VNN
1789576915.3,nfl,aqc-nfl-afc-2027-01-24-champq-den,SELL,0.22,0.23,hand,,51.9,,,,,,,,,your own trade — from the exchange's record; direction from its order intent,CG308Z0T6VB7
1789578582.7,cfb,aachc-cfb-wins-2026-11-28-nd-8pt5wins,SELL,1,0.89,backfill,,0,,,,,,,,,recovered from the exchange's transaction history — this fill was never journale,CHG0DC4R2VNM
1789578582.7,cfb,aachc-cfb-wins-2026-11-28-ore-7pt5wins,SELL,1,0.7,backfill,,0,,,,,,,,,recovered from the exchange's transaction history — this fill was never journale,CHG0GFDYMVNR
1789578582.8,cfb,aachc-cfb-wins-2026-11-28-kan-5pt5wins,BUY,1,0.42,backfill,,0,,,,,,,,,recovered from the exchange's transaction history — this fill was never journale,CHG0H627JVNJ
1789578582.9,cfb,aachc-cfb-wins-2026-11-28-vir-5pt5wins,BUY,1,0.94,backfill,,0,,,,,,,,,recovered from the exchange's transaction history — this fill was never journale,CHG0J9BYRVNP
1789578583.0,cfb,aachc-cfb-wins-2026-11-28-washst-4pt5wins,BUY,2,0.46,backfill,,0,,,,,,,,,recovered from the exchange's transaction history — this fill was never journale,CHG0P4MJRVNG
1789578583.5,cfb,aachc-cfb-wins-2026-11-28-aubrn-8pt5wins,SELL,1,0.15,backfill,,0,,,,,,,,,recovered from the exchange's transaction history — this fill was never journale,CHG0H62YEVNJ
1789578583.6,cfb,aachc-cfb-wins-2026-11-28-pennst-9pt5wins,BUY,1,0.56,backfill,,0,,,,,,,,,recovered from the exchange's transaction history — this fill was never journale,CHG0J9CVRVNP
1789578638.0,cfb,aachc-cfb-wins-2026-11-28-frest-8pt5wins,SELL,2,0.01,backfill,,0,,,,,,,,,recovered from the exchange's transaction history — this fill was never journale,CHG10GGNRVNM
1789578638.0,cfb,aachc-cfb-wins-2026-11-28-bayl-7pt5wins,SELL,4,0.2,backfill,,0,,,,,,,,,recovered from the exchange's transaction history — this fill was never journale,CHG12SFNAVNN
1789578639.0,cfb,aachc-cfb-wins-2026-11-28-sc-6pt5wins,SELL,0.01,0.5,backfill,,0,,,,,,,,,recovered from the exchange's transaction history — this fill was never journale,CHG13G95CVNJ
1789578639.5,cfb,aachc-cfb-wins-2026-11-28-iowast-3pt5wins,SELL,1,0.83,backfill,,0,,,,,,,,,recovered from the exchange's transaction history — this fill was never journale,CHG12SH9WVNN
1789578640.3,cfb,aachc-cfb-wins-ou-2026-11-28-utahst,SELL,1,0.05,backfill,,0,,,,,,,,,recovered from the exchange's transaction history — this fill was never journale,CHG13JY1JVNA
1789578640.5,cfb,aachc-cfb-wins-ou-2026-11-28-mary,BUY,1,0.5,backfill,,0,,,,,,,,,recovered from the exchange's transaction history — this fill was never journale,CHG10QDEEVNQ
1789578640.7,cfb,aachc-cfb-wins-2026-11-28-mst-6pt5wins,SELL,1,0.2,backfill,,0,,,,,,,,,recovered from the exchange's transaction history — this fill was never journale,CHG18D9YJVNK
1789578641.1,cfb,aachc-cfb-wins-2026-11-28-col-2pt5wins,SELL,0.01,0.95,backfill,,0,,,,,,,,,recovered from the exchange's transaction history — this fill was never journale,CHG1808JJVNG
1789578641.6,cfb,aachc-cfb-wins-2026-11-28-ill-7pt5wins,SELL,1,0.24,backfill,,0,,,,,,,,,recovered from the exchange's transaction history — this fill was never journale,CHG18DB8MVNK
1789578641.8,cfb,aachc-cfb-wins-2026-11-28-arz-5pt5wins,SELL,0.5,0.82,backfill,,0,,,,,,,,,recovered from the exchange's transaction history — this fill was never journale,CHG10GMNAVNM
1789578643.0,nfl,tec-nfl-coty-2027-02-11-w-mikmcc,SELL,0.01,0.02,backfill,,0,,,,,,,,,recovered from the exchange's transaction history — this fill was never journale,CHG188CCGVNN
1789578643.1,nfl,ftsc-nfl-qbmostfp-2027-01-10-dramay,SELL,2,0.04,backfill,,0,,,,,,,,,recovered from the exchange's transaction history — this fill was never journale,CHG180A9PVNG
1789579585.9,cfb,aachc-cfb-wins-2026-11-28-pennst-9pt5wins,SELL,1,0.55,sell,0,0,,54,59,0.546,0.55,0.56,0.02,0,taker dump — sold into the bid (the carved exception),CHG9GB1CYVNA
1789579585.9,nfl,ftsc-nfl-flexmostfp-2027-01-10-camska,SELL,1,0.01,sweep,0,0.26,,4,18,0.233,0.01,0.02,0.1,0,the dust sweep (owner; 2026-09-13): 1 sh worth $0.01 at the midpoint; crossed at,CHG1D0ACTVNG
1789579585.9,nfl,ftsc-nfl-flexmostfp-2027-01-10-ashjea,SELL,1,0.01,sweep,0,0.26,,4,16,0.233,0.01,0.02,0.09,0,the dust sweep (owner; 2026-09-13): 1 sh worth $0.01 at the midpoint; crossed at,CHG1BPQWTVNM
1789579585.9,nfl,ftsc-nfl-dstmostfp-2027-01-10-jax,SELL,1,0.01,sweep,0,0.25,,2,10,0.046,0.01,0.02,0.04,0,the dust sweep (owner; 2026-09-13): 1 sh worth $0.01 at the midpoint; crossed at,CHG19VDVGVNP
1789579585.9,nfl,ftsc-nfl-kmostfp-2027-01-10-jassan,SELL,1,0.01,sweep,0,0.25,,1,5,0.049,0.01,0.02,0.01,0,the dust sweep (owner; 2026-09-13): 1 sh worth $0.01 at the midpoint; crossed at,CHG1E83RGVNJ
1789579585.9,nfl,ftsc-nfl-flexmostfp-2027-01-10-abro,SELL,1,0.02,sweep,0,0.25,,7,18,0.235,0.02,0.03,0.1,0,the dust sweep (owner; 2026-09-13): 1 sh worth $0.03 at the midpoint; crossed at,CHG1D0BKCVNG
1789580352.0,cfb,aachc-cfb-wins-2026-11-28-vir-5pt5wins,SELL,1,0.93,sell,0,0,,89,95,0.226,0.93,0.94,-0.01,0,taker dump — sold into the bid (the carved exception),CHGEYMNTRVNM
1789583496.0,cfb,aachc-cfb-wins-2026-11-28-washst-5pt5wins,BUY,0.47,0.38,backfill,,0.6,,,,,,,,,recovered from the exchange's transaction history — this fill was never journale,CHGNTEGREVNR
1789585502.2,cfb,aachc-cfb-wins-2026-11-28-col-2pt5wins,BUY,0.1,0.93,backfill,,0.51,,,,,,,,,recovered from the exchange's transaction history — this fill was never journale,CHH7745ZRVNK
1789597522.4,cfb,aachc-cfb-wins-ou-2026-11-28-utahst,BUY,1,0.13,backfill,,4.75,,,,,,,,,recovered from the exchange's transaction history — this fill was never journale,CHGEZ7GGJVNQ
1789598446.9,cfb,aachc-cfb-wins-2026-11-28-boise-5pt5wins,BUY,0.5,0.95,earn,2.1246,6.88,,94,99,0,0.91,0.95,-0.02,0.5,joins the touch — the book has been quiet,CHEVFE0YYVNN
1789598755.2,cfb,aachc-cfb-wins-2026-11-28-pennst-7pt5wins,BUY,0.01,0.9,backfill,,1.97,,,,,,,,,recovered from the exchange's transaction history — this fill was never journale,CHK46DSGPVNQ
1789598871.4,cfb,aachc-cfb-wins-2026-11-28-boise-5pt5wins,BUY,0.01,0.94,hand,,0.04,,,,,,,,,your own trade — from the exchange's record; direction from its order intent,CHMSJJNTWVNN
1789602987.3,cfb,aachc-cfb-wins-2026-11-28-boscol-1pt5wins,BUY,0.1,0.97,backfill,,10.45,,,,,,,,,recovered from the exchange's transaction history — this fill was never journale,CHCTQ62WMVNA
1789604560.6,cfb,aachc-cfb-wins-2026-11-28-boise-5pt5wins,BUY,0.01,0.93,earn,0.0345,0.4,,92,96,0.618,0.94,0.95,-0.01,1.01,3 ticks in front of the touch — we would hold 0% of the bid side,CHNWTB4RGVNJ
1789608295.4,cfb,aachc-cfb-wins-2026-11-28-kan-5pt5wins,SELL,1,0.41,sell,0,0,,41,47,0.3,0.41,0.42,0.02,0,taker dump — sold into the bid (the carved exception),CHQ43TRVTVNN
1789618569.3,politics,ussewc-usse-la-2026-11-03-dem,SELL,2,0.06,hand,,0.11,,,,,,,,,your own trade — from the exchange's record; direction from its order intent,CHSD4Q902VNR
1789619753.5,politics,usgubewc-usgub-mn-2026-11-03-rep,SELL,20,0.06,earn,0.3033,4.22,0.010025,2,7,0.138,0.06,0.08,-0.05,-20,at the touch — a fill here is 4 ticks inside value (Silver + evidence),CHP717H84VNA
1789620565.1,politics,ussewc-usse-sc-2026-11-03-dem,SELL,20,0.17,earn,0.7437,1.75,0.106725,12,16,0.611,0.17,0.22,-0.0633,-40,1 tick behind the touch — we would hold 23% of the ask side,CHRFTS4JPVNH
1789620565.1,cfb,aachc-cfb-wins-2026-11-28-boise-5pt5wins,SELL,1,0.94,sell,0,0,,92,95,0.692,0.94,0.95,0,0,taker dump — sold into the bid (the carved exception),CHSZ59C7JVNR
1789621057.1,politics,paccc-usho-midterms-2026-11-03-dem,BUY,99,0.88,backfill,,0.01,,,,,,,,,recovered from the exchange's transaction history — this fill was never journale,CHT1PJM9WVNQ
1789621282.4,politics,usgubewc-usgub-mn-2026-11-03-dem,BUY,6.31,0.92,manual,0.0213,37.33,0.989975,93,97,0.387,0.92,0.96,-0.07,72.31,the owner's own order — the engine leaves it alone,CGT3FA6TWVB9
1789625252.1,politics,usgubewc-usgub-ri-2026-11-03-dem,BUY,220,0.93,sell,0,0.44,0.996725,92,96,0.544,0.91,0.94,-0.0667,442,buying back the short at or under what it sold for — the bid earns while it wait,CHTPNSWKGVNA
1789625516.9,nfl,tec-nfl-coty-2027-02-11-w-mikmcc,SELL,0.01,0.03,hand,,65.41,,,,,,,,,your own trade — from the exchange's record; direction from its order intent,CG30986Q4VB2
1789625516.9,nfl,tec-nfl-coty-2027-02-11-w-mikmcc,SELL,0.01,0.03,hand,,65.41,,,,,,,,,your own trade — from the exchange's record; direction from its order intent,CG300VR5YVB8
1789627828.8,politics,scc-hrep-rep-2026-11-03-gte210,SELL,0.01,0.31,backfill,,0.84,,,,,,,,,recovered from the exchange's transaction history — this fill was never journale,CHTZ0EWW6VNG
1789629944.4,cfb,aachc-cfb-wins-2026-11-28-iowast-4pt5wins,BUY,0.02,0.56,backfill,,10.07,,,,,,,,,recovered from the exchange's transaction history — this fill was never journale,CHKK4TVQGVNP
1789631634.1,politics,ewc-usse-mi-2026-11-03-dem,BUY,155,0.64,sell,4.4186,3.74,0.7377,63,68,0.369,0.63,0.64,-0.0977,0,an exit — its fill reduces the position it sits on,CHSCWW5X2VNR
1789634030.2,politics,paccc-usse-midterms-2026-11-03-dem,BUY,88,0.588,focus,20.1774,0.32,0.5,58,61,0.72,0.588,0.589,0.088,0,focus exit: ~$46.17/day; fill odds 61%/day; EV +46.28/day,CHWV0R3QAVNA
1789634119.3,politics,scc-senate-gop-2026-11-03-lte45,SELL,19.55,0.09,backfill,,8.4,,,,,,,,,recovered from the exchange's transaction history — this fill was never journale,CHP1N2KGRVNH
1789634603.5,cfb,aachc-cfb-wins-2026-11-28-lsu-6pt5wins,SELL,4.78,0.86,backfill,,0.34,,,,,,,,,recovered from the exchange's transaction history — this fill was never journale,CHWYPJW1YVNR
1789635670.3,cfb,aachc-cfb-wins-2026-11-28-cin-3pt5wins,SELL,5,0.87,earn,0.3257,4.86,,78,88,0,0.94,0.95,-0.03,-5,joins the touch — the book has been quiet,CHSDXHJA6VNH
1789635670.3,cfb,aachc-cfb-wins-2026-11-28-iowast-2pt5wins,SELL,5,0.91,earn,2.579,1.12,,88,97,0,0.91,0.98,0.01,-5,joins the touch — the book has been quiet,CHWKA3RQWVNG
1789638678.6,politics,ussewc-usse-il-2026-11-03-dem,BUY,0.17,0.93,manual,0.0001,69.05,0.997,94,98,0.397,0.93,0.98,-0.067,9.65,the owner's own order — the engine leaves it alone,CG2Z6EJVRVB3
1789639985.1,politics,ussewc-usse-il-2026-11-03-dem,BUY,4.65,0.93,hand,,69.45,,,,,,,,,your own trade — from the exchange's record; direction from its order intent,CG2Z6EJVRVB3
1789639985.1,politics,ussewc-usse-il-2026-11-03-dem,BUY,5.18,0.93,hand,,69.45,,,,,,,,,your own trade — from the exchange's record; direction from its order intent,CG2Z6EJVRVB3
1789640329.0,politics,ussewc-usse-wv-2026-11-03-rep,SELL,10,0.97,sell,0.0635,36.89,0.999925,96,99,0.412,0.96,0.97,0.0299,0,selling filled stock — it earns while it waits,CGZ1Q28QTVNH
1789640732.3,politics,paccc-usho-midterms-2026-11-03-rep,BUY,84,0.129,hand,,0.09,,,,,,,,,your own trade — from the exchange's record; direction from the position move,CHYP7S47GVNG
1789641064.7,politics,ussewc-usse-tn-2026-11-03-rep,BUY,20,0.94,earn,0.632,1.95,0.999725,93,98,0.559,0.7,0.93,-0.0597,30,at the touch — a fill here is 3 ticks inside value (Silver + evidence),CHX4J3K90VNK
1789641064.7,politics,usgubewc-usgub-sd-2026-11-03-dem,SELL,10,0.02,earn,0.3953,1.95,0.004075,1,3,0.508,0.01,0.06,-0.0159,-10,joins the touch — the book has been quiet,CHX4J3KNPVNK
1789641801.4,politics,paccc-usho-midterms-2026-11-03-rep,BUY,68,0.121,focus,35.2723,0.29,0.1215,15,18,0.838,0.121,0.122,-0.0005,220,focus entry: ~$32.38/day; fill odds 59%/day; EV +25.46/day,CHYRXRJ0AVNQ
1789641801.4,politics,usgubewc-usgub-tn-2026-11-03-rep,BUY,1,0.98,earn,6.2353,0.2,0.99835,93,97,0.512,0.93,0.99,-0.0183,1,5 ticks in front of the touch — we would hold 100% of the bid side,CHYV3S8Q0VNM
1789643035.3,politics,paccc-usse-midterms-2026-11-03-dem,BUY,6,0.588,backfill,,0.54,,,,,,,,,recovered from the exchange's transaction history — this fill was never journale,CHYV1GBF6VNA
1789644736.1,politics,ewc-usse-mi-2026-11-03-dem,SELL,7,0.64,backfill,,0.46,,,,,,,,,recovered from the exchange's transaction history — this fill was never journale,CHZAC2D6CVNG
1789644739.1,politics,ushrewc-ushr-pa-01-2026-11-03-rep,SELL,36,0.63,backfill,,9.58,,,,,,,,,recovered from the exchange's transaction history — this fill was never journale,CHQJ3HFAMVNA
1789644753.1,politics,usgubewc-usgub-sd-2026-11-03-rep,SELL,8,0.95,backfill,,0.81,,,,,,,,,recovered from the exchange's transaction history — this fill was never journale,CHZ10GP86VNR
1789644987.3,politics,enwc-uspres-nom-dem-2028-markel,BUY,20,0.05,backfill,,38.19,,,,,,,,,recovered from the exchange's transaction history — this fill was never journale,CGZ17J762VNJ
1789645005.9,politics,ussewc-usse-sc-2026-11-03-dem,BUY,0.18,0.14,backfill,,6.59,,,,,,,,,recovered from the exchange's transaction history — this fill was never journale,CHT413M1GVNJ
1789645085.8,cfb,aachc-cfb-wins-2026-11-28-arz-5pt5wins,BUY,1,0.82,backfill,,18.15,,,,,,,,,recovered from the exchange's transaction history — this fill was never journale,CHG9E3P04VNJ
1789645213.5,politics,usgubewc-usgub-mn-2026-11-03-dem,BUY,0.38,0.92,backfill,,43.99,,,,,,,,,recovered from the exchange's transaction history — this fill was never journale,CGT3FA6TWVB9
1789645828.0,nfl,aqc-nfl-afc-2027-01-24-champq-den,SELL,0.16,0.23,hand,,71.05,,,,,,,,,your own trade — from the exchange's record; direction from its order intent,CG308Z0T6VB7
1789645828.0,nfl,aqc-nfl-afc-2027-01-24-champq-den,SELL,0.52,0.23,hand,,71.05,,,,,,,,,your own trade — from the exchange's record; direction from its order intent,CG308Z0T6VB7
1789646088.8,politics,usgubewc-usgub-mn-2026-11-03-dem,BUY,6,0.92,manual,0.0466,44.22,0.989975,92,96,0.562,0.92,0.95,-0.07,79,the owner's own order — the engine leaves it alone,CGT3FA6TWVB9
1789646088.8,politics,ussewc-usse-wv-2026-11-03-dem,SELL,10,0.05,earn,0.3637,15.14,7.5e-05,1,5,0.122,0.04,0.09,-0.0499,-10,at the touch — a fill here is 5 ticks inside value (Silver + evidence),CHK3N4QVPVNQ
1789646088.8,politics,usgubewc-usgub-nm-2026-11-03-dem,BUY,20,0.89,earn,0.4029,11.34,0.98755,89,95,0.116,0.89,0.9,-0.0975,20,at the touch — a fill here is 9 ticks inside value (Silver + evidence),CHPCG90TRVNK
1789646088.8,politics,usgubewc-usgub-ok-2026-11-03-dem,SELL,20,0.1,earn,0.8224,8.16,0.040075,3,9,0.319,0.12,0.16,-0.0599,-40,at the touch — a fill here is 5 ticks inside value (Silver + evidence),CHS2QRCDGVNG
1789646088.8,politics,ussewc-usse-ms-2026-11-03-rep,BUY,10,0.92,earn,1.8345,6.89,0.974575,92,97,0.331,0.15,0.92,-0.0546,20,at the touch — a fill here is 4 ticks inside value (Silver + evidence),CHT42FNPPVNK
1789646088.8,politics,ussewc-usse-id-2026-11-03-rep,BUY,20,0.94,earn,2.0161,3.55,0.9978,93,97,0.728,0.88,0.95,-0.0578,20,1 tick behind the touch — we would hold 33% of the bid side,CHWY2QDTYVNM
1789646088.8,politics,ussewc-usse-ar-2026-11-03-rep,BUY,10,0.93,earn,0.3037,3.35,0.9819,89,95,0.255,0.91,0.92,-0.0519,10,1 tick in front of the touch — we would hold 44% of the bid side,CHX4FA26CVNJ
1789646088.8,politics,ussewc-usse-sd-2026-11-03-rep,BUY,10,0.93,earn,0.3449,3.17,0.98765,91,96,0.747,0.84,0.93,-0.0576,10,1 tick behind the touch — we would hold 6% of the bid side,CHXA1G2ERVNA
1789646088.8,politics,scc-hrep-rep-2026-11-03-gte180,BUY,8,0.91,focus,0.7701,0.21,0.92225,90,94,0.046,0.91,0.92,-0.0122,8,focus entry: ~$1.18/day; fill odds 33%/day; EV +1.09/day,CHZW2SJVYVNJ
1789646088.8,cfb,aachc-cfb-wins-2026-11-28-clmsn-5pt5wins,BUY,1,0.7,earn,0.1263,9.61,,72,78,0.515,0.56,0.59,-0.05,1,1 tick behind the touch — we would hold 3% of the bid side,CHQVTKEC4VNK
1789646088.8,cfb,aachc-cfb-wins-2026-11-28-col-2pt5wins,BUY,0.5,0.94,earn,0.0614,9.61,,93,97,0.527,0.87,0.96,-0.01,0.5,1 tick behind the touch — we would hold 12% of the bid side,CHQVPQ6G2VNG
1789646088.8,cfb,aachc-cfb-wins-2026-11-28-clmsn-7pt5wins,SELL,0.5,0.34,earn,0.0451,6.89,,32,39,0,0.35,0.41,0.01,-0.5,joins the touch — the book has been quiet,CHT4NKPXJVNG
1789646088.8,cfb,aachc-cfb-wins-2026-11-28-arz-5pt5wins,SELL,1,0.82,sell,0,0,,82,87,0.538,0.82,0.83,0.03,0,taker dump — sold into the bid (the carved exception),CJ02V1NM0VNR
1789646114.6,politics,scc-senate-gop-2026-11-03-49,SELL,6,0.15,backfill,,0.17,,,,,,,,,recovered from the exchange's transaction history — this fill was never journale,CHZXB54B8VNH
1789646124.4,politics,usgubewc-usgub-hi-2026-11-03-dem,BUY,20,0.97,backfill,,2.9,,,,,,,,,recovered from the exchange's transaction history — this fill was never journale,CHXGSDCXEVNR
1789646346.5,cfb,aachc-cfb-wins-2026-11-28-boscol-1pt5wins,BUY,0.5,0.97,backfill,,11.98,,,,,,,,,recovered from the exchange's transaction history — this fill was never journale,CHNWQCPN4VNR
1789646831.6,politics,paccc-usho-midterms-2026-11-03-dem,SELL,465,0.89,hand,,1.87,,,,,,,,,your own trade — from the exchange's record; direction from its order intent,CHYKVYDW2VNH
1789646831.6,politics,paccc-usho-midterms-2026-11-03-dem,BUY,430,0.89,hand,,0,,,,,,,,,your own trade — from the exchange's record; direction from its order intent,CJ07ED31GVNA
1789646831.6,politics,paccc-usho-midterms-2026-11-03-dem,SELL,770,0.89,hand,,2.41,,,,,,,,,your own trade — from the exchange's record; direction from its order intent,CHY4X2YFRVNG
1789646839.3,politics,paccc-usho-midterms-2026-11-03-rep,SELL,103,0.121,hand,,0,,,,,,,,,your own trade — from the exchange's record; direction from its order intent,CJ07HFWVJVNJ
1789646839.3,politics,paccc-usho-midterms-2026-11-03-rep,BUY,49,0.121,hand,,0.6,,,,,,,,,your own trade — from the exchange's record; direction from its order intent,CHZPVAZ76VNJ
1789647157.4,politics,paccc-usse-midterms-2026-11-03-dem,SELL,6,0.587,backfill,,0.34,,,,,,,,,recovered from the exchange's transaction history — this fill was never journale,CJ00Q4YM6VNH
1789648635.2,politics,ewc-usse-mi-2026-11-03-rep,BUY,86,0.38,focus,8.0139,0.49,0.2623,37,40,0.409,0.37,0.38,0.1177,86,focus entry: ~$8.99/day; fill odds 62%/day; EV +5.09/day,CJ07HWH4WVNM
1789649358.2,politics,usgubewc-usgub-tn-2026-11-03-rep,SELL,1,0.93,backfill,,0.19,,,,,,,,,recovered from the exchange's transaction history — this fill was never journale,CJ0MQ68B8VNP
1789649775.3,politics,ussewc-usse-tn-2026-11-03-rep,SELL,30,0.93,backfill,,0.3,,,,,,,,,recovered from the exchange's transaction history — this fill was never journale,CJ0MS8ABEVNR
1789649798.7,politics,scc-senate-gop-2026-11-03-49,SELL,27,0.17,backfill,,0.32,,,,,,,,,recovered from the exchange's transaction history — this fill was never journale,CJ0MGC8RYVNK
1789649809.6,politics,scc-senate-gop-2026-11-03-50,SELL,0.1,0.17,backfill,,42.08,,,,,,,,,recovered from the exchange's transaction history — this fill was never journale,CGWTR4GX2VBA
1789650000.7,politics,scc-senate-gop-2026-11-03-50,SELL,35,0.17,sell,1.295,42.13,0.131075,14,18,0.512,0.16,0.17,-0.0389,230,an exit — its fill reduces the position it sits on,CGWTR4GX2VBA
1789651146.7,politics,ussewc-usse-ar-2026-11-03-rep,SELL,1.07,0.92,backfill,,0.68,,,,,,,,,recovered from the exchange's transaction history — this fill was never journale,CJ0MV86TTVNH
1789651601.3,politics,paccc-usse-midterms-2026-11-03-dem,SELL,79,0.587,backfill,,0.5,,,,,,,,,recovered from the exchange's transaction history — this fill was never journale,CJ0X637A2VNG
1789651817.1,politics,ussewc-usse-il-2026-11-03-dem,SELL,0.03,0.97,backfill,,2.04,,,,,,,,,recovered from the exchange's transaction history — this fill was never journale,CHZMSVNXGVNG
1789652065.6,politics,usgubewc-usgub-ny-2026-11-03-rep,BUY,195,0.1,hand,,0.03,,,,,,,,,your own trade — from the exchange's record; direction from its order intent,CJ1DRF884VNQ
1789652637.6,politics,paccc-usse-midterms-2026-11-03-dem,SELL,31,0.587,hand,,0.15,,,,,,,,,your own trade — from the exchange's record; direction from its order intent,CJ1F1HWGPVNJ
1789653938.8,politics,usgubewc-usgub-nm-2026-11-03-rep,BUY,20,0.1,sell,0.0781,15.67,0.01245,4,10,0.484,0.03,0.05,0.0876,0,buying back the short at or under what it sold for — the bid earns while it wait,CHMGE38D4VNK
1789653938.8,politics,ewc-usse-nc-2026-11-03-rep,BUY,198,0.1,focus,9.1075,0.28,0.11335,9,13,0.624,0.1,0.11,-0.0134,198,focus entry: ~$11.02/day; fill odds 62%/day; EV +6.00/day,CJ1N9NHVAVNG
1789654311.2,politics,paccc-usse-midterms-2026-11-03-dem,SELL,47,0.587,backfill,,0.28,,,,,,,,,recovered from the exchange's transaction history — this fill was never journale,CJ1R9ENQ8VNM
1789655087.9,politics,paccc-usse-midterms-2026-11-03-dem,SELL,8,0.587,hand,,0.12,,,,,,,,,your own trade — from the exchange's record; direction from its order intent,CJ22MTQ44VNP
1789655465.8,politics,usgubewc-usgub-nm-2026-11-03-rep,BUY,1,0.04,hand,,0.41,,,,,,,,,your own trade — from the exchange's record; direction from its order intent,CJ1Y13MXJVNM
1789655657.8,politics,usgubewc-usgub-ny-2026-11-03-rep,BUY,55,0.08,hand,,0.09,,,,,,,,,your own trade — from the exchange's record; direction from its order intent,CJ27G0JN4VNP
1789655840.7,politics,usgubewc-usgub-co-2026-11-03-dem,SELL,0.03,0.99,backfill,,74.01,,,,,,,,,recovered from the exchange's transaction history — this fill was never journale,CG2TYCFVCVBE
1789655849.2,politics,paccc-usse-midterms-2026-11-03-dem,SELL,1,0.587,hand,,0.03,,,,,,,,,your own trade — from the exchange's record; direction from its order intent,CJ2B69PACVNA
1789656003.8,cfb,aachc-cfb-wins-ou-2026-11-28-utahst,SELL,1,0.11,hand,,0.55,,,,,,,,,your own trade — from the exchange's record; direction from its order intent,CJ1YGQRVWVNP
1789656984.1,politics,paccc-usse-midterms-2026-11-03-dem,BUY,110,0.591,hand,,0.04,,,,,,,,,your own trade — from the exchange's record; direction from its order intent,CJ2KGEP4MVNR
1789658398.8,politics,usgubewc-usgub-sd-2026-11-03-dem,BUY,10,0.05,sell,1.5458,4.82,0.004075,1,4,0.629,0.02,0.05,0.0459,0,buying back the short at or under what it sold for — the bid earns while it wait,CHYV1G9W0VNA
1789658398.8,politics,ussewc-usse-id-2026-11-03-rep,SELL,20,0.92,sell,0,0.66,0.9978,93,96,0.767,0.91,0.95,0.0778,0,selling filled stock — it earns while it waits,CJ2DW66TWVNJ
1789658398.8,politics,ussewc-usse-sc-2026-11-03-dem,SELL,10,0.18,earn,1.738,0.66,0.106725,13,17,0.662,0.19,0.2,-0.0733,-50,1 tick behind the touch — we would hold 28% of the ask side,CJ2E2G1MEVNG
1789662146.8,politics,paccc-usho-midterms-2026-11-03-rep,SELL,32,0.121,hand,,0.04,,,,,,,,,your own trade — from the exchange's record; direction from the position move,CJ3W4GBHEVNQ
1789663087.5,politics,cpoc-ussec-tx-me-2026-11-03-dsweep,BUY,1,0.64,hand,,0.38,,,,,,,,,your own trade — from the exchange's record; direction from its order intent,CJ3SW3EB2VNG
1789664340.1,politics,ussewc-usse-ky-2026-11-03-rep,BUY,10,0.93,earn,6.1485,15.98,0.9957,94,98,0.604,0.9,0.95,-0.0657,10,1 tick behind the touch — we would hold 84% of the bid side,CHPRYHKT8VNH
1789666334.0,politics,usgubewc-usgub-me-2026-11-03-rep,SELL,20,0.05,earn,0.7533,12.94,0.01015,3,7,0.491,0.05,0.06,-0.0399,-20,at the touch — a fill here is 2 ticks inside value (Silver + evidence),CHSS6EJM6VNN
1789666334.0,politics,ussewc-usse-fl-2026-11-03-rep,SELL,42.98,0.89,earn,2.778,12.05,0.8511,86,90,0.587,0.88,0.89,-0.0389,-43,at the touch — a fill here is 1 ticks inside value (Silver + evidence),CHTHCKQQRVNQ
1789666471.7,politics,cpoc-ussec-tx-me-2026-11-03-dsweep,SELL,18.26,0.53,hand,,0.03,,,,,,,,,your own trade — from the exchange's record; direction from its order intent,CJ4XNFN0RVNM
1789669511.7,politics,scc-hrep-rep-2026-11-03-gte210,SELL,0.01,0.31,hand,,12.42,,,,,,,,,your own trade — from the exchange's record; direction from its order intent,CHTZ0EWW6VNG
1789670289.5,politics,ussewc-usse-de-2026-11-03-rep,SELL,10,0.03,earn,0.5548,29.2,0.00095,1,4,0.083,0.02,0.03,-0.029,-10,1 tick in front of the touch — we would hold 97% of the ask side,CHCT9RNZCVNA
1789670289.5,politics,scc-hrep-rep-2026-11-03-gte210,SELL,129.86,0.31,sell,8.9209,12.63,0.3002,32,40,0,0.3,0.31,-0.0098,65.13,an exit — its fill reduces the position it sits on,CHTZ0EWW6VNG
1789670289.5,politics,paccc-usse-midterms-2026-11-03-dem,BUY,56,0.601,focus,2.9117,1,0.5,58,60,0.797,0.601,0.602,0.101,0,focus exit: ~$49.28/day; fill odds 63%/day; EV +49.08/day,CJ4ZXC1QJVNM
1789670570.7,cfb,aachc-cfb-wins-2026-11-28-nw-6pt5wins,BUY,1,0.33,earn,0.3148,4.62,,34,43,0,0.26,0.33,-0.05,1,joins the touch — the book has been quiet,CJ1YANSDPVNQ
1789671688.2,politics,paccc-usse-midterms-2026-11-03-dem,SELL,56,0.602,backfill,,0.38,,,,,,,,,recovered from the exchange's transaction history — this fill was never journale,CJ5W8PD6MVNK
1789673279.9,politics,cpoc-ussec-tx-me-2026-11-03-dtx-rme,SELL,1,0.06,focus,125,0.06,,15,86,0,0.04,0.98,0.44,-1,focus entry: ~$125.00/day; fill odds 56%/day; EV +124.98/day,CJ6H06E8EVNJ
1789673348.4,politics,ussewc-usse-nj-2026-11-03-dem,SELL,1,0.98,backfill,,0.84,,,,,,,,,recovered from the exchange's transaction history — this fill was never journale,CJ5WD3NVEVNM
1789673450.8,cfb,aachc-cfb-wins-2026-11-28-clmsn-5pt5wins,SELL,1,0.57,backfill,,7.57,,,,,,,,,recovered from the exchange's transaction history — this fill was never journale,CJ02WNM30VNQ
1789673456.7,politics,paccc-usse-midterms-2026-11-03-dem,BUY,31,0.601,backfill,,0.49,,,,,,,,,recovered from the exchange's transaction history — this fill was never journale,CJ66NYASAVNA
1789673478.2,politics,paccc-usse-midterms-2026-11-03-dem,BUY,37,0.601,hand,,0,,,,,,,,,your own trade — from the exchange's record; direction from its order intent,CJ6KFZ5P8VNM
1789674022.2,politics,cpoc-ussec-tx-me-2026-11-03-dtx-rme,BUY,1.21,0.97,hand,,0.07,,,,,,,,,your own trade — from the exchange's record; direction from its order intent,CJ6NH57YMVNQ
1789674094.3,politics,usgubewc-usgub-ak-2026-11-03-jonkre,SELL,64,0.65,hand,,0.17,,,,,,,,,your own trade — from the exchange's record; direction from its order intent,CJ6KJ07QYVNQ
1789674350.3,politics,cpoc-ussec-tx-me-2026-11-03-dtx-rme,BUY,1,0.91,hand,,0.08,,,,,,,,,your own trade — from the exchange's record; direction from its order intent,CJ6RCPC08VNH
1789674355.3,politics,cpoc-ussec-tx-me-2026-11-03-dtx-rme,SELL,0.91,0.98,hand,,0.04,,,,,,,,,your own trade — from the exchange's record; direction from its order intent,CJ6SNR298VNN
1789674610.5,politics,paccc-usse-midterms-2026-11-03-dem,BUY,29,0.585,hand,,0.14,,,,,,,,,your own trade — from the exchange's record; direction from its order intent,CJ6RKJF10VNH
1789674823.6,politics,cpoc-ussec-tx-me-2026-11-03-dtx-rme,BUY,0.09,0.42,hand,,0.08,,,,,,,,,your own trade — from the exchange's record; direction from its order intent,CJ6W2MYDJVNN
1789674823.6,politics,cpoc-ussec-tx-me-2026-11-03-dtx-rme,BUY,5.98,0.42,hand,,0.08,,,,,,,,,your own trade — from the exchange's record; direction from its order intent,CJ6W2MYDJVNN
1789674898.1,politics,paccc-usse-midterms-2026-11-03-dem,BUY,22,0.585,hand,,0.07,,,,,,,,,your own trade — from the exchange's record; direction from its order intent,CJ6WRH2D8VNG
1789675067.0,politics,cpoc-ussec-tx-me-2026-11-03-dtx-rme,BUY,1.96,0.43,hand,,0.06,,,,,,,,,your own trade — from the exchange's record; direction from its order intent,CJ6Y682EMVNG
1789675067.6,politics,cpoc-ussec-tx-me-2026-11-03-dsweep,BUY,3.04,0.4,hand,,0.16,,,,,,,,,your own trade — from the exchange's record; direction from its order intent,CJ6VSW0K8VNG
1789675067.6,politics,cpoc-ussec-tx-me-2026-11-03-dsweep,BUY,4.99,0.4,hand,,0.16,,,,,,,,,your own trade — from the exchange's record; direction from its order intent,CJ6VSW0K8VNG
1789677692.3,politics,cpoc-ussec-tx-me-2026-11-03-dtx-rme,BUY,1,0.68,hand,,0.53,,,,,,,,,your own trade — from the exchange's record; direction from the position move,CJ74RFC96VNN
1789677891.3,politics,ussewc-usse-co-2026-11-03-rep,SELL,18.79,0.05,sell,0.1023,47.5,0.00415,1,5,0.152,0.04,0.05,-0.0459,366.21,an exit — its fill reduces the position it sits on,CGYWF5JCYVNM
1789677891.3,politics,ussewc-usse-nm-2026-11-03-rep,SELL,20,0.03,earn,0.5729,26.84,0.003575,1,4,0.226,0.02,0.03,-0.0264,-20,at the touch — a fill here is 2 ticks inside value (Silver + evidence),CHGN8B8HRVNN
1789677891.3,politics,paccc-usho-midterms-2026-11-03-rep,BUY,32,0.121,sell,0.9212,3.74,0.1228,13,16,0.809,0.121,0.122,-0.0018,0,an exit — its fill reduces the position it sits on,CJ4EGDM5JVNG
1789677891.3,politics,ussewc-usse-fl-2026-11-03-rep,SELL,1.11,0.89,manual,2.1445,3.21,0.8511,87,90,0.679,0.88,0.89,-0.0389,-67,the owner's own order — the engine leaves it alone,CJ4X9PRPJVNN
1789677906.5,politics,cpoc-ussec-tx-me-2026-11-03-dtx-rme,BUY,1,0.44,backfill,,0.64,,,,,,,,,recovered from the exchange's transaction history — this fill was never journale,CJ73K7QNGVNN
1789677971.3,politics,paccc-usse-midterms-2026-11-03-dem,SELL,63,0.586,hand,,0.02,,,,,,,,,your own trade — from the exchange's record; direction from its order intent,CJ7MSW69TVNG
1789680750.7,politics,scc-senate-gop-2026-11-03-lte45,SELL,0.54,0.09,backfill,,21.36,,,,,,,,,recovered from the exchange's transaction history — this fill was never journale,CHP1N2KGRVNH
1789680750.7,politics,scc-senate-gop-2026-11-03-lte45,SELL,19.55,0.09,hand,,21.36,,,,,,,,,your own trade — from the exchange's record; direction from its order intent,CHP1N2KGRVNH
1789682965.5,politics,paccc-usse-midterms-2026-11-03-dem,SELL,42,0.592,hand,,0.05,,,,,,,,,your own trade — from the exchange's record; direction from its order intent,CJ8SM4GPYVNP
1789683306.6,politics,scc-senate-gop-2026-11-03-52,SELL,13,0.07,hand,,0.09,,,,,,,,,your own trade — from the exchange's record; direction from its order intent,CJ8V2P6Q6VNP
1789683802.0,politics,paccc-usse-midterms-2026-11-03-dem,SELL,63,0.593,hand,,0.19,,,,,,,,,your own trade — from the exchange's record; direction from the position move,CJ8W3NP4MVNJ
1789683931.8,politics,scc-senate-gop-2026-11-03-49,BUY,9.31,0.16,backfill,,9.06,,,,,,,,,recovered from the exchange's transaction history — this fill was never journale,CJ1957XX6VNQ
1789684251.6,politics,scc-senate-gop-2026-11-03-lte45,SELL,84.45,0.09,sell,0.6026,22.33,0.0982,7,10,0.672,0.08,0.09,0.0082,160,an exit — its fill reduces the position it sits on,CHP1N2KGRVNH
1789684251.6,politics,scc-senate-gop-2026-11-03-52,SELL,26,0.07,manual,17.047,3.88,0.074225,5,8,0.668,0.1,0.11,0.0042,-26,the owner's own order — the engine leaves it alone,CJ5PA1958VNK
1789684251.6,politics,paccc-usse-midterms-2026-11-03-dem,SELL,63,0.592,focus,347.948,1.12,0.5,57,60,0.815,0.592,0.593,-0.092,-63,focus exit: ~$73.82/day; fill odds 56%/day; EV +73.89/day,CJ86A6Q2JVNR
1789684251.6,cfb,aachc-cfb-wins-ou-2026-11-28-utahst,BUY,1,0.49,sell,0.015,7.18,,11,20,0.712,0.24,0.47,0.34,0,buying back the short at or under what it sold for — the bid earns while it wait,CJ30N7CJ4VNA
1789684321.8,politics,cpoc-ussec-tx-me-2026-11-03-dsweep,BUY,1.36,0.5,backfill,,1.31,,,,,,,,,recovered from the exchange's transaction history — this fill was never journale,CJ81SP3VCVNA
1789684322.3,politics,cpoc-ussec-tx-me-2026-11-03-dtx-rme,BUY,1.04,0.47,hand,,0.01,,,,,,,,,your own trade — from the exchange's record; direction from its order intent,CJ948VQ7TVNN
1789684571.4,politics,scc-hrep-rep-2026-11-03-gte210,SELL,65,0.31,sell,5.3258,3.88,0.3002,32,39,0.436,0.32,0.33,-0.0098,0,an exit — its fill reduces the position it sits on,CJ5YH9VM6VNH
1789685351.4,cfb,aachc-cfb-wins-2026-11-28-boscol-1pt5wins,SELL,1,0.98,sell,0.0003,9.82,,97,99,0.405,0.98,0.99,0,0,selling filled stock — it earns while it waits,CJ1130GS6VNN
1789686626.3,politics,usgubewc-usgub-ri-2026-11-03-dem,SELL,86,0.92,backfill,,0,,,,,,,,,recovered from the exchange's transaction history — this fill was never journale,CJ9PY9BX4VNQ
1789686686.5,politics,usgubewc-usgub-il-2026-11-03-dem,SELL,19.91,0.94,hand,,1.31,,,,,,,,,your own trade — from the exchange's record; direction from the position move,CJ8K04S90VNM
1789686686.5,politics,usgubewc-usgub-il-2026-11-03-dem,SELL,13.03,0.94,hand,,0,,,,,,,,,your own trade — from the exchange's record; direction from the position move,CJ9Q18DGGVNP
1789686690.9,politics,usgubewc-usgub-il-2026-11-03-rep,BUY,0.38,0.06,hand,,0,,,,,,,,,your own trade — from the exchange's record; direction from its order intent,CJ9PT5MBTVNN
1789686817.5,politics,paccc-usse-midterms-2026-11-03-dem,BUY,32,0.592,backfill,,0.62,,,,,,,,,recovered from the exchange's transaction history — this fill was never journale,CJ96JPFYJVNR
1789687926.2,politics,cpoc-ussec-tx-me-2026-11-03-dtx-rme,BUY,46,0.49,hand,,0,,,,,,,,,your own trade — from the exchange's record; direction from its order intent,CJA0Z7NA0VNM
1789688244.9,cfb,aachc-cfb-wins-2026-11-28-cin-3pt5wins,BUY,5,0.94,sell,0.5026,8.29,,82,89,0.386,0.86,0.93,0.09,0,buying back the short at or under what it sold for — the bid earns while it wait,CJ30N7CDTVNA
1789688500.4,politics,paccc-usse-midterms-2026-11-03-dem,BUY,96,0.592,backfill,,0.44,,,,,,,,,recovered from the exchange's transaction history — this fill was never journale,CJ9S6D1M2VNH
1789688604.9,politics,usgubewc-usgub-co-2026-11-03-dem,SELL,0.03,0.98,sell,0.0001,7.88,0.9974,93,98,0.233,0.97,0.98,0.0174,3.97,selling filled stock — it earns while it waits,CJ3EGC1AGVNJ
1789688800.2,politics,usgubewc-usgub-tx-2026-11-03-rep,BUY,28,0.81,backfill,,35.1,,,,,,,,,recovered from the exchange's transaction history — this fill was never journale,CHC45GGRWVNG
1789688964.9,politics,ewc-usse-me-2026-11-03-rep,SELL,69,0.34,focus,68.0296,0.02,0.34385,32,38,0.275,0.33,0.34,0.0038,-69,focus entry: ~$8.56/day; fill odds 56%/day; EV +6.55/day,CJA9M2W0YVNM
1789689564.9,politics,usgubewc-usgub-sd-2026-11-03-rep,BUY,10,0.97,earn,3.5604,0.02,0.996125,96,99,0.635,0.96,0.97,-0.0261,10,1 tick in front of the touch — we would hold 57% of the bid side,CJAEF7C1JVNN
1789689984.9,cfb,aachc-cfb-wins-2026-11-28-iowast-2pt5wins,BUY,5,0.97,sell,4.2584,13.98,,90,97,0.384,0.87,0.98,0.03,0,buying back the short at or under what it sold for — the bid earns while it wait,CHYHE7SREVNA
1789691277.6,politics,paccc-usse-midterms-2026-11-03-dem,SELL,107,0.593,focus,15.3267,0.6,0.5,58,60,0.835,0.592,0.593,-0.093,-108,focus entry: ~$246.72/day; fill odds 56%/day; EV +244.55/day,CJAB1Y1QAVNR
1789691750.8,nfl,ftsc-nfl-kmostfp-2027-01-10-matgay,SELL,2,0.17,hand,,84.06,,,,,,,,,your own trade — from the exchange's record; direction from its order intent,CG2RKTAWYVB6
1789691843.5,politics,cpoc-ussec-tx-mi-me-2026-11-03-dsweep,BUY,5.84,0.65,backfill,,0.07,,,,,,,,,recovered from the exchange's transaction history — this fill was never journale,CJAZ9X6GPVNM
1789692117.6,politics,cpoc-ussec-tx-mi-me-2026-11-03-dsweep,SELL,6,0.65,sell,8.7088,0.06,,47,66,0,0.64,0.66,-0.05,0,an exit — its fill reduces the position it sits on,CJB1NFJCMVNG
1789692957.6,politics,cpoc-ussec-tx-mi-me-2026-11-03-dsweep,SELL,12,0.65,focus,46.2718,0.23,,61,68,0.453,0.64,0.65,0,-12,focus entry: ~$48.63/day; fill odds 56%/day; EV +46.95/day,CJB3B6NQMVNQ
1789693802.7,politics,cpoc-ussec-tx-mi-me-2026-11-03-rsweep,BUY,32.52,0.43,backfill,,0.29,,,,,,,,,recovered from the exchange's transaction history — this fill was never journale,CJB7Z0M4YVNK
1789694037.6,politics,paccc-usho-midterms-2026-11-03-dem,SELL,55,0.889,focus,19.1199,0.05,0.8772,86,90,0.332,0.888,0.889,-0.0118,-55,focus entry: ~$163.61/day; fill odds 67%/day; EV +136.72/day,CJBGDTA9GVNH
1789694397.6,politics,usgubewc-usgub-tn-2026-11-03-dem,SELL,20,0.04,earn,0.4845,23.69,0.00135,1,6,0.387,0.05,0.11,-0.0387,-20,at the touch — a fill here is 2 ticks inside value (Silver + evidence),CHQAC1NB0VNN
1789695417.7,cfb,aachc-cfb-wins-2026-11-28-pennst-9pt5wins,BUY,1,0.55,sell,0.0018,30.34,,54,60,0.393,0.55,0.56,-0.02,2,buying back the short at or under what it sold for — the bid earns while it wait,CHHW1EVDCVNQ
1789698233.5,politics,cpoc-ussec-tx-mi-me-2026-11-03-dsweep,BUY,4.64,0.64,backfill,,0.7,,,,,,,,,recovered from the exchange's transaction history — this fill was never journale,CJBY5XH0JVNG
1789698356.3,politics,cpoc-ussec-tx-mi-me-2026-11-03-rtx-rmi-dme,BUY,0.15,0.44,backfill,,1.1,,,,,,,,,recovered from the exchange's transaction history — this fill was never journale,CJBKZYKBCVNK
1789698459.4,politics,paccc-usse-midterms-2026-11-03-dem,BUY,47,0.592,backfill,,1.99,,,,,,,,,recovered from the exchange's transaction history — this fill was never journale,CJAWQXT6YVNG
1789698537.8,politics,ewc-usse-me-2026-11-03-rep,BUY,69,0.35,sell,3.2336,2.6,0.34385,34,38,0.535,0.34,0.35,0.0061,0,an exit — its fill reduces the position it sits on,CJABH5EDAVNP
1789700859.8,politics,ussewc-usse-ri-2026-11-03-dem,BUY,10,0.97,earn,0.1687,2.1,0.999375,97,99,0.535,0.97,0.98,-0.0294,10,at the touch — a fill here is 2 ticks inside value (Silver + evidence),CJBCGXF0AVNG
1789701759.8,politics,usgubewc-usgub-ma-2026-11-03-rep,SELL,10,0.06,earn,0.2489,4.34,0.00035,3,8,0.522,0.05,0.08,-0.0596,-10,at the touch — a fill here is 3 ticks inside value (Silver + evidence),CJ9JPE3T0VNR
1789701879.8,politics,ussewc-usse-ma-2026-11-03-rep,SELL,20,0.03,earn,0.7613,23.25,0.000275,1,4,0.444,0.02,0.07,-0.0297,-20,at the touch — a fill here is 2 ticks inside value (Silver + evidence),CHSD2EJEWVNA
1789702179.9,politics,usgubewc-usgub-mn-2026-11-03-dem,BUY,2.92,0.92,manual,0.0825,59.8,0.9825,92,95,0.611,0.92,0.95,-0.0625,81.92,the owner's own order — the engine leaves it alone,CGT3FA6TWVB9
1789702179.9,politics,paccc-usse-midterms-2026-11-03-dem,BUY,61,0.592,sell,2.7442,3.03,0.5,58,60,0.847,0.592,0.593,0.092,0,an exit — its fill reduces the position it sits on,CJAWQXT6YVNG
1789702659.9,politics,ussewc-usse-ri-2026-11-03-dem,SELL,10,0.98,sell,0.0277,0.5,0.999375,97,99,0.663,0.97,0.98,0.0194,0,selling filled stock — it earns while it waits,CJD4PFPWAVNR
1789703583.3,politics,usgubewc-usgub-mn-2026-11-03-dem,BUY,0.39,0.92,backfill,,60.2,,,,,,,,,recovered from the exchange's transaction history — this fill was never journale,CGT3FA6TWVB9
1789703583.3,politics,usgubewc-usgub-mn-2026-11-03-dem,BUY,12.69,0.92,hand,,60.2,,,,,,,,,your own trade — from the exchange's record; direction from its order intent,CGT3FA6TWVB9
1789703619.9,politics,usgubewc-usgub-mn-2026-11-03-dem,BUY,8.62,0.92,manual,5.8276,60.2,0.9825,91,94,0.704,0.9,0.95,-0.0625,116,the owner's own order — the engine leaves it alone,CGT3FA6TWVB9
1789704399.9,cfb,aachc-cfb-wins-2026-11-28-clmsn-7pt5wins,BUY,1,0.36,sell,0.175,15.82,,33,38,0.379,0.36,0.37,0.01,2,buying back the short at or under what it sold for — the bid earns while it wait,CJ0D32BEAVNH
1789705672.8,politics,paccc-usse-midterms-2026-11-03-dem,SELL,8,0.593,backfill,,0.57,,,,,,,,,recovered from the exchange's transaction history — this fill was never journale,CJDR885RCVNH
1789705719.9,politics,paccc-usse-midterms-2026-11-03-dem,SELL,16,0.593,focus,2.4013,0.58,0.5,58,60,0.862,0.592,0.593,-0.093,-24,focus entry: ~$2.21/day; fill odds 56%/day; EV +1.34/day,CJDR885RCVNH
1789707897.9,politics,cpoc-ussec-tx-me-2026-11-03-dtx-rme,SELL,1.65,0.41,sell,13.7386,5.35,,37,43,0.685,0.4,0.41,-0.01,55,an exit — its fill reduces the position it sits on,CJA7JGQX2VNK
1789710072.0,politics,scc-senate-gop-2026-11-03-51,BUY,52,0.14,manual,2.2924,7.17,0.1048,12,16,0,0.13,0.14,0.0352,52,the owner's own order — the engine leaves it alone,CJ91BEBCAVNN
1789710072.0,politics,scc-senate-gop-2026-11-03-51,BUY,113,0.14,focus,4.4617,0.06,0.1048,12,16,0,0.13,0.14,0.0352,165,focus entry: ~$2.85/day; fill odds 58%/day; EV +0.31/day,CJF6MKTKCVNK
1789710672.1,politics,scc-hrep-rep-2026-11-03-gte205,SELL,38,0.28,focus,24.6115,0.02,0.440125,30,38,0.234,0.28,0.29,0.1601,0,focus exit: ~$24.38/day; fill odds 17%/day; EV +21.48/day,CJFD7Q27AVNA
1789710732.1,politics,ussewc-usse-fl-2026-11-03-dem,BUY,50,0.11,earn,1.1711,5.35,0.1489,10,15,0.504,0.11,0.12,-0.0389,50,at the touch — a fill here is 2 ticks inside value (Silver + evidence),CJAXYCYP8VNP
1789710732.1,politics,ussewc-usse-ms-2026-11-03-rep,SELL,20,0.9,sell,2.3108,0.3,0.974875,92,96,0.484,0.89,0.92,0.0749,0,selling filled stock — it earns while it waits,CJF59BBGWVNM
1789710852.1,politics,ushrewc-ushr-tx-15-2026-11-03-rep,BUY,45,0.37,focus,18.5655,0.08,,36,44,0,0.36,0.37,-0.03,54,focus entry: ~$18.54/day; fill odds 59%/day; EV +13.89/day,CJFDGFW28VNP
1789710852.1,politics,ewc-usse-tx-2026-11-03-dem,SELL,48,0.57,focus,4.1337,0.07,0.6246,55,61,0.213,0.57,0.58,0.0546,-48,focus entry: ~$21.15/day; fill odds 55%/day; EV +19.86/day,CJFD8ZG02VNK
1789714393.0,politics,paccc-usse-midterms-2026-11-03-dem,SELL,23,0.593,focus,3.0828,0.34,0.5,58,60,0.855,0.592,0.593,-0.093,-47,focus entry: ~$5.95/day; fill odds 55%/day; EV +5.04/day,CJG0WJBWCVNQ
1789717555.8,politics,ussewc-usse-ma-2026-11-03-rep,BUY,1.05,0.05,backfill,,4.27,,,,,,,,,recovered from the exchange's transaction history — this fill was never journale,CJDE750SJVNQ
1789717601.6,politics,usgubewc-usgub-ma-2026-11-03-rep,BUY,1.07,0.07,backfill,,4.4,,,,,,,,,recovered from the exchange's transaction history — this fill was never journale,CJDBABXYYVNP
1789719390.5,politics,ewc-usse-mi-2026-11-03-dem,BUY,7,0.63,sell,0.242,19.94,0.7275,61,65,0.47,0.63,0.64,-0.0975,0,an exit — its fill reduces the position it sits on,CJ0DMTSH0VNA
1789719393.1,nfl,fptc-nfl-wrfpou-2027-01-10-tetmcm,SELL,0.93,0.36,hand,,91.44,,,,,,,,,your own trade — from the exchange's record; direction from its order intent,CG31VY91CVB5
1789719437.7,nfl,fptc-nfl-wrfpou-2027-01-10-tetmcm,SELL,0.07,0.38,hand,,91.45,,,,,,,,,your own trade — from the exchange's record; direction from its order intent,CG31VY8ZWVB5
1789730804.9,politics,enwc-uspres-nom-dem-2028-dwajoh,SELL,24.47,0.01,hand,,0,,,,,,,,,your own trade — from the exchange's record; direction from the position move,CJM765X4YW0Y
1789730961.9,politics,ewc-usse-oh-2026-11-03-dem,BUY,2,0.61,focus,187.5,0.01,0.67565,53,68,0.27,0.01,0.99,-0.0656,2,focus entry: ~$375.00/day; fill odds 61%/day; EV +374.91/day,CJM8AB5JYW21
1789730961.9,politics,paccc-usse-midterms-2026-11-03-rep,BUY,3,0.489,focus,0,0.01,0.4086,44,50,0.208,0.44,0.589,0.0804,3,focus entry: ~$375.00/day; fill odds 61%/day; EV +374.87/day,CJM8ABGFEW21
1789730961.9,politics,paccc-usho-midterms-2026-11-03-dem,SELL,10,0.836,focus,375,0.01,0.8772,87,92,0.522,0.4,0.999,0.0412,-55,focus entry: ~$375.00/day; fill odds 68%/day; EV +373.84/day,CJM7T0PE2W7E
1789730961.9,politics,enwc-uspres-nom-rep-2028-dontru,BUY,1,0.84,sell,0,0.03,,3,20,0.107,,,0.76,0,buying back the short at or under what it sold for — the bid earns while it wait,CJM8R196EW1Y
1789730966.8,politics,ushrewc-ushr-pa-01-2026-11-03-rep,SELL,3,0.54,hand,,0,,,,,,,,,your own trade — from the exchange's record; direction from its order intent,CJM8TMTK8W1Z
1789731021.9,politics,ewc-usse-nh-2026-11-03-dem,BUY,2,0.84,focus,150,0.02,0.880775,82,93,0,0.44,0.98,-0.0408,2,focus entry: ~$150.00/day; fill odds 61%/day; EV +149.91/day,CJM8E4SBTW1Z
1789731021.9,politics,enwc-uspres-nom-rep-2028-dontru,BUY,1,0.84,sell,0,0.02,,3,20,0.488,,,0.76,1,buying back the short at or under what it sold for — the bid earns while it wait,CJM8Z7KWEW20
1789731037.7,politics,ushrewc-ushr-ny-04-2026-11-03-rep,SELL,1,0.02,hand,,0,,,,,,,,,your own trade — from the exchange's record; direction from its order intent,CJM9DEAM4W1Z
1789731085.2,politics,ewc-usse-mi-2026-11-03-dem,BUY,8,0.69,focus,373.691,0.01,0.7275,60,66,0.618,0.6,0.72,-0.0375,8,focus entry: ~$374.71/day; fill odds 61%/day; EV +374.36/day,CJM92G79JW1N
1789731167.3,politics,ushrewc-ushr-nc-01-2026-11-03-rep,SELL,1,0.28,focus,62.4999,0.06,,10,38,0,0.01,0.39,-0.01,-7,focus entry: ~$62.50/day; fill odds 67%/day; EV +62.41/day,CJM85X2K2W81
1789731353.7,politics,enwc-uspres-nom-rep-2028-dontru,SELL,2,0.01,hand,,0.02,,,,,,,,,your own trade — from the exchange's record; direction from the position move,CJMBN79AAW7H
1789731407.7,politics,ewc-usgub-oh-2026-11-03-dem,SELL,19,0.51,focus,148.826,0.02,0.5762,50,58,0,0.32,0.52,0.0662,-33,focus entry: ~$146.12/day; fill odds 50%/day; EV +145.88/day,CJMDASJMEW1N
1789731407.7,politics,usgubewc-usgub-ak-2026-11-03-jonkre,SELL,21,0.66,focus,42.7295,0.01,0.92535,66,71,0,0.67,0.69,0.2654,-64,focus entry: ~$42.37/day; fill odds 50%/day; EV +41.92/day,CJMDFJAQPW0Y
1789731476.3,politics,ewc-usse-me-2026-11-03-dem,SELL,5,0.66,focus,150,0.02,0.65615,64,69,0,0.65,0.66,-0.0039,-5,focus entry: ~$99.08/day; fill odds 54%/day; EV +95.65/day,CJME7FDHCW21
1789731480.1,politics,ewc-usgub-nv-2026-11-03-rep,SELL,26,0.48,hand,,0,,,,,,,,,your own trade — from the exchange's record; direction from the position move,CJMEYZAWPW20
1789731480.8,politics,enwc-uspres-nom-dem-2028-dwajoh,SELL,15,0.01,hand,,0,,,,,,,,,your own trade — from the exchange's record; direction from the position move,CJMES4T1GW1Y
1789731532.2,politics,ewc-usgub-wi-2026-11-03-dem,BUY,42,0.87,hand,,0,,,,,,,,,your own trade — from the exchange's record; direction from the position move,CJMFJB8X4W1Y
1789731576.5,politics,enwc-uspres-nom-dem-2028-dwajoh,SELL,5,0.01,hand,,0,,,,,,,,,your own trade — from the exchange's record; direction from the position move,CJMG42J8MW20
1789731585.4,politics,ewc-usse-mn-2026-11-03-dem,SELL,38,0.86,backfill,,0.01,,,,,,,,,recovered from the exchange's transaction history — this fill was never journale,CJMG1K07TW22
1789731586.2,politics,ushrewc-ushr-wa-03-2026-11-03-rep,BUY,4,0.19,hand,,0,,,,,,,,,your own trade — from the exchange's record; direction from the position move,CJMG42TMJW20
1789731873.0,politics,paccc-usse-midterms-2026-11-03-rep,BUY,10,0.489,hand,,0,,,,,,,,,your own trade — from the exchange's record; direction from the position move,CJMJ7K4NTW1Z
1789732010.4,politics,ewc-usse-nh-2026-11-03-dem,BUY,2,0.85,focus,0.1519,0.02,0.880775,82,86,0.453,0.85,0.87,-0.0308,4,focus entry: ~$5.54/day; fill odds 61%/day; EV +5.31/day,CJMJMB67WW20
1789732269.3,politics,ushrewc-ushr-oh-09-2026-11-03-rep,BUY,25,0.34,backfill,,0.09,,,,,,,,,recovered from the exchange's transaction history — this fill was never journale,CJMJS4KPWW0Y
1789732329.2,politics,paccc-usse-midterms-2026-11-03-rep,BUY,11,0.496,focus,375,0.04,0.4086,43,47,0.453,0.483,0.494,0.0874,24,focus entry: ~$57.61/day; fill odds 61%/day; EV +57.11/day,CJMM6XJK4W0Y
1789732629.2,politics,ewc-usse-mi-2026-11-03-dem,SELL,1,0.67,sell,0.3838,0.2,0.7275,61,66,0.708,0.66,0.67,0.0575,7,an exit — its fill reduces the position it sits on,CJMJB7M1MW7E
1789732689.2,politics,scc-senate-gop-2026-11-03-55,SELL,9,0.02,focus,21.3832,0.11,0.014175,1,6,0,0.01,0.06,-0.0058,-9,focus entry: ~$21.80/day; fill odds 73%/day; EV +21.61/day,CJMN1QE3TW1N
1789733289.2,politics,paccc-balpow-2026-11-03-dhou-rsen,SELL,12,0.25,focus,3.2189,0.08,,27,35,0.421,0.24,0.25,0.06,-12,focus entry: ~$4.16/day; fill odds 67%/day; EV +2.84/day,CJMTCYASAW7H
1789733602.6,politics,paccc-balpow-2026-11-03-rsweep,BUY,25.71,0.16,backfill,,0.08,,,,,,,,,recovered from the exchange's transaction history — this fill was never journale,CJMWX41TPW7H
1789733649.3,politics,paccc-balpow-2026-11-03-rsweep,BUY,78.92,0.16,focus,174.897,0.01,,12,19,0,0.16,0.17,0.01,78.92,focus entry: ~$174.90/day; fill odds 59%/day; EV +168.75/day,CJMYX0Q3EW7H
1789733769.3,politics,paccc-usse-midterms-2026-11-03-rep,BUY,5,0.481,focus,375,0.06,0.4086,43,47,0.622,0.453,0.457,0.0724,29,focus entry: ~$1.18/day; fill odds 61%/day; EV +0.97/day,CJMYJ88XRW7H
1789734194.3,politics,ewc-usgub-ga-2026-11-03-rep,SELL,8,0.44,backfill,,0.08,,,,,,,,,recovered from the exchange's transaction history — this fill was never journale,CJN15JT8RW20
1789734663.7,politics,ewc-usgub-ca-2026-11-03-xavbec,SELL,40,0.95,focus,1.6559,0.06,0.99955,93,98,0.287,0.94,0.95,0.0495,-40,focus entry: ~$1.86/day; fill odds 50%/day; EV +0.07/day,CJN4WXR0PW1Y
1789735091.7,politics,enwc-uspres-nom-dem-2028-dwajoh,BUY,15,0.01,sell,0,0.95,,3,13,0.319,0.1,0.51,-0.06,0,buying back the short at or under what it sold for — the bid earns while it wait,CJMGGM1TTW7E
1789735211.7,politics,enwc-uspres-nom-dem-2028-dwajoh,BUY,15,0.5,sell,0,0.03,,1,4,0.565,,0.51,0.48,30,buying back the short at or under what it sold for — the bid earns while it wait,CJNA0W956W22
1789735751.7,politics,ewc-usgub-ca-2026-11-03-xavbec,BUY,40,0.95,sell,0.8809,0.18,0.99955,95,99,0.548,0.95,0.96,-0.0495,0,an exit — its fill reduces the position it sits on,CJNA121Z6W0Y
1789736351.7,politics,ewc-usgub-nv-2026-11-03-dem,BUY,51,0.52,sell,21.2392,0.33,0.325525,45,52,0.4,0.51,0.52,0.1945,0,an exit — its fill reduces the position it sits on,CJNAHE6SAW1Z
1789736471.7,politics,ewc-usse-me-2026-11-03-rep,BUY,52,0.34,focus,16.6024,0.04,0.34385,33,36,0.597,0.33,0.34,-0.0038,52,focus entry: ~$8.83/day; fill odds 61%/day; EV +6.68/day,CJNKK7GFWW20
1789736471.7,politics,paccc-usse-midterms-2026-11-03-rep,BUY,17,0.453,focus,375,0.02,0.4086,42,45,0.71,0.41,0.415,0.0444,46,focus entry: ~$3.05/day; fill odds 61%/day; EV +2.34/day,CJNM2BS6TW1Y
1789736531.7,politics,ussewc-usse-la-2026-11-03-dem,BUY,2,0.21,sell,0,0.02,0.0409,4,9,0.354,0.05,0.22,0.1691,0,buying back the short at or under what it sold for — the bid earns while it wait,CJNMQZEWTW20
1789736576.4,politics,ewc-usgub-nv-2026-11-03-dem,BUY,23,0.51,backfill,,0.08,,,,,,,,,recovered from the exchange's transaction history — this fill was never journale,CJNJWYWC8W7H
1789736623.4,politics,ewc-usgub-mi-2026-11-03-dem,BUY,7,0.95,backfill,,0.07,,,,,,,,,recovered from the exchange's transaction history — this fill was never journale,CJNKBYSQ2W7E
1789736660.7,politics,ewc-usgub-nv-2026-11-03-dem,BUY,6,0.51,focus,10.1493,0.02,0.325525,45,51,0.6,0.5,0.51,0.1845,17,focus entry: ~$29.07/day; fill odds 48%/day; EV +28.00/day,CJNNH4EM4W20
1789736660.7,politics,ewc-usgub-wi-2026-11-03-rep,BUY,24,0.21,focus,1.8751,0.01,0.21305,17,22,0.358,0.18,0.21,-0.003,24,focus entry: ~$1.80/day; fill odds 48%/day; EV +1.54/day,CJNNZ8A2AW1N
1789736720.7,politics,ussewc-usse-la-2026-11-03-dem,BUY,2,0.11,sell,0,0.05,0.0409,4,9,0.58,0.05,0.21,0.0691,4,buying back the short at or under what it sold for — the bid earns while it wait,CJNN4KV6EW20
1789736720.7,politics,ewc-usgub-mi-2026-11-03-rep,BUY,18,0.09,focus,0.6282,0.06,0.04555,6,11,0.148,0.09,0.1,0.0444,18,focus entry: ~$0.31/day; fill odds 48%/day; EV +0.00/day,CJNMDKWK2W7E
1789736847.8,politics,cpoc-ussec-tx-me-2026-11-03-rsweep,BUY,0.12,0.41,backfill,,0.01,,,,,,,,,recovered from the exchange's transaction history — this fill was never journale,CJNQJSZERW20
1789737200.7,politics,paccc-usse-midterms-2026-11-03-dem,BUY,47,0.599,sell,3.8879,1.02,0.5,59,61,0.856,0.599,0.6,0.099,0,an exit — its fill reduces the position it sits on,CJMYQDMAGW0Y
1789737387.2,politics,ussewc-usse-nm-2026-11-03-dem,SELL,0.04,0.94,backfill,,0.49,,,,,,,,,recovered from the exchange's transaction history — this fill was never journale,CJNDRNJ7YW20
1789737440.7,politics,ussewc-usse-nm-2026-11-03-dem,SELL,2.92,0.94,sell,0,0.5,0.996425,86,94,0.196,0.67,0.94,0.0564,3,selling filled stock — it earns while it waits,CJNDRNJ7YW20
1789737860.7,politics,ewc-usgub-mi-2026-11-03-rep,SELL,4,0.07,sell,2.5779,0.11,0.04555,3,8,0.492,0.06,0.07,-0.0245,14,an exit — its fill reduces the position it sits on,CJNWA772TWM9
1789737920.7,politics,ussewc-usse-wv-2026-11-03-dem,BUY,10,0.1,sell,3.125,0.27,0.00015,1,5,0.373,0.04,0.05,0.0999,0,buying back the short at or under what it sold for — the bid earns while it wait,CJNRK5928W21
1789737980.7,politics,ewc-usgub-wi-2026-11-03-dem,SELL,5,0.84,sell,0.7421,0.27,0.78695,80,85,0,0.83,0.84,-0.0531,37,an exit — its fill reduces the position it sits on,CJNRR9RWMW7E
1789737980.7,politics,ewc-usse-me-2026-11-03-rep,BUY,3,0.33,focus,0.1796,0.15,0.34385,32,36,0.697,0.33,0.34,-0.0138,55,focus entry: ~$0.14/day; fill odds 62%/day; EV +0.01/day,CJNWBWGYAW21
1789737980.7,politics,paccc-usho-midterms-2026-11-03-rep,BUY,100,0.122,focus,352.178,0.04,0.1228,11,14,0.66,0.12,0.121,-0.0008,100,focus entry: ~$40.01/day; fill odds 60%/day; EV +32.31/day,CJNZG89CJW1Y
1789738002.3,politics,ewc-usgub-mi-2026-11-03-rep,SELL,14,0.07,backfill,,0.15,,,,,,,,,recovered from the exchange's transaction history — this fill was never journale,CJNWA772TWM9
1789738163.1,politics,enwc-uspres-nom-dem-2028-dwajoh,SELL,15,0.01,hand,,0,,,,,,,,,your own trade — from the exchange's record; direction from the position move,CJP2ABJH8W21
1789738228.7,politics,enwc-uspres-nom-dem-2028-dwajoh,SELL,15,0.01,hand,,0,,,,,,,,,your own trade — from the exchange's record; direction from the position move,CJP2DAX76W7H
1789738244.8,politics,cpoc-ussec-tx-mi-me-2026-11-03-dsweep,SELL,0.29,0.46,backfill,,0.05,,,,,,,,,recovered from the exchange's transaction history — this fill was never journale,CJP184KD2WM9
1789738246.7,politics,cpoc-ussec-tx-mi-me-2026-11-03-dtx-rmi-dme,SELL,0.09,0.26,backfill,,0.03,,,,,,,,,recovered from the exchange's transaction history — this fill was never journale,CJP1KV9M4W7E
1789738280.7,politics,paccc-usse-midterms-2026-11-03-rep,BUY,7,0.413,focus,0.5504,0.08,0.4086,41,45,0.765,0.413,0.414,0.0044,53,focus entry: ~$5.87/day; fill odds 62%/day; EV +5.58/day,CJP0WMTQYW21
1789738280.7,politics,cpoc-ussec-tx-mi-me-2026-11-03-dtx-rmi-dme,SELL,0.2,0.26,focus,62.5,0.04,,31,36,0,0.01,0.26,0.07,-0.63,focus entry: ~$62.50/day; fill odds 54%/day; EV +62.46/day,CJP1KV9M4W7E
1789738308.2,politics,cpoc-ussec-tx-mi-me-2026-11-03-rtx-rmi-dme,SELL,0.63,0.24,backfill,,0.03,,,,,,,,,recovered from the exchange's transaction history — this fill was never journale,CJP2GG6PGW21
1789738340.7,politics,cpoc-ussec-tx-mi-me-2026-11-03-rtx-rmi-dme,SELL,0.04,0.24,focus,5.1139,0.04,,34,43,0,0.01,0.24,0.16,-0.67,focus entry: ~$53.12/day; fill odds 54%/day; EV +52.55/day,CJP2GG6PGW21
1789738562.8,politics,ewc-usse-me-2026-11-03-rep,SELL,52,0.34,backfill,,0.57,,,,,,,,,recovered from the exchange's transaction history — this fill was never journale,CJNMN3RDPW22
1789738580.7,politics,cpoc-ussec-tx-mi-me-2026-11-03-rsweep,SELL,0.14,0.22,sell,0,0.25,,18,35,0,,0.22,0.03,32.86,an exit — its fill reduces the position it sits on,CJNY09JA8W1Y
1789738601.1,politics,cpoc-ussec-tx-mi-me-2026-11-03-rsweep,SELL,0.82,0.22,backfill,,0.26,,,,,,,,,recovered from the exchange's transaction history — this fill was never journale,CJNY09JA8W1Y
1789738602.1,politics,cpoc-ussec-tx-me-2026-11-03-rtx-dme,BUY,4.37,0.71,backfill,,0.09,,,,,,,,,recovered from the exchange's transaction history — this fill was never journale,CJP34NPSPW1Z
1789738603.1,politics,cpoc-ussec-tx-me-2026-11-03-rsweep,BUY,4.38,0.46,backfill,,0.1,,,,,,,,,recovered from the exchange's transaction history — this fill was never journale,CJP332HQ4W1N
1789738640.7,politics,cpoc-ussec-tx-mi-me-2026-11-03-rsweep,SELL,0.86,0.22,sell,0,0.27,,24,37,0.455,,0.22,0.07,31,an exit — its fill reduces the position it sits on,CJNY09JA8W1Y
1789738820.7,politics,ewc-usse-me-2026-11-03-rep,SELL,3,0.35,sell,11.1975,0.05,0.34385,32,35,0.757,0.34,0.37,-0.0061,0,an exit — its fill reduces the position it sits on,CJP5J6J3CW7H
1789738820.7,politics,ewc-usse-me-2026-11-03-rep,SELL,16,0.36,focus,9.048,0.01,0.34385,32,35,0.757,0.34,0.37,-0.0161,-16,focus entry: ~$14.57/day; fill odds 55%/day; EV +13.89/day,CJP6W1XWTW1Z
1789739078.7,politics,usgubewc-usgub-me-2026-11-03-rep,BUY,0.22,0.06,backfill,,0,,,,,,,,,recovered from the exchange's transaction history — this fill was never journale,CJP950PTCW1N
1789739120.7,politics,usgubewc-usgub-me-2026-11-03-rep,BUY,20,0.06,sell,1.6473,0.43,0.01015,4,8,0.549,0.06,0.14,0.0498,0,buying back the short at or under what it sold for — the bid earns while it wait,CJNX4D6H0W22
1789739120.7,politics,paccc-usse-midterms-2026-11-03-rep,SELL,53,0.414,sell,20.6168,0.2,0.4086,40,43,0.802,0.413,0.414,-0.0054,0,an exit — its fill reduces the position it sits on,CJP3QWXAWW7H
1789739276.7,politics,cpoc-ussec-tx-mi-me-2026-11-03-dtx-dmi-rme,SELL,0.2,0.11,backfill,,0.07,,,,,,,,,recovered from the exchange's transaction history — this fill was never journale,CJP8DEDQRW7E
1789739336.9,politics,cpoc-ussec-tx-mi-me-2026-11-03-dsweep,SELL,0.21,0.67,backfill,,0.07,,,,,,,,,recovered from the exchange's transaction history — this fill was never journale,CJP95086CW1Y
1789739420.7,politics,cpoc-ussec-tx-mi-me-2026-11-03-dtx-dmi-rme,SELL,0.04,0.11,focus,55.2784,0.03,,39,49,0,0.1,0.11,0.34,-0.04,focus entry: ~$53.54/day; fill odds 55%/day; EV +52.76/day,CJPAR78STWM9
1789739755.8,politics,cpoc-ussec-tx-me-2026-11-03-dsweep,SELL,0.06,0.56,backfill,,0.1,,,,,,,,,recovered from the exchange's transaction history — this fill was never journale,CJPBF855WWM9
1789739813.1,politics,cpoc-ussec-tx-mi-me-2026-11-03-rtx-dmi-rme,SELL,0.21,0.1,backfill,,0.13,,,,,,,,,recovered from the exchange's transaction history — this fill was never journale,CJPB7MS12W22
1789739840.8,politics,cpoc-ussec-tx-mi-me-2026-11-03-rtx-rmi-dme,SELL,0.21,0.2,focus,12.3473,0.04,,39,45,0.453,0.01,0.2,0.22,-1.21,focus entry: ~$14.07/day; fill odds 55%/day; EV +13.75/day,CJPDNHQ74W7H
1789739840.8,politics,ewc-usse-me-2026-11-03-rep,SELL,7,0.35,focus,5.5073,0.03,0.34385,33,35,0.797,0.34,0.35,-0.0061,-23,focus entry: ~$3.19/day; fill odds 55%/day; EV +2.94/day,CJPE0N98PW7H
1789739862.7,politics,cpoc-ussec-tx-mi-me-2026-11-03-rtx-rmi-dme,SELL,0.23,0.2,backfill,,0.05,,,,,,,,,recovered from the exchange's transaction history — this fill was never journale,CJPDNHQ74W7H
1789740213.8,politics,cpoc-ussec-tx-mi-me-2026-11-03-dtx-dmi-rme,SELL,0.28,0.11,backfill,,0.25,,,,,,,,,recovered from the exchange's transaction history — this fill was never journale,CJPAR78STWM9
1789740215.3,politics,cpoc-ussec-tx-mi-me-2026-11-03-dtx-rmi-dme,SELL,0.32,0.26,backfill,,0.02,,,,,,,,,recovered from the exchange's transaction history — this fill was never journale,CJPH49MGJW7E
1789740216.3,politics,cpoc-ussec-tx-me-2026-11-03-dsweep,SELL,0.03,0.56,backfill,,0.13,,,,,,,,,recovered from the exchange's transaction history — this fill was never journale,CJPEHGM4JW1Z
1789740260.8,politics,cpoc-ussec-tx-me-2026-11-03-dsweep,SELL,0.52,0.56,focus,122.401,0.14,,44,51,0.534,0.55,0.56,-0.08,-10.54,focus entry: ~$122.41/day; fill odds 55%/day; EV +121.27/day,CJPEHGM4JW1Z
1789740500.8,politics,ussewc-usse-ma-2026-11-03-dem,SELL,8,0.97,sell,0,0,0.999725,94,98,0.572,0.97,0.98,0.0297,0,taker dump — sold into the bid (the carved exception),CJPKR7P2YW7E
1789741047.8,politics,ushrewc-ushr-me-02-2026-11-03-rep,BUY,11.37,0.63,backfill,,1.3,,,,,,,,,recovered from the exchange's transaction history — this fill was never journale,CJNKGW098W7H
1789741100.9,politics,ushrewc-ushr-tx-34-2026-11-03-rep,BUY,19.92,0.29,focus,19.9256,0.16,,27,33,0,0.29,0.3,-0.01,19.92,focus entry: ~$10.30/day; fill odds 60%/day; EV +4.28/day,CJPM41BWRW0Y
1789741120.5,politics,ushrewc-ushr-tx-34-2026-11-03-rep,BUY,25,0.29,backfill,,0.17,,,,,,,,,recovered from the exchange's transaction history — this fill was never journale,CJPM41BWRW0Y
1789741179.3,politics,ushrewc-ushr-me-02-2026-11-03-dem,BUY,6.37,0.42,backfill,,1.57,,,,,,,,,recovered from the exchange's transaction history — this fill was never journale,CJNCNE10PW7H
1789741220.9,politics,ushrewc-ushr-tx-34-2026-11-03-dem,BUY,9.86,0.74,focus,0,0.05,,72,78,0,0.74,0.75,-0.01,9.86,focus entry: ~$1.25/day; fill odds 60%/day; EV +0.45/day,CJPR0X5X8W0Y
1789741258.9,politics,usgubewc-usgub-tx-2026-11-03-rep,BUY,139.01,0.81,backfill,,1.6,,,,,,,,,recovered from the exchange's transaction history — this fill was never journale,CJNCEJDAMWM9
1789741277.1,politics,ushrewc-ushr-me-02-2026-11-03-rep,BUY,7.01,0.63,backfill,,0.03,,,,,,,,,recovered from the exchange's transaction history — this fill was never journale,CJPS0E9TWW0Y
1789741280.9,politics,ushrewc-ushr-me-02-2026-11-03-dem,BUY,60.26,0.42,sell,9.7673,1.6,,41,46,0.517,0.42,0.43,-0.01,-0.37,an exit — its fill reduces the position it sits on,CJNCNE10PW7H
1789741280.9,politics,usgubewc-usgub-tx-2026-11-03-dem,BUY,52,0.24,sell,7.1273,0.91,0.171425,20,25,0.142,0.24,0.25,0.0686,0,an exit — its fill reduces the position it sits on,CJP0NREVMWM9
1789741400.9,politics,usgubewc-usgub-tx-2026-11-03-dem,BUY,38.06,0.24,focus,15.192,0.03,0.171425,19,23,0.5,0.22,0.23,0.0686,104,focus exit: ~$7.16/day; fill odds 49%/day; EV +6.02/day,CJPSW5FJYW22
1789741472.1,politics,ewc-usse-tx-2026-11-03-dem,BUY,12,0.58,backfill,,2.84,,,,,,,,,recovered from the exchange's transaction history — this fill was never journale,CJMC6X3FTW1Z
1789741940.9,politics,paccc-usse-midterms-2026-11-03-dem,BUY,6,0.599,focus,8.0126,0.08,0.5,58,60,0.852,0.599,0.6,0.099,6,focus entry: ~$7.93/day; fill odds 61%/day; EV +7.68/day,CJPWGP5S2W0Y
1789742060.9,politics,paccc-usho-midterms-2026-11-03-rep,SELL,100,0.112,sell,32.3302,0.09,0.1228,10,13,0.731,0.114,0.115,0.0108,0,an exit — its fill reduces the position it sits on,CJPX2K9FYW7H
1789742660.9,politics,paccc-usho-midterms-2026-11-03-rep,SELL,6,0.115,focus,11.2859,0.1,0.1228,10,13,0.758,0.114,0.115,0.0078,-6,focus entry: ~$31.79/day; fill odds 67%/day; EV +31.43/day,CJQ1ATN6AW7E
1789742840.9,politics,scc-senate-gop-2026-11-03-lte45,SELL,160,0.02,sell,8.4475,3.17,0.0982,6,10,0.649,0.01,0.07,0.0782,0,an exit — its fill reduces the position it sits on,CJMDV4TFRW7H
1789742840.9,politics,scc-senate-gop-2026-11-03-lte45,SELL,6,0.02,focus,22.8877,0.02,0.0982,6,10,0.649,0.01,0.07,0.0782,-6,focus entry: ~$5.88/day; fill odds 73%/day; EV +5.76/day,CJQ5AH2GYW21
1789743738.2,politics,scc-senate-gop-2026-11-03-51,SELL,0.1,0.1,backfill,,0.06,,,,,,,,,recovered from the exchange's transaction history — this fill was never journale,CJQAD55M2W7H
1789743740.9,politics,ewc-usse-oh-2026-11-03-dem,SELL,2,0.55,sell,0.1048,0.09,0.67565,53,57,0.529,0.54,0.55,0.1256,0,an exit — its fill reduces the position it sits on,CJQ9H0CNPWM9
1789743740.9,politics,scc-senate-gop-2026-11-03-51,SELL,94,0.1,sell,4.3625,0.06,0.1048,9,13,0.41,0.08,0.1,0.0048,71,an exit — its fill reduces the position it sits on,CJQAD55M2W7H
1789743823.7,politics,scc-senate-gop-2026-11-03-51,SELL,71,0.09,backfill,,0.01,,,,,,,,,recovered from the exchange's transaction history — this fill was never journale,CJQCNQZDEW20
1789743920.9,politics,scc-senate-gop-2026-11-03-50,SELL,230,0.14,sell,23.0769,1.19,0.131725,13,18,0.532,0.13,0.14,-0.0083,0,an exit — its fill reduces the position it sits on,CJPD7B4J6W7E
1789743920.9,politics,paccc-usho-midterms-2026-11-03-rep,BUY,6,0.114,sell,3.3909,0.35,0.1228,11,14,0.779,0.12,0.121,-0.0088,0,an exit — its fill reduces the position it sits on,CJQ49DBX2W20
1789743920.9,politics,paccc-usho-midterms-2026-11-03-rep,SELL,3,0.114,focus,364.685,0.03,0.1228,11,14,0.779,0.12,0.121,0.0088,-3,focus entry: ~$0.58/day; fill odds 67%/day; EV +0.39/day,CJQD552QMW1Y
1789744280.9,politics,paccc-usho-midterms-2026-11-03-rep,BUY,3,0.12,sell,6.92,0.1,0.1228,11,13,0.838,0.12,0.121,-0.0028,0,an exit — its fill reduces the position it sits on,CJQDHNX4AWM9
1789744298.5,politics,usgubewc-usgub-tx-2026-11-03-rep,BUY,31,0.81,backfill,,0.82,,,,,,,,,recovered from the exchange's transaction history — this fill was never journale,CJPT1RVARWM9
1789744324.7,politics,scc-senate-gop-2026-11-03-lte45,SELL,1.97,0.02,backfill,,0.09,,,,,,,,,recovered from the exchange's transaction history — this fill was never journale,CJQE7BQ6MW22
1789744478.5,politics,scc-senate-gop-2026-11-03-lte45,SELL,4,0.02,focus,22.8068,0.04,0.0982,6,10,0.727,0.01,0.07,0.0782,-12,focus entry: ~$22.43/day; fill odds 74%/day; EV +22.25/day,CJQGK58YEW1Y
1789744598.5,politics,paccc-usse-midterms-2026-11-03-dem,SELL,6,0.6,sell,0.4198,0.74,0.5,58,60,0.866,0.599,0.6,-0.1,0,an exit — its fill reduces the position it sits on,CJPYJPBTWW7E
1789744958.6,politics,enwc-uspres-nom-rep-2028-dontru,BUY,1,0.01,sell,0.0002,3.76,,1,4,0.624,0.01,0.03,-0.01,0,buying back the short at or under what it sold for — the bid earns while it wait,CJME3ZRFTW1Z
1789744958.6,politics,usgubewc-usgub-sd-2026-11-03-rep,SELL,10,0.93,sell,3.0998,0.94,0.996125,96,99,0.657,0.97,0.98,0.0661,0,selling filled stock — it earns while it waits,CJPVXGH0AW21
1789744958.6,politics,scc-hrep-rep-2026-11-03-gte205,BUY,31,0.28,focus,0,0.08,0.440125,27,35,0.41,0.14,0.28,-0.1601,31,focus entry: ~$2.24/day; fill odds 42%/day; EV +0.90/day,CJQKDXH5GW22
1789745056.5,politics,enwc-uspres-nom-dem-2028-dwajoh,BUY,5,0.01,backfill,,1.88,,,,,,,,,recovered from the exchange's transaction history — this fill was never journale,CJP3764XPW0Y
1789745138.6,politics,ussewc-usse-ky-2026-11-03-rep,SELL,10,0.91,sell,0,0.15,0.9957,93,97,0.605,0.91,0.97,0.0857,0,selling filled stock — it earns while it waits,CJQJE0C90WM9
1789745138.6,politics,ewc-usse-oh-2026-11-03-dem,SELL,20,0.55,focus,3.2189,0.2,0.67565,54,59,0.66,0.55,0.56,0.1256,-20,focus entry: ~$1.12/day; fill odds 55%/day; EV +0.04/day,CJQH3TD02W22
1789745225.8,politics,scc-hrep-rep-2026-11-03-gte205,SELL,31,0.23,backfill,,0.06,,,,,,,,,recovered from the exchange's transaction history — this fill was never journale,CJQP6FZPYWM9
1789745351.6,politics,usgubewc-usgub-ak-2026-11-03-davbro,BUY,46.05,0.09,backfill,,0.09,,,,,,,,,recovered from the exchange's transaction history — this fill was never journale,CJQPHX466W20
1789745439.6,politics,cpoc-ussec-tx-mi-me-2026-11-03-rtx-dmi-rme,SELL,0.02,0.11,backfill,,0.08,,,,,,,,,recovered from the exchange's transaction history — this fill was never journale,CJQQC4VNEW0Y
1789745507.5,politics,paccc-usse-midterms-2026-11-03-dem,SELL,6,0.6,focus,88.9557,0.07,0.5,58,60,0.872,0.599,0.6,-0.1,-6,focus entry: ~$108.63/day; fill odds 55%/day; EV +107.42/day,CJQR31JK4W21
1789745533.2,politics,scc-senate-gop-2026-11-03-lte45,SELL,5,0.02,backfill,,0.04,,,,,,,,,recovered from the exchange's transaction history — this fill was never journale,CJQS0VDE6W20
1789745708.0,politics,ewc-usgub-ca-2026-11-03-xavbec,BUY,10,0.95,backfill,,0.22,,,,,,,,,recovered from the exchange's transaction history — this fill was never journale,CJQNCSPRAW7E
1789745784.9,politics,cpoc-ussec-tx-mi-me-2026-11-03-rtx-dmi-rme,SELL,0.03,0.09,backfill,,0.01,,,,,,,,,recovered from the exchange's transaction history — this fill was never journale,CJQVDE4RMW7E
1789745911.6,politics,ewc-usgub-ca-2026-11-03-xavbec,BUY,22,0.95,focus,3.1714,0.05,0.99955,93,97,0.646,0.95,0.96,-0.0495,32,focus entry: ~$3.64/day; fill odds 49%/day; EV +3.32/day,CJQVJGE14W22
1789745961.9,politics,paccc-usho-midterms-2026-11-03-rep,SELL,3,0.121,backfill,,0.02,,,,,,,,,recovered from the exchange's transaction history — this fill was never journale,CJQWQ0MT6W1N
1789745971.6,politics,paccc-usho-midterms-2026-11-03-rep,SELL,3,0.121,focus,5.0767,0.03,0.1228,10,13,0.846,0.12,0.121,0.0018,-3,focus entry: ~$3.24/day; fill odds 67%/day; EV +3.00/day,CJQWQ0MT6W1N
1789746099.0,politics,enwc-uspres-nom-dem-2028-dwajoh,BUY,1,0.13,backfill,,0,,,,,,,,,recovered from the exchange's transaction history — this fill was never journale,CJQYEDKM0W1Y
1789746161.7,politics,enwc-uspres-nom-dem-2028-dwajoh,BUY,1,0.13,hand,,0,,,,,,,,,your own trade — from the exchange's record; direction from the position move,CJQYY8NZTW22
1789746165.6,politics,ussewc-usse-ms-2026-11-03-dem,BUY,9.66,0.09,backfill,,2.92,,,,,,,,,recovered from the exchange's transaction history — this fill was never journale,CJNDSE21MW1Z
1789746212.7,politics,enwc-uspres-nom-dem-2028-dwajoh,BUY,1,0.01,hand,,0,,,,,,,,,your own trade — from the exchange's record; direction from the position move,CJQZ9YN48W22
1789746289.7,politics,enwc-uspres-nom-dem-2028-dwajoh,BUY,2,0.01,hand,,0,,,,,,,,,your own trade — from the exchange's record; direction from the position move,CJQZKSZE8WM9
1789746303.8,politics,ussewc-usse-de-2026-11-03-rep,BUY,10,0.05,sell,6.1179,2.95,0.000975,1,5,0.381,0.01,0.05,0.049,0,buying back the short at or under what it sold for — the bid earns while it wait,CJNDYR4ARW7E
1789746308.5,politics,enwc-uspres-nom-dem-2028-dwajoh,BUY,2,0.01,hand,,0,,,,,,,,,your own trade — from the exchange's record; direction from the position move,CJR01EYWGW21
1789746333.4,politics,usgubewc-usgub-ak-2026-11-03-davbro,BUY,38,0.09,backfill,,0.08,,,,,,,,,recovered from the exchange's transaction history — this fill was never journale,CJQY07PR0W7E
1789746363.8,politics,ussewc-usse-nm-2026-11-03-rep,BUY,20,0.05,sell,2.9762,2.96,0.0037,1,5,0.438,0.02,0.06,0.0463,0,buying back the short at or under what it sold for — the bid earns while it wait,CJNEFAQZYW1Y
1789746363.8,politics,ussewc-usse-nm-2026-11-03-dem,SELL,0.04,0.94,sell,0.0129,1.96,0.9963,92,96,0.506,0.96,0.97,0.0563,0,selling filled stock — it earns while it waits,CJPAYX92PW1Z
1789746367.1,politics,enwc-uspres-nom-dem-2028-dwajoh,BUY,2,0.01,hand,,0,,,,,,,,,your own trade — from the exchange's record; direction from the position move,CJR0HMTV0W22
1789746423.8,politics,ussewc-usse-nm-2026-11-03-rep,BUY,20,0.05,sell,0,0.02,0.0037,1,5,0.617,0.02,0.06,0.0463,0,buying back the short at or under what it sold for — the bid earns while it wait,CJR0HMV02W22
1789746483.8,politics,enwc-uspres-nom-dem-2028-dwajoh,BUY,6,0.1,sell,0,0.02,,1,6,0.74,0.01,0.3,0.07,0,buying back the short at or under what it sold for — the bid earns while it wait,CJR0J2RWYWM9
1789746624.6,politics,usgubewc-usgub-ak-2026-11-03-davbro,BUY,16,0.09,focus,34.7743,0.07,0.0082,1,4,0,0.09,0.1,0.0818,100,focus entry: ~$28.91/day; fill odds 49%/day; EV +22.12/day,CJR0AJBPCW7E
1789746624.6,politics,enwc-uspres-nom-dem-2028-dwajoh,BUY,6,0.11,sell,0,0.04,,1,4,0.786,,0.3,0.09,0,buying back the short at or under what it sold for — the bid earns while it wait,CJR141BFCWM9
1789746624.6,politics,ewc-usgub-mi-2026-11-03-dem,BUY,21,0.92,focus,12.3212,0.02,0.955725,89,94,0,0.92,0.93,-0.0357,28,focus entry: ~$3.17/day; fill odds 49%/day; EV +2.87/day,CJR1Q0P1EW1N
1789746707.1,politics,paccc-usse-midterms-2026-11-03-rep,BUY,53,0.413,backfill,,0.03,,,,,,,,,recovered from the exchange's transaction history — this fill was never journale,CJR1ZWB22W21
1789746765.6,politics,paccc-usse-midterms-2026-11-03-rep,BUY,6,0.413,focus,7.0775,0.05,0.4015,40,43,0.825,0.413,0.414,0.0115,6,focus entry: ~$4.07/day; fill odds 61%/day; EV +3.22/day,CJR1ZWB22W21
1789746890.5,politics,enwc-uspres-nom-dem-2028-dwajoh,SELL,1,0.01,hand,,0,,,,,,,,,your own trade — from the exchange's record; direction from the position move,CJR3YSXFEW0Y
1789747005.6,politics,paccc-usse-midterms-2026-11-03-dem,SELL,9,0.6,focus,43.8305,0.08,0.5,59,61,0.883,0.599,0.6,-0.1,-15,focus entry: ~$1.19/day; fill odds 55%/day; EV +1.07/day,CJR2TM5B6W1N
1789747133.3,politics,enwc-uspres-nom-dem-2028-dwajoh,SELL,5,0.01,hand,,0,,,,,,,,,your own trade — from the exchange's record; direction from the position move,CJR5R3KDAW1Y
1789748085.6,politics,usgubewc-usgub-ma-2026-11-03-rep,BUY,9,0.08,sell,3.1239,1.06,0.000325,3,8,0.601,0.08,0.09,0.0797,0,buying back the short at or under what it sold for — the bid earns while it wait,CJQGGQTTRW22
1789748145.6,politics,ewc-usse-me-2026-11-03-rep,SELL,8,0.35,focus,0.5536,0.34,0.2626,33,36,0.815,0.34,0.35,-0.0874,-31,focus entry: ~$0.13/day; fill odds 55%/day; EV +0.01/day,CJR49ZHJTW1Z
1789748685.6,politics,paccc-usho-midterms-2026-11-03-rep,BUY,6,0.12,sell,1.3332,0.73,0.1253,11,13,0.862,0.12,0.121,-0.0053,0,an exit — its fill reduces the position it sits on,CJQY2BX8RW1Y
1789748811.2,politics,ussewc-usse-ma-2026-11-03-rep,BUY,4.19,0.04,backfill,,0.25,,,,,,,,,recovered from the exchange's transaction history — this fill was never journale,CJRBHQN80W22
1789749165.6,politics,ewc-usgub-ca-2026-11-03-xavbec,BUY,3,0.95,focus,0.6115,0.03,0.999525,92,96,0.722,0.95,0.96,-0.0495,35,focus entry: ~$0.05/day; fill odds 49%/day; EV +0.00/day,CJRM3RFYAW7E
1789749705.6,politics,scc-senate-gop-2026-11-03-lte45,SELL,5,0.02,focus,22.7544,0.03,0.104675,6,10,0.772,0.01,0.07,0.0847,-22,focus entry: ~$22.03/day; fill odds 73%/day; EV +21.81/day,CJRRH6880W7H
1789749710.4,politics,scc-senate-gop-2026-11-03-lte45,SELL,4,0.02,hand,,0,,,,,,,,,your own trade — from the exchange's record; direction from the position move,CJRSZ0TT4W22
1789749876.6,politics,usgubewc-usgub-tx-2026-11-03-dem,SELL,52,0.23,backfill,,2.36,,,,,,,,,recovered from the exchange's transaction history — this fill was never journale,CJPT81NMTW1Y
1789750785.6,politics,paccc-usse-midterms-2026-11-03-dem,BUY,15,0.605,sell,0.8002,0.79,0.5,60,62,0.878,0.605,0.606,0.105,0,an exit — its fill reduces the position it sits on,CJRBPNHYGW20
1789751092.2,politics,paccc-usse-midterms-2026-11-03-dem,SELL,15,0.606,backfill,,0.06,,,,,,,,,recovered from the exchange's transaction history — this fill was never journale,CJS2GQ7AWW21
1789751145.6,politics,paccc-usse-midterms-2026-11-03-dem,SELL,13,0.606,focus,5.3569,0.08,0.5,60,62,0.889,0.606,0.607,-0.106,-13,focus entry: ~$2.98/day; fill odds 55%/day; EV +2.61/day,CJS2GQ7AWW21
1789751328.9,politics,scc-senate-gop-2026-11-03-lte45,BUY,25.39,0.08,hand,,0,,,,,,,,,your own trade — from the exchange's record; direction from the position move,CJS627HB0W22
1789751475.1,politics,paccc-usho-midterms-2026-11-03-rep,BUY,22,0.12,backfill,,0.08,,,,,,,,,recovered from the exchange's transaction history — this fill was never journale,CJS4XVQ2YW20
1789751563.9,politics,usgubewc-usgub-tn-2026-11-03-dem,BUY,0.66,0.05,backfill,,4.44,,,,,,,,,recovered from the exchange's transaction history — this fill was never journale,CJNDA47VYW1N
1789751925.6,politics,paccc-usho-midterms-2026-11-03-rep,BUY,121,0.12,focus,123.875,0.11,0.1253,10,12,0.865,0.119,0.12,-0.0053,264,focus entry: ~$9.75/day; fill odds 60%/day; EV +6.86/day,CJS7DK33PW7E
1789752189.0,politics,ewc-usse-oh-2026-11-03-dem,BUY,4,0.55,backfill,,1.95,,,,,,,,,recovered from the exchange's transaction history — this fill was never journale,CJQQ5WDJAWM9
1789752256.0,politics,scc-hrep-rep-2026-11-03-gte210,SELL,1,0.16,backfill,,0.03,,,,,,,,,recovered from the exchange's transaction history — this fill was never journale,CJSBX59NYW21
1789752258.1,politics,scc-hrep-rep-2026-11-03-gte210,SELL,1,0.32,hand,,0,,,,,,,,,your own trade — from the exchange's record; direction from the position move,CJSCRAT0RW22
1789752285.6,politics,scc-hrep-rep-2026-11-03-gte210,SELL,12,0.16,focus,25,0.04,0.302675,29,38,0,0.32,0.43,0.1427,-12,focus entry: ~$2.24/day; fill odds 34%/day; EV +1.43/day,CJSBX59NYW21
1789752405.6,politics,scc-senate-gop-2026-11-03-50,SELL,6,0.14,focus,0,0.15,0.12955,16,20,0.648,0.13,0.14,-0.0105,-6,focus entry: ~$0.33/day; fill odds 73%/day; EV +0.07/day,CJS9XTH7JW1Z
1789752645.6,politics,ussewc-usse-ma-2026-11-03-rep,BUY,15,0.05,sell,0,0.03,0.000225,1,5,0.554,0.02,0.07,0.0498,0,buying back the short at or under what it sold for — the bid earns while it wait,CJSEWJPRJW21
1789752645.6,politics,ussewc-usse-ma-2026-11-03-rep,BUY,15,0.06,sell,0,0.02,0.000225,1,5,0.554,0.02,0.07,0.0598,15,buying back the short at or under what it sold for — the bid earns while it wait,CJSFDN8S8W20
1789753096.0,politics,scc-senate-gop-2026-11-03-54,BUY,66,0.04,backfill,,0.11,,,,,,,,,recovered from the exchange's transaction history — this fill was never journale,CJSFMM7MRW7H
1789753245.7,politics,ewc-usse-me-2026-11-03-rep,SELL,8,0.35,focus,0.3355,0.07,0.2626,34,37,0.836,0.35,0.36,-0.0874,-39,focus entry: ~$0.30/day; fill odds 55%/day; EV +0.18/day,CJSJC83B8W1N
1789753257.9,politics,ushrewc-ushr-me-02-2026-11-03-rep,BUY,22,0.6,backfill,,1.66,,,,,,,,,recovered from the exchange's transaction history — this fill was never journale,CJR6Q139EW7E
1789753425.7,politics,paccc-usho-midterms-2026-11-03-rep,SELL,143,0.115,sell,191.465,0.24,0.1253,10,13,0.877,0.114,0.115,0.0103,0,an exit — its fill reduces the position it sits on,CJSF8M4XGW0Y
1789753925.5,politics,cpoc-ussec-tx-me-2026-11-03-dtx-rme,SELL,50,0.02,backfill,,3.66,,,,,,,,,recovered from the exchange's transaction history — this fill was never journale,CJPNYDP9JW0Y
1789754625.7,politics,scc-senate-gop-2026-11-03-51,SELL,7,0.1,manual,0,2.35,0.10605,10,13,0.591,0.09,0.1,0.006,-7,the owner's own order — the engine leaves it alone,CJQY6FAA4W7H
1789754805.7,politics,scc-senate-gop-2026-11-03-54,SELL,11,0.04,focus,0.5803,0.09,0.02495,3,7,0.083,0.03,0.05,-0.0151,-11,focus entry: ~$0.52/day; fill odds 73%/day; EV +0.03/day,CJSY0SSZ6W1Z
1789754925.7,politics,ewc-usgub-wi-2026-11-03-dem,SELL,12,0.84,sell,0.0147,4.98,0.7876,82,86,0.432,0.83,0.84,-0.0524,20,an exit — its fill reduces the position it sits on,CJNRR9RWMW7E
1789755105.7,politics,scc-hrep-rep-2026-11-03-gte205,SELL,16,0.26,focus,24.9795,0.06,0.4384,25,30,0.612,0.27,0.3,0.1784,-16,focus entry: ~$1.07/day; fill odds 35%/day; EV +0.04/day,CJT174XGWW0Y
1789755225.7,politics,paccc-usho-midterms-2026-11-03-rep,SELL,34,0.115,focus,235.598,0.09,0.1253,11,13,0.888,0.115,0.122,0.0103,-34,focus entry: ~$235.60/day; fill odds 66%/day; EV +234.71/day,CJT0VWN9EW7E
1789755525.7,politics,paccc-usse-midterms-2026-11-03-dem,BUY,28,0.606,sell,2.0852,1.21,0.5,60,62,0.896,0.606,0.607,0.106,0,an exit — its fill reduces the position it sits on,CJS4FNX48W7E
1789755825.7,politics,paccc-usho-midterms-2026-11-03-rep,BUY,34,0.129,sell,374.94,0.13,0.1253,11,13,0.897,0.125,0.126,0.0037,0,an exit — its fill reduces the position it sits on,CJT5592TGW21
1789755945.7,politics,usgubewc-usgub-ak-2026-11-03-davbro,BUY,65,0.08,focus,39.9046,0.05,0.0082,1,4,0.442,0.08,0.09,0.0718,165,focus entry: ~$24.11/day; fill odds 49%/day; EV +14.06/day,CJT8AM11EW20
1789756401.6,politics,ewc-usse-oh-2026-11-03-dem,BUY,12,0.55,sell,0.0692,3.12,0.6345,55,59,0.723,0.55,0.56,-0.0845,0,an exit — its fill reduces the position it sits on,CJQQ5WDJAWM9
1789757476.6,politics,usgubewc-usgub-nm-2026-11-03-rep,SELL,1,0.05,sell,0.0535,4.1,0.012675,5,11,0.503,0.05,0.09,-0.0373,0,selling filled stock — it earns while it waits,CJQ4DYT4GWM9
1789757536.6,politics,paccc-usho-midterms-2026-11-03-rep,BUY,51,0.125,focus,214.884,0.06,0.1253,11,13,0.904,0.125,0.126,-0.0003,51,focus entry: ~$281.75/day; fill odds 60%/day; EV +276.79/day,CJTMB70T0W1Y
1789757776.6,politics,scc-senate-gop-2026-11-03-55,SELL,9,0.03,focus,5.7656,0.04,0.012725,2,6,0.421,0.02,0.05,-0.0173,-18,focus entry: ~$0.47/day; fill odds 75%/day; EV +0.06/day,CJTPFBW22W21
1789757896.6,politics,ussewc-usse-ms-2026-11-03-dem,BUY,10,0.09,manual,2.1187,3.24,0.026125,5,10,0.306,0.08,0.09,0.0639,0,the owner's own order — the engine leaves it alone,CJQZCAN8WW1Y
1789757896.6,politics,ussewc-usse-sd-2026-11-03-rep,SELL,10,0.91,sell,1.7993,1.89,0.987575,91,96,0.675,0.89,0.91,0.0776,0,selling filled stock — it earns while it waits,CJS4512XPW20
1789758196.6,politics,ewc-usgub-mi-2026-11-03-dem,SELL,28,0.91,sell,0.5673,0.61,0.955725,89,93,0.439,0.92,0.93,0.0457,0,an exit — its fill reduces the position it sits on,CJT9XGY58WM9
1789758316.6,politics,paccc-usse-midterms-2026-11-03-dem,BUY,37,0.606,focus,374.913,0.03,0.5,59,61,0.883,0.598,0.6,0.106,37,focus entry: ~$1.96/day; fill odds 61%/day; EV +1.22/day,CJTV294KJW22
1789758556.6,politics,paccc-usho-midterms-2026-11-03-rep,BUY,103,0.124,focus,374.501,0.03,0.1253,10,12,0.911,0.12,0.125,-0.0013,154,focus entry: ~$360.66/day; fill odds 60%/day; EV +358.97/day,CJTX1DKSTW1Z
1789759971.9,politics,cpoc-ussec-tx-mi-me-2026-11-03-dsweep,BUY,9,0.66,backfill,,1.11,,,,,,,,,recovered from the exchange's transaction history — this fill was never journale,CJT9X9ENPW1Y
1789760129.7,politics,paccc-usse-midterms-2026-11-03-dem,BUY,23,0.599,focus,356.995,0.08,0.5,59,61,0.885,0.594,0.599,0.099,60,focus entry: ~$144.12/day; fill odds 61%/day; EV +143.70/day,CJV7CTHTRW0Y
1789760249.7,politics,cpoc-ussec-tx-mi-me-2026-11-03-dtx-rmi-dme,BUY,1,0.11,sell,9.368,0.08,,27,33,0.426,0.11,0.12,-0.19,1,an exit — its fill reduces the position it sits on,CJV8MRS1CW21
1789760249.7,politics,paccc-usho-midterms-2026-11-03-rep,SELL,80,0.112,sell,124.892,0.06,0.1253,10,12,0.916,0.111,0.112,0.0133,74,an exit — its fill reduces the position it sits on,CJV98D9ERW1Z
1789760267.3,politics,cpoc-ussec-tx-mi-me-2026-11-03-rsweep,SELL,31,0.03,backfill,,0.25,,,,,,,,,recovered from the exchange's transaction history — this fill was never journale,CJV474SBTW21
1789760369.7,politics,paccc-usho-midterms-2026-11-03-rep,SELL,74,0.112,sell,96.542,0.09,0.1253,11,13,0.922,0.111,0.112,0.0133,0,an exit — its fill reduces the position it sits on,CJV98D9ERW1Z
1789760453.0,politics,cpoc-ussec-tx-me-2026-11-03-rtx-dme,BUY,21,0.2,backfill,,0.09,,,,,,,,,recovered from the exchange's transaction history — this fill was never journale,CJV9F44PTW7H
1789760453.0,politics,cpoc-ussec-tx-me-2026-11-03-rsweep,BUY,0.01,0.25,backfill,,0.02,,,,,,,,,recovered from the exchange's transaction history — this fill was never journale,CJVBTW35RW1Z
1789760489.7,politics,paccc-usse-midterms-2026-11-03-dem,SELL,60,0.599,sell,46.2556,0.09,0.5,59,61,0.895,0.594,0.598,-0.099,0,an exit — its fill reduces the position it sits on,CJV9SAS54WM9
1789760489.7,politics,cpoc-ussec-tx-me-2026-11-03-dsweep,BUY,11,0.59,sell,8.3876,0.95,,51,56,0.64,0.59,0.6,0.05,0,an exit — its fill reduces the position it sits on,CJTHXNB0WW7H
1789760489.7,politics,cpoc-ussec-tx-me-2026-11-03-dtx-rme,SELL,49,0.02,focus,0,0.54,,38,45,0.81,0.03,0.04,0.39,-49,focus entry: ~$11.73/day; fill odds 55%/day; EV +10.54/day,CJTXRSXY2W0Y
1789760489.7,politics,cpoc-ussec-tx-me-2026-11-03-rsweep,BUY,97,0.25,focus,2.7344,0.03,,24,30,0,0.27,0.29,-0.03,102,focus entry: ~$28.18/day; fill odds 22%/day; EV +27.11/day,CJVBTW35RW1Z
1789761209.7,politics,ewc-usse-me-2026-11-03-rep,BUY,39,0.35,sell,0.2251,2.21,0.2626,34,37,0.85,0.35,0.36,0.0874,0,an exit — its fill reduces the position it sits on,CJSMF6K8CW1N
1789761329.7,politics,paccc-usse-midterms-2026-11-03-dem,BUY,12,0.593,focus,10.9367,0.08,0.5,59,61,0.897,0.593,0.594,0.093,12,focus entry: ~$6.76/day; fill odds 61%/day; EV +6.47/day,CJVGR1NC0W0Y
1789762196.7,politics,ewc-usgub-oh-2026-11-03-rep,SELL,76,0.4,backfill,,0.3,,,,,,,,,recovered from the exchange's transaction history — this fill was never journale,CJVGZXE1AW7H
1789762229.8,politics,ewc-usgub-oh-2026-11-03-dem,SELL,1,0.54,focus,84.7966,0.01,0.478525,53,58,0.414,0.53,0.54,-0.0615,-34,focus entry: ~$30.14/day; fill odds 50%/day; EV +27.73/day,CJVSF1CPCW22
1789762229.8,politics,ewc-usgub-oh-2026-11-03-rep,SELL,68,0.4,focus,34.0173,0.01,0.521475,39,45,0,0.4,0.41,0.1215,-68,focus entry: ~$13.51/day; fill odds 50%/day; EV +8.78/day,CJVSHSDPGW1N
1789762252.9,politics,ewc-usgub-oh-2026-11-03-dem,SELL,55,0.54,backfill,,0.01,,,,,,,,,recovered from the exchange's transaction history — this fill was never journale,CJVSF1CPCW22
1789762589.8,politics,ewc-usgub-nv-2026-11-03-rep,BUY,26,0.57,sell,12.7456,5.42,0.678025,56,62,0,0.55,0.57,-0.108,0,an exit — its fill reduces the position it sits on,CJQ7HSA7MW20
1789763077.1,politics,ewc-usgub-nv-2026-11-03-dem,BUY,32,0.46,backfill,,0.06,,,,,,,,,recovered from the exchange's transaction history — this fill was never journale,CJVY27J56W7H
1789763999.2,politics,scc-senate-gop-2026-11-03-lte45,SELL,40,0.07,focus,20.57,0.22,0.104675,6,10,0.694,0.08,0.1,0.0347,-41,focus entry: ~$7.99/day; fill odds 75%/day; EV +6.17/day,CJW0P2TTGWM9
1789764014.3,politics,ushrewc-ushr-ny-17-2026-11-03-dem,BUY,0.01,0.65,backfill,,0.11,,,,,,,,,recovered from the exchange's transaction history — this fill was never journale,CJW3K4EVJWM9
1789764059.2,politics,ushrewc-ushr-ny-17-2026-11-03-dem,BUY,11,0.65,focus,0.4929,0.13,,62,68,0,0.65,0.66,0,11,focus entry: ~$0.38/day; fill odds 60%/day; EV +0.00/day,CJW3K4EVJWM9
1789764086.0,politics,scc-senate-gop-2026-11-03-lte45,BUY,39.9,0.09,backfill,,0,,,,,,,,,recovered from the exchange's transaction history — this fill was never journale,CJW7P1W38W1Z
1789764239.2,politics,paccc-usse-midterms-2026-11-03-dem,SELL,12,0.594,sell,0.2435,0.81,0.5,59,61,0.904,0.593,0.594,-0.094,0,an exit — its fill reduces the position it sits on,CJVK1FJ4WW1Z
1789764539.2,politics,scc-senate-gop-2026-11-03-lte45,BUY,1.1,0.09,sell,0.8378,0.13,0.104675,7,12,0.756,0.09,0.1,-0.0147,0.1,an exit — its fill reduces the position it sits on,CJW7P1W38W1Z
1789764539.2,politics,scc-senate-gop-2026-11-03-lte45,BUY,79.89,0.09,focus,17.0173,0.02,0.104675,7,12,0.756,0.09,0.1,-0.0147,79.99,focus entry: ~$16.87/day; fill odds 64%/day; EV +11.89/day,CJWAVH35CW0Y
1789766764.4,politics,paccc-usho-midterms-2026-11-03-rep,SELL,150,0.112,focus,310.389,0.08,0.1253,11,14,0.863,0.111,0.112,0.0133,-150,focus entry: ~$38.82/day; fill odds 66%/day; EV +33.90/day,CJWSB7SV8W0Y
1789767184.4,politics,paccc-usho-midterms-2026-11-03-rep,BUY,150,0.112,sell,23.2942,0.06,0.1253,12,14,0.877,0.115,0.116,-0.0133,0,an exit — its fill reduces the position it sits on,CJWXGCC0CW22
1789767184.4,politics,scc-hrep-rep-2026-11-03-gte185,BUY,106,0.93,focus,12.5886,0,0.8723,84,89,0,0.92,0.95,0.0577,0,focus exit: ~$12.59/day; fill odds 42%/day; EV +11.69/day,CJWYK7FZMWM9
1789767196.2,politics,paccc-usho-midterms-2026-11-03-rep,SELL,150,0.116,backfill,,0.02,,,,,,,,,recovered from the exchange's transaction history — this fill was never journale,CJWYP51Q2W22
1789767244.4,politics,paccc-usho-midterms-2026-11-03-rep,SELL,32,0.116,focus,263.034,0.03,0.1253,11,13,0.888,0.116,0.117,0.0093,-182,focus entry: ~$218.29/day; fill odds 66%/day; EV +214.36/day,CJWYP51Q2W22
1789767898.4,politics,scc-hrep-rep-2026-11-03-gte185,BUY,72,0.94,backfill,,0.03,,,,,,,,,recovered from the exchange's transaction history — this fill was never journale,CJX3JNGPTW1Z
1789768520.8,politics,scc-senate-gop-2026-11-03-lte45,SELL,0.12,0.09,backfill,,1.1,,,,,,,,,recovered from the exchange's transaction history — this fill was never journale,CJWBEJ1YJW22
1789768541.9,politics,scc-hrep-rep-2026-11-03-gte180,SELL,0.66,0.94,backfill,,0.37,,,,,,,,,recovered from the exchange's transaction history — this fill was never journale,CJWYSPCEMWM9
1789768569.5,politics,scc-senate-gop-2026-11-03-lte45,SELL,52,0.09,sell,22.1627,1.11,0.104675,7,10,0.793,0.08,0.09,0.0147,28,an exit — its fill reduces the position it sits on,CJWBEJ1YJW22
1789769949.6,politics,scc-senate-gop-2026-11-03-54,SELL,38,0.04,focus,3.4766,0.39,0.02495,4,7,0.46,0.03,0.04,-0.0151,-49,focus entry: ~$2.29/day; fill odds 75%/day; EV +0.62/day,CJX93EJFGW7H
1789770682.6,politics,usgubewc-usgub-tn-2026-11-03-dem,BUY,0.03,0.06,backfill,,3.74,,,,,,,,,recovered from the exchange's transaction history — this fill was never journale,CJTKKPE6AW20
1789770849.6,politics,paccc-usse-midterms-2026-11-03-rep,SELL,59,0.414,sell,1.8784,1.84,0.4015,38,42,0.423,0.413,0.414,-0.0125,0,an exit — its fill reduces the position it sits on,CJW8ZA8H4WM9
1789773249.7,politics,ussewc-usse-fl-2026-11-03-rep,BUY,68,0.88,sell,0.0085,10.43,0.83835,87,91,0.7,0.89,0.9,0.0417,0,buying back the short at or under what it sold for — the bid earns while it wait,CJNDR5A3YWM9
1789773525.7,politics,ewc-usgub-ca-2026-11-03-xavbec,BUY,7,0.95,backfill,,0.11,,,,,,,,,recovered from the exchange's transaction history — this fill was never journale,CJYD3DJS2W21
1789776250.0,politics,paccc-usho-midterms-2026-11-03-rep,BUY,182,0.118,sell,21.992,2.15,0.1253,11,13,0.893,0.118,0.119,-0.0073,0,an exit — its fill reduces the position it sits on,CJX8QZ8HPW7E
1789776310.0,politics,paccc-usho-midterms-2026-11-03-rep,BUY,636,0.118,sell,373.007,0.03,0.1253,11,13,0.902,0.118,0.119,-0.0073,454,an exit — its fill reduces the position it sits on,CJZ4ZKWECW22
1789777090.0,politics,paccc-usho-midterms-2026-11-03-rep,SELL,32,0.117,focus,295.15,0.01,0.1253,11,13,0.909,0.116,0.117,0.0083,604,focus exit: ~$256.03/day; fill odds 66%/day; EV +254.98/day,CJZBEE460W0Y
1789777330.1,politics,scc-hrep-rep-2026-11-03-gte215,SELL,75,0.05,sell,6.9273,5.36,0.18255,5,14,0.29,0.04,0.05,0.1326,153,an exit — its fill reduces the position it sits on,CJTS2TMJ4W7H
1789777990.2,politics,paccc-usho-midterms-2026-11-03-rep,SELL,604,0.117,sell,173.343,0.26,0.1253,11,13,0.915,0.116,0.117,0.0083,0,an exit — its fill reduces the position it sits on,CJZBEE460W0Y
1789778470.2,politics,scc-hrep-rep-2026-11-03-gte215,SELL,153,0.05,sell,6.3346,5.68,0.18255,6,15,0.552,0.04,0.05,0.1326,0,an exit — its fill reduces the position it sits on,CJTS2TMJ4W7H
1789779016.5,politics,paccc-usho-midterms-2026-11-03-rep,BUY,658,0.116,backfill,,0.3,,,,,,,,,recovered from the exchange's transaction history — this fill was never journale,CJZJNZHH0W20
1789779070.2,politics,scc-hrep-rep-2026-11-03-gte195,SELL,51,0.51,sell,25,2.51,0.702325,64,73,0.186,0.69,0.71,0.1923,0.01,an exit — its fill reduces the position it sits on,CJXMFJ89PW21
1789779070.2,politics,paccc-usho-midterms-2026-11-03-rep,BUY,497,0.116,focus,336.526,0.01,0.1253,11,13,0.915,0.116,0.117,-0.0093,497,focus entry: ~$363.55/day; fill odds 59%/day; EV +357.37/day,CJZV1FSZRW22
1789782010.5,politics,paccc-usho-midterms-2026-11-03-rep,SELL,69,0.117,sell,118.973,0.81,0.1253,11,13,0.915,0.116,0.117,0.0083,1086,an exit — its fill reduces the position it sits on,CJZVEH1APW1N
1789782374.1,politics,paccc-usho-midterms-2026-11-03-rep,SELL,6,0.117,backfill,,0.91,,,,,,,,,recovered from the exchange's transaction history — this fill was never journale,CJZVEH1APW1N
1789782430.6,politics,paccc-usho-midterms-2026-11-03-rep,SELL,6,0.117,sell,89.1443,0.93,0.1253,11,13,0.92,0.116,0.117,0.0083,1080,an exit — its fill reduces the position it sits on,CJZVEH1APW1N
1789782586.7,politics,usgubewc-usgub-tx-2026-11-03-rep,BUY,41.74,0.8,backfill,,0.9,,,,,,,,,recovered from the exchange's transaction history — this fill was never journale,CJZXDZ1WYW1N
1789782730.6,politics,paccc-usho-midterms-2026-11-03-rep,SELL,100,0.117,sell,93.4613,1.01,0.1253,12,13,0.925,0.116,0.117,0.0083,980,an exit — its fill reduces the position it sits on,CJZVEH1APW1N
1789783510.7,politics,ewc-usgub-az-2026-11-03-rep,SELL,81,0.14,sell,0.2064,14.2,0.04755,10,15,0.19,0.13,0.14,-0.0925,149,an exit — its fill reduces the position it sits on,CJMNEN8XEW22
1789783570.7,politics,ussewc-usse-ma-2026-11-03-rep,SELL,15,0.03,sell,0.589,8.59,0.000225,1,4,0.638,0.02,0.03,-0.0298,0,selling filled stock — it earns while it waits,CJSFCWHYRW7H
1789784470.8,politics,paccc-usho-midterms-2026-11-03-rep,SELL,74,0.117,sell,10.9718,1.49,0.1253,12,13,0.929,0.113,0.117,0.0083,900,an exit — its fill reduces the position it sits on,CJZVEH1APW1N
1789785250.9,politics,paccc-usho-midterms-2026-11-03-dem,BUY,65,0.898,sell,4.6371,0.28,0.8747,87,91,0.674,0.898,0.899,0.0233,0,an exit — its fill reduces the position it sits on,CK12SX4TYW22
1789785550.9,politics,paccc-usho-midterms-2026-11-03-dem,BUY,52,0.898,focus,1.0458,0.08,0.8747,87,90,0.743,0.898,0.899,0.0233,52,focus entry: ~$3.67/day; fill odds 59%/day; EV +1.85/day,CK1AJDKE2WPB
1789788877.5,politics,scc-senate-gop-2026-11-03-50,BUY,6,0.16,sell,1.7817,8.17,0.12955,13,18,0.407,0.15,0.16,0.0305,0,an exit — its fill reduces the position it sits on,CJV4XDFK6W22
1789789057.5,politics,ewc-usgub-az-2026-11-03-rep,SELL,149,0.14,sell,0.496,15.74,0.04755,11,15,0.509,0.13,0.14,-0.0925,0,an exit — its fill reduces the position it sits on,CJMNEN8XEW22
1789791975.1,politics,paccc-usho-midterms-2026-11-03-rep,SELL,40,0.116,sell,17.0843,2.01,0.1253,12,14,0.93,0.115,0.116,0.0093,860,an exit — its fill reduces the position it sits on,CK16GKRK2WP7
1789797538.6,politics,paccc-usho-midterms-2026-11-03-rep,SELL,284,0.116,sell,16.3342,3.56,0.1253,12,14,0.932,0.115,0.116,0.0093,576,an exit — its fill reduces the position it sits on,CK16GKRK2WP7
1789798693.1,politics,paccc-usho-midterms-2026-11-03-rep,SELL,8,0.116,sell,10.9268,3.88,0.1253,12,14,0.936,0.115,0.116,0.0093,568,an exit — its fill reduces the position it sits on,CK16GKRK2WP7
1789808393.9,politics,usgubewc-usgub-ak-2026-11-03-davbro,SELL,8,0.03,sell,17.8115,12.18,0.0082,1,4,0.551,0.02,0.03,-0.0218,157,an exit — its fill reduces the position it sits on,CJWB6WACPW7E
1789811574.8,politics,paccc-usho-midterms-2026-11-03-dem,BUY,12,0.898,focus,2.6105,1.4,0.8747,87,90,0.764,0.898,0.899,0.0233,64,focus entry: ~$3.07/day; fill odds 59%/day; EV +1.13/day,CK6A9X0SEWPA
1789815894.8,politics,paccc-usho-midterms-2026-11-03-rep,SELL,42,0.112,sell,32.1111,1.86,0.1253,12,14,0.933,0.111,0.112,0.0133,526,an exit — its fill reduces the position it sits on,CK6Y84CNWWPC
1789818234.9,politics,paccc-usho-midterms-2026-11-03-rep,SELL,126,0.112,sell,21.6837,2.51,0.1253,12,14,0.936,0.111,0.112,0.0133,400,an exit — its fill reduces the position it sits on,CK6Y84CNWWPC
1789819014.9,politics,paccc-usho-midterms-2026-11-03-rep,SELL,42,0.112,sell,16.2872,2.73,0.1253,13,14,0.937,0.111,0.112,0.0133,358,an exit — its fill reduces the position it sits on,CK6Y84CNWWPC
1789819134.9,politics,ussewc-usse-co-2026-11-03-dem,SELL,324.84,0.95,focus,45.3503,0.01,0.995925,93,98,0,0.94,0.95,0.0459,-324.84,focus entry: ~$15.30/day; fill odds 54%/day; EV +3.60/day,CK9A1EBA2WPD
1789819142.8,politics,ussewc-usse-co-2026-11-03-dem,SELL,190.19,0.95,backfill,,0.02,,,,,,,,,recovered from the exchange's transaction history — this fill was never journale,CK9A1EBA2WPD
1789819254.9,politics,paccc-usho-midterms-2026-11-03-rep,SELL,42,0.112,sell,14.5759,2.79,0.1253,13,14,0.938,0.111,0.112,0.0133,316,an exit — its fill reduces the position it sits on,CK6Y84CNWWPC
1789819254.9,politics,usgubewc-usgub-hi-2026-11-03-dem,SELL,18.73,0.95,sell,0.1726,0.63,0.999925,94,98,0.509,0.94,0.95,0.0499,1.27,selling filled stock — it earns while it waits,CK8T5VNWJWPH
1789820035.0,politics,paccc-usho-midterms-2026-11-03-rep,SELL,210,0.112,sell,14.5084,3.01,0.1253,13,14,0.941,0.111,0.112,0.0133,106,an exit — its fill reduces the position it sits on,CK6Y84CNWWPC
1789820395.0,politics,paccc-usho-midterms-2026-11-03-rep,SELL,100,0.112,sell,5.0583,3.11,0.1253,13,14,0.943,0.111,0.112,0.0133,6,an exit — its fill reduces the position it sits on,CK6Y84CNWWPC
1789823953.0,politics,cpoc-ussec-tx-mi-me-2026-11-03-dsweep,BUY,115,0.51,backfill,,1.02,,,,,,,,,recovered from the exchange's transaction history — this fill was never journale,CK9KSQP6GWPD
1789824453.8,politics,paccc-usho-midterms-2026-11-03-rep,SELL,6,0.112,sell,0.5221,1.11,0.1253,13,15,0.945,0.111,0.112,0.0133,0,an exit — its fill reduces the position it sits on,CK9MS1Q34WPH
1789824693.8,politics,usgubewc-usgub-ak-2026-11-03-davbro,SELL,5,0.03,sell,19.6711,16.71,0.0082,1,4,0.654,0.02,0.03,-0.0218,152,an exit — its fill reduces the position it sits on,CJWB6WACPW7E
1789826313.9,politics,cpoc-ussec-tx-me-2026-11-03-rsweep,SELL,10.21,0.28,sell,4.5601,18.28,,22,27,0.369,0.27,0.28,-0.03,91.79,an exit — its fill reduces the position it sits on,CJVCQD0ZPW1Y
1789830622.2,politics,ussewc-usse-fl-2026-11-03-dem,SELL,0.55,0.1,backfill,,0.83,,,,,,,,,recovered from the exchange's transaction history — this fill was never journale,CKBCE1Y4CWPC
1789830647.7,politics,ussewc-usse-fl-2026-11-03-dem,SELL,6,0.1,sell,0.6782,0.84,0.16165,9,14,0.493,0.09,0.1,0.0616,44,selling filled stock — it earns while it waits,CKBCE1Y4CWPC
1789834728.0,politics,ewc-usse-nc-2026-11-03-rep,SELL,116,0.07,sell,4.0673,27.56,0.1066,6,10,0.482,0.06,0.07,0.0366,82,an exit — its fill reduces the position it sits on,CJNCYYBE0W20
1789834788.1,politics,scc-senate-gop-2026-11-03-51,SELL,54,0.11,focus,21.0847,0.08,0.10605,8,13,0.352,0.11,0.12,-0.0039,-61,focus entry: ~$1.79/day; fill odds 74%/day; EV +0.17/day,CKD286N28WP7
1789836167.6,politics,usgubewc-usgub-fl-2026-11-03-rep,BUY,0.66,0.78,backfill,,21.13,,,,,,,,,recovered from the exchange's transaction history — this fill was never journale,CJV9M856AW21
1789837713.8,politics,ussewc-usse-fl-2026-11-03-dem,SELL,44,0.11,sell,0.536,1.95,0.16165,11,16,0.635,0.1,0.11,0.0516,0,selling filled stock — it earns while it waits,CKC3BYEMRWPB
1789837773.8,politics,ussewc-usse-fl-2026-11-03-dem,SELL,44,0.11,sell,1.2336,0.03,0.16165,12,17,0.72,0.11,0.12,0.0516,0,selling filled stock — it earns while it waits,CKDT4KQSMWPB
1789840713.1,politics,scc-hrep-rep-2026-11-03-gte180,SELL,8,0.97,sell,0.0059,20.03,0.920325,92,97,0,0.96,0.97,-0.0497,0,an exit — its fill reduces the position it sits on,CJX9VWF8JW1Z
1789842273.2,politics,usgubewc-usgub-co-2026-11-03-dem,SELL,4,0.93,sell,0.0995,0.45,0.997375,93,98,0.333,0.92,0.98,0.0674,0,selling filled stock — it earns while it waits,CKEGTYRA0WPA
1789842333.2,politics,usgubewc-usgub-tn-2026-11-03-dem,BUY,19,0.06,sell,0.0119,15.61,0.004525,2,7,0.399,0.06,0.08,0.0555,0,buying back the short at or under what it sold for — the bid earns while it wait,CK1H5JZT0WP6
1789842393.2,politics,ussewc-usse-sc-2026-11-03-rep,SELL,10,0.85,sell,0.2049,0.81,0.893575,87,93,0.398,0.87,0.98,0.0436,0,selling filled stock — it earns while it waits,CKE81FT8YWPB
1789842393.2,politics,usgubewc-usgub-tn-2026-11-03-dem,BUY,19,0.07,sell,0,0.02,0.004525,2,6,0.6,0.06,0.08,0.0655,0,buying back the short at or under what it sold for — the bid earns while it wait,CKEXA7D0WWPF
1789842412.6,politics,ussewc-usse-sc-2026-11-03-dem,BUY,44.06,0.14,backfill,,29.66,,,,,,,,,recovered from the exchange's transaction history — this fill was never journale,CJNDPN4XTW22
1789842513.3,politics,usgubewc-usgub-hi-2026-11-03-dem,SELL,1,0.96,sell,0.011,0.28,0.999925,95,99,0.623,0.95,0.96,0.0399,0,selling filled stock — it earns while it waits,CKEQ1ZZYAWP6
1789842513.3,politics,ussewc-usse-or-2026-11-03-dem,SELL,20,0.98,sell,0.029,28.14,0.99835,95,99,0.512,0.97,0.98,0.0183,0,selling filled stock — it earns while it waits,CJPSDQ1YWW1N
1789842513.3,politics,ussewc-usse-or-2026-11-03-dem,SELL,20,0.97,sell,0,0,0.99835,96,99,0.653,0.97,0.98,0.0283,0,taker dump — sold into the bid (the carved exception),CKEYEQNPAWPC
1789842693.3,politics,usgubewc-usgub-mn-2026-11-03-rep,BUY,20,0.08,sell,0.2742,29.64,0.018175,4,10,0.232,0.08,0.09,0.0618,0,buying back the short at or under what it sold for — the bid earns while it wait,CJNGN7ATRW7H
1789842693.3,politics,ussewc-usse-fl-2026-11-03-dem,BUY,44,0.12,sell,0.5613,1.37,0.16165,13,17,0.768,0.12,0.13,-0.0416,44,buying back the short at or under what it sold for — the bid earns while it wait,CKDV1FBJRWPE
1789843140.5,politics,cpoc-ussec-tx-me-2026-11-03-dtx-rme,BUY,1,0.03,backfill,,22.72,,,,,,,,,recovered from the exchange's transaction history — this fill was never journale,CJVK6K11EW1N
1789843533.4,politics,paccc-usho-midterms-2026-11-03-rep,SELL,20,0.112,focus,2.4371,0.03,0.1253,13,15,0.934,0.111,0.112,0.0133,-20,focus entry: ~$2.31/day; fill odds 66%/day; EV +0.02/day,CKF5E3M5EWPB
1789843804.5,politics,cpoc-ussec-tx-mi-me-2026-11-03-rsweep,BUY,54.21,0.2,backfill,,0.08,,,,,,,,,recovered from the exchange's transaction history — this fill was never journale,CKF640K88WPD
1789844465.1,politics,cpoc-ussec-tx-mi-me-2026-11-03-rsweep,BUY,1.5,0.2,backfill,,0.1,,,,,,,,,recovered from the exchange's transaction history — this fill was never journale,CKFB0KHZ0WPD
1789845666.7,politics,ussewc-usse-sc-2026-11-03-dem,BUY,3.33,0.14,backfill,,30.56,,,,,,,,,recovered from the exchange's transaction history — this fill was never journale,CJNDPN4XTW22
1789846613.8,politics,paccc-usho-midterms-2026-11-03-rep,SELL,37,0.112,focus,36.4615,0.08,0.1253,13,15,0.936,0.111,0.113,0.0133,-57,focus entry: ~$2.59/day; fill odds 66%/day; EV +0.09/day,CKFVTBTVCWPF
1789847753.8,politics,paccc-usho-midterms-2026-11-03-rep,SELL,17,0.113,focus,69.7662,0.06,0.1253,13,15,0.939,0.112,0.115,0.0123,-74,focus entry: ~$6.36/day; fill odds 66%/day; EV +5.22/day,CKG56MAR0WPC
1789848084.0,politics,scc-senate-gop-2026-11-03-54,BUY,49,0.04,backfill,,0.02,,,,,,,,,recovered from the exchange's transaction history — this fill was never journale,CKG94011CWP7
1789848097.6,politics,scc-senate-gop-2026-11-03-49,BUY,24,0.17,sell,4.1729,24.7,0.142675,13,18,0,0.17,0.18,0.0273,0,an exit — its fill reduces the position it sits on,CJV2N512YW21
1789848097.6,politics,scc-senate-gop-2026-11-03-51,BUY,61,0.12,sell,0.502,3.68,0.10605,10,14,0.562,0.12,0.13,0.0139,0,an exit — its fill reduces the position it sits on,CKD4NHTACWPF
1789848097.6,politics,scc-senate-gop-2026-11-03-49,BUY,153.48,0.17,focus,18.5149,0.01,0.142675,13,18,0,0.17,0.18,0.0273,153.48,focus entry: ~$13.95/day; fill odds 64%/day; EV +8.00/day,CKG99FRH4WPA
1789848157.6,politics,scc-senate-gop-2026-11-03-50,BUY,107,0.15,focus,14.3321,0.05,0.12955,13,19,0,0.14,0.15,0.0204,107,focus entry: ~$3.09/day; fill odds 64%/day; EV +0.32/day,CKG8T3ZTAWPC
1789849789.9,politics,scc-senate-gop-2026-11-03-54,SELL,49,0.04,backfill,,0.38,,,,,,,,,recovered from the exchange's transaction history — this fill was never journale,CKGBZV6Z2WPC
1789849819.1,politics,scc-senate-gop-2026-11-03-54,SELL,2,0.04,focus,1.8167,0.39,0.02495,4,8,0.524,0.03,0.04,-0.0151,-2,focus entry: ~$2.62/day; fill odds 74%/day; EV +1.54/day,CKGBZV6Z2WPC
1789850769.3,politics,paccc-usho-midterms-2026-11-03-rep,SELL,23,0.113,focus,23.6414,0.05,0.1253,13,15,0.939,0.113,0.114,0.0123,-97,focus entry: ~$1.56/day; fill odds 67%/day; EV +0.01/day,CKGWFVZH0WPF
1789850889.3,politics,ewc-usse-nc-2026-11-03-rep,SELL,82,0.07,sell,1.7222,32.05,0.1066,5,9,0.618,0.06,0.07,0.0366,0,an exit — its fill reduces the position it sits on,CJNCYYBE0W20
1789851384.9,politics,ewc-usgub-ca-2026-11-03-xavbec,BUY,39,0.95,backfill,,0.19,,,,,,,,,recovered from the exchange's transaction history — this fill was never journale,CKGXE8QQAWPC
1789853559.5,politics,scc-senate-gop-2026-11-03-52,BUY,4.19,0.09,backfill,,1.5,,,,,,,,,recovered from the exchange's transaction history — this fill was never journale,CKGA2C85GWPC
1789855490.0,politics,paccc-usho-midterms-2026-11-03-dem,SELL,35,0.899,sell,0.1263,12.2,0.8947,87,90,0.763,0.898,0.899,-0.0043,29,an exit — its fill reduces the position it sits on,CK7GJ6M74WP7
1789855910.0,politics,paccc-usho-midterms-2026-11-03-dem,SELL,1,0.899,sell,0.0572,12.31,0.8947,87,90,0.802,0.898,0.899,-0.0043,28,an exit — its fill reduces the position it sits on,CK7GJ6M74WP7
1789856450.1,politics,paccc-usho-midterms-2026-11-03-dem,SELL,28,0.899,sell,0.0555,12.46,0.8947,88,90,0.83,0.898,0.899,-0.0043,0,an exit — its fill reduces the position it sits on,CK7GJ6M74WP7
1789857110.1,politics,paccc-usho-midterms-2026-11-03-rep,BUY,97,0.113,sell,0.9075,1.74,0.1053,14,16,0.938,0.113,0.114,0.0077,0,an exit — its fill reduces the position it sits on,CKGYF523TWP9
1789857350.2,politics,paccc-usho-midterms-2026-11-03-rep,SELL,70,0.114,focus,3.4044,0.08,0.1053,13,15,0.939,0.113,0.114,-0.0087,-140,focus entry: ~$10.22/day; fill odds 67%/day; EV +7.45/day,CKJDWE768WP9
1789860830.5,politics,scc-hrep-rep-2026-11-03-gte185,BUY,30,0.94,focus,25,0.03,0.860125,82,88,0.503,0.83,0.84,0.0799,102,focus entry: ~$3.48/day; fill odds 42%/day; EV +0.54/day,CKKA57VR6WPC
1789862691.2,politics,scc-hrep-rep-2026-11-03-gte180,BUY,54,0.91,focus,3.2451,0.04,0.91345,90,96,0.426,0.91,0.92,-0.0034,54,focus entry: ~$6.92/day; fill odds 44%/day; EV +2.01/day,CKKR0NQFJWP6
1789862931.3,politics,paccc-usho-midterms-2026-11-03-rep,BUY,70,0.113,sell,1.9448,1.56,0.1053,14,16,0.937,0.113,0.114,0.0077,0,an exit — its fill reduces the position it sits on,CKJFTNBH2WPD
1789865183.9,politics,ewc-usgub-oh-2026-11-03-rep,BUY,2,0.4,backfill,,28.6,,,,,,,,,recovered from the exchange's transaction history — this fill was never journale,CJVSPDRWWW0Y
1789865211.1,politics,paccc-usho-midterms-2026-11-03-rep,SELL,15,0.114,backfill,,0.37,,,,,,,,,recovered from the exchange's transaction history — this fill was never journale,CKM25CCBTWPB
1789865418.1,politics,paccc-usho-midterms-2026-11-03-rep,SELL,26,0.114,focus,3.2891,0.05,0.1053,12,14,0.923,0.113,0.114,-0.0087,-41,focus entry: ~$3.26/day; fill odds 67%/day; EV +1.01/day,CKMCKMK4AWPF
1789866202.2,politics,cpoc-ussec-tx-mi-me-2026-11-03-rsweep,SELL,55,0.05,backfill,,0.94,,,,,,,,,recovered from the exchange's transaction history — this fill was never journale,CKKT16F7WWPA
1789866498.1,politics,cpoc-ussec-tx-mi-me-2026-11-03-rsweep,SELL,2.34,0.09,sell,13.263,0.03,,19,23,0.423,0.07,0.09,0.12,52.66,an exit — its fill reduces the position it sits on,CKMNDF01JWPB
1789867516.8,politics,paccc-usho-midterms-2026-11-03-rep,SELL,11,0.114,focus,4.3875,0.06,0.1053,12,14,0.906,0.113,0.114,-0.0087,-52,focus entry: ~$4.32/day; fill odds 67%/day; EV +3.55/day,CKMW60F1AWPB
1789867816.9,politics,scc-senate-gop-2026-11-03-51,SELL,60,0.13,focus,6.5324,0.66,0.09025,8,11,0.793,0.12,0.13,-0.0398,-120,focus entry: ~$1.95/day; fill odds 74%/day; EV +0.71/day,CKME00YPEWPA
1789868212.7,politics,usgubewc-usgub-md-2026-11-03-dem,SELL,0.03,0.97,backfill,,35.86,,,,,,,,,recovered from the exchange's transaction history — this fill was never journale,CJP9NCBPGW1N
1789868263.8,politics,usgubewc-usgub-md-2026-11-03-dem,SELL,1,0.97,sell,0.0074,35.87,0.9999,95,99,0.188,0.96,0.97,0.0299,8,selling filled stock — it earns while it waits,CJP9NCBPGW1N
1789868623.8,politics,paccc-usho-midterms-2026-11-03-rep,SELL,14,0.114,focus,0.9755,0.06,0.1053,11,13,0.901,0.113,0.115,-0.0087,-66,focus entry: ~$1.05/day; fill odds 67%/day; EV +0.56/day,CKN492ZVEWP6
1789869364.9,politics,cpoc-ussec-tx-me-2026-11-03-rsweep,SELL,0.03,0.28,backfill,,30.24,,,,,,,,,recovered from the exchange's transaction history — this fill was never journale,CJVCQD0ZPW1Y
1789869403.8,politics,cpoc-ussec-tx-me-2026-11-03-rsweep,SELL,68,0.28,sell,4.1869,30.25,,24,29,0.53,0.27,0.28,-0.01,23,an exit — its fill reduces the position it sits on,CJVCQD0ZPW1Y
1789872304.1,politics,paccc-usho-midterms-2026-11-03-rep,SELL,31,0.114,focus,1.7142,0.13,0.1053,11,13,0.894,0.113,0.114,-0.0087,-97,focus entry: ~$1.76/day; fill odds 68%/day; EV +0.68/day,CKNY0F8CTWPA
1789878972.0,politics,scc-senate-gop-2026-11-03-49,SELL,15.39,0.15,sell,1.5226,8.29,0.13965,12,16,0.414,0.14,0.15,-0.0103,138.61,an exit — its fill reduces the position it sits on,CKGHNK96RWP6
1789884012.2,cfb,aachc-cfb-wins-2026-11-28-pennst-9pt5wins,SELL,1,0.49,sell,0,0,,49,56,0.351,0.49,0.5,0.03,0,taker dump — sold into the bid (the carved exception),CKRRT46JAWPF
1789886251.6,politics,scc-senate-gop-2026-11-03-49,SELL,0.59,0.15,backfill,,10.31,,,,,,,,,recovered from the exchange's transaction history — this fill was never journale,CKGHNK96RWP6
1789886292.2,politics,scc-senate-gop-2026-11-03-49,SELL,12,0.15,sell,1.6284,10.32,0.13965,13,16,0.597,0.14,0.15,-0.0103,126,an exit — its fill reduces the position it sits on,CKGHNK96RWP6
1789889250.7,politics,paccc-usse-midterms-2026-11-03-dem,SELL,113,0.594,backfill,,2.47,,,,,,,,,recovered from the exchange's transaction history — this fill was never journale,CKQX98P56WPC
1789899212.5,cfb,aachc-cfb-wins-2026-11-28-ore-7pt5wins,BUY,0.71,0.78,backfill,,4.22,,,,,,,,,recovered from the exchange's transaction history — this fill was never journale,CKRRYM0Q4WPA
1789902374.4,politics,ewc-usgub-wi-2026-11-03-rep,BUY,157,0.19,focus,68.5239,0.01,0.278,16,21,0.364,0.17,0.18,-0.088,181,focus entry: ~$17.00/day; fill odds 48%/day; EV +15.12/day,CKX3TM470WPE
1789903094.4,politics,paccc-usho-midterms-2026-11-03-rep,BUY,97,0.113,sell,9.7903,8.55,0.1053,11,13,0.887,0.113,0.114,0.0077,0,an exit — its fill reduces the position it sits on,CKP1FYBJGWPF
1789905335.6,cfb,aachc-cfb-wins-2026-11-28-lsu-6pt5wins,BUY,5,0.89,backfill,,5.92,,,,,,,,,recovered from the exchange's transaction history — this fill was never journale,CKRRT474JWPF
1789912904.9,cfb,aachc-cfb-wins-2026-11-28-nw-6pt5wins,SELL,1,0.33,sell,0,0,,31,38,0.186,0.33,0.34,0.01,0,taker dump — sold into the bid (the carved exception),CKZNRPPHRWPC
1789913024.9,politics,scc-senate-gop-2026-11-03-55,SELL,32,0.05,focus,3.617,2.77,0.010875,2,6,0.405,0.05,0.06,-0.0391,-50,focus entry: ~$1.48/day; fill odds 74%/day; EV +0.81/day,CKX9RQTW4WP7
1789914451.2,politics,ushrewc-ushr-tx-34-2026-11-03-rep,BUY,111,0.29,backfill,,3.18,,,,,,,,,recovered from the exchange's transaction history — this fill was never journale,CKX99HT58WPA
1789914885.3,politics,scc-senate-gop-2026-11-03-51,BUY,60,0.12,sell,1.0124,13.09,0.09025,9,12,0.784,0.12,0.13,0.0297,0,an exit — its fill reduces the position it sits on,CKMZMVY7GWPH
1789914885.3,politics,scc-senate-gop-2026-11-03-52,BUY,35,0.09,sell,0.7002,3.55,0.06205,6,10,0.454,0.09,0.1,0.0279,0,an exit — its fill reduces the position it sits on,CKX1X6TDJWPD
1789917587.4,politics,usgubewc-usgub-ny-2026-11-03-rep,SELL,73.73,0.08,sell,0.741,50.58,0.011575,4,9,0,0.07,0.08,-0.0684,176.27,an exit — its fill reduces the position it sits on,CJNCPXYBAW1N
1789919507.5,politics,ussewc-usse-ar-2026-11-03-rep,SELL,9,0.93,sell,0.2159,47.48,0.981025,92,97,0.32,0.92,0.93,0.051,0,selling filled stock — it earns while it waits,CJRGEG11TW7H
1789919749.5,politics,scc-senate-gop-2026-11-03-49,SELL,81,0.15,backfill,,19.62,,,,,,,,,recovered from the exchange's transaction history — this fill was never journale,CKGHNK96RWP6
1789919927.6,politics,cpoc-ussec-tx-mi-me-2026-11-03-rtx-rmi-dme,SELL,48,0.03,focus,0,0.03,,1,3,0,0.02,0.1,-0.02,-50,focus entry: ~$6.21/day; fill odds 52%/day; EV +2.49/day,CM1AWPNBTWPB
1789920947.7,politics,scc-senate-gop-2026-11-03-51,SELL,41,0.13,focus,22.89,0.23,0.09025,8,11,0.802,0.12,0.13,-0.0398,-41,focus entry: ~$2.27/day; fill odds 74%/day; EV +1.49/day,CM1DEVBK8WPA
1789921485.4,politics,scc-senate-gop-2026-11-03-lte45,SELL,0.43,0.05,backfill,,20.37,,,,,,,,,recovered from the exchange's transaction history — this fill was never journale,CKGA53REJWP6
1789921487.7,politics,scc-senate-gop-2026-11-03-lte45,SELL,7,0.05,sell,0.8733,20.37,0.124375,6,10,0.673,0.04,0.05,0.0744,21,an exit — its fill reduces the position it sits on,CKGA53REJWP6
1789922687.8,politics,paccc-usse-midterms-2026-11-03-dem,BUY,113,0.598,sell,2.4997,4.48,0.5,58,62,0.263,0.598,0.599,0.098,0,an exit — its fill reduces the position it sits on,CKY4SR9A2WP6
1789923421.3,politics,usgubewc-usgub-tn-2026-11-03-dem,SELL,19,0.06,backfill,,0.69,,,,,,,,,recovered from the exchange's transaction history — this fill was never journale,CM1M1YME8WPB
1789923835.7,politics,paccc-usse-midterms-2026-11-03-dem,SELL,59,0.599,backfill,,0.33,,,,,,,,,recovered from the exchange's transaction history — this fill was never journale,CM2099CWTWPH
1789923948.0,cfb,aachc-cfb-wins-2026-11-28-clmsn-7pt5wins,SELL,1,0.34,sell,0,0,,31,37,0.308,0.34,0.35,0,0,taker dump — sold into the bid (the carved exception),CM2CRAD5EWPE
1789923980.5,politics,usgubewc-usgub-ny-2026-11-03-rep,SELL,0.24,0.08,backfill,,52.36,,,,,,,,,recovered from the exchange's transaction history — this fill was never journale,CJNCPXYBAW1N
1789924008.0,politics,usgubewc-usgub-ny-2026-11-03-rep,SELL,35,0.08,sell,0.8136,52.36,0.011575,6,10,0.446,0.07,0.08,-0.0684,141,an exit — its fill reduces the position it sits on,CJNCPXYBAW1N
1789925579.1,politics,paccc-usse-midterms-2026-11-03-dem,SELL,21,0.599,focus,12.737,0.48,0.5,56,60,0.451,0.598,0.599,-0.099,-80,focus entry: ~$12.33/day; fill odds 52%/day; EV +10.84/day,CM2AR2BSWWPH
1789925999.2,politics,usgubewc-usgub-or-2026-11-03-dem,SELL,30,0.76,sell,0,0.03,0.87815,82,87,0.257,0.75,0.84,0.1181,0,selling filled stock — it earns while it waits,CM2V7B738WPB
1789925999.2,politics,usgubewc-usgub-or-2026-11-03-dem,SELL,30,0.76,sell,0,0.02,0.87815,82,87,0.257,0.75,0.84,0.1181,-30,selling filled stock — it earns while it waits,CM2VS97BYWPC
1789926719.2,politics,cpoc-ussec-tx-mi-me-2026-11-03-rsweep,SELL,12,0.08,focus,0,0.04,,6,10,0.377,0.07,0.08,0,-14,focus entry: ~$6.56/day; fill odds 52%/day; EV +4.18/day,CM30MKSV2WP9
1789926925.9,politics,scc-senate-gop-2026-11-03-51,BUY,41,0.13,backfill,,1.64,,,,,,,,,recovered from the exchange's transaction history — this fill was never journale,CM1MDMAYAWP9
1789927932.6,politics,usgubewc-usgub-ak-2026-11-03-jonkre,BUY,85,0.77,focus,9.7711,0.03,0.976325,70,77,0.368,0.77,0.78,-0.2063,0,focus exit: ~$9.04/day; fill odds 48%/day; EV +7.60/day,CM3A8FFTTWP6
1789927932.6,politics,usgubewc-usgub-ak-2026-11-03-jonkre,BUY,64.99,0.77,focus,9.3616,0.02,0.976325,70,77,0.368,0.77,0.78,-0.2063,64.99,focus entry: ~$7.75/day; fill odds 48%/day; EV +1.62/day,CM3AQ0QB6WPE
1789928172.6,politics,usgubewc-usgub-ak-2026-11-03-jonkre,SELL,65,0.77,sell,40.6461,0.05,0.976325,69,75,0.586,0.76,0.77,0.2063,0,an exit — its fill reduces the position it sits on,CM3BV4MZYWPH
1789928412.6,politics,usgubewc-usgub-ny-2026-11-03-rep,SELL,141.03,0.08,sell,0.4247,53.59,0.011575,6,11,0.615,0.07,0.08,-0.0684,-0.03,an exit — its fill reduces the position it sits on,CJNCPXYBAW1N
1789928715.1,politics,usgubewc-usgub-fl-2026-11-03-rep,BUY,6.09,0.78,backfill,,46.84,,,,,,,,,recovered from the exchange's transaction history — this fill was never journale,CJV9M856AW21
1789929398.9,politics,paccc-usse-midterms-2026-11-03-dem,SELL,73,0.599,focus,59.6321,0.11,0.5,58,62,0.618,0.598,0.599,-0.099,-153,focus entry: ~$25.38/day; fill odds 52%/day; EV +24.38/day,CM3JZ1MEJWPC
1789930598.9,politics,usgubewc-usgub-ak-2026-11-03-jonkre,BUY,26,0.78,focus,3.24,0.01,0.976325,74,79,0.689,0.78,0.82,-0.1963,26,focus entry: ~$14.31/day; fill odds 49%/day; EV +10.69/day,CM3Z1M576WP7
1789930651.7,politics,usgubewc-usgub-ak-2026-11-03-jonkre,BUY,26,0.82,hand,,0.01,,,,,,,,,your own trade — from the exchange's record; direction from the position move,CM3ZGT230WPE
1789930838.9,politics,usgubewc-usgub-ak-2026-11-03-jonkre,SELL,51,0.82,focus,0,0.01,0.976325,76,79,0.795,0.81,0.83,0.1563,-51,focus entry: ~$7.17/day; fill odds 48%/day; EV +1.45/day,CM41479KPWPB
1789931679.0,politics,scc-senate-gop-2026-11-03-49,SELL,31.46,0.15,sell,0.9037,22.93,0.13965,14,17,0.722,0.14,0.15,-0.0103,13.54,an exit — its fill reduces the position it sits on,CKGHNK96RWP6
1789932999.0,politics,cpoc-ussec-tx-mi-me-2026-11-03-dtx-dmi-rme,SELL,7,0.11,focus,5.9204,0.61,,4,9,0,0.1,0.11,-0.04,-8,focus entry: ~$4.70/day; fill odds 52%/day; EV +3.92/day,CM419FAYTWP7
1789933601.8,politics,ushrewc-ushr-ny-17-2026-11-03-dem,BUY,69,0.62,backfill,,0.08,,,,,,,,,recovered from the exchange's transaction history — this fill was never journale,CM4KSP9XPWPB
1789933607.1,politics,paccc-usse-midterms-2026-11-03-dem,BUY,94,0.599,backfill,,0.67,,,,,,,,,recovered from the exchange's transaction history — this fill was never journale,CM43WK370WP9
1789933615.2,cfb,aachc-cfb-wins-2026-11-28-oregst-5pt5wins,BUY,1,0.83,sell,0,0.03,,53,79,0.044,0.51,0.83,0.19,2,buying back the short at or under what it sold for — the bid earns while it wait,CM4N53T2AWPH
1789933624.4,politics,ushrewc-ushr-ny-17-2026-11-03-dem,BUY,30.08,0.62,backfill,,0,,,,,,,,,recovered from the exchange's transaction history — this fill was never journale,CM4P2SWVAWPE
1789936524.3,politics,ewc-usgub-oh-2026-11-03-rep,BUY,8,0.4,backfill,,48.41,,,,,,,,,recovered from the exchange's transaction history — this fill was never journale,CJVSPDRWWW0Y
1789936758.3,politics,paccc-usse-midterms-2026-11-03-dem,SELL,93,0.6,backfill,,0.19,,,,,,,,,recovered from the exchange's transaction history — this fill was never journale,CM596FQ3RWPB
1789937099.0,politics,usgubewc-usgub-sc-2026-11-03-rep,SELL,2,0.95,manual,0.005,53.03,0.9746,91,95,0.021,0.94,0.95,0.0246,0,the owner's own order — the engine leaves it alone,CJQYXNG3EW21
1789937606.1,politics,ussewc-usse-sc-2026-11-03-dem,BUY,2.3,0.14,backfill,,56.1,,,,,,,,,recovered from the exchange's transaction history — this fill was never journale,CJNDPN4XTW22
1789937699.3,politics,ewc-usgub-wi-2026-11-03-dem,SELL,5,0.83,sell,0.1214,48.63,0.722,81,85,0.375,0.82,0.83,-0.108,15,an exit — its fill reduces the position it sits on,CJVWP40J8W1Y
1789938026.7,politics,scc-hrep-rep-2026-11-03-gte180,SELL,0.16,0.8,backfill,,4.53,,,,,,,,,recovered from the exchange's transaction history — this fill was never journale,CM1SAZ9P0WPF
1789938037.7,politics,scc-hrep-rep-2026-11-03-gte180,SELL,6,0.8,sell,3.2149,4.53,0.91345,81,88,0.513,0.79,0.8,0.1134,48,an exit — its fill reduces the position it sits on,CM1SAZ9P0WPF
1789940617.8,politics,scc-senate-gop-2026-11-03-lte45,SELL,21,0.04,sell,0.767,2.26,0.124375,6,10,0.723,0.03,0.04,0.0844,0,an exit — its fill reduces the position it sits on,CM4DJPMXGWP9
1789941877.8,politics,scc-senate-gop-2026-11-03-48,SELL,40,0.14,focus,1.8851,0.26,0.15075,9,13,0,0.13,0.14,0.0107,-40,focus entry: ~$6.96/day; fill odds 74%/day; EV +5.63/day,CM6E03BH6WPB
1789942537.8,politics,scc-hrep-rep-2026-11-03-gte180,SELL,47.84,0.8,sell,8.128,5.78,0.910425,80,86,0.648,0.79,0.8,0.1104,0.16,an exit — its fill reduces the position it sits on,CM1SAZ9P0WPF
1789942597.8,cfb,aachc-cfb-wins-2026-11-28-pennst-9pt5wins,BUY,1,0.49,sell,0.0493,16.26,,49,58,0.283,0.49,0.5,-0.04,0,buying back the short at or under what it sold for — the bid earns while it wait,CKRSCK3FWWPH
1789942597.8,cfb,aachc-cfb-wins-2026-11-28-pennst-9pt5wins,SELL,1,0.49,sell,0,0,,46,53,0.551,0.49,0.5,0.01,0,taker dump — sold into the bid (the carved exception),CM6TQ30VEWPF
1789942837.8,politics,scc-senate-gop-2026-11-03-49,SELL,13.56,0.15,sell,0.3517,26.03,0.13915,14,18,0.764,0.14,0.15,-0.0108,-0.56,an exit — its fill reduces the position it sits on,CKGHNK96RWP6
1789946744.7,politics,paccc-usse-midterms-2026-11-03-dem,BUY,100,0.601,backfill,,2.76,,,,,,,,,recovered from the exchange's transaction history — this fill was never journale,CM5EWD5BTWP7
1789947506.5,politics,ewc-usgub-oh-2026-11-03-rep,BUY,9,0.4,backfill,,51.46,,,,,,,,,recovered from the exchange's transaction history — this fill was never journale,CJVSPDRWWW0Y
1789948272.8,politics,scc-senate-gop-2026-11-03-50,SELL,0.53,0.15,backfill,,27.81,,,,,,,,,recovered from the exchange's transaction history — this fill was never journale,CKGA8VSSAWP7
1789948298.3,politics,scc-senate-gop-2026-11-03-50,SELL,45,0.15,sell,1.6402,27.82,0.117625,12,17,0.328,0.14,0.15,-0.0324,62,an exit — its fill reduces the position it sits on,CKGA8VSSAWP7
1789949528.8,politics,cpoc-ussec-tx-mi-me-2026-11-03-rtx-dmi-dme,BUY,168,0.32,backfill,,0.73,,,,,,,,,recovered from the exchange's transaction history — this fill was never journale,CM7T2N8BTWPC
1789949619.6,politics,cpoc-ussec-tx-mi-me-2026-11-03-rtx-rmi-dme,BUY,50,0.09,sell,15.6989,7.93,,2,5,0.415,0.08,0.09,0.06,50,an exit — its fill reduces the position it sits on,CM1MTNKMJWP9
1789951392.6,politics,paccc-usse-midterms-2026-11-03-dem,BUY,29,0.601,backfill,,1.26,,,,,,,,,recovered from the exchange's transaction history — this fill was never journale,CM7SWSHR4WPA
1789953513.9,politics,ushrewc-ushr-ne-02-2026-11-03-rep,SELL,5,0.06,sell,2.1212,60.55,,3,8,0,0.05,0.06,0,285,an exit — its fill reduces the position it sits on,CJND344BPW22
1789953753.9,politics,ushrewc-ushr-ne-02-2026-11-03-rep,SELL,5,0.06,sell,1.8777,60.62,,4,9,0.454,0.05,0.06,0.01,280,an exit — its fill reduces the position it sits on,CJND344BPW22
1789953874.0,politics,ushrewc-ushr-ne-02-2026-11-03-rep,SELL,5,0.06,sell,2.0505,60.65,,5,10,0.625,0.05,0.06,0.01,275,an exit — its fill reduces the position it sits on,CJND344BPW22
1789954114.0,politics,ushrewc-ushr-ne-02-2026-11-03-rep,SELL,5,0.06,sell,1.8137,60.72,,6,10,0.714,0.05,0.06,0.02,270,an exit — its fill reduces the position it sits on,CJND344BPW22
1789954234.0,politics,ewc-usgub-nv-2026-11-03-dem,SELL,2,0.45,sell,0.2952,52.67,0.40965,42,46,0.385,0.44,0.45,-0.0403,70,an exit — its fill reduces the position it sits on,CJWBHWJ68W7H
1789954354.0,politics,ushrewc-ushr-ne-02-2026-11-03-rep,SELL,5,0.06,sell,1.7817,60.78,,6,10,0.769,0.05,0.06,0.02,265,an exit — its fill reduces the position it sits on,CJND344BPW22
1789954474.0,politics,ushrewc-ushr-ne-02-2026-11-03-rep,SELL,5,0.06,sell,1.7496,60.82,,7,11,0.806,0.05,0.06,0.02,260,an exit — its fill reduces the position it sits on,CJND344BPW22
1789954654.0,politics,ushrewc-ushr-ne-02-2026-11-03-rep,SELL,25,0.06,sell,1.913,60.87,,7,11,0.833,0.05,0.06,0.03,235,an exit — its fill reduces the position it sits on,CJND344BPW22
1789954714.0,politics,ushrewc-ushr-ne-02-2026-11-03-rep,SELL,5,0.06,sell,1.7301,60.88,,7,11,0.853,0.05,0.06,0.03,230,an exit — its fill reduces the position it sits on,CJND344BPW22
1789954954.1,politics,ushrewc-ushr-ne-02-2026-11-03-rep,SELL,5,0.06,sell,1.5241,60.95,,7,11,0.869,0.05,0.06,0.03,225,an exit — its fill reduces the position it sits on,CJND344BPW22
1789955074.1,politics,ushrewc-ushr-ne-02-2026-11-03-rep,SELL,5,0.06,sell,1.4918,60.98,,8,11,0.882,0.05,0.06,0.03,220,an exit — its fill reduces the position it sits on,CJND344BPW22
1789955314.1,politics,ushrewc-ushr-ne-02-2026-11-03-rep,SELL,5,0.06,sell,1.4594,61.05,,8,12,0.892,0.05,0.06,0.03,215,an exit — its fill reduces the position it sits on,CJND344BPW22
1789955554.1,politics,ushrewc-ushr-ne-02-2026-11-03-rep,SELL,5,0.06,sell,1.427,61.12,,8,12,0.901,0.05,0.06,0.04,210,an exit — its fill reduces the position it sits on,CJND344BPW22
1789955674.2,politics,ushrewc-ushr-ne-02-2026-11-03-rep,SELL,5,0.06,sell,1.3946,61.15,,8,12,0.909,0.05,0.06,0.04,205,an exit — its fill reduces the position it sits on,CJND344BPW22
1789955914.2,politics,ushrewc-ushr-ne-02-2026-11-03-rep,SELL,5,0.06,sell,1.3621,61.22,,8,12,0.915,0.05,0.06,0.04,200,an exit — its fill reduces the position it sits on,CJND344BPW22
1789956154.2,politics,ushrewc-ushr-ne-02-2026-11-03-rep,SELL,5,0.06,sell,1.3296,61.28,,8,12,0.92,0.05,0.06,0.04,195,an exit — its fill reduces the position it sits on,CJND344BPW22
1789956274.2,politics,ushrewc-ushr-ne-02-2026-11-03-rep,SELL,5,0.06,sell,1.297,61.32,,9,12,0.925,0.05,0.06,0.04,190,an exit — its fill reduces the position it sits on,CJND344BPW22
1789956514.2,politics,ushrewc-ushr-ne-02-2026-11-03-rep,SELL,5,0.06,sell,1.2644,61.38,,9,12,0.93,0.05,0.06,0.04,185,an exit — its fill reduces the position it sits on,CJND344BPW22
1789956754.3,politics,ushrewc-ushr-ne-02-2026-11-03-rep,SELL,5,0.06,sell,1.2318,61.45,,9,12,0.933,0.05,0.06,0.04,180,an exit — its fill reduces the position it sits on,CJND344BPW22
1789956934.3,politics,ushrewc-ushr-ne-02-2026-11-03-rep,SELL,5,0.06,sell,1.1992,61.5,,9,12,0.937,0.05,0.06,0.04,175,an exit — its fill reduces the position it sits on,CJND344BPW22
1789957054.3,politics,paccc-usse-midterms-2026-11-03-dem,SELL,2,0.602,focus,11.4594,0.66,0.5,59,63,0.679,0.601,0.602,-0.102,-23,focus entry: ~$5.76/day; fill odds 52%/day; EV +3.86/day,CM9N71BEGWP7
1789957152.9,politics,paccc-usse-midterms-2026-11-03-dem,BUY,2,0.601,backfill,,2.86,,,,,,,,,recovered from the exchange's transaction history — this fill was never journale,CM7SWSHR4WPA
1789957174.3,politics,ushrewc-ushr-ne-02-2026-11-03-rep,SELL,5,0.06,sell,1.1665,61.57,,9,13,0.94,0.05,0.06,0.05,170,an exit — its fill reduces the position it sits on,CJND344BPW22
1789957234.3,politics,paccc-usse-midterms-2026-11-03-dem,BUY,21,0.601,sell,0.2237,2.88,0.5,61,64,0.747,0.601,0.602,0.101,-2,an exit — its fill reduces the position it sits on,CM7SWSHR4WPA
1789958374.4,politics,scc-hrep-rep-2026-11-03-gte185,SELL,81.95,0.74,sell,24.9999,1.02,0.85645,74,84,0.523,0.73,0.74,0.1165,20.05,an exit — its fill reduces the position it sits on,CM9NEHYPEWPE
1789959154.5,politics,scc-hrep-rep-2026-11-03-gte185,SELL,20,0.74,sell,24.9997,0.16,0.85645,80,86,0.658,0.81,0.82,0.1165,0,an exit — its fill reduces the position it sits on,CMAJ6EK2AWPE
1789959297.6,politics,ewc-usse-ak-2026-11-03-dem,SELL,163,0.67,backfill,,3.28,,,,,,,,,recovered from the exchange's transaction history — this fill was never journale,CM7Y0Q2F6WPB
1789959394.5,politics,scc-hrep-rep-2026-11-03-gte185,SELL,57,0.82,sell,22.0439,0.08,0.85645,81,88,0.733,0.83,0.84,0.0365,-57,an exit — its fill reduces the position it sits on,CMAP8WE3PWP9
1789959754.6,politics,scc-hrep-rep-2026-11-03-gte185,SELL,157,0.84,focus,14.6018,0.1,0.85645,83,88,0.781,0.83,0.84,0.0165,-214,focus entry: ~$14.49/day; fill odds 34%/day; EV +8.15/day,CMART51A0WP7
1789960894.7,politics,scc-senate-gop-2026-11-03-lte45,SELL,31,0.04,focus,22.4161,0.02,0.12235,7,12,0.793,0.03,0.05,0.0824,-31,focus entry: ~$21.49/day; fill odds 75%/day; EV +19.85/day,CMB35DNPMWPB
1789961361.3,politics,scc-senate-gop-2026-11-03-51,BUY,115,0.13,backfill,,0.08,,,,,,,,,recovered from the exchange's transaction history — this fill was never journale,CMB4XY4SWWPF
1789962034.8,politics,ushrewc-ushr-wa-03-2026-11-03-rep,SELL,4,0.08,sell,18.1802,3.32,,8,15,0,0.08,0.09,0.03,0,an exit — its fill reduces the position it sits on,CM8H69B72WP6
1789962034.8,politics,scc-senate-gop-2026-11-03-55,BUY,50,0.05,sell,0.9496,0.07,0.01085,2,7,0.538,0.04,0.06,0.0392,0,an exit — its fill reduces the position it sits on,CMBA78YSYWPE
1789962670.1,politics,paccc-usho-midterms-2026-11-03-rep,BUY,235,0.112,backfill,,0.36,,,,,,,,,recovered from the exchange's transaction history — this fill was never journale,CMB72GFWGWPD
1789963166.4,politics,scc-hrep-rep-2026-11-03-gte210,BUY,12,0.29,backfill,,58.26,,,,,,,,,recovered from the exchange's transaction history — this fill was never journale,CJSNM1XG0W0Y
1789963216.8,politics,scc-hrep-rep-2026-11-03-gte205,SELL,22,0.29,hand,,0.01,,,,,,,,,your own trade — from the exchange's record; direction from its order intent,CMBKYWWP6WP7
1789963216.8,politics,scc-hrep-rep-2026-11-03-gte205,SELL,22,0.29,backfill,,0.01,,,,,,,,,recovered from the exchange's transaction history — this fill was never journale,CMBM0KD8RWP9
1789963425.8,politics,scc-hrep-rep-2026-11-03-gte235,BUY,71.7,0.02,backfill,,0.07,,,,,,,,,recovered from the exchange's transaction history — this fill was never journale,CMBKSZ0H8WPF
1789964134.9,politics,usgubewc-usgub-fl-2026-11-03-dem,SELL,144,0.19,sell,1.3641,2.46,0.33255,18,23,0.19,0.18,0.19,0.1426,20,an exit — its fill reduces the position it sits on,CM9SXHQDEWPB
1789964508.1,politics,scc-senate-gop-2026-11-03-54,BUY,51,0.05,backfill,,4.43,,,,,,,,,recovered from the exchange's transaction history — this fill was never journale,CM85MH5VWWPB
1789964614.9,politics,scc-senate-gop-2026-11-03-48,BUY,40,0.15,sell,3.1908,6.3,0.15075,11,15,0.425,0.15,0.16,-0.0008,0,an exit — its fill reduces the position it sits on,CM6NJ669CWPB
1789965395.0,politics,paccc-usse-midterms-2026-11-03-dem,SELL,40,0.602,focus,25.0688,0.02,0.5,60,63,0.783,0.601,0.602,-0.102,-42,focus entry: ~$25.07/day; fill odds 52%/day; EV +21.15/day,CMC3WEDEPWPH
1789965846.1,politics,cpoc-ussec-tx-me-2026-11-03-dsweep,BUY,38,0.59,backfill,,0.46,,,,,,,,,recovered from the exchange's transaction history — this fill was never journale,CMBTW38JEWP7
1789966235.0,cfb,aachc-cfb-wins-2026-11-28-col-2pt5wins,SELL,1,0.91,sell,0,0,,89,96,0.26,0.91,0.92,0.02,0,taker dump — sold into the bid (the carved exception),CMCA6MXV4WPH
1789966895.1,politics,cpoc-ussec-tx-me-2026-11-03-dsweep,SELL,38,0.17,focus,7.3602,0.01,,56,60,0,0.22,0.37,0.41,0,focus exit: ~$7.36/day; fill odds 52%/day; EV +5.08/day,CMCEYE05CWPA
1789967195.1,politics,cpoc-ussec-tx-me-2026-11-03-rsweep,BUY,100,0.27,focus,12.0128,0.04,,28,34,0,0.26,0.27,-0.03,123,focus entry: ~$6.32/day; fill odds 56%/day; EV +1.66/day,CMCGB02KGWP6
1789967243.5,cfb,aachc-cfb-wins-2026-11-28-vir-7pt5wins,BUY,2.22,0.66,backfill,,21.94,,,,,,,,,recovered from the exchange's transaction history — this fill was never journale,CKSPAJ4QCWPD
1789968477.4,politics,cpoc-ussec-tx-mi-me-2026-11-03-dtx-rmi-rme,SELL,0.47,0.02,backfill,,0.36,,,,,,,,,recovered from the exchange's transaction history — this fill was never journale,CMCHENW4GWPF
1789968511.4,politics,cpoc-ussec-tx-mi-me-2026-11-03-dtx-rmi-rme,SELL,25,0.02,focus,0,0.38,,2,7,0,0.01,0.02,0.02,-25,focus entry: ~$3.47/day; fill odds 52%/day; EV +2.38/day,CMCHENW4GWPF
1789968631.4,politics,cpoc-ussec-tx-mi-me-2026-11-03-dtx-dmi-rme,BUY,8,0.15,sell,12.1991,9.83,,8,12,0.408,0.14,0.15,0.05,8,an exit — its fill reduces the position it sits on,CM4K7J41JWPA
1789968631.4,politics,cpoc-ussec-tx-mi-me-2026-11-03-dtx-rmi-dme,BUY,77.85,0.11,focus,6.8416,0.01,,12,17,0,0.11,0.12,-0.03,77.85,focus entry: ~$4.86/day; fill odds 57%/day; EV +1.45/day,CMCVW01PWWPH
1789969547.2,politics,usgubewc-usgub-or-2026-11-03-dem,BUY,30,0.83,sell,2.6679,12.08,0.876625,81,87,0.483,0.73,0.8,-0.0466,0,buying back the short at or under what it sold for — the bid earns while it wait,CM2WR8DZYWPD
1789970308.4,politics,scc-hrep-rep-2026-11-03-gte215,SELL,23,0.11,backfill,,0.42,,,,,,,,,recovered from the exchange's transaction history — this fill was never journale,CMCWXCB8RWPC
1789970313.1,politics,scc-hrep-rep-2026-11-03-gte210,BUY,0.07,0.29,backfill,,0.42,,,,,,,,,recovered from the exchange's transaction history — this fill was never journale,CMCWS5PF0WPD
1789970327.2,politics,scc-hrep-rep-2026-11-03-gte210,BUY,14,0.29,focus,0,0.43,0.2608,23,28,0.445,0.29,0.3,0.0292,14,focus entry: ~$6.24/day; fill odds 43%/day; EV +3.27/day,CMCWS5PF0WPD
1789970447.2,politics,cpoc-ussec-tx-me-2026-11-03-dsweep,SELL,2,0.41,void,37.4962,0.02,,56,61,0.455,0.22,0.24,0.18,36,voided: the exchange has no trade for order CMCFH6736WPE — the row of 09-21 05:0,CMCFH6736WPE
1789970447.2,politics,cpoc-ussec-tx-mi-me-2026-11-03-dtx-rmi-rme,SELL,0.47,0.02,backfill,,0.36,,,,,,,,,recovered from the exchange's transaction history — this fill was never journale,CMCHENW4GWPF
1789970447.2,politics,scc-hrep-rep-2026-11-03-gte215,SELL,23,0.11,backfill,,0.42,,,,,,,,,recovered from the exchange's transaction history — this fill was never journale,CMCWXCB8RWPC
1789970447.2,politics,scc-hrep-rep-2026-11-03-gte210,BUY,0.07,0.29,backfill,,0.42,,,,,,,,,recovered from the exchange's transaction history — this fill was never journale,CMCWS5PF0WPD
1789970447.2,cfb,aachc-cfb-wins-2026-11-28-vir-7pt5wins,BUY,2.22,0.66,backfill,,21.94,,,,,,,,,recovered from the exchange's transaction history — this fill was never journale,CKSPAJ4QCWPD
1789970627.2,politics,ussewc-usse-nm-2026-11-03-rep,SELL,7.66,0.03,sell,0.5836,61.35,0.00415,1,5,0.424,0.02,0.03,-0.0258,12.34,selling filled stock — it earns while it waits,CJRTARRVPW1Y
1789971287.2,politics,ewc-usgub-oh-2026-11-03-rep,BUY,125,0.4,sell,0.0613,58.07,0.43025,39,44,0.214,0.4,0.41,-0.0302,0,an exit — its fill reduces the position it sits on,CJVSPDRWWW0Y
1789973468.3,politics,paccc-usse-midterms-2026-11-03-dem,SELL,3,0.605,focus,2.3195,0.04,0.5,61,64,0.81,0.603,0.605,-0.105,-45,focus entry: ~$88.38/day; fill odds 53%/day; EV +84.24/day,CMDYQPZE2WP9
1789973768.3,politics,cpoc-ussec-tx-me-2026-11-03-dsweep,SELL,32,0.51,focus,5.9107,0,,53,59,0.616,0.5,0.51,0.05,-32,focus entry: ~$5.91/day; fill odds 53%/day; EV +2.73/day,CME15RYRCWPC
1789974848.4,politics,paccc-usse-midterms-2026-11-03-dem,BUY,45,0.605,sell,2.429,0.04,0.5,61,64,0.835,0.605,0.606,0.105,0,an exit — its fill reduces the position it sits on,CME8HVR5AWPA
1789977668.6,politics,cpoc-ussec-tx-me-2026-11-03-dsweep,SELL,32,0.51,void,5.9107,0,,53,59,0.616,0.5,0.51,0.05,-32,voided: the exchange has no trade for order CME15RYRCWPC — the row of 09-21 06:5,CME15RYRCWPC
1789981307.2,politics,scc-senate-gop-2026-11-03-48,BUY,40,0.15,void,1.9296,0,0.15075,13,17,0.594,0.15,0.16,-0.0008,40,voided: the exchange has no trade for order CMF10DMRGWP7 — the row of 09-21 08:0,CMF10DMRGWP7
1789982362.9,cfb,aachc-cfb-wins-2026-11-28-oregst-5pt5wins,SELL,0.62,0.53,backfill,,13.41,,,,,,,,,recovered from the exchange's transaction history — this fill was never journale,CM4SMZTPJWPD
1789982364.5,politics,usgubewc-usgub-ok-2026-11-03-rep,SELL,4,0.87,sell,0.8444,0.74,0.9606,86,93,0.108,0.86,0.87,0.0906,6,selling filled stock — it earns while it waits,CMFFBNMKEWPC
1789982364.5,cfb,aachc-cfb-wins-2026-11-28-oregst-5pt5wins,SELL,1,0.51,sell,0,0,,51,63,0.404,0.51,0.53,0.06,0,taker dump — sold into the bid (the carved exception),CMG51KGVRWP9
1789983804.7,politics,scc-senate-gop-2026-11-03-48,BUY,40,0.15,focus,3.8361,0,0.15075,12,16,0.69,0.15,0.16,-0.0008,40,focus entry: ~$3.84/day; fill odds 70%/day; EV +0.67/day,CMGFBCVSWWPB
1789984944.8,cfb,aachc-cfb-wins-2026-11-28-oregst-5pt5wins,SELL,0.62,0.53,backfill,,13.41,,,,,,,,,recovered from the exchange's transaction history — this fill was never journale,CM4SMZTPJWPD
1789986444.9,politics,cpoc-ussec-tx-mi-me-2026-11-03-dsweep,SELL,115,0.41,sell,5.0885,4.94,,39,45,0.259,0.4,0.41,0.01,0,an exit — its fill reduces the position it sits on,CMCWARR2EWPE
1789986451.7,politics,cpoc-ussec-tx-me-2026-11-03-dsweep,BUY,41,0.5,backfill,,3.24,,,,,,,,,recovered from the exchange's transaction history — this fill was never journale,CME8X9FY6WPD
1789986624.9,politics,cpoc-ussec-tx-mi-me-2026-11-03-rtx-dmi-rme,SELL,32,0.11,focus,0,0.05,,8,11,0,0.1,0.11,-0.01,-32,focus entry: ~$6.38/day; fill odds 53%/day; EV +4.01/day,CMH3AZ2YEWPF
1789986624.9,politics,cpoc-ussec-tx-mi-me-2026-11-03-rsweep,SELL,16.89,0.11,focus,0,0.04,,7,12,0.377,0.1,0.11,-0.01,-30.89,focus entry: ~$3.47/day; fill odds 53%/day; EV +0.64/day,CMH3QV9QAWP6
1789986864.9,politics,cpoc-ussec-tx-mi-me-2026-11-03-dtx-rmi-rme,BUY,25,0.08,sell,1.8733,4.01,,2,8,0.43,0.02,0.08,0.03,0,an exit — its fill reduces the position it sits on,CMDRFE4SPWPF
1789986864.9,politics,cpoc-ussec-tx-mi-me-2026-11-03-dtx-dmi-rme,BUY,41,0.14,focus,18.533,0.08,,10,13,0.58,0.14,0.15,0.03,41,focus entry: ~$4.35/day; fill odds 56%/day; EV +0.80/day,CMH4GP5SRWPF
1789987044.9,politics,cpoc-ussec-tx-mi-me-2026-11-03-dtx-rmi-rme,SELL,7,0.03,focus,18.0812,0.05,,2,7,0.614,0.02,0.03,0.01,-7,focus entry: ~$18.10/day; fill odds 53%/day; EV +17.64/day,CMH6PH9BGWPA
1789988545.0,politics,scc-senate-gop-2026-11-03-48,BUY,40,0.15,void,3.8361,0,0.15075,12,16,0.69,0.15,0.16,-0.0008,40,voided: the exchange has no trade for order CMGFBCVSWWPB — the row of 09-21 09:4,CMGFBCVSWWPB
1789988545.0,politics,cpoc-ussec-tx-me-2026-11-03-dsweep,BUY,41,0.5,backfill,,3.24,,,,,,,,,recovered from the exchange's transaction history — this fill was never journale,CME8X9FY6WPD
1789988830.7,politics,scc-senate-gop-2026-11-03-55,SELL,0.01,0.05,backfill,,0.07,,,,,,,,,recovered from the exchange's transaction history — this fill was never journale,CMHK4VG5TWPA
1789988845.0,politics,scc-senate-gop-2026-11-03-55,SELL,27.99,0.05,focus,1.4336,0.08,0.01085,2,6,0.634,0.05,0.06,-0.0392,-27.99,focus entry: ~$1.47/day; fill odds 74%/day; EV +0.50/day,CMHK4VG5TWPA
1789988905.0,politics,scc-senate-gop-2026-11-03-54,SELL,28,0.05,focus,1.7972,0.11,0.02095,3,8,0.479,0.05,0.06,-0.029,-28,focus entry: ~$1.25/day; fill odds 74%/day; EV +0.28/day,CMHJY09DTWPD
1789989145.0,politics,scc-senate-gop-2026-11-03-51,SELL,115,0.12,sell,3.8254,6.84,0.09,9,13,0.654,0.11,0.12,-0.03,0,an exit — its fill reduces the position it sits on,CMBX5AVVCWPH
1789989805.0,cfb,aachc-cfb-wins-2026-11-28-clmsn-7pt5wins,BUY,1,0.34,sell,0.124,14.49,,30,37,0.239,0.34,0.35,0.01,2,buying back the short at or under what it sold for — the bid earns while it wait,CM5NGXDR0WPC
1789990825.0,politics,usgubewc-usgub-fl-2026-11-03-dem,SELL,20,0.19,sell,0.1702,9.87,0.33255,19,24,0.481,0.18,0.19,0.1426,0,an exit — its fill reduces the position it sits on,CM9SXHQDEWPB
1789992145.0,politics,scc-senate-gop-2026-11-03-55,SELL,0.01,0.05,backfill,,0.07,,,,,,,,,recovered from the exchange's transaction history — this fill was never journale,CMHK4VG5TWPA
1789992505.0,politics,paccc-usse-midterms-2026-11-03-dem,BUY,6,0.605,focus,6.0614,0.08,0.5,60,62,0.843,0.605,0.606,0.105,6,focus entry: ~$5.36/day; fill odds 56%/day; EV +1.64/day,CMJEQ5798WP7
1789993045.0,politics,paccc-usho-midterms-2026-11-03-rep,SELL,186,0.1,sell,14.8955,1.21,0.1034,10,13,0.81,0.099,0.1,0.0034,49,an exit — its fill reduces the position it sits on,CMHMANG12WPA
1789993045.0,politics,cpoc-ussec-tx-mi-me-2026-11-03-dtx-rmi-rme,SELL,19,0.03,focus,0,0.23,,4,8,0.701,0.06,0.1,0.03,-26,focus entry: ~$2.24/day; fill odds 53%/day; EV +1.00/day,CMJEWVQD4WPB
1789993095.9,politics,cpoc-ussec-tx-mi-me-2026-11-03-dtx-rmi-dme,BUY,53,0.07,backfill,,1.1,,,,,,,,,recovered from the exchange's transaction history — this fill was never journale,CMHQQXCYRWP6
1789993165.0,politics,paccc-usho-midterms-2026-11-03-rep,SELL,49,0.1,sell,3.179,1.24,0.1034,11,13,0.836,0.099,0.1,0.0034,0,an exit — its fill reduces the position it sits on,CMHMANG12WPA
1789993165.0,politics,cpoc-ussec-tx-mi-me-2026-11-03-dtx-rmi-dme,BUY,13,0.07,focus,17.4461,0.02,,9,13,0.422,0.03,0.04,-0.04,144,focus entry: ~$17.46/day; fill odds 56%/day; EV +16.62/day,CMJNX0CGRWP9
1789993486.5,politics,cpoc-ussec-tx-mi-me-2026-11-03-rtx-rmi-dme,BUY,0.02,0.08,backfill,,0.06,,,,,,,,,recovered from the exchange's transaction history — this fill was never journale,CMJQ72552WPD
1789993525.0,politics,cpoc-ussec-tx-mi-me-2026-11-03-rtx-rmi-dme,BUY,11,0.08,focus,10.4572,0.07,,5,10,0.55,0.08,0.09,0,11,focus entry: ~$6.60/day; fill odds 57%/day; EV +2.57/day,CMJQ72552WPD
1789994665.1,politics,paccc-usho-midterms-2026-11-03-rep,SELL,39,0.101,focus,374.977,0.06,0.1034,11,14,0.846,0.111,0.113,0.0024,-39,focus entry: ~$342.78/day; fill odds 67%/day; EV +338.46/day,CMK0WJFMJWPH
1789995325.1,politics,scc-senate-gop-2026-11-03-48,BUY,40,0.15,focus,5.8917,0,0.15075,11,15,0.607,0.15,0.16,-0.0008,40,focus entry: ~$5.89/day; fill odds 70%/day; EV +1.55/day,CMK6HN0P2WPC
1789995786.6,politics,cpoc-ussec-tx-mi-me-2026-11-03-dtx-rmi-dme,BUY,53,0.07,backfill,,1.1,,,,,,,,,recovered from the exchange's transaction history — this fill was never journale,CMHQQXCYRWP6
1789995786.6,politics,cpoc-ussec-tx-mi-me-2026-11-03-rtx-rmi-dme,BUY,0.02,0.08,backfill,,0.06,,,,,,,,,recovered from the exchange's transaction history — this fill was never journale,CMJQ72552WPD
1789996746.7,politics,paccc-usho-midterms-2026-11-03-rep,SELL,10,0.113,focus,1.2716,0.11,0.1034,12,14,0.854,0.112,0.114,-0.0096,-49,focus entry: ~$1.27/day; fill odds 67%/day; EV +0.20/day,CMKF41NF8WPB
1789997226.7,politics,scc-senate-gop-2026-11-03-50,BUY,49,0.14,focus,1.1638,0.06,0.117625,11,16,0,0.13,0.15,0.0224,111,focus entry: ~$1.25/day; fill odds 70%/day; EV +0.08/day,CMKN8QHCRWP9
1789997226.7,politics,scc-senate-gop-2026-11-03-48,BUY,57,0.15,focus,2.5473,0.03,0.15075,10,14,0.702,0.14,0.15,-0.0008,57,focus entry: ~$2.32/day; fill odds 70%/day; EV +0.76/day,CMKP33FCGWPH
1789997286.7,politics,scc-senate-gop-2026-11-03-lte45,BUY,31,0.07,sell,1.311,8.41,0.12235,7,11,0.794,0.05,0.06,-0.0523,0,an exit — its fill reduces the position it sits on,CMCGC0CM0WPF
1789997286.7,politics,scc-senate-gop-2026-11-03-54,BUY,28,0.05,sell,0.2808,0.15,0.02095,4,8,0.626,0.05,0.06,0.029,0,an exit — its fill reduces the position it sits on,CMKJBCAW4WPD
1789998666.7,politics,paccc-usse-midterms-2026-11-03-dem,SELL,3,0.606,sell,0.196,1.71,0.5,60,62,0.857,0.605,0.606,-0.106,3,an exit — its fill reduces the position it sits on,CMJHC9KNTWPB
1789999146.7,politics,scc-senate-gop-2026-11-03-55,BUY,28,0.05,sell,0.5658,0.53,0.01085,3,6,0.708,0.04,0.05,0.0392,0,an exit — its fill reduces the position it sits on,CMKPT896RWPH
1789999386.7,politics,scc-senate-gop-2026-11-03-48,BUY,40,0.15,void,5.8917,0,0.15075,11,15,0.607,0.15,0.16,-0.0008,40,voided: the exchange has no trade for order CMK6HN0P2WPC — the row of 09-21 12:5,CMK6HN0P2WPC
1789999806.7,politics,paccc-usho-midterms-2026-11-03-rep,BUY,49,0.112,sell,2.734,0.85,0.1034,11,14,0.861,0.112,0.113,0.0086,0,an exit — its fill reduces the position it sits on,CMKJS9GDPWPB
1790000226.7,politics,paccc-usho-midterms-2026-11-03-rep,BUY,345,0.112,focus,301.538,0.05,0.1034,11,13,0.875,0.11,0.111,0.0086,345,focus entry: ~$186.96/day; fill odds 54%/day; EV +165.50/day,CMMC8SZSPWP7
1790001683.6,politics,scc-senate-gop-2026-11-03-lte45,BUY,31,0.04,focus,2.9898,0,0.12235,6,10,0.797,0.05,0.06,-0.0824,31,focus entry: ~$2.99/day; fill odds 16%/day; EV +0.41/day,CMMRWBGAMWPA
1790002643.7,politics,paccc-usse-midterms-2026-11-03-dem,SELL,3,0.606,sell,0.1042,1.09,0.5,60,62,0.87,0.605,0.606,-0.106,0,an exit — its fill reduces the position it sits on,CMM24ZF74WP7
1790005464.0,politics,paccc-usse-midterms-2026-11-03-dem,SELL,62,0.606,focus,2.4657,0.06,0.5,61,63,0.881,0.605,0.606,-0.106,-62,focus entry: ~$8.38/day; fill odds 53%/day; EV +5.00/day,CMNM47JTYWPF
1790006042.1,politics,usgubewc-usgub-ny-2026-11-03-dem,BUY,40.27,0.93,backfill,,52.18,,,,,,,,,recovered from the exchange's transaction history — this fill was never journale,CK93JF66GWPA
1790006304.0,politics,paccc-usho-midterms-2026-11-03-dem,SELL,238,0.899,focus,375,0.02,0.8966,89,92,0.711,0.912,0.913,-0.0024,-238,focus entry: ~$320.35/day; fill odds 67%/day; EV +302.13/day,CMNV9PR56WPB
1790006544.0,politics,ushrewc-ushr-wa-03-2026-11-03-dem,BUY,106,0.93,focus,57.9313,0.03,,88,95,0,0.91,0.92,0.01,0,focus exit: ~$12.94/day; fill odds 55%/day; EV +9.18/day,CMNXDZ5RTWPH
1790006604.1,politics,scc-senate-gop-2026-11-03-lte45,BUY,-19.89,0.09,fix,17.0173,0.02,0.104675,7,12,0.756,0.09,0.1,-0.0147,79.99,size trimmed by 19.89 to the exchange's count (order CJWAVH35CW0Y),CJWAVH35CW0Y
1790006604.1,politics,scc-senate-gop-2026-11-03-lte45,BUY,31,0.04,void,2.9898,0,0.12235,6,10,0.797,0.05,0.06,-0.0824,31,voided: the exchange has no trade for order CMMRWBGAMWPA — the row of 09-21 14:4,CMMRWBGAMWPA
1790006604.1,politics,usgubewc-usgub-ny-2026-11-03-dem,BUY,40.27,0.93,backfill,,52.18,,,,,,,,,recovered from the exchange's transaction history — this fill was never journale,CK93JF66GWPA
1790006844.1,politics,usgubewc-usgub-ok-2026-11-03-rep,SELL,6,0.87,sell,1.1365,0.5,0.9606,90,96,0.456,0.9,0.91,0.0906,0,selling filled stock — it earns while it waits,CMNJTJMYMWPF
1790006844.1,politics,paccc-usho-midterms-2026-11-03-dem,BUY,238,0.912,sell,314.688,0.14,0.8966,89,92,0.767,0.912,0.913,0.0154,0,an exit — its fill reduces the position it sits on,CMNWMFW96WPE
1790006904.1,politics,usgubewc-usgub-ok-2026-11-03-rep,SELL,0.07,0.91,sell,0.6411,0.03,0.9606,90,95,0.626,0.9,0.91,0.0506,5.93,selling filled stock — it earns while it waits,CMP04654TWPE
1790007204.1,politics,paccc-usho-midterms-2026-11-03-dem,BUY,29,0.912,focus,25.5279,0.1,0.8966,88,91,0.798,0.912,0.913,0.0154,29,focus entry: ~$8.43/day; fill odds 54%/day; EV +6.30/day,CMP0KT9MJWPC
1790007231.0,politics,paccc-usho-midterms-2026-11-03-rep,BUY,227,0.102,backfill,,0,,,,,,,,,recovered from the exchange's transaction history — this fill was never journale,CMP35SWYEWP9
1790007264.1,politics,paccc-usho-midterms-2026-11-03-rep,SELL,345,0.101,sell,374.662,1.26,0.1034,11,13,0.883,0.102,0.103,0.0024,0,an exit — its fill reduces the position it sits on,CMN0YHQ2MWP7
1790007324.1,politics,paccc-usse-midterms-2026-11-03-dem,SELL,22,0.616,focus,29.0476,0.1,0.5,61,63,0.891,0.615,0.616,-0.116,-84,focus entry: ~$24.70/day; fill odds 53%/day; EV +23.69/day,CMP1BP5Q8WPH
1790008284.2,politics,paccc-usho-midterms-2026-11-03-dem,BUY,5,0.911,focus,15.6171,0.05,0.8966,87,90,0.826,0.911,0.912,0.0144,34,focus entry: ~$4.98/day; fill odds 55%/day; EV +4.67/day,CMP9MKB3TWPE
1790008704.2,politics,usgubewc-usgub-tx-2026-11-03-rep,BUY,24,0.8,focus,127.703,0.07,0.793975,78,82,0.199,0.8,0.81,0.006,66,focus entry: ~$7.89/day; fill odds 49%/day; EV +5.76/day,CMPC61GEGWP6
1790008728.7,politics,usgubewc-usgub-tx-2026-11-03-rep,BUY,24,0.8,hand,,0.01,,,,,,,,,your own trade — from the exchange's record; direction from the position move,CMPE7YM7RWPB
1790009004.3,politics,paccc-usho-midterms-2026-11-03-rep,SELL,27,0.103,sell,5.1754,0.48,0.1034,11,13,0.888,0.102,0.103,0.0004,200,an exit — its fill reduces the position it sits on,CMP3HADQGWP7
1790009046.5,politics,cpoc-ussec-tx-mi-me-2026-11-03-rtx-rmi-dme,SELL,11,0.02,backfill,,0.67,,,,,,,,,recovered from the exchange's transaction history — this fill was never journale,CMNYVYDPYWP7
1790009064.3,politics,scc-senate-gop-2026-11-03-50,SELL,111,0.14,sell,0.538,2.79,0.117625,10,15,0.439,0.13,0.14,-0.0224,0,an exit — its fill reduces the position it sits on,CMM44Q1H0WP6
1790009064.3,politics,cpoc-ussec-tx-mi-me-2026-11-03-rtx-rmi-dme,SELL,11,0.25,focus,0,0,,4,8,0.654,0.03,0.09,-0.19,0,focus exit: ~$0.00/day; fill odds 4%/day; EV +0.00/day,CMPH7AGSMWPB
1790009364.3,politics,paccc-usho-midterms-2026-11-03-dem,BUY,4,0.911,focus,10.4631,0.05,0.8966,87,90,0.848,0.911,0.912,0.0144,38,focus entry: ~$6.01/day; fill odds 55%/day; EV +5.61/day,CMPJBPDP8WPD
1790009466.6,politics,scc-senate-gop-2026-11-03-lte45,BUY,31,0.04,void,2.7578,0,0.12235,4,7,0.823,0.05,0.06,-0.0824,31,voided: the exchange has no trade for order CMNYP9MZPWPC — the row of 09-21 16:0,CMNYP9MZPWPC
1790009466.6,politics,scc-hrep-rep-2026-11-03-gte210,SELL,0.01,0.31,hand,,12.42,,,,,,,,,your own trade — from the exchange's record; direction from its order intent,CHTZ0EWW6VNG
1790009466.6,politics,scc-senate-gop-2026-11-03-lte45,SELL,19.55,0.09,hand,,21.36,,,,,,,,,your own trade — from the exchange's record; direction from its order intent,CHP1N2KGRVNH
1790009466.6,politics,paccc-usse-midterms-2026-11-03-dem,BUY,39,0.592,hand,,0.62,,,,,,,,,your own trade — from the exchange's record; direction from its order intent,CJ96JPFYJVNR
1790009466.6,politics,ussewc-usse-ma-2026-11-03-dem,SELL,2.09,0.96,hand,,85.72,,,,,,,,,your own trade — from the exchange's record; direction from its order intent,CG373AKJCVB8
1790009466.6,politics,ussewc-usse-fl-2026-11-03-rep,SELL,24,0.89,hand,,9.43,,,,,,,,,your own trade — from the exchange's record; direction from its order intent,CJ4X9PRPJVNN
1790009466.6,politics,usgubewc-usgub-mn-2026-11-03-dem,BUY,25.38,0.92,hand,,60.2,,,,,,,,,your own trade — from the exchange's record; direction from its order intent,CGT3FA6TWVB9
1790009466.6,politics,usgubewc-usgub-tx-2026-11-03-rep,BUY,82.99,0.81,hand,,40.94,,,,,,,,,your own trade — from the exchange's record; direction from its order intent,CHC45GGRWVNG
1790009466.6,politics,scc-hrep-rep-2026-11-03-gte205,SELL,200,0.28,hand,,0,,,,,,,,,your own trade — from the exchange's record; direction from its order intent,CJFD7Q27AVNA
1790009466.6,politics,cpoc-ussec-tx-me-2026-11-03-dtx-rme,SELL,5.57,0.41,hand,,6.85,,,,,,,,,your own trade — from the exchange's record; direction from its order intent,CJA7JGQX2VNK
1790009466.6,politics,enwc-uspres-nom-dem-2028-dwajoh,SELL,10,0.01,hand,,0,,,,,,,,,your own trade — from the exchange's record; direction from its order intent,CJMG42J8MW20
1790009466.6,politics,ewc-usse-mn-2026-11-03-dem,SELL,56,0.86,hand,,0.01,,,,,,,,,your own trade — from the exchange's record; direction from its order intent,CJMG1K07TW22
1790009466.6,politics,paccc-balpow-2026-11-03-rsweep,BUY,106.29,0.16,hand,,0.08,,,,,,,,,your own trade — from the exchange's record; direction from its order intent,CJMWX41TPW7H
1790009466.6,politics,ewc-usgub-nv-2026-11-03-dem,BUY,51,0.52,hand,,0.31,,,,,,,,,your own trade — from the exchange's record; direction from its order intent,CJNAHE6SAW1Z
1790009466.6,politics,ewc-usgub-nv-2026-11-03-dem,BUY,11,0.51,hand,,0,,,,,,,,,your own trade — from the exchange's record; direction from its order intent,CJNNH4EM4W20
1790009466.6,politics,cpoc-ussec-tx-mi-me-2026-11-03-dsweep,SELL,0.22,0.46,hand,,0.05,,,,,,,,,your own trade — from the exchange's record; direction from its order intent,CJP184KD2WM9
1790009466.6,politics,cpoc-ussec-tx-mi-me-2026-11-03-dtx-rmi-dme,SELL,0.43,0.26,hand,,0.03,,,,,,,,,your own trade — from the exchange's record; direction from its order intent,CJP1KV9M4W7E
1790009466.6,politics,cpoc-ussec-tx-mi-me-2026-11-03-rtx-rmi-dme,SELL,0.63,0.24,hand,,0.03,,,,,,,,,your own trade — from the exchange's record; direction from its order intent,CJP2GG6PGW21
1790009466.6,politics,cpoc-ussec-tx-mi-me-2026-11-03-rsweep,SELL,0.14,0.22,hand,,0.26,,,,,,,,,your own trade — from the exchange's record; direction from its order intent,CJNY09JA8W1Y
1790009466.6,politics,cpoc-ussec-tx-mi-me-2026-11-03-dtx-dmi-rme,SELL,0.08,0.11,hand,,0.07,,,,,,,,,your own trade — from the exchange's record; direction from its order intent,CJP8DEDQRW7E
1790009466.6,politics,cpoc-ussec-tx-mi-me-2026-11-03-dsweep,SELL,0.28,0.67,hand,,0.07,,,,,,,,,your own trade — from the exchange's record; direction from its order intent,CJP95086CW1Y
1790009466.6,politics,cpoc-ussec-tx-me-2026-11-03-dsweep,SELL,0.05,0.56,hand,,0.1,,,,,,,,,your own trade — from the exchange's record; direction from its order intent,CJPBF855WWM9
1790009466.6,politics,cpoc-ussec-tx-mi-me-2026-11-03-rtx-rmi-dme,SELL,0.18,0.2,hand,,0.05,,,,,,,,,your own trade — from the exchange's record; direction from its order intent,CJPDNHQ74W7H
1790009466.6,politics,cpoc-ussec-tx-mi-me-2026-11-03-dtx-dmi-rme,SELL,0.66,0.11,hand,,0.25,,,,,,,,,your own trade — from the exchange's record; direction from its order intent,CJPAR78STWM9
1790009466.6,politics,cpoc-ussec-tx-me-2026-11-03-dsweep,SELL,0.02,0.56,hand,,0.13,,,,,,,,,your own trade — from the exchange's record; direction from its order intent,CJPEHGM4JW1Z
1790009466.6,politics,ushrewc-ushr-me-02-2026-11-03-rep,BUY,7.43,0.63,hand,,1.3,,,,,,,,,your own trade — from the exchange's record; direction from its order intent,CJNKGW098W7H
1790009466.6,politics,ushrewc-ushr-tx-34-2026-11-03-rep,BUY,12.22,0.29,hand,,0.17,,,,,,,,,your own trade — from the exchange's record; direction from its order intent,CJPM41BWRW0Y
1790009466.6,politics,ushrewc-ushr-me-02-2026-11-03-dem,BUY,6.37,0.42,hand,,1.57,,,,,,,,,your own trade — from the exchange's record; direction from its order intent,CJNCNE10PW7H
1790009466.6,politics,usgubewc-usgub-tx-2026-11-03-dem,BUY,13.94,0.24,hand,,0.01,,,,,,,,,your own trade — from the exchange's record; direction from its order intent,CJPSW5FJYW22
1790009466.6,politics,ewc-usse-tx-2026-11-03-dem,BUY,36,0.58,hand,,3.67,,,,,,,,,your own trade — from the exchange's record; direction from its order intent,CJMC6X3FTW1Z
1790009466.6,politics,enwc-uspres-nom-dem-2028-dwajoh,BUY,8.46,0.01,hand,,1.88,,,,,,,,,your own trade — from the exchange's record; direction from its order intent,CJP3764XPW0Y
1790009466.6,politics,ussewc-usse-nm-2026-11-03-dem,SELL,8.04,0.94,hand,,2.96,,,,,,,,,your own trade — from the exchange's record; direction from its order intent,CJNDRNJ7YW20
1790009466.6,politics,ewc-usgub-wi-2026-11-03-dem,SELL,5,0.84,hand,,4.96,,,,,,,,,your own trade — from the exchange's record; direction from its order intent,CJNRR9RWMW7E
1790009466.6,politics,ewc-usse-oh-2026-11-03-dem,BUY,4,0.55,hand,,3.1,,,,,,,,,your own trade — from the exchange's record; direction from its order intent,CJQQ5WDJAWM9
1790009466.6,politics,scc-senate-gop-2026-11-03-lte45,BUY,19.89,0.09,hand,,0,,,,,,,,,your own trade — from the exchange's record; direction from its order intent,CJWAVH35CW0Y
1790009466.6,politics,paccc-usho-midterms-2026-11-03-rep,BUY,227,0.102,backfill,,0,,,,,,,,,recovered from the exchange's transaction history — this fill was never journale,CMP35SWYEWP9
1790009466.6,politics,usgubewc-usgub-tx-2026-11-03-rep,BUY,24,0.8,hand,,0.01,,,,,,,,,your own trade — from the exchange's record; direction from the position move,CMPE7YM7RWPB
1790009466.6,politics,cpoc-ussec-tx-mi-me-2026-11-03-rtx-rmi-dme,SELL,11,0.02,backfill,,0.67,,,,,,,,,recovered from the exchange's transaction history — this fill was never journale,CMNYVYDPYWP7
1790009466.6,cfb,aachc-cfb-wins-2026-11-28-oregst-5pt5wins,BUY,1,0.4,backfill,,0,,,,,,,,,recovered from the exchange's transaction history — this fill was never journale,CFVKYXRJRTN5
1790009466.6,cfb,aachc-cfb-wins-2026-11-28-oregst-5pt5wins,SELL,1,0.39,hand,,7.4,,,,,,,,,your own trade — from the exchange's record; direction from the position move,CFNDGAE3TTN5
1790009618.4,politics,paccc-usho-midterms-2026-11-03-dem,BUY,4,0.911,focus,52.5096,0.04,0.8966,87,89,0.865,0.911,0.912,0.0144,46,focus entry: ~$9.95/day; fill odds 55%/day; EV +9.54/day,CMPMD1RJYWP7
1790009797.1,politics,cpoc-ussec-tx-mi-me-2026-11-03-rtx-rmi-dme,SELL,5.1,0.04,backfill,,0.11,,,,,,,,,recovered from the exchange's transaction history — this fill was never journale,CMPKSJDHGWPE
1790009798.4,politics,paccc-usho-midterms-2026-11-03-rep,SELL,9,0.103,sell,4.4717,0.7,0.1034,11,13,0.897,0.102,0.103,0.0004,191,an exit — its fill reduces the position it sits on,CMP3HADQGWP7
1790010391.3,politics,ewc-usgub-ia-2026-11-03-dem,SELL,40,0.77,sell,0.04,77.6,0.88195,75,80,0.031,0.76,0.77,0.1119,39,an exit — its fill reduces the position it sits on,CJM91Y75AW0Y
1790010811.3,politics,paccc-usho-midterms-2026-11-03-dem,SELL,42,0.91,sell,1.7599,0.2,0.8966,87,89,0.878,0.909,0.91,-0.0134,0,an exit — its fill reduces the position it sits on,CMPSPA4CCWPA
1790011051.3,politics,ussewc-usse-il-2026-11-03-dem,SELL,10,0.97,sell,0.1533,0.47,0.99685,95,99,0.241,0.98,0.99,0.0269,0,selling filled stock — it earns while it waits,CMPKS3MJCWP6
1790011291.3,politics,ussewc-usse-la-2026-11-03-dem,SELL,2,0.06,sell,0.0446,68.47,0.041175,4,9,0.338,0.05,0.06,-0.0188,0,selling filled stock — it earns while it waits,CJWD2RWPCW1Y
1790011411.3,politics,ussewc-usse-co-2026-11-03-dem,BUY,515,0.94,sell,1.4748,53.39,0.9956,94,99,0.23,0.94,0.95,-0.0556,0,an exit — its fill reduces the position it sits on,CK9ASABXRWP6
1790011531.3,politics,paccc-usse-midterms-2026-11-03-dem,SELL,11,0.617,focus,89.8339,0.06,0.5,62,64,0.892,0.616,0.617,-0.117,-95,focus entry: ~$32.40/day; fill odds 54%/day; EV +29.28/day,CMQ31A1G6WPF
1790011951.3,politics,paccc-usho-midterms-2026-11-03-rep,SELL,182,0.103,sell,4.2057,1.3,0.1034,12,14,0.901,0.102,0.103,0.0004,9,an exit — its fill reduces the position it sits on,CMP3HADQGWP7
1790012131.3,politics,cpoc-ussec-tx-me-2026-11-03-dsweep,SELL,41,0.47,sell,0,7.06,,54,60,0.665,0.47,0.48,0.1,0,an exit — its fill reduces the position it sits on,CMH5QRYHRWPB
1790013091.3,politics,paccc-usho-midterms-2026-11-03-rep,SELL,-32,0.117,fix,173.343,0.26,0.1253,11,13,0.915,0.116,0.117,0.0083,0,size trimmed by 32 to the exchange's count (order CJZBEE460W0Y),CJZBEE460W0Y
1790013091.3,politics,scc-hrep-rep-2026-11-03-gte215,SELL,-75,0.05,fix,6.3346,5.68,0.18255,6,15,0.552,0.04,0.05,0.1326,0,size trimmed by 75 to the exchange's count (order CJTS2TMJ4W7H),CJTS2TMJ4W7H
1790013091.3,politics,cpoc-ussec-tx-mi-me-2026-11-03-rtx-rmi-dme,SELL,11,0.25,void,0,0,,4,8,0.654,0.03,0.09,-0.19,0,voided: the exchange has no trade for order CMPH7AGSMWPB — the row of 09-21 16:4,CMPH7AGSMWPB
1790013091.3,politics,paccc-usho-midterms-2026-11-03-dem,BUY,4,0.911,void,10.4631,0.07,0.8966,87,89,0.865,0.911,0.912,0.0144,42,voided: the exchange has no trade for order CMPKG34R2WPF — the row of 09-21 16:5,CMPKG34R2WPF
1790013091.3,politics,cpoc-ussec-tx-mi-me-2026-11-03-rtx-rmi-dme,SELL,5,0.04,void,6.5959,0.11,,7,11,0.731,0.03,0.04,0.05,-5,voided: the exchange has no trade for order CMPKWT4JYWPH — the row of 09-21 16:5,CMPKWT4JYWPH
1790013091.3,politics,cpoc-ussec-tx-mi-me-2026-11-03-rtx-rmi-dme,SELL,5.1,0.04,backfill,,0.11,,,,,,,,,recovered from the exchange's transaction history — this fill was never journale,CMPKSJDHGWPE
1790013391.4,politics,paccc-usho-midterms-2026-11-03-rep,SELL,9,0.103,sell,0.2015,1.7,0.1034,12,14,0.908,0.102,0.103,0.0004,0,an exit — its fill reduces the position it sits on,CMP3HADQGWP7
1790014951.4,politics,ewc-usgub-nv-2026-11-03-dem,SELL,10,0.45,sell,0.0644,69.54,0.40965,43,47,0.513,0.44,0.45,-0.0403,60,an exit — its fill reduces the position it sits on,CJWBHWJ68W7H
1790015847.4,politics,ewc-usse-tx-2026-11-03-rep,BUY,40,0.43,backfill,,38.59,,,,,,,,,recovered from the exchange's transaction history — this fill was never journale,CKQ48659YWP9
1790015911.4,politics,ewc-usse-tx-2026-11-03-rep,BUY,33,0.43,sell,0.5289,38.61,0.299425,42,46,0.436,0.43,0.44,0.1306,0,an exit — its fill reduces the position it sits on,CKQ48659YWP9
1790016692.9,politics,ewc-usse-tx-2026-11-03-rep,BUY,40,0.43,backfill,,38.59,,,,,,,,,recovered from the exchange's transaction history — this fill was never journale,CKQ48659YWP9
1790016718.8,politics,paccc-usho-midterms-2026-11-03-rep,BUY,552,0.101,backfill,,0.53,,,,,,,,,recovered from the exchange's transaction history — this fill was never journale,CMQX5VEMGWPB
1790016756.9,politics,paccc-usho-midterms-2026-11-03-rep,BUY,222,0.09,focus,131.619,0.01,0.1034,12,14,0.91,0.09,0.091,-0.0134,222,focus entry: ~$131.62/day; fill odds 56%/day; EV +48.40/day,CMRBWDV6CWPA
1790016816.9,politics,ewc-usse-mi-2026-11-03-rep,SELL,16,0.33,sell,0.6335,78.34,0.2277,30,35,0.175,0.32,0.33,-0.1023,70,an exit — its fill reduces the position it sits on,CJN7PQB5EW22
1790016816.9,politics,paccc-usse-midterms-2026-11-03-dem,SELL,39,0.618,focus,11.2031,0.03,0.5,62,64,0.893,0.617,0.618,-0.118,-134,focus entry: ~$53.06/day; fill odds 54%/day; EV +49.43/day,CMRBWXJ4YWPD
1790017116.9,politics,ewc-usse-mi-2026-11-03-rep,SELL,28,0.33,sell,0.5152,78.42,0.2277,31,35,0.511,0.32,0.33,-0.1023,42,an exit — its fill reduces the position it sits on,CJN7PQB5EW22
1790017776.9,politics,ewc-usse-mi-2026-11-03-rep,SELL,5,0.33,sell,0.3099,78.6,0.2277,32,36,0.652,0.32,0.33,-0.1023,37,an exit — its fill reduces the position it sits on,CJN7PQB5EW22
1790017956.9,politics,cpoc-ussec-tx-me-2026-11-03-rsweep,SELL,5.81,0.27,sell,1.5097,14.09,,26,30,0.389,0.26,0.27,0.01,117.19,an exit — its fill reduces the position it sits on,CMCHYK5DRWPC
1790018076.9,politics,scc-senate-gop-2026-11-03-48,SELL,57,0.15,sell,0.283,5.78,0.15075,10,14,0.74,0.14,0.15,0.0008,0,an exit — its fill reduces the position it sits on,CMKQ9598PWPD
1790019929.0,politics,paccc-usse-midterms-2026-11-03-dem,BUY,121,0.618,backfill,,0.55,,,,,,,,,recovered from the exchange's transaction history — this fill was never journale,CMRPBX0QJWP7
1790020329.8,politics,ewc-usse-oh-2026-11-03-dem,SELL,131,0.6,backfill,,0.18,,,,,,,,,recovered from the exchange's transaction history — this fill was never journale,CMS39ZGK8WP7
1790020338.3,politics,paccc-usho-midterms-2026-11-03-rep,SELL,-8,0.116,fix,10.9268,3.88,0.1253,12,14,0.936,0.115,0.116,0.0093,568,size trimmed by 8 to the exchange's count (order CK16GKRK2WP7),CK16GKRK2WP7
1790020338.3,politics,paccc-usho-midterms-2026-11-03-rep,SELL,-32,0.116,fix,16.3342,3.56,0.1253,12,14,0.932,0.115,0.116,0.0093,576,size trimmed by 32 to the exchange's count (order CK16GKRK2WP7),CK16GKRK2WP7
1790020338.3,politics,paccc-usho-midterms-2026-11-03-rep,BUY,552,0.101,backfill,,0.53,,,,,,,,,recovered from the exchange's transaction history — this fill was never journale,CMQX5VEMGWPB
1790020338.3,politics,paccc-usse-midterms-2026-11-03-dem,BUY,121,0.618,backfill,,0.55,,,,,,,,,recovered from the exchange's transaction history — this fill was never journale,CMRPBX0QJWP7
1790020338.3,politics,ewc-usse-oh-2026-11-03-dem,SELL,131,0.6,backfill,,0.18,,,,,,,,,recovered from the exchange's transaction history — this fill was never journale,CMS39ZGK8WP7
1790020638.3,politics,paccc-usse-midterms-2026-11-03-dem,BUY,13,0.618,sell,0.4252,0.75,0.5,62,64,0.894,0.618,0.619,0.118,0,an exit — its fill reduces the position it sits on,CMRPBX0QJWP7
1790020818.3,politics,paccc-usho-midterms-2026-11-03-rep,SELL,58,0.091,sell,171.534,1.12,0.1034,11,13,0.914,0.09,0.091,0.0124,716,an exit — its fill reduces the position it sits on,CMRCQ171TWPE
1790020878.3,politics,paccc-usho-midterms-2026-11-03-rep,SELL,51,0.091,sell,36.4212,1.14,0.1034,12,14,0.92,0.09,0.091,0.0124,665,an exit — its fill reduces the position it sits on,CMRCQ171TWPE
1790020998.3,politics,paccc-usho-midterms-2026-11-03-rep,SELL,665,0.091,sell,37.0262,1.17,0.1034,12,14,0.925,0.09,0.091,0.0124,0,an exit — its fill reduces the position it sits on,CMRCQ171TWPE
1790021358.3,politics,ushrewc-ushr-tx-34-2026-11-03-dem,SELL,10,0.74,sell,10.9784,33.44,,73,79,0,0.74,0.75,0.02,0,an exit — its fill reduces the position it sits on,CKWRX3SEYWPA
1790021658.3,politics,ewc-usse-mi-2026-11-03-rep,SELL,37,0.33,sell,0.275,79.68,0.2277,32,36,0.726,0.32,0.33,-0.1023,0,an exit — its fill reduces the position it sits on,CJN7PQB5EW22
1790021659.5,politics,paccc-usse-midterms-2026-11-03-dem,SELL,7,0.619,backfill,,0.06,,,,,,,,,recovered from the exchange's transaction history — this fill was never journale,CMSGVFGWEWPE
1790022088.1,politics,ushrewc-ushr-tx-34-2026-11-03-dem,SELL,261,0.75,backfill,,0.2,,,,,,,,,recovered from the exchange's transaction history — this fill was never journale,CMSGAXBC2WPE
1790022498.3,cfb,aachc-cfb-wins-2026-11-28-clmsn-7pt5wins,SELL,1,0.34,sell,0,0,,29,36,0.491,0.34,0.35,-0.01,0,taker dump — sold into the bid (the carved exception),CMSRHK5QYWPA
1790023044.9,politics,paccc-usho-midterms-2026-11-03-rep,SELL,57,0.098,focus,179.173,0.25,0.1034,12,14,0.925,0.101,0.102,0.0054,-57,focus entry: ~$12.59/day; fill odds 67%/day; EV +9.27/day,CMSNKDH8JWPA
1790023814.7,politics,paccc-usse-midterms-2026-11-03-dem,BUY,7,0.618,sell,0.3292,0.58,0.5,62,63,0.901,0.618,0.619,0.118,7,an exit — its fill reduces the position it sits on,CMSJGYB7PWPD
1790023994.7,politics,usgubewc-usgub-ak-2026-11-03-davbro,SELL,-5,0.03,fix,19.6711,16.71,0.0082,1,4,0.654,0.02,0.03,-0.0218,152,size trimmed by 5 to the exchange's count (order CJWB6WACPW7E),CJWB6WACPW7E
1790023994.7,politics,usgubewc-usgub-ak-2026-11-03-davbro,SELL,-3,0.03,fix,17.8115,12.18,0.0082,1,4,0.551,0.02,0.03,-0.0218,157,size trimmed by 3 to the exchange's count (order CJWB6WACPW7E),CJWB6WACPW7E
1790023994.7,politics,paccc-usho-midterms-2026-11-03-rep,SELL,-100,0.112,fix,5.0583,3.11,0.1253,13,14,0.943,0.111,0.112,0.0133,6,size trimmed by 100 to the exchange's count (order CK6Y84CNWWPC),CK6Y84CNWWPC
1790023994.7,politics,paccc-usho-midterms-2026-11-03-rep,SELL,-152,0.112,fix,14.5084,3.01,0.1253,13,14,0.941,0.111,0.112,0.0133,106,size trimmed by 152 to the exchange's count (order CK6Y84CNWWPC),CK6Y84CNWWPC
1790023994.7,politics,paccc-usse-midterms-2026-11-03-dem,SELL,7,0.619,backfill,,0.06,,,,,,,,,recovered from the exchange's transaction history — this fill was never journale,CMSGVFGWEWPE
1790023994.7,politics,ushrewc-ushr-tx-34-2026-11-03-dem,SELL,261,0.75,backfill,,0.2,,,,,,,,,recovered from the exchange's transaction history — this fill was never journale,CMSGAXBC2WPE
1790024654.7,politics,paccc-usho-midterms-2026-11-03-rep,SELL,9,0.102,focus,0.2611,0.09,0.1034,12,14,0.929,0.101,0.102,0.0014,-66,focus entry: ~$0.87/day; fill odds 67%/day; EV +0.18/day,CMT569EFEWPA
1790025149.1,politics,ussewc-usse-fl-2026-11-03-rep,SELL,1.11,0.89,hand,,9.43,,,,,,,,,your own trade — from the exchange's record; direction from its order intent,CJ4X9PRPJVNN
1790025149.1,politics,usgubewc-usgub-tx-2026-11-03-rep,BUY,28,0.81,hand,,40.94,,,,,,,,,your own trade — from the exchange's record; direction from its order intent,CHC45GGRWVNG
1790025149.1,politics,paccc-usho-midterms-2026-11-03-rep,SELL,32,0.117,hand,,0.24,,,,,,,,,your own trade — from the exchange's record; direction from its order intent,CJZBEE460W0Y
1790025149.1,politics,scc-hrep-rep-2026-11-03-gte215,SELL,75,0.05,hand,,5.67,,,,,,,,,your own trade — from the exchange's record; direction from its order intent,CJTS2TMJ4W7H
1790025149.1,politics,paccc-usho-midterms-2026-11-03-rep,SELL,40,0.116,hand,,3.86,,,,,,,,,your own trade — from the exchange's record; direction from its order intent,CK16GKRK2WP7
1790025149.1,politics,paccc-usho-midterms-2026-11-03-rep,SELL,252,0.112,hand,,3.09,,,,,,,,,your own trade — from the exchange's record; direction from its order intent,CK6Y84CNWWPC
1790025149.1,politics,usgubewc-usgub-ak-2026-11-03-davbro,SELL,8,0.03,backfill,,16.7,,,,,,,,,recovered from the exchange's transaction history — this fill was never journale,CJWB6WACPW7E
1790026469.3,politics,ewc-usgub-oh-2026-11-03-rep,SELL,63,0.41,focus,2.5754,0.02,0.43915,39,44,0.452,0.41,0.42,0.0292,-63,focus entry: ~$2.64/day; fill odds 48%/day; EV +0.42/day,CMTHMENVTWPC
1790026829.3,politics,paccc-usho-midterms-2026-11-03-rep,BUY,66,0.102,sell,0.943,0.22,0.1111,12,14,0.93,0.102,0.103,-0.0091,0,an exit — its fill reduces the position it sits on,CMTFDSWEJWPC
1790027624.1,politics,ewc-usgub-wi-2026-11-03-dem,SELL,14,0.83,sell,0.0064,73.61,0.7141,81,85,0.47,0.82,0.83,-0.1159,1,an exit — its fill reduces the position it sits on,CJVWP40J8W1Y
1790027624.1,politics,paccc-usse-midterms-2026-11-03-dem,BUY,4,0.618,focus,4.7821,0.24,0.5,61,63,0.896,0.618,0.619,0.118,4,focus entry: ~$4.86/day; fill odds 56%/day; EV +2.75/day,CMTMQ39X0WP9
1790027895.5,politics,paccc-usho-midterms-2026-11-03-rep,BUY,576,0.102,backfill,,0.23,,,,,,,,,recovered from the exchange's transaction history — this fill was never journale,CMTQ70B6MWP6
1790028764.2,politics,cpoc-ussec-tx-me-2026-11-03-rsweep,SELL,-10.21,0.28,fix,4.1869,30.25,,24,29,0.53,0.27,0.28,-0.01,23,size trimmed by 10.21 to the exchange's count (order CJVCQD0ZPW1Y),CJVCQD0ZPW1Y
1790028764.2,politics,paccc-usho-midterms-2026-11-03-rep,BUY,576,0.102,backfill,,0.23,,,,,,,,,recovered from the exchange's transaction history — this fill was never journale,CMTQ70B6MWP6
1790029064.3,politics,paccc-usse-midterms-2026-11-03-dem,SELL,4,0.619,sell,0.0351,0.4,0.5,61,63,0.898,0.618,0.619,-0.119,0,an exit — its fill reduces the position it sits on,CMTV86SXGWP7
1790034029.8,politics,ushrewc-ushr-wa-03-2026-11-03-rep,SELL,51,0.09,backfill,,1.7,,,,,,,,,recovered from the exchange's transaction history — this fill was never journale,CMTXQMV60WPB
1790035786.4,politics,ewc-usgub-wi-2026-11-03-dem,SELL,1,0.83,sell,0.0004,75.88,0.7141,82,86,0.622,0.82,0.83,-0.1159,0,an exit — its fill reduces the position it sits on,CJVWP40J8W1Y
1790035921.4,politics,ewc-usse-tx-2026-11-03-rep,BUY,82,0.43,backfill,,0.51,,,,,,,,,recovered from the exchange's transaction history — this fill was never journale,CMWEQZCARWP6
1790035966.4,politics,ewc-usse-nc-2026-11-03-rep,SELL,-82,0.07,fix,1.7222,32.05,0.1066,5,9,0.618,0.06,0.07,0.0366,0,size trimmed by 82 to the exchange's count (order CJNCYYBE0W20),CJNCYYBE0W20
1790035966.4,politics,ewc-usse-nc-2026-11-03-rep,SELL,-34,0.07,fix,4.0673,27.56,0.1066,6,10,0.482,0.06,0.07,0.0366,82,size trimmed by 34 to the exchange's count (order CJNCYYBE0W20),CJNCYYBE0W20
1790035966.4,politics,usgubewc-usgub-fl-2026-11-03-rep,BUY,-0.66,0.78,fix,,46.84,,,,,,,,,size trimmed by 0.66 to the exchange's count (order CJV9M856AW21),CJV9M856AW21
1790035966.4,politics,ushrewc-ushr-wa-03-2026-11-03-rep,SELL,51,0.09,backfill,,1.7,,,,,,,,,recovered from the exchange's transaction history — this fill was never journale,CMTXQMV60WPB
1790035966.4,politics,ewc-usse-tx-2026-11-03-rep,BUY,82,0.43,backfill,,0.51,,,,,,,,,recovered from the exchange's transaction history — this fill was never journale,CMWEQZCARWP6
1790037526.4,politics,cpoc-ussec-tx-mi-me-2026-11-03-rtx-rmi-dme,BUY,5,0.07,sell,0.0218,0.37,,8,13,0.677,0.07,0.09,-0.03,5,buying back the short at or under what it sold for — the bid earns while it wait,CMWZEZJ5GWPD
1790038486.4,politics,paccc-usho-midterms-2026-11-03-rep,SELL,61,0.102,sell,9.1995,0.19,0.1111,11,13,0.928,0.101,0.102,0.0091,515,an exit — its fill reduces the position it sits on,CMXDTF48CWPC
1790039332.5,politics,paccc-usho-midterms-2026-11-03-rep,SELL,230,0.102,sell,7.1312,0.42,0.1111,11,13,0.932,0.101,0.102,0.0091,285,an exit — its fill reduces the position it sits on,CMXDTF48CWPC
1790039572.5,politics,scc-hrep-rep-2026-11-03-gte180,SELL,-5.14,0.97,fix,0.0059,20.03,0.920325,92,97,0,0.96,0.97,-0.0497,0,size trimmed by 5.14 to the exchange's count (order CJX9VWF8JW1Z),CJX9VWF8JW1Z
1790039932.5,politics,ewc-usse-tx-2026-11-03-rep,SELL,14,0.43,sell,0.8346,1.09,0.3037,40,45,0.584,0.42,0.43,-0.1263,68,an exit — its fill reduces the position it sits on,CMWXFBPFMWPE
1790039992.5,politics,ewc-usse-tx-2026-11-03-rep,SELL,22,0.43,sell,0.7014,1.11,0.3037,42,46,0.691,0.42,0.43,-0.1263,46,an exit — its fill reduces the position it sits on,CMWXFBPFMWPE
1790040657.3,politics,ushrewc-ushr-ne-02-2026-11-03-rep,SELL,20,0.06,sell,1.2295,84.75,,8,12,0.913,0.05,0.06,0.04,150,an exit — its fill reduces the position it sits on,CJND344BPW22
1790041257.4,politics,ushrewc-ushr-ne-02-2026-11-03-rep,SELL,39,0.06,sell,1.2441,0.15,,8,12,0.919,0.05,0.06,0.04,111,an exit — its fill reduces the position it sits on,CMY38YVW4WPC
1790041497.4,politics,ewc-usse-tx-2026-11-03-rep,SELL,11,0.43,sell,0.5314,1.53,0.3037,43,46,0.752,0.42,0.43,-0.1263,35,an exit — its fill reduces the position it sits on,CMWXFBPFMWPE
1790041677.4,politics,ewc-usse-tx-2026-11-03-rep,SELL,35,0.43,sell,0.4065,1.58,0.3037,44,47,0.794,0.42,0.43,-0.1263,0,an exit — its fill reduces the position it sits on,CMWXFBPFMWPE
1790041677.4,politics,ushrewc-ushr-ne-02-2026-11-03-rep,SELL,20,0.06,sell,1.3416,0.1,,9,13,0.924,0.05,0.06,0.04,91,an exit — its fill reduces the position it sits on,CMY7Y9NSAWP7
1790041857.4,politics,ushrewc-ushr-ne-02-2026-11-03-rep,SELL,20,0.06,sell,1.3733,0.15,,9,13,0.928,0.05,0.06,0.05,71,an exit — its fill reduces the position it sits on,CMY7Y9NSAWP7
1790042097.4,politics,ushrewc-ushr-ne-02-2026-11-03-rep,SELL,20,0.06,sell,0.8649,0.22,,9,13,0.932,0.05,0.06,0.05,51,an exit — its fill reduces the position it sits on,CMY7Y9NSAWP7
1790042337.5,politics,ushrewc-ushr-ne-02-2026-11-03-rep,SELL,20,0.06,sell,0.4285,0.28,,9,13,0.936,0.05,0.06,0.05,31,an exit — its fill reduces the position it sits on,CMY7Y9NSAWP7
1790042457.5,politics,ushrewc-ushr-ne-02-2026-11-03-rep,SELL,20,0.06,sell,0.2543,0.32,,10,13,0.939,0.05,0.06,0.05,11,an exit — its fill reduces the position it sits on,CMY7Y9NSAWP7
1790042757.5,politics,ushrewc-ushr-ne-02-2026-11-03-rep,SELL,11,0.06,sell,0.184,0.4,,10,14,0.942,0.05,0.06,0.05,0,an exit — its fill reduces the position it sits on,CMY7Y9NSAWP7
1790043177.5,politics,ussewc-usse-sc-2026-11-03-dem,BUY,-2.3,0.14,fix,,56.1,,,,,,,,,size trimmed by 2.3 to the exchange's count (order CJNDPN4XTW22),CJNDPN4XTW22
1790043177.5,politics,ussewc-usse-sc-2026-11-03-dem,BUY,-3.33,0.14,fix,,30.56,,,,,,,,,size trimmed by 3.33 to the exchange's count (order CJNDPN4XTW22),CJNDPN4XTW22
1790043177.5,politics,ussewc-usse-sc-2026-11-03-dem,BUY,-38.43,0.14,fix,,29.66,,,,,,,,,size trimmed by 38.43 to the exchange's count (order CJNDPN4XTW22),CJNDPN4XTW22
1790044959.3,politics,ewc-usse-tx-2026-11-03-rep,BUY,35,0.42,backfill,,0.94,,,,,,,,,recovered from the exchange's transaction history — this fill was never journale,CMY9T842PWPD
1790044977.6,politics,ewc-usse-tx-2026-11-03-rep,BUY,6,0.42,focus,4.1821,0.94,0.3037,44,47,0.822,0.42,0.43,0.1163,6,focus entry: ~$4.10/day; fill odds 56%/day; EV +2.38/day,CMY9T842PWPD
1790045157.6,politics,paccc-usho-midterms-2026-11-03-rep,SELL,285,0.102,sell,2.0565,1.6,0.1111,12,13,0.934,0.101,0.102,0.0091,0,an exit — its fill reduces the position it sits on,CMXSQCYBMWP9
1790046777.6,politics,ewc-usse-tx-2026-11-03-rep,BUY,35,0.42,backfill,,0.94,,,,,,,,,recovered from the exchange's transaction history — this fill was never journale,CMY9T842PWPD
1790047437.6,politics,ussewc-usse-co-2026-11-03-dem,SELL,366,0.95,focus,16.4315,0.84,0.996375,93,97,0.483,0.95,0.96,0.0464,-366,focus entry: ~$9.62/day; fill odds 54%/day; EV +1.67/day,CMYYK40DYWPD
1790047797.6,politics,paccc-usse-midterms-2026-11-03-dem,SELL,14,0.619,focus,1.4174,0.14,0.5,61,63,0.85,0.618,0.619,-0.119,-14,focus entry: ~$13.56/day; fill odds 54%/day; EV +11.95/day,CMZJRWZKEWPE
1790049477.7,politics,paccc-usse-midterms-2026-11-03-dem,SELL,3,0.619,focus,0.2784,0.12,0.5,61,64,0.853,0.618,0.619,-0.119,-17,focus entry: ~$4.01/day; fill odds 54%/day; EV +3.60/day,CMZYTAMXJWPB
1790050557.7,politics,paccc-usse-midterms-2026-11-03-dem,SELL,28,0.619,focus,1.4069,0.05,0.5,62,64,0.856,0.618,0.619,-0.119,-45,focus entry: ~$1.40/day; fill odds 54%/day; EV +1.04/day,CN09WKM8RWP9
1790051157.7,politics,ewc-usse-ia-2026-11-03-rep,BUY,69,0.58,focus,120.305,0.01,0.481675,51,58,0.039,0.56,0.57,0.0983,69,focus entry: ~$28.31/day; fill odds 56%/day; EV +27.34/day,CN0E58F3MWP7
1790051698.4,politics,paccc-usse-midterms-2026-11-03-rep,BUY,73,0.413,focus,9.3602,0.16,0.3583,39,44,0.157,0.408,0.409,0.0547,73,focus entry: ~$8.73/day; fill odds 56%/day; EV +7.77/day,CN0EHWYJ4WPE
1790051998.4,politics,ewc-usse-tx-2026-11-03-rep,BUY,53,0.42,focus,1.7329,0.08,0.3037,43,46,0.84,0.41,0.42,0.1163,94,focus entry: ~$2.12/day; fill odds 56%/day; EV +1.25/day,CN0HHD7SRWPF
1790052598.4,politics,paccc-usse-midterms-2026-11-03-dem,SELL,2,0.619,focus,1.6212,0.06,0.5,62,64,0.858,0.618,0.619,-0.119,-47,focus entry: ~$1.69/day; fill odds 54%/day; EV +1.49/day,CN0N904CJWP6
1790053078.4,politics,usgubewc-usgub-fl-2026-11-03-dem,SELL,20,0.19,focus,0.9322,0.28,0.324425,19,25,0.558,0.19,0.2,0.1344,-20,focus entry: ~$0.96/day; fill odds 48%/day; EV +0.50/day,CN0K8PDS2WP6
1790053258.4,politics,ewc-usgub-ia-2026-11-03-dem,SELL,39,0.77,sell,122.45,11.89,0.87875,79,85,0.408,0.8,0.81,0.1088,0,an exit — its fill reduces the position it sits on,CMPWQ5G3JWPA
1790053258.4,politics,paccc-usho-midterms-2026-11-03-rep,BUY,177,0.1,focus,370.783,0.03,0.1111,12,14,0.934,0.093,0.094,-0.0111,177,focus entry: ~$5.58/day; fill odds 4%/day; EV +4.06/day,CN0WB9QE2WPC
1790053258.4,politics,ewc-usgub-ia-2026-11-03-dem,SELL,39,0.81,focus,9.8514,0.02,0.87875,79,85,0.408,0.8,0.81,0.0687,-39,focus exit: ~$2.56/day; fill odds 49%/day; EV +3.81/day,CN0WRM97CWPE
1790053438.4,politics,paccc-usho-midterms-2026-11-03-rep,SELL,177,0.094,sell,57.1157,0.05,0.1111,12,13,0.938,0.093,0.094,0.0171,0,an exit — its fill reduces the position it sits on,CN0XCJM1AWPE
1790053918.4,politics,paccc-usho-midterms-2026-11-03-rep,SELL,25,0.094,focus,6.8736,0.07,0.1111,12,13,0.941,0.093,0.094,0.0171,-25,focus entry: ~$8.16/day; fill odds 66%/day; EV +4.93/day,CN10EKEBMWPH
1790053968.5,politics,ewc-usse-tx-2026-11-03-rep,SELL,94,0.42,backfill,,0.53,,,,,,,,,recovered from the exchange's transaction history — this fill was never journale,CN0K0Q76TWPE
1790053978.4,politics,ussewc-usse-sc-2026-11-03-dem,BUY,-3.33,0.14,fix,,29.66,,,,,,,,,size trimmed by 3.33 to the exchange's count (order CJNDPN4XTW22),CJNDPN4XTW22
1790053978.4,politics,ewc-usse-tx-2026-11-03-rep,SELL,94,0.42,backfill,,0.53,,,,,,,,,recovered from the exchange's transaction history — this fill was never journale,CN0K0Q76TWPE
1790055089.2,politics,ewc-usgub-ga-2026-11-03-rep,BUY,8,0.43,sell,0.1779,22.52,0.252325,38,44,0,0.42,0.43,0.1777,0,an exit — its fill reduces the position it sits on,CME33YWEYWP9
1790055104.2,politics,ewc-usgub-ia-2026-11-03-dem,SELL,145,0.81,backfill,,0.02,,,,,,,,,recovered from the exchange's transaction history — this fill was never journale,CN1AT4DREWPC
1790055809.3,politics,paccc-usho-midterms-2026-11-03-rep,SELL,7,0.094,focus,3.612,0.27,0.1111,12,14,0.943,0.093,0.094,0.0171,-32,focus entry: ~$1.24/day; fill odds 66%/day; EV +0.34/day,CN18WVVJMWPC
1790056109.3,politics,paccc-usse-midterms-2026-11-03-dem,BUY,47,0.62,sell,27.1237,0.13,0.5,62,64,0.871,0.62,0.621,0.12,0,an exit — its fill reduces the position it sits on,CN1F2TTY2WPE
1790056304.7,politics,paccc-usse-midterms-2026-11-03-dem,SELL,15,0.621,backfill,,0.07,,,,,,,,,recovered from the exchange's transaction history — this fill was never journale,CN1JPM1QTWPA
1790056349.3,politics,paccc-usse-midterms-2026-11-03-rep,SELL,13,0.365,sell,16.942,0.33,0.3583,37,42,0.498,0.364,0.365,-0.0067,60,an exit — its fill reduces the position it sits on,CN1C6FDWJWPH
1790056349.3,politics,paccc-usse-midterms-2026-11-03-dem,SELL,3,0.621,focus,1.0188,0.08,0.5,62,64,0.883,0.62,0.621,-0.121,-18,focus entry: ~$346.17/day; fill odds 54%/day; EV +345.71/day,CN1JPM1QTWPA
1790056824.4,politics,paccc-usse-midterms-2026-11-03-rep,BUY,2,0.364,focus,37.5328,0.06,0.3583,38,42,0.646,0.364,0.365,0.0057,62,focus entry: ~$34.96/day; fill odds 56%/day; EV +34.33/day,CN1PVKP2RWPD
1790057004.4,politics,paccc-usse-midterms-2026-11-03-rep,SELL,26,0.365,sell,13.9197,0.51,0.3583,36,40,0.726,0.364,0.365,-0.0067,36,an exit — its fill reduces the position it sits on,CN1C6FDWJWPH
1790057604.4,politics,ewc-usse-tx-2026-11-03-rep,SELL,-94,0.42,fix,1.2775,0.55,0.3037,43,45,0.857,0.41,0.42,-0.1163,0,size trimmed by 94 to the exchange's count (order CN0K0Q76TWPE),CN0K0Q76TWPE
1790057604.4,politics,cpoc-ussec-tx-mi-me-2026-11-03-dtx-rmi-dme,SELL,144,0.07,void,0,0,,7,11,0.53,0.07,0.08,0.02,0,voided: the exchange has no trade for order CN15PMNG6WPF — the row of 09-22 05:1,CN15PMNG6WPF
1790057604.4,politics,ewc-usgub-ia-2026-11-03-dem,SELL,145,0.81,backfill,,0.02,,,,,,,,,recovered from the exchange's transaction history — this fill was never journale,CN1AT4DREWPC
1790057604.4,politics,paccc-usse-midterms-2026-11-03-dem,SELL,15,0.621,backfill,,0.07,,,,,,,,,recovered from the exchange's transaction history — this fill was never journale,CN1JPM1QTWPA
1790058024.5,politics,paccc-usse-midterms-2026-11-03-dem,SELL,23,0.621,focus,317.096,0.03,0.5,62,64,0.884,0.62,0.622,-0.121,-41,focus entry: ~$1.13/day; fill odds 54%/day; EV +0.80/day,CN218ZN38WP7
1790058197.7,politics,ushrewc-ushr-nc-01-2026-11-03-dem,SELL,3,0.6,hand,,0.01,,,,,,,,,your own trade — from the exchange's record; direction from the position move,CN23ASWH8WPE
1790058912.4,politics,ewc-usse-ia-2026-11-03-dem,BUY,20,0.5,backfill,,0.02,,,,,,,,,recovered from the exchange's transaction history — this fill was never journale,CN28XQ844WPF
1790058924.5,politics,ewc-usse-ia-2026-11-03-dem,BUY,48,0.5,sell,70.1298,0.02,0.518325,46,55,0.043,0.5,0.58,-0.0183,0,an exit — its fill reduces the position it sits on,CN28XQ844WPF
1790058984.5,politics,ewc-usse-ia-2026-11-03-dem,BUY,40,0.5,focus,90.1092,0.01,0.518325,45,51,0.468,0.5,0.56,-0.0183,-8,focus entry: ~$90.11/day; fill odds 56%/day; EV +85.50/day,CN29TGWHJWP9
1790059104.5,politics,paccc-usse-midterms-2026-11-03-dem,SELL,7,0.624,focus,192.577,0.05,0.5,62,64,0.894,0.623,0.624,-0.124,-48,focus entry: ~$351.06/day; fill odds 54%/day; EV +350.42/day,CN2A5PVBAWPB
1790059764.6,politics,paccc-usho-midterms-2026-11-03-rep,SELL,18,0.094,focus,94.6329,0.06,0.1111,12,14,0.941,0.093,0.094,0.0171,-50,focus entry: ~$78.51/day; fill odds 67%/day; EV +76.17/day,CN2F6R75GWPD
1790060784.7,politics,paccc-usse-midterms-2026-11-03-dem,SELL,22,0.651,focus,342.75,0.04,0.5,63,65,0.895,0.65,0.652,-0.151,-70,focus entry: ~$101.60/day; fill odds 54%/day; EV +100.96/day,CN2PG8G5YWPD
1790061144.7,politics,paccc-usse-midterms-2026-11-03-rep,BUY,38,0.364,focus,30.8608,0.16,0.3583,37,40,0.773,0.364,0.365,0.0057,74,focus entry: ~$19.01/day; fill odds 56%/day; EV +17.87/day,CN2NFQVG2WP7
1790061204.7,politics,ewc-usgub-oh-2026-11-03-rep,BUY,-2,0.4,fix,0.0613,58.07,0.43025,39,44,0.214,0.4,0.41,-0.0302,0,size trimmed by 2 to the exchange's count (order CJVSPDRWWW0Y),CJVSPDRWWW0Y
1790061204.7,politics,scc-senate-gop-2026-11-03-49,SELL,-13.56,0.15,fix,0.3517,26.03,0.13915,14,18,0.764,0.14,0.15,-0.0108,-0.56,size trimmed by 13.56 to the exchange's count (order CKGHNK96RWP6),CKGHNK96RWP6
1790061204.7,politics,scc-senate-gop-2026-11-03-49,SELL,-14.42,0.15,fix,0.9037,22.93,0.13965,14,17,0.722,0.14,0.15,-0.0103,13.54,size trimmed by 14.42 to the exchange's count (order CKGHNK96RWP6),CKGHNK96RWP6
1790061204.7,politics,ushrewc-ushr-nc-01-2026-11-03-dem,SELL,3,0.6,hand,,0.01,,,,,,,,,your own trade — from the exchange's record; direction from the position move,CN23ASWH8WPE
1790061204.7,politics,ewc-usse-ia-2026-11-03-dem,BUY,20,0.5,backfill,,0.02,,,,,,,,,recovered from the exchange's transaction history — this fill was never journale,CN28XQ844WPF
1790061564.7,politics,ewc-usse-oh-2026-11-03-dem,BUY,131,0.65,sell,8.0316,0.73,0.6962,62,68,0.403,0.65,0.66,-0.0462,0,an exit — its fill reduces the position it sits on,CN29VVFEJWP6
1790062764.7,politics,paccc-usho-midterms-2026-11-03-rep,SELL,15,0.095,focus,92.7283,0.11,0.1111,12,14,0.941,0.094,0.095,0.0161,-65,focus entry: ~$102.26/day; fill odds 67%/day; EV +100.31/day,CN348JDXEWP7
1790063064.7,politics,ewc-usse-oh-2026-11-03-dem,BUY,40,0.65,focus,9.9562,0.04,0.6962,57,64,0.598,0.65,0.66,-0.0462,40,focus entry: ~$5.57/day; fill odds 56%/day; EV +3.09/day,CN382K8E8WPC
1790064144.8,politics,scc-hrep-rep-2026-11-03-gte215,SELL,15,0.11,manual,0.1845,15.19,0.162575,8,12,0.351,0.1,0.11,0.0526,-38,the owner's own order — the engine leaves it alone,CMPKSJE2PWPE
1790064324.8,politics,paccc-usho-midterms-2026-11-03-rep,SELL,5,0.095,focus,55.7786,0.15,0.1111,12,14,0.941,0.097,0.098,0.0161,-70,focus entry: ~$54.55/day; fill odds 67%/day; EV +53.90/day,CN3F8WJBEWPA
1790065368.4,politics,paccc-usse-midterms-2026-11-03-dem,BUY,51,0.651,backfill,,1.13,,,,,,,,,recovered from the exchange's transaction history — this fill was never journale,CN2VA1DHWWPF
1790066064.8,politics,paccc-usse-midterms-2026-11-03-rep,SELL,74,0.364,sell,31.5148,0.48,0.3583,36,39,0.805,0.363,0.364,-0.0057,0,an exit — its fill reduces the position it sits on,CN3M8RHSYWP6
1790067059.7,politics,ussewc-usse-co-2026-11-03-rep,SELL,0.01,0.05,backfill,,92.07,,,,,,,,,recovered from the exchange's transaction history — this fill was never journale,CJNDG4MNRW22
1790067084.9,politics,ussewc-usse-co-2026-11-03-rep,SELL,153,0.05,sell,0.7925,92.08,0.003625,2,6,0.112,0.04,0.05,-0.0464,213,an exit — its fill reduces the position it sits on,CJNDG4MNRW22
1790067108.1,politics,ushrewc-ushr-tx-34-2026-11-03-rep,SELL,0.38,0.23,backfill,,38.07,,,,,,,,,recovered from the exchange's transaction history — this fill was never journale,CM3TXQT2RWPD
1790067144.9,politics,ushrewc-ushr-tx-34-2026-11-03-rep,SELL,35,0.23,sell,2.2903,38.09,,23,28,0.127,0.22,0.23,0.02,133,an exit — its fill reduces the position it sits on,CM3TXQT2RWPD
1790068404.9,politics,usgubewc-usgub-ny-2026-11-03-rep,SELL,-73.73,0.08,fix,0.4247,53.59,0.011575,6,11,0.615,0.07,0.08,-0.0684,-0.03,size trimmed by 73.73 to the exchange's count (order CJNCPXYBAW1N),CJNCPXYBAW1N
1790068404.9,politics,paccc-usse-midterms-2026-11-03-dem,BUY,51,0.651,backfill,,1.13,,,,,,,,,recovered from the exchange's transaction history — this fill was never journale,CN2VA1DHWWPF
1790068404.9,politics,ussewc-usse-co-2026-11-03-rep,SELL,0.01,0.05,backfill,,92.07,,,,,,,,,recovered from the exchange's transaction history — this fill was never journale,CJNDG4MNRW22
1790068404.9,politics,ushrewc-ushr-tx-34-2026-11-03-rep,SELL,0.38,0.23,backfill,,38.07,,,,,,,,,recovered from the exchange's transaction history — this fill was never journale,CM3TXQT2RWPD
1790069243.0,cfb,aachc-cfb-wins-2026-11-28-oregst-5pt5wins,BUY,0.1,0.63,backfill,,3.02,,,,,,,,,recovered from the exchange's transaction history — this fill was never journale,CN25DTQ9RWPC
1790069965.1,politics,ewc-usse-ia-2026-11-03-dem,SELL,1,0.48,sell,0.9749,2.59,0.518325,43,48,0.617,0.47,0.48,0.0383,39,an exit — its fill reduces the position it sits on,CN2NW5YDCWPF
1790071465.2,politics,paccc-usse-midterms-2026-11-03-dem,BUY,19,0.651,sell,16.3276,2.82,0.5,64,67,0.873,0.651,0.652,0.151,0,an exit — its fill reduces the position it sits on,CN2VA1DHWWPF
1790072005.3,politics,scc-senate-gop-2026-11-03-49,SELL,-17.04,0.15,fix,0.9037,22.93,0.13965,14,17,0.722,0.14,0.15,-0.0103,13.54,size trimmed by 17.04 to the exchange's count (order CKGHNK96RWP6),CKGHNK96RWP6
1790072005.3,politics,scc-senate-gop-2026-11-03-49,SELL,-63.96,0.15,fix,,19.62,,,,,,,,,size trimmed by 63.96 to the exchange's count (order CKGHNK96RWP6),CKGHNK96RWP6
1790072005.3,cfb,aachc-cfb-wins-2026-11-28-oregst-5pt5wins,BUY,0.1,0.63,backfill,,3.02,,,,,,,,,recovered from the exchange's transaction history — this fill was never journale,CN25DTQ9RWPC
1790073025.4,politics,paccc-usse-midterms-2026-11-03-dem,BUY,1,0.651,focus,23.401,0.35,0.5,64,66,0.884,0.651,0.652,0.151,1,focus entry: ~$28.05/day; fill odds 56%/day; EV +25.16/day,CN5CCS27CWPH
1790073074.5,politics,paccc-usse-midterms-2026-11-03-rep,BUY,28,0.363,backfill,,1.33,,,,,,,,,recovered from the exchange's transaction history — this fill was never journale,CN4HWZE74WPB
1790073208.2,politics,ewc-usse-ia-2026-11-03-dem,BUY,41,0.47,backfill,,0.03,,,,,,,,,recovered from the exchange's transaction history — this fill was never journale,CN5MER9AMWPC
1790073325.4,politics,ewc-usse-ia-2026-11-03-dem,SELL,39,0.43,focus,2.9366,0.03,0.518325,43,48,0.706,0.43,0.44,0.0883,2,focus exit: ~$3.05/day; fill odds 54%/day; EV +4.32/day,CN5MMMBZ2WPA
1790075546.0,politics,ewc-usse-ia-2026-11-03-dem,SELL,39,0.44,backfill,,0.63,,,,,,,,,recovered from the exchange's transaction history — this fill was never journale,CN5N0QA8JWP6
1790075605.6,politics,paccc-usse-midterms-2026-11-03-rep,BUY,28,0.363,backfill,,1.33,,,,,,,,,recovered from the exchange's transaction history — this fill was never journale,CN4HWZE74WPB
1790075605.6,politics,ewc-usse-ia-2026-11-03-dem,BUY,41,0.47,backfill,,0.03,,,,,,,,,recovered from the exchange's transaction history — this fill was never journale,CN5MER9AMWPC
1790075605.6,politics,ewc-usse-ia-2026-11-03-dem,SELL,39,0.44,backfill,,0.63,,,,,,,,,recovered from the exchange's transaction history — this fill was never journale,CN5N0QA8JWP6
1790076085.6,politics,ewc-usse-ia-2026-11-03-dem,SELL,2,0.44,sell,0.0445,0.12,0.518325,45,49,0.801,0.43,0.44,0.0783,0,an exit — its fill reduces the position it sits on,CN66N2MPCWPD
1790076085.6,politics,cpoc-ussec-tx-mi-me-2026-11-03-dtx-rmi-dme,SELL,144,0.07,sell,0,0,,7,11,0.501,0.07,0.08,0.02,0,taker dump — sold into the bid (the carved exception),CN69MENQTWPA
1790076897.3,politics,ussewc-usse-co-2026-11-03-rep,SELL,0.6,0.05,backfill,,94.81,,,,,,,,,recovered from the exchange's transaction history — this fill was never journale,CJNDG4MNRW22
1790076925.7,politics,ussewc-usse-co-2026-11-03-rep,SELL,19,0.05,sell,0.4495,94.81,0.003625,2,7,0.477,0.04,0.05,-0.0464,194,an exit — its fill reduces the position it sits on,CJNDG4MNRW22
1790077705.7,politics,paccc-usse-midterms-2026-11-03-rep,SELL,28,0.364,sell,21.3617,1.28,0.3583,37,39,0.824,0.363,0.364,-0.0057,0,an exit — its fill reduces the position it sits on,CN5M9X16GWPE
1790078811.7,politics,paccc-usse-midterms-2026-11-03-dem,BUY,46,0.651,backfill,,0.16,,,,,,,,,recovered from the exchange's transaction history — this fill was never journale,CN6VJ7SSRWP7
1790079205.8,politics,usgubewc-usgub-ny-2026-11-03-rep,SELL,-35.24,0.08,fix,0.4247,53.59,0.011575,6,11,0.615,0.07,0.08,-0.0684,-0.03,size trimmed by 35.24 to the exchange's count (order CJNCPXYBAW1N),CJNCPXYBAW1N
1790079205.8,politics,ewc-usse-ia-2026-11-03-dem,SELL,-39,0.44,fix,0.8547,0.65,0.518325,44,48,0.762,0.43,0.44,0.0783,2,size trimmed by 39 to the exchange's count (order CN5N0QA8JWP6),CN5N0QA8JWP6
1790079205.8,politics,ussewc-usse-co-2026-11-03-rep,SELL,0.6,0.05,backfill,,94.81,,,,,,,,,recovered from the exchange's transaction history — this fill was never journale,CJNDG4MNRW22
1790079205.8,politics,paccc-usse-midterms-2026-11-03-dem,BUY,46,0.651,backfill,,0.16,,,,,,,,,recovered from the exchange's transaction history — this fill was never journale,CN6VJ7SSRWP7
1790079505.8,politics,paccc-balpow-2026-11-03-dsweep,SELL,79,0.6,focus,3.4078,0.07,,57,63,0.174,0.6,0.61,0,-79,focus entry: ~$8.39/day; fill odds 67%/day; EV +0.52/day,CN72Z2YS8WPF
1790080465.8,politics,paccc-usse-midterms-2026-11-03-dem,BUY,33,0.651,focus,358.561,0.26,0.5,63,65,0.89,0.648,0.651,0.151,80,focus entry: ~$54.55/day; fill odds 56%/day; EV +52.73/day,CN756M0SMWPA
1790080585.9,politics,paccc-usse-midterms-2026-11-03-dem,SELL,62,0.65,focus,1.5202,0.01,0.5,63,65,0.899,0.648,0.65,-0.15,-44,focus entry: ~$3.69/day; fill odds 55%/day; EV +1.51/day,CN7D130WEWP9
1790081605.9,politics,paccc-usse-midterms-2026-11-03-dem,BUY,12,0.646,focus,361.48,0.06,0.5,64,66,0.907,0.641,0.646,0.146,30,focus entry: ~$1.31/day; fill odds 56%/day; EV +0.66/day,CN7KKBTMTWPA
1790082325.9,politics,paccc-usho-midterms-2026-11-03-rep,BUY,70,0.099,sell,0.6883,4.95,0.1111,12,14,0.936,0.099,0.1,-0.0121,0,an exit — its fill reduces the position it sits on,CN3NB6QWPWPH
1790082806.0,politics,usgubewc-usgub-ak-2026-11-03-jonkre,SELL,-27.91,0.77,fix,40.6461,0.05,0.976325,69,75,0.586,0.76,0.77,0.2063,0,size trimmed by 27.91 to the exchange's count (order CM3BV4MZYWPH),CM3BV4MZYWPH
1790082806.0,politics,paccc-usse-midterms-2026-11-03-dem,SELL,62,0.651,void,1.4388,0.02,0.5,63,65,0.899,0.648,0.65,-0.151,18,voided: the exchange has no trade for order CN7D6FGW0WPE — the row of 09-22 12:3,CN7D6FGW0WPE
1790083706.1,politics,paccc-usse-midterms-2026-11-03-dem,BUY,12,0.645,focus,147.555,0.06,0.5,63,65,0.901,0.645,0.646,0.145,42,focus entry: ~$58.01/day; fill odds 57%/day; EV +56.62/day,CN84NMTGTWPC
1790084525.0,politics,paccc-usse-midterms-2026-11-03-rep,SELL,72,0.364,backfill,,0.64,,,,,,,,,recovered from the exchange's transaction history — this fill was never journale,CN7SG72MAWP7
1790085506.2,politics,usgubewc-usgub-fl-2026-11-03-dem,SELL,34,0.2,focus,0.7236,0.27,0.324425,20,24,0.632,0.2,0.21,0.1244,-54,focus entry: ~$1.00/day; fill odds 48%/day; EV +0.37/day,CN8CEYWRGWPF
1790085566.2,politics,paccc-usse-midterms-2026-11-03-dem,BUY,18,0.645,focus,326.104,0.01,0.5,62,64,0.901,0.641,0.643,0.145,60,focus entry: ~$25.97/day; fill odds 57%/day; EV +25.01/day,CN8MWFCFEWPF
1790085901.7,politics,ewc-usse-tx-2026-11-03-dem,BUY,55,0.59,backfill,,0.38,,,,,,,,,recovered from the exchange's transaction history — this fill was never journale,CN8CGVPWAWPB
1790086406.3,politics,paccc-usse-midterms-2026-11-03-rep,SELL,72,0.364,backfill,,0.64,,,,,,,,,recovered from the exchange's transaction history — this fill was never journale,CN7SG72MAWP7
1790086406.3,politics,ewc-usse-tx-2026-11-03-dem,BUY,55,0.59,backfill,,0.38,,,,,,,,,recovered from the exchange's transaction history — this fill was never journale,CN8CGVPWAWPB
1790086886.3,politics,paccc-usse-midterms-2026-11-03-dem,BUY,9,0.64,focus,375,0.11,0.5,62,64,0.908,0.626,0.629,0.14,69,focus entry: ~$2.13/day; fill odds 57%/day; EV +1.66/day,CN8VR1M8AWPH
1790087126.3,cfb,aachc-cfb-wins-2026-11-28-kan-5pt5wins,BUY,1,0.41,sell,0.1426,41.47,,31,40,0.032,0.33,0.34,0.06,2,buying back the short at or under what it sold for — the bid earns while it wait,CM5PFS7B8WPB
1790087126.3,cfb,aachc-cfb-wins-2026-11-28-kan-5pt5wins,SELL,1,0.29,sell,0,0.02,,31,40,0.032,0.33,0.34,0.06,1,selling filled stock — it earns while it waits,CN8ZZRMV8WPB
1790087246.3,politics,paccc-usse-midterms-2026-11-03-dem,SELL,44,0.626,sell,53.1299,0.05,0.5,62,64,0.914,0.625,0.626,-0.126,25,an exit — its fill reduces the position it sits on,CN8ZXV22GWPA
1790087606.3,politics,paccc-usse-midterms-2026-11-03-dem,SELL,2,0.626,sell,0.9589,0.15,0.5,62,64,0.915,0.625,0.626,-0.126,23,an exit — its fill reduces the position it sits on,CN8ZXV22GWPA
1790087726.3,politics,paccc-usse-midterms-2026-11-03-dem,SELL,7,0.626,sell,0.8886,0.18,0.5,63,64,0.921,0.625,0.626,-0.126,16,an exit — its fill reduces the position it sits on,CN8ZXV22GWPA
1790087786.3,politics,paccc-usse-midterms-2026-11-03-dem,SELL,7,0.626,sell,0.6226,0.2,0.5,63,65,0.922,0.625,0.626,-0.126,9,an exit — its fill reduces the position it sits on,CN8ZXV22GWPA
1790088206.4,politics,usgubewc-usgub-ok-2026-11-03-dem,BUY,40,0.1,sell,0.6485,17.03,0.037925,5,11,0.109,0.09,0.1,0.0621,0,buying back the short at or under what it sold for — the bid earns while it wait,CMTNM7YW0WP7
1790088206.4,politics,paccc-usse-midterms-2026-11-03-dem,SELL,9,0.626,sell,0.3611,0.32,0.5,63,65,0.922,0.625,0.626,-0.126,0,an exit — its fill reduces the position it sits on,CN8ZXV22GWPA
1790089410.7,politics,paccc-usse-midterms-2026-11-03-dem,SELL,111,0.626,backfill,,0.24,,,,,,,,,recovered from the exchange's transaction history — this fill was never journale,CN9BS4XW0WPA
1790090006.5,politics,scc-senate-gop-2026-11-03-49,SELL,-17.04,0.15,fix,,19.62,,,,,,,,,size trimmed by 17.04 to the exchange's count (order CKGHNK96RWP6),CKGHNK96RWP6
1790090006.5,politics,scc-senate-gop-2026-11-03-49,SELL,-12,0.15,fix,1.6284,10.32,0.13965,13,16,0.597,0.14,0.15,-0.0103,126,size trimmed by 12 to the exchange's count (order CKGHNK96RWP6),CKGHNK96RWP6
1790090006.5,politics,scc-senate-gop-2026-11-03-49,SELL,-0.59,0.15,fix,,10.31,,,,,,,,,size trimmed by 0.59 to the exchange's count (order CKGHNK96RWP6),CKGHNK96RWP6
1790090006.5,politics,scc-senate-gop-2026-11-03-49,SELL,-1.83,0.15,fix,1.5226,8.29,0.13965,12,16,0.414,0.14,0.15,-0.0103,138.61,size trimmed by 1.83 to the exchange's count (order CKGHNK96RWP6),CKGHNK96RWP6
1790090006.5,politics,paccc-usse-midterms-2026-11-03-dem,BUY,-59,0.599,fix,,0.67,,,,,,,,,size trimmed by 59 to the exchange's count (order CM43WK370WP9),CM43WK370WP9
1790090006.5,politics,paccc-usse-midterms-2026-11-03-dem,SELL,111,0.626,backfill,,0.24,,,,,,,,,recovered from the exchange's transaction history — this fill was never journale,CN9BS4XW0WPA
1790091026.5,politics,paccc-usse-midterms-2026-11-03-dem,BUY,111,0.625,sell,108.965,0.43,0.5,63,65,0.917,0.625,0.626,0.125,0,an exit — its fill reduces the position it sits on,CN9KVKYTPWPC
1790091206.5,politics,ewc-usse-me-2026-11-03-dem,SELL,122,0.66,focus,91.3844,0.02,0.72995,64,70,0,0.66,0.68,0.07,-127,focus entry: ~$15.84/day; fill odds 55%/day; EV +10.04/day,CN9ZP5MPPWPH
1790091446.5,politics,paccc-usse-midterms-2026-11-03-dem,SELL,84,0.626,focus,5.17,0.03,0.5,63,65,0.918,0.625,0.626,-0.126,-168,focus entry: ~$69.41/day; fill odds 55%/day; EV +65.39/day,CNA1ER824WPD
1790092406.6,politics,paccc-usse-midterms-2026-11-03-dem,SELL,6,0.626,focus,41.5393,0.01,0.5,63,65,0.923,0.625,0.626,-0.126,-90,focus entry: ~$64.80/day; fill odds 55%/day; EV +63.50/day,CNA8XAYEAWPE
1790092526.6,politics,ewc-usse-ia-2026-11-03-dem,SELL,76,0.46,focus,52.0139,0.06,0.518325,46,49,0.816,0.45,0.47,0.0583,-76,focus entry: ~$24.63/day; fill odds 55%/day; EV +20.92/day,CNA8MW3BWWP9
1790092586.6,politics,ewc-usse-oh-2026-11-03-dem,SELL,40,0.66,sell,6.2578,8.2,0.6962,59,64,0.665,0.65,0.66,0.0362,0,an exit — its fill reduces the position it sits on,CN39378AMWPH
1790093033.8,politics,ewc-usse-me-2026-11-03-rep,BUY,107,0.34,backfill,,0.15,,,,,,,,,recovered from the exchange's transaction history — this fill was never journale,CNA9RGHAPWPD
1790093606.7,politics,ewc-usgub-oh-2026-11-03-rep,BUY,-8,0.4,fix,0.0613,58.07,0.43025,39,44,0.214,0.4,0.41,-0.0302,0,size trimmed by 8 to the exchange's count (order CJVSPDRWWW0Y),CJVSPDRWWW0Y
1790093606.7,politics,ewc-usse-me-2026-11-03-rep,BUY,107,0.34,backfill,,0.15,,,,,,,,,recovered from the exchange's transaction history — this fill was never journale,CNA9RGHAPWPD
1790093966.7,politics,paccc-usse-midterms-2026-11-03-dem,SELL,21,0.627,focus,210.623,0.09,0.5,63,65,0.927,0.627,0.629,-0.127,-111,focus entry: ~$148.52/day; fill odds 55%/day; EV +147.75/day,CNAHCDD64WP6
1790096846.8,politics,paccc-usse-midterms-2026-11-03-dem,SELL,24,0.629,focus,358.562,0.03,0.5,64,65,0.93,0.63,0.632,-0.129,-135,focus entry: ~$31.40/day; fill odds 55%/day; EV +30.52/day,CNB99H2Q8WPA
1790096939.5,politics,ewc-usse-tx-2026-11-03-rep,SELL,45,0.42,backfill,,0.5,,,,,,,,,recovered from the exchange's transaction history — this fill was never journale,CNAWY9FMGWP9
1790097152.5,politics,ewc-usse-tx-2026-11-03-dem,SELL,13,0.59,backfill,,0.41,,,,,,,,,recovered from the exchange's transaction history — this fill was never journale,CNB0MHAJTWPH
1790097206.8,politics,ewc-usgub-wi-2026-11-03-dem,SELL,-1,0.83,fix,0.0004,75.88,0.7141,82,86,0.622,0.82,0.83,-0.1159,0,size trimmed by 1 to the exchange's count (order CJVWP40J8W1Y),CJVWP40J8W1Y
1790097206.8,politics,ewc-usgub-wi-2026-11-03-dem,SELL,-4,0.83,fix,0.0064,73.61,0.7141,81,85,0.47,0.82,0.83,-0.1159,1,size trimmed by 4 to the exchange's count (order CJVWP40J8W1Y),CJVWP40J8W1Y
1790097206.8,politics,scc-hrep-rep-2026-11-03-gte180,SELL,-6.16,0.8,fix,8.128,5.78,0.910425,80,86,0.648,0.79,0.8,0.1104,0.16,size trimmed by 6.16 to the exchange's count (order CM1SAZ9P0WPF),CM1SAZ9P0WPF
1790097206.8,politics,ewc-usse-tx-2026-11-03-rep,SELL,45,0.42,backfill,,0.5,,,,,,,,,recovered from the exchange's transaction history — this fill was never journale,CNAWY9FMGWP9
1790097206.8,politics,ewc-usse-tx-2026-11-03-dem,SELL,13,0.59,backfill,,0.41,,,,,,,,,recovered from the exchange's transaction history — this fill was never journale,CNB0MHAJTWPH
1790097326.8,politics,ewc-usse-mi-2026-11-03-dem,SELL,7,0.67,sell,93.7483,10.03,0.768775,68,75,0,0.68,0.69,0.0988,0,an exit — its fill reduces the position it sits on,CN2TJNYWWWPC
1790097506.8,politics,ewc-usse-mi-2026-11-03-dem,SELL,66,0.69,focus,2.5129,0.05,0.768775,69,75,0.454,0.68,0.69,0.0788,-66,focus entry: ~$82.68/day; fill odds 55%/day; EV +80.35/day,CNBEXB13EWPD
1790098363.7,politics,ewc-usse-tx-2026-11-03-dem,SELL,-13,0.59,fix,1.1078,0.43,0.6963,57,62,0,0.58,0.59,0.1063,42,size trimmed by 13 to the exchange's count (order CNB0MHAJTWPH),CNB0MHAJTWPH
1790098363.7,politics,ussewc-usse-nm-2026-11-03-dem,SELL,2.96,0.94,hand,,2.96,,,,,,,,,your own trade — from the exchange's record; direction from its order intent,CJNDRNJ7YW20
1790098363.7,politics,ewc-usgub-wi-2026-11-03-dem,SELL,5,0.84,hand,,4.96,,,,,,,,,your own trade — from the exchange's record; direction from its order intent,CJNRR9RWMW7E
1790098363.7,politics,scc-hrep-rep-2026-11-03-gte180,SELL,5.14,0.97,hand,,20.01,,,,,,,,,your own trade — from the exchange's record; direction from its order intent,CJX9VWF8JW1Z
1790098363.7,politics,ewc-usse-nc-2026-11-03-rep,SELL,116,0.07,hand,,32.03,,,,,,,,,your own trade — from the exchange's record; direction from its order intent,CJNCYYBE0W20
1790098363.7,politics,cpoc-ussec-tx-me-2026-11-03-rsweep,SELL,10.21,0.28,hand,,30.24,,,,,,,,,your own trade — from the exchange's record; direction from its order intent,CJVCQD0ZPW1Y
1790098363.7,politics,usgubewc-usgub-ak-2026-11-03-jonkre,SELL,27.91,0.77,hand,,0.02,,,,,,,,,your own trade — from the exchange's record; direction from its order intent,CM3BV4MZYWPH
1790098363.7,politics,usgubewc-usgub-ny-2026-11-03-rep,SELL,108.97,0.08,hand,,53.57,,,,,,,,,your own trade — from the exchange's record; direction from its order intent,CJNCPXYBAW1N
1790098363.7,politics,usgubewc-usgub-fl-2026-11-03-rep,BUY,0.66,0.78,hand,,46.84,,,,,,,,,your own trade — from the exchange's record; direction from its order intent,CJV9M856AW21
1790098363.7,politics,paccc-usse-midterms-2026-11-03-dem,BUY,59,0.599,hand,,0.67,,,,,,,,,your own trade — from the exchange's record; direction from its order intent,CM43WK370WP9
1790098363.7,politics,ussewc-usse-sc-2026-11-03-dem,BUY,47.39,0.14,hand,,56.1,,,,,,,,,your own trade — from the exchange's record; direction from its order intent,CJNDPN4XTW22
1790098363.7,politics,scc-hrep-rep-2026-11-03-gte180,SELL,6.16,0.8,hand,,5.75,,,,,,,,,your own trade — from the exchange's record; direction from its order intent,CM1SAZ9P0WPF
1790098363.7,politics,scc-senate-gop-2026-11-03-49,SELL,140.44,0.15,hand,,26.01,,,,,,,,,your own trade — from the exchange's record; direction from its order intent,CKGHNK96RWP6
1790098363.7,politics,ewc-usgub-oh-2026-11-03-rep,BUY,10,0.4,hand,,58.04,,,,,,,,,your own trade — from the exchange's record; direction from its order intent,CJVSPDRWWW0Y
1790098363.7,politics,ewc-usgub-wi-2026-11-03-dem,SELL,5,0.83,hand,,75.86,,,,,,,,,your own trade — from the exchange's record; direction from its order intent,CJVWP40J8W1Y
1790100429.9,politics,paccc-usse-midterms-2026-11-03-dem,BUY,44,0.636,backfill,,0.82,,,,,,,,,recovered from the exchange's transaction history — this fill was never journale,CNBGB3QNPWPF
1790101164.3,politics,paccc-usse-midterms-2026-11-03-dem,BUY,44,0.636,backfill,,0.82,,,,,,,,,recovered from the exchange's transaction history — this fill was never journale,CNBGB3QNPWPF
1790101824.3,politics,paccc-balpow-2026-11-03-dhou-rsen,BUY,12,0.31,sell,0.522,102.2,,30,35,0.178,0.3,0.31,-0.01,0,an exit — its fill reduces the position it sits on,CJN0ZTPHGW0Y
1790103275.5,politics,paccc-usse-midterms-2026-11-03-dem,BUY,25,0.636,backfill,,0.76,,,,,,,,,recovered from the exchange's transaction history — this fill was never journale,CNC7QFGD0WPC
1790103633.5,politics,paccc-usse-midterms-2026-11-03-dem,SELL,55,0.637,focus,53.9343,0.2,0.5,64,66,0.924,0.636,0.637,-0.137,-121,focus entry: ~$15.26/day; fill odds 55%/day; EV +10.04/day,CNCSAT2V4WPB
1790104593.6,politics,usgubewc-usgub-pa-2026-11-03-dem,SELL,17,0.95,sell,0.1567,0.32,0.99895,94,98,0.038,0.95,0.96,0.049,0,selling filled stock — it earns while it waits,CNCXHR3Q6WPC
1790104773.7,politics,ewc-usgub-oh-2026-11-03-rep,BUY,-19,0.4,fix,0.0613,58.07,0.43025,39,44,0.214,0.4,0.41,-0.0302,0,size trimmed by 19 to the exchange's count (order CJVSPDRWWW0Y),CJVSPDRWWW0Y
1790104773.7,politics,ewc-usgub-wi-2026-11-03-dem,SELL,-5,0.83,fix,,75.86,,,,,,,,,size trimmed by 5 to the exchange's count (order CJVWP40J8W1Y),CJVWP40J8W1Y
1790104773.7,politics,paccc-usse-midterms-2026-11-03-dem,BUY,-21,0.601,fix,0.2237,2.88,0.5,61,64,0.747,0.601,0.602,0.101,-2,size trimmed by 21 to the exchange's count (order CM7SWSHR4WPA),CM7SWSHR4WPA
1790104773.7,politics,paccc-usse-midterms-2026-11-03-dem,BUY,-2,0.601,fix,,2.86,,,,,,,,,size trimmed by 2 to the exchange's count (order CM7SWSHR4WPA),CM7SWSHR4WPA
1790104773.7,politics,paccc-usse-midterms-2026-11-03-dem,BUY,-6,0.601,fix,,1.26,,,,,,,,,size trimmed by 6 to the exchange's count (order CM7SWSHR4WPA),CM7SWSHR4WPA
1790104773.7,politics,ushrewc-ushr-ne-02-2026-11-03-rep,SELL,-10,0.06,fix,1.2295,84.75,,8,12,0.913,0.05,0.06,0.04,150,size trimmed by 10 to the exchange's count (order CJND344BPW22),CJND344BPW22
1790104773.7,politics,paccc-usse-midterms-2026-11-03-dem,BUY,25,0.636,backfill,,0.76,,,,,,,,,recovered from the exchange's transaction history — this fill was never journale,CNC7QFGD0WPC
1790105479.3,politics,ewc-usgub-oh-2026-11-03-rep,BUY,32,0.41,backfill,,20.98,,,,,,,,,recovered from the exchange's transaction history — this fill was never journale,CMVCVTMNEWP7
1790105733.8,politics,paccc-usho-midterms-2026-11-03-rep,SELL,18,0.101,focus,0.8319,0.04,0.099,12,14,0.927,0.1,0.101,-0.002,-18,focus entry: ~$3.07/day; fill odds 67%/day; EV +1.68/day,CNDDS2YR8WPE
1790106333.8,politics,usgubewc-usgub-ny-2026-11-03-dem,BUY,203.73,0.93,sell,1.1106,80.04,0.9886,92,96,0.012,0.93,0.94,-0.0586,-0.27,an exit — its fill reduces the position it sits on,CK93JF66GWPA
1790106484.9,politics,paccc-usse-midterms-2026-11-03-dem,BUY,101,0.636,backfill,,0.79,,,,,,,,,recovered from the exchange's transaction history — this fill was never journale,CNCZ5A962WPF
1790106753.9,politics,paccc-usse-midterms-2026-11-03-dem,SELL,35,0.637,focus,318.789,0.06,0.5,64,66,0.928,0.636,0.637,-0.137,-55,focus entry: ~$174.35/day; fill odds 56%/day; EV +173.26/day,CNDMBK1TMWP6
1790108299.1,politics,scc-hrep-rep-2026-11-03-gte235,SELL,18,0.03,backfill,,0.38,,,,,,,,,recovered from the exchange's transaction history — this fill was never journale,CNDQKBFJGWPA
1790108374.0,politics,ushrewc-ushr-ne-02-2026-11-03-rep,SELL,-10,0.06,fix,1.2295,84.75,,8,12,0.913,0.05,0.06,0.04,150,size trimmed by 10 to the exchange's count (order CJND344BPW22),CJND344BPW22
1790108374.0,politics,ushrewc-ushr-ne-02-2026-11-03-rep,SELL,-5,0.06,fix,1.1665,61.57,,9,13,0.94,0.05,0.06,0.05,170,size trimmed by 5 to the exchange's count (order CJND344BPW22),CJND344BPW22
1790108374.0,politics,ushrewc-ushr-ne-02-2026-11-03-rep,SELL,-5,0.06,fix,1.1992,61.5,,9,12,0.937,0.05,0.06,0.04,175,size trimmed by 5 to the exchange's count (order CJND344BPW22),CJND344BPW22
1790108374.0,politics,ushrewc-ushr-ne-02-2026-11-03-rep,SELL,-5,0.06,fix,1.2318,61.45,,9,12,0.933,0.05,0.06,0.04,180,size trimmed by 5 to the exchange's count (order CJND344BPW22),CJND344BPW22
1790108374.0,politics,ushrewc-ushr-ne-02-2026-11-03-rep,SELL,-5,0.06,fix,1.2644,61.38,,9,12,0.93,0.05,0.06,0.04,185,size trimmed by 5 to the exchange's count (order CJND344BPW22),CJND344BPW22
1790108374.0,politics,ushrewc-ushr-ne-02-2026-11-03-rep,SELL,-5,0.06,fix,1.297,61.32,,9,12,0.925,0.05,0.06,0.04,190,size trimmed by 5 to the exchange's count (order CJND344BPW22),CJND344BPW22
1790108374.0,politics,ushrewc-ushr-ne-02-2026-11-03-rep,SELL,-5,0.06,fix,1.3296,61.28,,8,12,0.92,0.05,0.06,0.04,195,size trimmed by 5 to the exchange's count (order CJND344BPW22),CJND344BPW22
1790108374.0,politics,ushrewc-ushr-ne-02-2026-11-03-rep,SELL,-5,0.06,fix,1.3621,61.22,,8,12,0.915,0.05,0.06,0.04,200,size trimmed by 5 to the exchange's count (order CJND344BPW22),CJND344BPW22
1790108374.0,politics,ewc-usgub-nv-2026-11-03-dem,SELL,-2,0.45,fix,0.0644,69.54,0.40965,43,47,0.513,0.44,0.45,-0.0403,60,size trimmed by 2 to the exchange's count (order CJWBHWJ68W7H),CJWBHWJ68W7H
1790108374.0,politics,ewc-usgub-oh-2026-11-03-rep,BUY,32,0.41,backfill,,20.98,,,,,,,,,recovered from the exchange's transaction history — this fill was never journale,CMVCVTMNEWP7
1790108374.0,politics,paccc-usse-midterms-2026-11-03-dem,BUY,101,0.636,backfill,,0.79,,,,,,,,,recovered from the exchange's transaction history — this fill was never journale,CNCZ5A962WPF
1790108374.0,politics,scc-hrep-rep-2026-11-03-gte235,SELL,18,0.03,backfill,,0.38,,,,,,,,,recovered from the exchange's transaction history — this fill was never journale,CNDQKBFJGWPA
1790108704.1,politics,paccc-usse-midterms-2026-11-03-dem,BUY,55,0.639,backfill,,0.32,,,,,,,,,recovered from the exchange's transaction history — this fill was never journale,CNDW081K8WPA
1790108707.3,politics,ewc-usgub-ca-2026-11-03-xavbec,SELL,81.38,0.95,hand,,0,,,,,,,,,your own trade — from the exchange's record; direction from the position move,CNE53APTAWPH
1790108753.4,politics,usgubewc-usgub-tx-2026-11-03-rep,SELL,89.59,0.78,hand,,0.51,,,,,,,,,your own trade — from the exchange's record; direction from the position move,CNDQC2GTEWPB
1790108776.0,politics,usgubewc-usgub-fl-2026-11-03-rep,BUY,110.84,0.78,backfill,,4.17,,,,,,,,,recovered from the exchange's transaction history — this fill was never journale,CNAJBQSZTWPE
1790108778.4,politics,usgubewc-usgub-nh-2026-11-03-dem,BUY,15.65,0.11,hand,,63.89,,,,,,,,,your own trade — from the exchange's record; direction from the position move,CKQJJ9RQRWPD
1790108778.4,politics,usgubewc-usgub-nh-2026-11-03-dem,BUY,50,0.11,hand,,96.66,,,,,,,,,your own trade — from the exchange's record; direction from the position move,CJVEWE2B4W1N
1790108778.4,politics,usgubewc-usgub-nh-2026-11-03-dem,BUY,7.34,0.11,hand,,0,,,,,,,,,your own trade — from the exchange's record; direction from the position move,CNE5T5XF0WPB
1790108781.4,politics,usgubewc-usgub-nh-2026-11-03-rep,BUY,0.02,0.87,hand,,96.69,,,,,,,,,your own trade — from the exchange's record; direction from its order intent,CJVDQJZQ0W7H
1790108828.4,politics,cpoc-ussec-tx-mi-me-2026-11-03-dtx-rmi-rme,BUY,26.47,0.1,hand,,96.81,,,,,,,,,your own trade — from the exchange's record; direction from the position move,CJVAZ5CZYW7H
1790108869.6,politics,cpoc-ussec-tx-mi-me-2026-11-03-dtx-dmi-rme,SELL,39.74,0.14,hand,,23.54,,,,,,,,,your own trade — from the exchange's record; direction from the position move,CMT3WZ2ZAWPD
1790108869.6,politics,cpoc-ussec-tx-mi-me-2026-11-03-dtx-dmi-rme,SELL,1,0.14,hand,,0,,,,,,,,,your own trade — from the exchange's record; direction from the position move,CNE6KMNRWWPH
1790108878.8,politics,cpoc-ussec-tx-mi-me-2026-11-03-rtx-dmi-rme,BUY,20.13,0.11,hand,,0,,,,,,,,,your own trade — from the exchange's record; direction from the position move,CNE68ZFRGWPB
1790108878.8,politics,cpoc-ussec-tx-mi-me-2026-11-03-rtx-dmi-rme,BUY,12,0.11,hand,,27.5,,,,,,,,,your own trade — from the exchange's record; direction from the position move,CMPQRC98EWPF
1790108878.8,politics,cpoc-ussec-tx-mi-me-2026-11-03-rtx-dmi-rme,BUY,0.13,0.11,hand,,28.98,,,,,,,,,your own trade — from the exchange's record; direction from the position move,CMNEP0B1WWPC
1790108886.1,politics,cpoc-ussec-tx-mi-me-2026-11-03-rsweep,BUY,30.96,0.11,hand,,2.36,,,,,,,,,your own trade — from the exchange's record; direction from the position move,CNC6M6XARWPE
1790108890.2,politics,cpoc-ussec-tx-mi-me-2026-11-03-dsweep,BUY,0.48,0.44,hand,,5.28,,,,,,,,,your own trade — from the exchange's record; direction from its order intent,CN9PKJYG8WPA
1790108894.4,politics,cpoc-ussec-tx-mi-me-2026-11-03-dtx-rmi-dme,SELL,0.19,0.08,hand,,9.65,,,,,,,,,your own trade — from the exchange's record; direction from its order intent,CN5V8SHTTWPH
1790108898.4,politics,cpoc-ussec-tx-mi-me-2026-11-03-rtx-rmi-dme,SELL,0.15,0.07,hand,,0,,,,,,,,,your own trade — from the exchange's record; direction from its order intent,CNE6KGPHRWP7
1790108914.0,politics,paccc-usse-midterms-2026-11-03-rep,BUY,72,0.364,sell,0.9086,6.77,0.3263,37,39,0.819,0.364,0.365,0.0377,0,an exit — its fill reduces the position it sits on,CN8CZ1XMTWPC
1790109034.0,politics,ewc-usgub-nv-2026-11-03-dem,SELL,2,0.45,sell,0.5258,95.67,0.44245,43,48,0.533,0.44,0.45,-0.0076,58,an exit — its fill reduces the position it sits on,CJWBHWJ68W7H
1790111629.0,politics,paccc-usse-midterms-2026-11-03-dem,SELL,55,0.64,backfill,,0.14,,,,,,,,,recovered from the exchange's transaction history — this fill was never journale,CNEQ8ES4AWPD
1790111674.3,politics,paccc-usse-midterms-2026-11-03-dem,SELL,97,0.64,focus,159.211,0.16,0.5,64,66,0.918,0.639,0.64,-0.14,-97,focus entry: ~$23.96/day; fill odds 56%/day; EV +20.32/day,CNEQ8ES4AWPD
1790111974.3,politics,ushrewc-ushr-ne-02-2026-11-03-rep,SELL,-5,0.06,fix,1.3946,61.15,,8,12,0.909,0.05,0.06,0.04,205,size trimmed by 5 to the exchange's count (order CJND344BPW22),CJND344BPW22
1790111974.3,politics,ushrewc-ushr-ne-02-2026-11-03-rep,SELL,-5,0.06,fix,1.427,61.12,,8,12,0.901,0.05,0.06,0.04,210,size trimmed by 5 to the exchange's count (order CJND344BPW22),CJND344BPW22
1790111974.3,politics,ushrewc-ushr-ne-02-2026-11-03-rep,SELL,-5,0.06,fix,1.4594,61.05,,8,12,0.892,0.05,0.06,0.03,215,size trimmed by 5 to the exchange's count (order CJND344BPW22),CJND344BPW22
1790111974.3,politics,ushrewc-ushr-ne-02-2026-11-03-rep,SELL,-5,0.06,fix,1.4918,60.98,,8,11,0.882,0.05,0.06,0.03,220,size trimmed by 5 to the exchange's count (order CJND344BPW22),CJND344BPW22
1790111974.3,politics,ushrewc-ushr-ne-02-2026-11-03-rep,SELL,-5,0.06,fix,1.5241,60.95,,7,11,0.869,0.05,0.06,0.03,225,size trimmed by 5 to the exchange's count (order CJND344BPW22),CJND344BPW22
1790111974.3,politics,ushrewc-ushr-ne-02-2026-11-03-rep,SELL,-5,0.06,fix,1.7301,60.88,,7,11,0.853,0.05,0.06,0.03,230,size trimmed by 5 to the exchange's count (order CJND344BPW22),CJND344BPW22
1790111974.3,politics,ushrewc-ushr-ne-02-2026-11-03-rep,SELL,-25,0.06,fix,1.913,60.87,,7,11,0.833,0.05,0.06,0.03,235,size trimmed by 25 to the exchange's count (order CJND344BPW22),CJND344BPW22
1790111974.3,politics,ushrewc-ushr-ne-02-2026-11-03-rep,SELL,-5,0.06,fix,1.7496,60.82,,7,11,0.806,0.05,0.06,0.02,260,size trimmed by 5 to the exchange's count (order CJND344BPW22),CJND344BPW22
1790111974.3,politics,ushrewc-ushr-ne-02-2026-11-03-rep,SELL,-5,0.06,fix,1.7817,60.78,,6,10,0.769,0.05,0.06,0.02,265,size trimmed by 5 to the exchange's count (order CJND344BPW22),CJND344BPW22
1790111974.3,politics,usgubewc-usgub-fl-2026-11-03-dem,SELL,-20,0.19,fix,0.1702,9.87,0.33255,19,24,0.481,0.18,0.19,0.1426,0,size trimmed by 20 to the exchange's count (order CM9SXHQDEWPB),CM9SXHQDEWPB
1790111974.3,politics,usgubewc-usgub-fl-2026-11-03-dem,SELL,-124,0.19,fix,1.3641,2.46,0.33255,18,23,0.19,0.18,0.19,0.1426,20,size trimmed by 124 to the exchange's count (order CM9SXHQDEWPB),CM9SXHQDEWPB
1790111974.3,politics,ewc-usgub-ca-2026-11-03-xavbec,SELL,81,0.98,void,0,0.21,0.999425,94,97,0.318,0.95,0.96,0.0194,0,voided: the exchange has no trade for order CNE25PE0EWPA — the row of 09-22 20:3,CNE25PE0EWPA
1790111974.3,politics,usgubewc-usgub-tx-2026-11-03-rep,SELL,90,0.82,void,0,13.5,0.777075,77,80,0.387,0.78,0.79,-0.0429,0,voided: the exchange has no trade for order CN2NFQH20WP7 — the row of 09-22 20:3,CN2NFQH20WP7
1790111974.3,politics,cpoc-ussec-tx-mi-me-2026-11-03-dtx-dmi-rme,SELL,41,0.15,void,0,0.1,,11,16,0.302,0.14,0.15,-0.01,0,voided: the exchange has no trade for order CNE6KMHZMWPH — the row of 09-22 20:3,CNE6KMHZMWPH
1790111974.3,politics,paccc-usse-midterms-2026-11-03-dem,BUY,55,0.639,backfill,,0.32,,,,,,,,,recovered from the exchange's transaction history — this fill was never journale,CNDW081K8WPA
1790111974.3,politics,ewc-usgub-ca-2026-11-03-xavbec,SELL,81.38,0.95,hand,,0,,,,,,,,,your own trade — from the exchange's record; direction from the position move,CNE53APTAWPH
1790111974.3,politics,usgubewc-usgub-tx-2026-11-03-rep,SELL,89.59,0.78,hand,,0.51,,,,,,,,,your own trade — from the exchange's record; direction from the position move,CNDQC2GTEWPB
1790111974.3,politics,usgubewc-usgub-fl-2026-11-03-rep,BUY,110.84,0.78,backfill,,4.17,,,,,,,,,recovered from the exchange's transaction history — this fill was never journale,CNAJBQSZTWPE
1790111974.3,politics,usgubewc-usgub-nh-2026-11-03-dem,BUY,15.65,0.11,hand,,63.89,,,,,,,,,your own trade — from the exchange's record; direction from the position move,CKQJJ9RQRWPD
1790111974.3,politics,usgubewc-usgub-nh-2026-11-03-dem,BUY,50,0.11,hand,,96.66,,,,,,,,,your own trade — from the exchange's record; direction from the position move,CJVEWE2B4W1N
1790111974.3,politics,usgubewc-usgub-nh-2026-11-03-dem,BUY,7.34,0.11,hand,,0,,,,,,,,,your own trade — from the exchange's record; direction from the position move,CNE5T5XF0WPB
1790111974.3,politics,usgubewc-usgub-nh-2026-11-03-rep,BUY,0.02,0.87,hand,,96.69,,,,,,,,,your own trade — from the exchange's record; direction from its order intent,CJVDQJZQ0W7H
1790111974.3,politics,cpoc-ussec-tx-mi-me-2026-11-03-dtx-rmi-rme,BUY,26.47,0.1,hand,,96.81,,,,,,,,,your own trade — from the exchange's record; direction from the position move,CJVAZ5CZYW7H
1790111974.3,politics,cpoc-ussec-tx-mi-me-2026-11-03-dtx-dmi-rme,SELL,39.74,0.14,hand,,23.54,,,,,,,,,your own trade — from the exchange's record; direction from the position move,CMT3WZ2ZAWPD
1790111974.3,politics,cpoc-ussec-tx-mi-me-2026-11-03-dtx-dmi-rme,SELL,1,0.14,hand,,0,,,,,,,,,your own trade — from the exchange's record; direction from the position move,CNE6KMNRWWPH
1790111974.3,politics,cpoc-ussec-tx-mi-me-2026-11-03-rtx-dmi-rme,BUY,20.13,0.11,hand,,0,,,,,,,,,your own trade — from the exchange's record; direction from the position move,CNE68ZFRGWPB
1790111974.3,politics,cpoc-ussec-tx-mi-me-2026-11-03-rtx-dmi-rme,BUY,12,0.11,hand,,27.5,,,,,,,,,your own trade — from the exchange's record; direction from the position move,CMPQRC98EWPF
1790111974.3,politics,cpoc-ussec-tx-mi-me-2026-11-03-rtx-dmi-rme,BUY,0.13,0.11,hand,,28.98,,,,,,,,,your own trade — from the exchange's record; direction from the position move,CMNEP0B1WWPC
1790111974.3,politics,cpoc-ussec-tx-mi-me-2026-11-03-rsweep,BUY,30.96,0.11,hand,,2.36,,,,,,,,,your own trade — from the exchange's record; direction from the position move,CNC6M6XARWPE
1790111974.3,politics,cpoc-ussec-tx-mi-me-2026-11-03-dsweep,BUY,0.48,0.44,hand,,5.28,,,,,,,,,your own trade — from the exchange's record; direction from its order intent,CN9PKJYG8WPA
1790111974.3,politics,cpoc-ussec-tx-mi-me-2026-11-03-dtx-rmi-dme,SELL,0.19,0.08,hand,,9.65,,,,,,,,,your own trade — from the exchange's record; direction from its order intent,CN5V8SHTTWPH
1790111974.3,politics,cpoc-ussec-tx-mi-me-2026-11-03-rtx-rmi-dme,SELL,0.15,0.07,hand,,0,,,,,,,,,your own trade — from the exchange's record; direction from its order intent,CNE6KGPHRWP7
1790111974.3,politics,paccc-usse-midterms-2026-11-03-dem,SELL,55,0.64,backfill,,0.14,,,,,,,,,recovered from the exchange's transaction history — this fill was never journale,CNEQ8ES4AWPD
1790112573.9,politics,ewc-usse-tx-2026-11-03-rep,SELL,26,0.42,focus,2.6444,0.25,0.298025,43,45,0.825,0.41,0.42,-0.122,-71,focus entry: ~$2.71/day; fill odds 56%/day; EV +0.40/day,CNEVW1MHEWP7
1790115299.0,politics,paccc-usse-midterms-2026-11-03-dem,BUY,82,0.639,backfill,,1,,,,,,,,,recovered from the exchange's transaction history — this fill was never journale,CNEVHVMSEWPA
1790115574.2,politics,paccc-usse-midterms-2026-11-03-dem,SELL,71,0.64,focus,104.189,0.13,0.5,65,68,0.906,0.639,0.64,-0.14,-141,focus entry: ~$18.06/day; fill odds 56%/day; EV +15.39/day,CNFPBVMP2WPH
1790115634.3,politics,paccc-usse-midterms-2026-11-03-dem,BUY,82,0.639,backfill,,1,,,,,,,,,recovered from the exchange's transaction history — this fill was never journale,CNEVHVMSEWPA
1790116284.8,politics,paccc-usse-midterms-2026-11-03-dem,BUY,14,0.64,backfill,,0.18,,,,,,,,,recovered from the exchange's transaction history — this fill was never journale,CNFSZRS98WPE
1790116594.4,politics,paccc-usse-midterms-2026-11-03-dem,SELL,17,0.642,focus,94.247,0.03,0.5,66,68,0.9,0.641,0.642,-0.142,-144,focus entry: ~$152.03/day; fill odds 56%/day; EV +151.09/day,CNG04M0RWWPA
1790117358.3,politics,paccc-usse-midterms-2026-11-03-dem,BUY,29,0.601,hand,,2.86,,,,,,,,,your own trade — from the exchange's record; direction from its order intent,CM7SWSHR4WPA
1790117358.3,politics,ewc-usgub-oh-2026-11-03-rep,BUY,19,0.4,hand,,58.04,,,,,,,,,your own trade — from the exchange's record; direction from its order intent,CJVSPDRWWW0Y
1790117358.3,politics,usgubewc-usgub-fl-2026-11-03-dem,SELL,144,0.19,hand,,9.85,,,,,,,,,your own trade — from the exchange's record; direction from its order intent,CM9SXHQDEWPB
1790117358.3,politics,ewc-usgub-wi-2026-11-03-dem,SELL,5,0.83,hand,,75.86,,,,,,,,,your own trade — from the exchange's record; direction from its order intent,CJVWP40J8W1Y
1790117358.3,politics,ushrewc-ushr-ne-02-2026-11-03-rep,SELL,120,0.06,hand,,84.74,,,,,,,,,your own trade — from the exchange's record; direction from its order intent,CJND344BPW22
1790117358.3,politics,ewc-usgub-nv-2026-11-03-dem,SELL,2,0.45,backfill,,95.66,,,,,,,,,recovered from the exchange's transaction history — this fill was never journale,CJWBHWJ68W7H
1790117358.3,politics,paccc-usse-midterms-2026-11-03-dem,BUY,14,0.64,backfill,,0.18,,,,,,,,,recovered from the exchange's transaction history — this fill was never journale,CNFSZRS98WPE
1790118105.2,politics,paccc-usse-midterms-2026-11-03-dem,SELL,19,0.642,focus,39.1801,0.08,0.5,66,68,0.893,0.641,0.642,-0.142,-163,focus entry: ~$10.94/day; fill odds 56%/day; EV +10.00/day,CNGESR3XGWPF
1790118431.7,politics,cpoc-ussegubc-tx-2026-11-03-rsweep,BUY,1,0.53,earn,0.4328,0.18,,35,45,0,0.39,0.41,0.13,1,joins the touch — the book has been quiet,CNGEN8YQMWP7
1790118899.6,politics,cpoc-ussec-tx-me-2026-11-03-dtx-rme,BUY,48,0.12,sell,0.0362,41.53,,10,16,0.428,0.12,0.13,-0.01,0,an exit — its fill reduces the position it sits on,CMD0BJWV6WPH
1790119285.8,politics,paccc-usse-midterms-2026-11-03-dem,SELL,35,0.642,backfill,,0.08,,,,,,,,,recovered from the exchange's transaction history — this fill was never journale,CNGQQPYBRWPE
1790119356.1,politics,paccc-usse-midterms-2026-11-03-dem,SELL,30,0.646,backfill,,0.01,,,,,,,,,recovered from the exchange's transaction history — this fill was never journale,CNGTC675CWPB
1790120822.5,politics,ewc-usse-tx-2026-11-03-dem,SELL,8,0.59,sell,0.4598,0.82,0.701975,59,63,0.423,0.58,0.59,0.112,34,an exit — its fill reduces the position it sits on,CNGF5H5SRWPB
1790120882.5,cfb,aachc-cfb-wins-ou-2026-11-28-utahst,SELL,1,0.15,sell,0.0619,0.51,,11,20,0.243,0.14,0.15,0,0,selling filled stock — it earns while it waits,CNGR9J3YCWPF
1790120942.5,politics,ushrewc-ushr-me-02-2026-11-03-dem,BUY,17.98,0.42,focus,1.7279,0.08,,40,45,0,0.42,0.43,-0.01,17.98,focus entry: ~$11.84/day; fill odds 55%/day; EV +2.72/day,CNH5KTJV0WPA
1790121002.5,politics,ewc-usgub-oh-2026-11-03-rep,BUY,-19,0.4,fix,0.0613,58.07,0.43025,39,44,0.214,0.4,0.41,-0.0302,0,size trimmed by 19 to the exchange's count (order CJVSPDRWWW0Y),CJVSPDRWWW0Y
1790121002.5,politics,ewc-usgub-wi-2026-11-03-dem,SELL,-5,0.83,fix,,75.86,,,,,,,,,size trimmed by 5 to the exchange's count (order CJVWP40J8W1Y),CJVWP40J8W1Y
1790121002.5,politics,ushrewc-ushr-ne-02-2026-11-03-rep,SELL,-120,0.06,fix,,84.74,,,,,,,,,size trimmed by 120 to the exchange's count (order CJND344BPW22),CJND344BPW22
1790121002.5,politics,ewc-usgub-nv-2026-11-03-dem,SELL,-2,0.45,fix,0.5258,95.67,0.44245,43,48,0.533,0.44,0.45,-0.0076,58,size trimmed by 2 to the exchange's count (order CJWBHWJ68W7H),CJWBHWJ68W7H
1790121002.5,politics,usgubewc-usgub-fl-2026-11-03-dem,SELL,-144,0.19,fix,,9.85,,,,,,,,,size trimmed by 144 to the exchange's count (order CM9SXHQDEWPB),CM9SXHQDEWPB
1790121002.5,politics,paccc-usse-midterms-2026-11-03-dem,SELL,35,0.642,backfill,,0.08,,,,,,,,,recovered from the exchange's transaction history — this fill was never journale,CNGQQPYBRWPE
1790121002.5,politics,paccc-usse-midterms-2026-11-03-dem,SELL,30,0.646,backfill,,0.01,,,,,,,,,recovered from the exchange's transaction history — this fill was never journale,CNGTC675CWPB
1790121135.6,cfb,aachc-cfb-wins-2026-11-28-ala-10pt5wins,BUY,1,0.38,probe,2.8626,0.4,,32,43,0,0.36,0.39,0,1,a scout — this market's pool could pay; but I don't know enough yet; what happen,CNGWW5MWWWPF
1790121392.1,politics,paccc-usse-midterms-2026-11-03-dem,BUY,50,0.645,backfill,,0.49,,,,,,,,,recovered from the exchange's transaction history — this fill was never journale,CNGWH9ZE0WPH
1790122185.8,politics,ewc-usgub-wi-2026-11-03-dem,SELL,385,0.83,focus,91.8831,0.04,0.722,82,87,0.61,0.83,0.84,-0.108,-385,focus entry: ~$13.49/day; fill odds 49%/day; EV +1.21/day,CNHFNKH36WPC
1790122330.3,politics,ewc-usse-mi-2026-11-03-rep,BUY,177,0.32,focus,100.099,0.04,0.2001,31,35,0.67,0.31,0.32,0.1199,177,focus entry: ~$6.55/day; fill odds 56%/day; EV +0.80/day,CNHGYZY06WPA
1790122578.5,cfb,aachc-cfb-wins-2026-11-28-clmsn-7pt5wins,BUY,1,0.34,sell,0.2856,19.67,,28,36,0.36,0.34,0.35,0.01,2,buying back the short at or under what it sold for — the bid earns while it wait,CN0HTQGSMWP7
1790122852.9,politics,cpoc-ussegubc-mn-2026-11-03-rsweep,BUY,5,0.1,hand,,0,,,,,,,,,your own trade — from the exchange's record; direction from the position move,CNHNTEDZWWP6
1790123191.1,politics,cpoc-ussegubc-nh-2026-11-03-dsweep,BUY,50,0.24,earn,1.6361,0.32,,4,12,0,0.06,0.11,0.16,50,joins the touch — the book has been quiet,CNHFT8N8RWP6
1790123523.6,politics,usgubewc-usgub-fl-2026-11-03-rep,BUY,86.33,0.78,backfill,,8.27,,,,,,,,,recovered from the exchange's transaction history — this fill was never journale,CNAJBQSZTWPE
1790123629.3,politics,usgubewc-usgub-fl-2026-11-03-dem,BUY,54,0.25,focus,0.2432,0.05,0.355675,24,29,0.675,0.25,0.26,-0.1057,0,focus exit: ~$12.15/day; fill odds 48%/day; EV +11.75/day,CNHT27AGAWPB
1790123629.3,politics,usgubewc-usgub-fl-2026-11-03-rep,BUY,46.83,0.78,sell,4.5615,8.3,0.644325,73,79,0.026,0.77,0.78,0.1357,-0.17,an exit — its fill reduces the position it sits on,CNAJBQSZTWPE
1790123766.9,politics,cpoc-ussegubc-oh-2026-11-03-dsweep,SELL,20,0.48,earn,1.4491,0.6,,40,51,0,0.48,0.49,-0.02,-20,joins the touch — the book has been quiet,CNHD320XYWPC
1790123766.9,politics,cpoc-ussegubc-mn-2026-11-03-rgov-dsen,BUY,20,0.23,earn,1.0246,0.5,,3,9,0,0.03,0.06,0.17,20,joins the touch — the book has been quiet,CNHF78VEYWP7
1790124395.5,politics,ewc-usse-tx-2026-11-03-rep,BUY,71,0.42,backfill,,1.99,,,,,,,,,recovered from the exchange's transaction history — this fill was never journale,CNG7HPV1EWP7
1790124640.2,politics,paccc-usse-midterms-2026-11-03-dem,BUY,50,0.645,backfill,,0.49,,,,,,,,,recovered from the exchange's transaction history — this fill was never journale,CNGWH9ZE0WPH
1790124640.2,politics,cpoc-ussegubc-mn-2026-11-03-rsweep,BUY,5,0.1,hand,,0,,,,,,,,,your own trade — from the exchange's record; direction from the position move,CNHNTEDZWWP6
1790124640.2,politics,usgubewc-usgub-fl-2026-11-03-rep,BUY,86.33,0.78,backfill,,8.27,,,,,,,,,recovered from the exchange's transaction history — this fill was never journale,CNAJBQSZTWPE
1790124640.2,politics,ewc-usse-tx-2026-11-03-rep,BUY,71,0.42,backfill,,1.99,,,,,,,,,recovered from the exchange's transaction history — this fill was never journale,CNG7HPV1EWP7
1790124640.2,politics,paccc-usse-midterms-2026-11-03-dem,BUY,169,0.649,backfill,,0.82,,,,,,,,,recovered from the exchange's transaction history — this fill was never journale,CNHDFQD4WWP7
1790124675.3,politics,paccc-usse-midterms-2026-11-03-dem,BUY,169,0.649,backfill,,0.82,,,,,,,,,recovered from the exchange's transaction history — this fill was never journale,CNHDFQD4WWP7
1790125367.9,politics,ushrewc-ushr-me-02-2026-11-03-dem,BUY,23,0.42,focus,8.9155,0.12,,39,43,0.449,0.42,0.43,0.01,41,focus entry: ~$11.94/day; fill odds 55%/day; EV +6.63/day,CNJ4VECGCWPH
1790125938.4,politics,paccc-usse-midterms-2026-11-03-dem,BUY,9,0.649,sell,6.4284,0.32,0.5,67,70,0.882,0.649,0.65,0.149,0,an exit — its fill reduces the position it sits on,CNJ3THCFCWPB
1790126237.9,politics,usgubewc-usgub-tx-2026-11-03-rep,BUY,82,0.77,focus,126.97,0.02,0.777075,76,80,0.546,0.75,0.76,-0.0071,82,focus entry: ~$10.86/day; fill odds 49%/day; EV +3.25/day,CNJE41HG4WPF
1790126237.9,politics,usgubewc-usgub-tx-2026-11-03-dem,SELL,61.92,0.24,focus,60.5664,0.01,0.222925,21,26,0.245,0.23,0.24,-0.0171,-61.92,focus entry: ~$51.00/day; fill odds 49%/day; EV +43.29/day,CNJEAJVVEWPE
1790126477.9,politics,cpoc-ussegubc-mn-2026-11-03-dgov-rsen,SELL,5,0.04,earn,0.6904,1.19,,3,11,0,0.07,0.09,0.03,-5,joins the touch — the book has been quiet,CNHGRJWZJWPD
1790128268.7,politics,paccc-usho-midterms-2026-11-03-rep,SELL,-49,0.1,fix,3.179,1.24,0.1034,11,13,0.836,0.099,0.1,0.0034,0,size trimmed by 49 to the exchange's count (order CMHMANG12WPA),CMHMANG12WPA
1790128268.7,politics,paccc-usho-midterms-2026-11-03-rep,SELL,-137,0.1,fix,14.8955,1.21,0.1034,10,13,0.81,0.099,0.1,0.0034,49,size trimmed by 137 to the exchange's count (order CMHMANG12WPA),CMHMANG12WPA
1790128268.7,politics,ewc-usse-tx-2026-11-03-rep,BUY,-66,0.42,fix,0.6363,2.04,0.298025,43,46,0.821,0.42,0.43,0.122,0,size trimmed by 66 to the exchange's count (order CNG7HPV1EWP7),CNG7HPV1EWP7
1790128717.6,politics,ussewc-usse-co-2026-11-03-rep,SELL,18.79,0.05,sell,0.222,109.2,0.00415,3,7,0.569,0.04,0.05,-0.0459,175.21,an exit — its fill reduces the position it sits on,CJNDG4MNRW22
1790128786.8,politics,paccc-usse-midterms-2026-11-03-rep,SELL,54,0.365,backfill,,0.63,,,,,,,,,recovered from the exchange's transaction history — this fill was never journale,CNJGWAANCWPF
1790129221.1,politics,scc-hrep-demst-2026-11-03-gte218,BUY,1,0.92,earn,0.0439,0.66,,89,97,0,0.92,0.93,-0.01,1,1 tick in front of the touch — we would hold 5% of the bid side,CNJKVJP9AWP7
1790131449.9,politics,paccc-usse-midterms-2026-11-03-dem,BUY,40,0.649,backfill,,0.74,,,,,,,,,recovered from the exchange's transaction history — this fill was never journale,CNK2FEAR0WP9
1790131490.3,politics,paccc-usse-midterms-2026-11-03-dem,BUY,1,0.644,focus,64.5309,0.01,0.5,65,68,0.87,0.644,0.646,0.144,1,focus entry: ~$181.25/day; fill odds 57%/day; EV +179.91/day,CNKPA7FT8WPB
1790131914.1,politics,paccc-usse-midterms-2026-11-03-rep,SELL,54,0.365,backfill,,0.63,,,,,,,,,recovered from the exchange's transaction history — this fill was never journale,CNJGWAANCWPF
1790131914.1,politics,paccc-usse-midterms-2026-11-03-dem,BUY,40,0.649,backfill,,0.74,,,,,,,,,recovered from the exchange's transaction history — this fill was never journale,CNK2FEAR0WP9
1790132334.5,politics,ewc-usse-tx-2026-11-03-dem,SELL,34,0.59,sell,0.4241,0.99,0.701975,60,64,0.596,0.58,0.59,0.112,0,an exit — its fill reduces the position it sits on,CNK2D5QE6WPD
1790132843.6,politics,scc-senate-demst-2026-11-03-gte51,BUY,5,0.88,earn,0.496,0.91,,78,89,0,0.01,0.88,0.03,5,joins the touch — the book has been quiet,CNK8NT8Y6WPB
1790133625.3,politics,ewc-usse-oh-2026-11-03-dem,BUY,37,0.65,backfill,,0.38,,,,,,,,,recovered from the exchange's transaction history — this fill was never journale,CNKVV45A8WPF
1790133654.7,politics,ewc-usse-oh-2026-11-03-dem,BUY,27,0.64,focus,3.4837,0,0.703975,62,66,0.69,0.64,0.65,-0.064,27,focus entry: ~$3.48/day; fill odds 57%/day; EV +2.55/day,CNM6SY04WWP7
1790134428.7,politics,paccc-usho-midterms-2026-11-03-rep,SELL,14,0.101,focus,0.363,0.05,0.099,12,14,0.912,0.1,0.101,-0.002,-32,focus entry: ~$3.63/day; fill odds 67%/day; EV +2.55/day,CNMBYNRBGWPC
1790135527.9,politics,ewc-usse-oh-2026-11-03-dem,BUY,37,0.65,backfill,,0.38,,,,,,,,,recovered from the exchange's transaction history — this fill was never journale,CNKVV45A8WPF
1790136654.1,politics,ewc-usse-mi-2026-11-03-rep,SELL,3,0.31,sell,8.4096,0.71,0.2001,30,34,0.726,0.3,0.31,-0.1099,174,an exit — its fill reduces the position it sits on,CNMAV9WKMWP7
1790137783.7,politics,paccc-usse-midterms-2026-11-03-dem,SELL,41,0.645,sell,123.171,1.72,0.5,65,67,0.869,0.645,0.646,-0.145,0,an exit — its fill reduces the position it sits on,CNKPY5W6MWPD
1790137843.7,politics,paccc-usse-midterms-2026-11-03-dem,SELL,37,0.646,sell,32.6147,0.03,0.5,65,67,0.882,0.645,0.646,-0.146,4,an exit — its fill reduces the position it sits on,CNN4XCR00WPE
1790138811.4,politics,ewc-usse-mi-2026-11-03-rep,SELL,76,0.31,sell,8.0498,1.3,0.2001,31,35,0.775,0.3,0.31,-0.1099,98,an exit — its fill reduces the position it sits on,CNMAV9WKMWP7
1790140247.6,politics,paccc-usho-midterms-2026-11-03-rep,SELL,25,0.101,focus,3.64,0.06,0.099,12,14,0.912,0.1,0.102,-0.002,-57,focus entry: ~$4.48/day; fill odds 67%/day; EV +2.55/day,CNNM47MBYWP9
1790140682.0,politics,ewc-usse-mi-2026-11-03-rep,SELL,40,0.31,sell,1.2084,0.5,0.2001,32,35,0.809,0.3,0.31,-0.1099,58,an exit — its fill reduces the position it sits on,CNND41RJ2WPF
1790142154.8,politics,paccc-usse-midterms-2026-11-03-rep,BUY,20,0.377,backfill,,0.67,,,,,,,,,recovered from the exchange's transaction history — this fill was never journale,CNNJF3674WP9
1790142218.0,politics,paccc-usse-midterms-2026-11-03-rep,BUY,34,0.377,sell,4.1996,0.69,0.3263,36,39,0.818,0.377,0.378,0.0507,0,an exit — its fill reduces the position it sits on,CNNJF3674WP9
1790142824.4,politics,paccc-usse-midterms-2026-11-03-rep,BUY,20,0.377,backfill,,0.67,,,,,,,,,recovered from the exchange's transaction history — this fill was never journale,CNNJF3674WP9
1790143424.5,politics,cpoc-ussegubc-tx-2026-11-03-dsweep,BUY,2,0.33,earn,1.5093,0.68,,28,40,0,0.29,0.34,0,2,joins the touch — the book has been quiet,CNNW40GGGWP6
1790146335.5,cfb,aachc-cfb-wins-2026-11-28-clmsn-7pt5wins,SELL,1,0.34,sell,0,0,,28,35,0.552,0.34,0.35,-0.02,0,taker dump — sold into the bid (the carved exception),CNQ5KRR86WPH
1790146464.9,politics,usgubewc-usgub-ny-2026-11-03-dem,BUY,-40.27,0.93,fix,1.1106,80.04,0.9886,92,96,0.012,0.93,0.94,-0.0586,-0.27,size trimmed by 40.27 to the exchange's count (order CK93JF66GWPA),CK93JF66GWPA
1790146546.8,politics,ewc-usgub-ga-2026-11-03-dem,SELL,57,0.56,backfill,,0.42,,,,,,,,,recovered from the exchange's transaction history — this fill was never journale,CNPTH9586WPD
1790146644.9,politics,paccc-usse-midterms-2026-11-03-dem,BUY,37,0.646,sell,16.7128,0.14,0.5,65,67,0.888,0.646,0.647,0.146,0,an exit — its fill reduces the position it sits on,CNQ3XQGAYWPF
1790150115.8,politics,ewc-usgub-ga-2026-11-03-dem,SELL,57,0.56,backfill,,0.42,,,,,,,,,recovered from the exchange's transaction history — this fill was never journale,CNPTH9586WPD
1790150884.1,politics,scc-hrep-demst-2026-11-03-gte218,SELL,1,0.9,sell,0,0,,87,92,0.426,0.9,0.91,0,0,taker dump — sold into the bid (the carved exception),CNR6XC2TYWPF
1790157535.4,politics,scc-senate-gop-2026-11-03-48,SELL,7,0.15,manual,0.0351,16.45,0.15265,12,15,0.523,0.14,0.15,0.0027,-7,the owner's own order — the engine leaves it alone,CNBPE05KWWPF
1790161504.5,politics,ewc-usse-mi-2026-11-03-rep,SELL,29,0.31,sell,0.5645,5.77,0.2001,32,35,0.819,0.3,0.31,-0.1099,29,an exit — its fill reduces the position it sits on,CNNSYA1CPWPF
1790163751.3,politics,ewc-usse-mi-2026-11-03-rep,SELL,3,0.31,sell,0.2822,6.39,0.2001,32,36,0.841,0.3,0.31,-0.1099,26,an exit — its fill reduces the position it sits on,CNNSYA1CPWPF
1790164354.7,politics,ewc-usgub-oh-2026-11-03-rep,BUY,19,0.4,hand,,58.04,,,,,,,,,your own trade — from the exchange's record; direction from its order intent,CJVSPDRWWW0Y
1790164354.7,politics,usgubewc-usgub-fl-2026-11-03-dem,SELL,144,0.19,hand,,9.85,,,,,,,,,your own trade — from the exchange's record; direction from its order intent,CM9SXHQDEWPB
1790164354.7,politics,paccc-usho-midterms-2026-11-03-rep,SELL,186,0.1,hand,,1.21,,,,,,,,,your own trade — from the exchange's record; direction from its order intent,CMHMANG12WPA
1790164354.7,politics,ewc-usgub-wi-2026-11-03-dem,SELL,5,0.83,hand,,75.86,,,,,,,,,your own trade — from the exchange's record; direction from its order intent,CJVWP40J8W1Y
1790164354.7,politics,ushrewc-ushr-ne-02-2026-11-03-rep,SELL,120,0.06,hand,,84.74,,,,,,,,,your own trade — from the exchange's record; direction from its order intent,CJND344BPW22
1790164354.7,politics,usgubewc-usgub-ny-2026-11-03-dem,BUY,40.27,0.93,hand,,80.03,,,,,,,,,your own trade — from the exchange's record; direction from its order intent,CK93JF66GWPA
1790164354.7,politics,ewc-usgub-nv-2026-11-03-dem,SELL,2,0.45,backfill,,95.66,,,,,,,,,recovered from the exchange's transaction history — this fill was never journale,CJWBHWJ68W7H
1790164354.7,cfb,aachc-cfb-wins-2026-11-28-ala-10pt5wins,BUY,0.09,0.43,hand,,0.85,,,,,,,,,your own trade — from the exchange's record; direction from its order intent,CFD8VQ7TRTN3
1790164354.7,cfb,aachc-cfb-wins-2026-11-28-ala-10pt5wins,BUY,0.01,0.43,hand,,3.56,,,,,,,,,your own trade — from the exchange's record; direction from its order intent,CFAY052TGTMM
1790164354.7,cfb,aachc-cfb-wins-2026-11-28-ala-10pt5wins,BUY,0.1,0.43,hand,,9.95,,,,,,,,,your own trade — from the exchange's record; direction from its order intent,CF5F6S0B2TMQ
1790164495.9,cfb,aachc-cfb-wins-2026-11-28-ala-10pt5wins,SELL,0.2,0.26,backfill,,4.97,,,,,,,,,recovered from the exchange's transaction history — this fill was never journale,CNQ71RYB0WPF
1790165014.7,politics,ewc-usse-mi-2026-11-03-rep,SELL,2,0.31,sell,0.2537,6.74,0.2001,33,36,0.859,0.3,0.31,-0.1099,24,an exit — its fill reduces the position it sits on,CNNSYA1CPWPF
1790167965.0,politics,ewc-usgub-wi-2026-11-03-dem,SELL,-5,0.83,fix,,75.86,,,,,,,,,size trimmed by 5 to the exchange's count (order CJVWP40J8W1Y),CJVWP40J8W1Y
1790167965.0,politics,ushrewc-ushr-ne-02-2026-11-03-rep,SELL,-120,0.06,fix,,84.74,,,,,,,,,size trimmed by 120 to the exchange's count (order CJND344BPW22),CJND344BPW22
1790167965.0,politics,ewc-usgub-nv-2026-11-03-dem,SELL,-2,0.45,fix,,95.66,,,,,,,,,size trimmed by 2 to the exchange's count (order CJWBHWJ68W7H),CJWBHWJ68W7H
1790167965.0,politics,usgubewc-usgub-ny-2026-11-03-dem,BUY,-40.27,0.93,fix,1.1106,80.04,0.9886,92,96,0.012,0.93,0.94,-0.0586,-0.27,size trimmed by 40.27 to the exchange's count (order CK93JF66GWPA),CK93JF66GWPA
1790167965.0,cfb,aachc-cfb-wins-2026-11-28-ala-10pt5wins,SELL,0.2,0.26,backfill,,4.97,,,,,,,,,recovered from the exchange's transaction history — this fill was never journale,CNQ71RYB0WPF
1790168205.0,politics,scc-hrep-demst-2026-11-03-gte235,BUY,10,0.87,earn,1.1781,5.25,,83,89,0,0.42,0.84,0.01,10,joins the touch — the book has been quiet,CNQTT9QNYWPE
1790170178.5,politics,cpoc-ussegubc-oh-2026-11-03-rsweep,BUY,4.99,0.29,earn,1.3695,8.6,,28,33,0,0.29,0.3,-0.01,4.99,joins the touch — the book has been quiet,CNNFD68JGWP9
1790170418.5,politics,ewc-usse-mi-2026-11-03-dem,BUY,66,0.69,sell,0.2347,12.95,0.7999,69,74,0.53,0.69,0.7,-0.1099,0,an exit — its fill reduces the position it sits on,CNHW7JKFAWPH
1790170538.5,politics,cpoc-ussegubc-nh-2026-11-03-dgov-rsen,BUY,3,0.07,earn,0.8111,7.78,,5,10,0,0.07,0.08,-0.01,3,joins the touch — the book has been quiet,CNP7CG20JWPE
1790171618.6,politics,paccc-usho-midterms-2026-11-03-rep,SELL,-9,0.103,fix,0.2015,1.7,0.1034,12,14,0.908,0.102,0.103,0.0004,0,size trimmed by 9 to the exchange's count (order CMP3HADQGWP7),CMP3HADQGWP7
1790171618.6,politics,paccc-usho-midterms-2026-11-03-rep,SELL,-18,0.103,fix,4.2057,1.3,0.1034,12,14,0.901,0.102,0.103,0.0004,9,size trimmed by 18 to the exchange's count (order CMP3HADQGWP7),CMP3HADQGWP7
1790172578.7,politics,ewc-usse-mi-2026-11-03-rep,SELL,3,0.31,sell,0.1877,8.84,0.2001,33,36,0.869,0.3,0.31,-0.1099,21,an exit — its fill reduces the position it sits on,CNNSYA1CPWPF
1790173478.7,politics,ewc-usse-mi-2026-11-03-rep,SELL,21,0.31,sell,0.1368,9.09,0.2001,33,36,0.882,0.3,0.31,-0.1099,0,an exit — its fill reduces the position it sits on,CNNSYA1CPWPF
1790174982.1,politics,cpoc-ussegubc-tx-2026-11-03-dsweep,SELL,2,0.28,sell,0,0,,28,34,0.413,0.28,0.29,0.03,0,taker dump — sold into the bid (the carved exception),CNY0Y98BTWPA
1790175026.8,politics,usgubewc-usgub-ri-2026-11-03-dem,BUY,3,0.98,hand,,15.47,,,,,,,,,your own trade — from the exchange's record; direction from its order intent,CNGTMH32WWP6
1790175026.8,politics,usgubewc-usgub-ri-2026-11-03-dem,BUY,6.12,0.98,hand,,101.88,,,,,,,,,your own trade — from the exchange's record; direction from its order intent,CK6Q4MDH0WP6
1790175068.3,politics,usgubewc-usgub-mn-2026-11-03-dem,BUY,81.26,0.94,hand,,3.7,,,,,,,,,your own trade — from the exchange's record; direction from its order intent,CNTTA0BGGWP7
1790175068.3,politics,usgubewc-usgub-mn-2026-11-03-dem,SELL,35,0.94,hand,,0,,,,,,,,,your own trade — from the exchange's record; direction from its order intent,CNY0C5KJEWP9
1790175224.7,politics,paccc-usho-midterms-2026-11-03-rep,SELL,-9,0.103,fix,4.2057,1.3,0.1034,12,14,0.901,0.102,0.103,0.0004,9,size trimmed by 9 to the exchange's count (order CMP3HADQGWP7),CMP3HADQGWP7
1790175224.7,politics,usgubewc-usgub-ri-2026-11-03-dem,BUY,3,0.98,hand,,15.47,,,,,,,,,your own trade — from the exchange's record; direction from its order intent,CNGTMH32WWP6
1790175224.7,politics,usgubewc-usgub-ri-2026-11-03-dem,BUY,6.12,0.98,hand,,101.88,,,,,,,,,your own trade — from the exchange's record; direction from its order intent,CK6Q4MDH0WP6
1790175224.7,politics,usgubewc-usgub-mn-2026-11-03-dem,BUY,81.26,0.94,hand,,3.7,,,,,,,,,your own trade — from the exchange's record; direction from its order intent,CNTTA0BGGWP7
1790175224.7,politics,usgubewc-usgub-mn-2026-11-03-dem,SELL,35,0.94,hand,,0,,,,,,,,,your own trade — from the exchange's record; direction from its order intent,CNY0C5KJEWP9
1790176288.4,politics,usgubewc-usgub-fl-2026-11-03-dem,SELL,79,0.27,backfill,,0.12,,,,,,,,,recovered from the exchange's transaction history — this fill was never journale,CNY5WZRVPWPE
1790176522.5,politics,cpoc-ussegubc-mi-2026-11-03-dsweep,SELL,0.18,0.69,backfill,,13.12,,,,,,,,,recovered from the exchange's transaction history — this fill was never journale,CNK6BK0WWWPE
1790176546.2,politics,cpoc-ussegubc-mi-2026-11-03-dsweep,SELL,1,0.69,earn,0.8803,13.13,,67,71,0,0.68,0.69,0,-1,joins the touch — the book has been quiet,CNK6BK0WWWPE
1790176669.3,politics,cpoc-ussegubc-mi-2026-11-03-dsweep,SELL,11,0.69,earn,0.744,0.03,,68,72,0.454,0.68,0.69,0.01,-12,joins the touch — the book has been quiet,CNYBFJ432WPD
1790176956.7,politics,scc-senate-gop-2026-11-03-lte45,SELL,42.81,0.06,backfill,,0.18,,,,,,,,,recovered from the exchange's transaction history — this fill was never journale,CNY9FTTKRWPC
1790177008.9,politics,ewc-usgub-ga-2026-11-03-dem,BUY,26,0.6,backfill,,0.6,,,,,,,,,recovered from the exchange's transaction history — this fill was never journale,CNXZ0R2QEWPF
1790177012.4,politics,scc-senate-gop-2026-11-03-lte45,SELL,11.5,0.06,focus,19.2388,0.02,0.1317,3,7,0,0.05,0.06,0.0717,-11.5,focus entry: ~$22.46/day; fill odds 72%/day; EV +21.85/day,CNYDZ32Y8WPF
1790177051.5,politics,ewc-usgub-ga-2026-11-03-dem,BUY,57,0.6,hand,,0.01,,,,,,,,,your own trade — from the exchange's record; direction from the position move,CNYE1WCNYWP7
1790177283.9,politics,cpoc-ussegubc-ga-2026-11-03-dsweep,SELL,20,0.51,earn,1.2937,10.39,,42,51,0,0.52,0.53,-0.04,-20,joins the touch — the book has been quiet,CNNKFY95JWPH
1790178841.5,politics,ewc-usgub-nv-2026-11-03-dem,SELL,-2,0.45,fix,,95.66,,,,,,,,,size trimmed by 2 to the exchange's count (order CJWBHWJ68W7H),CJWBHWJ68W7H
1790178841.5,politics,ewc-usgub-nv-2026-11-03-dem,SELL,-8,0.45,fix,0.0644,69.54,0.40965,43,47,0.513,0.44,0.45,-0.0403,60,size trimmed by 8 to the exchange's count (order CJWBHWJ68W7H),CJWBHWJ68W7H
1790178841.5,politics,usgubewc-usgub-fl-2026-11-03-dem,SELL,79,0.27,backfill,,0.12,,,,,,,,,recovered from the exchange's transaction history — this fill was never journale,CNY5WZRVPWPE
1790178841.5,politics,cpoc-ussegubc-mi-2026-11-03-dsweep,SELL,0.18,0.69,backfill,,13.12,,,,,,,,,recovered from the exchange's transaction history — this fill was never journale,CNK6BK0WWWPE
1790178841.5,politics,scc-senate-gop-2026-11-03-lte45,SELL,42.81,0.06,backfill,,0.18,,,,,,,,,recovered from the exchange's transaction history — this fill was never journale,CNY9FTTKRWPC
1790178841.5,politics,ewc-usgub-ga-2026-11-03-dem,BUY,26,0.6,backfill,,0.6,,,,,,,,,recovered from the exchange's transaction history — this fill was never journale,CNXZ0R2QEWPF
1790178841.5,politics,ewc-usgub-ga-2026-11-03-dem,BUY,57,0.6,hand,,0.01,,,,,,,,,your own trade — from the exchange's record; direction from the position move,CNYE1WCNYWP7
1790180692.4,politics,paccc-usho-midterms-2026-11-03-rep,BUY,57,0.101,sell,0.1442,11.18,0.099,12,14,0.897,0.101,0.102,0.002,0,an exit — its fill reduces the position it sits on,CNNPQR4FPWP7
1790181224.7,politics,ewc-usse-mi-2026-11-03-dem,SELL,151,0.71,backfill,,0.09,,,,,,,,,recovered from the exchange's transaction history — this fill was never journale,CNZCCF4DPWPD
1790181366.6,politics,cpoc-ussec-tx-me-2026-11-03-rsweep,SELL,117,0.21,sell,0,0,,25,32,0.38,0.21,0.23,0.07,0,taker dump — sold into the bid (the carved exception),CNZFY2K76WP6
1790181546.6,politics,cpoc-ussegubc-mn-2026-11-03-dgov-rsen,BUY,5,0.09,sell,0.026,15.26,,6,12,0.383,0.08,0.09,0,0,buying back the short at or under what it sold for — the bid earns while it wait,CNJHGFWD8WP7
1790182461.6,politics,ewc-usse-mi-2026-11-03-rep,SELL,-37,0.33,fix,0.275,79.68,0.2277,32,36,0.726,0.32,0.33,-0.1023,0,size trimmed by 37 to the exchange's count (order CJN7PQB5EW22),CJN7PQB5EW22
1790182461.6,politics,ewc-usse-mi-2026-11-03-rep,SELL,-5,0.33,fix,0.3099,78.6,0.2277,32,36,0.652,0.32,0.33,-0.1023,37,size trimmed by 5 to the exchange's count (order CJN7PQB5EW22),CJN7PQB5EW22
1790182461.6,politics,ewc-usse-mi-2026-11-03-rep,SELL,-2,0.33,fix,0.5152,78.42,0.2277,31,35,0.511,0.32,0.33,-0.1023,42,size trimmed by 2 to the exchange's count (order CJN7PQB5EW22),CJN7PQB5EW22
1790182461.6,politics,ewc-usse-mi-2026-11-03-dem,SELL,151,0.71,backfill,,0.09,,,,,,,,,recovered from the exchange's transaction history — this fill was never journale,CNZCCF4DPWPD
1790183909.9,politics,cpoc-ussegubc-ga-2026-11-03-dsweep,BUY,20,0.52,sell,1.2867,1.82,,47,53,0.446,0.52,0.53,0.02,0,buying back the short at or under what it sold for — the bid earns while it wait,CNYGKJ9FEWP9
1790186077.7,politics,ewc-usse-mi-2026-11-03-rep,SELL,-5,0.33,fix,0.5152,78.42,0.2277,31,35,0.511,0.32,0.33,-0.1023,42,size trimmed by 5 to the exchange's count (order CJN7PQB5EW22),CJN7PQB5EW22
1790186779.1,politics,scc-senate-gop-2026-11-03-lte45,BUY,2.38,0.06,backfill,,0,,,,,,,,,recovered from the exchange's transaction history — this fill was never journale,CP0TYATSPWPA
1790189743.9,politics,paccc-usho-midterms-2026-11-03-rep,BUY,429,0.1,backfill,,0.1,,,,,,,,,recovered from the exchange's transaction history — this fill was never journale,CP1ET2GYMWPE
1790189771.1,politics,paccc-usse-midterms-2026-11-03-dem,BUY,-13,0.618,fix,0.4252,0.75,0.5,62,64,0.894,0.618,0.619,0.118,0,size trimmed by 13 to the exchange's count (order CMRPBX0QJWP7),CMRPBX0QJWP7
1790189771.1,politics,paccc-usse-midterms-2026-11-03-dem,BUY,-76,0.618,fix,,0.55,,,,,,,,,size trimmed by 76 to the exchange's count (order CMRPBX0QJWP7),CMRPBX0QJWP7
1790189771.1,politics,scc-senate-gop-2026-11-03-lte45,BUY,2.38,0.06,backfill,,0,,,,,,,,,recovered from the exchange's transaction history — this fill was never journale,CP0TYATSPWPA
1790189771.1,politics,paccc-usho-midterms-2026-11-03-rep,BUY,429,0.1,backfill,,0.1,,,,,,,,,recovered from the exchange's transaction history — this fill was never journale,CP1ET2GYMWPE
1790189842.4,politics,ewc-usgub-nv-2026-11-03-dem,SELL,21,0.45,sell,3.9251,118.12,0.45885,44,49,0.562,0.44,0.45,0.0088,37,an exit — its fill reduces the position it sits on,CJWBHWJ68W7H
1790190407.8,politics,scc-senate-demst-2026-11-03-gte51,BUY,20,0.78,earn,1.0305,3.2,,77,86,0.38,0.78,0.8,-0.03,25,1 tick behind the touch — we would hold 17% of the bid side,CNYWVR60JWPH
1790190480.3,politics,scc-senate-demst-2026-11-03-gte51,BUY,10,0.76,earn,0.5682,0.02,,74,81,0.591,0.01,0.79,-0.02,35,2 ticks behind the touch — we would hold 9% of the bid side,CP1PK96T2WPH
1790190972.7,politics,ewc-usgub-ga-2026-11-03-dem,SELL,16,0.59,sell,0.2669,1.34,0.655225,55,60,0,0.58,0.59,0.0652,10,an exit — its fill reduces the position it sits on,CP0NK4NTJWP9
1790191305.0,politics,paccc-usho-midterms-2026-11-03-rep,SELL,178,0.091,sell,13.4774,0.42,0.0916,11,13,0.889,0.09,0.091,0.0006,251,an exit — its fill reduces the position it sits on,CP1JB0W88WPF
1790192890.2,politics,scc-hrep-rep-2026-11-03-gte230,SELL,25,0.04,backfill,,0.19,,,,,,,,,recovered from the exchange's transaction history — this fill was never journale,CP23ES2YAWPF
1790193414.4,politics,paccc-usho-midterms-2026-11-03-rep,SELL,-58,0.091,fix,37.0262,1.17,0.1034,12,14,0.925,0.09,0.091,0.0124,0,size trimmed by 58 to the exchange's count (order CMRCQ171TWPE),CMRCQ171TWPE
1790193414.4,politics,scc-hrep-rep-2026-11-03-gte230,SELL,25,0.04,backfill,,0.19,,,,,,,,,recovered from the exchange's transaction history — this fill was never journale,CP23ES2YAWPF
1790194132.4,politics,usgubewc-usgub-ak-2026-11-03-davbro,SELL,20.33,0.03,sell,4.0678,119.33,0.0418,1,6,0.274,0.02,0.03,0.0118,119,an exit — its fill reduces the position it sits on,CJWB6WACPW7E
1790195483.4,politics,usgubewc-usgub-ak-2026-11-03-jonkre,BUY,51,0.83,sell,17.4153,5.24,0.850825,79,83,0.501,0.82,0.83,-0.0208,0,an exit — its fill reduces the position it sits on,CNYC1DQ3GWPE
1790196443.5,politics,paccc-usse-midterms-2026-11-03-dem,SELL,6,0.647,focus,0.7556,0.21,0.5,64,66,0.838,0.646,0.647,-0.147,-6,focus entry: ~$2.08/day; fill odds 55%/day; EV +0.04/day,CP2XG3S2CWP7
1790196563.5,politics,cpoc-ussegubc-oh-2026-11-03-rsweep,SELL,2,0.28,sell,0,0,,27,31,0.42,0.28,0.29,0.01,2.99,taker dump — sold into the bid (the carved exception),CP34RWGDJWP9
1790196569.2,politics,cpoc-ussegubc-oh-2026-11-03-rsweep,BUY,1,0.27,backfill,,4.29,,,,,,,,,recovered from the exchange's transaction history — this fill was never journale,CNZE609ZAWPC
1790197028.0,politics,usgubewc-usgub-ak-2026-11-03-davbro,SELL,-12.67,0.03,fix,4.0678,119.33,0.0418,1,6,0.274,0.02,0.03,0.0118,119,size trimmed by 12.67 to the exchange's count (order CJWB6WACPW7E),CJWB6WACPW7E
1790197028.0,politics,cpoc-ussegubc-oh-2026-11-03-rsweep,BUY,1,0.27,backfill,,4.29,,,,,,,,,recovered from the exchange's transaction history — this fill was never journale,CNZE609ZAWPC
1790197157.7,politics,cpoc-ussegubc-nh-2026-11-03-dgov-rsen,SELL,3,0.07,sell,0,0,,5,9,0.419,0.07,0.08,0,0,taker dump — sold into the bid (the carved exception),CP39E7EC8WPC
1790197792.6,politics,paccc-usho-midterms-2026-11-03-rep,SELL,36,0.103,hand,,1.68,,,,,,,,,your own trade — from the exchange's record; direction from its order intent,CMP3HADQGWP7
1790197792.6,politics,paccc-usse-midterms-2026-11-03-dem,BUY,89,0.618,hand,,0.72,,,,,,,,,your own trade — from the exchange's record; direction from its order intent,CMRPBX0QJWP7
1790197792.6,politics,paccc-usho-midterms-2026-11-03-rep,SELL,58,0.091,hand,,1.15,,,,,,,,,your own trade — from the exchange's record; direction from its order intent,CMRCQ171TWPE
1790197792.6,politics,ewc-usse-mi-2026-11-03-rep,SELL,49,0.33,hand,,79.65,,,,,,,,,your own trade — from the exchange's record; direction from its order intent,CJN7PQB5EW22
1790197792.6,politics,ewc-usgub-wi-2026-11-03-dem,SELL,5,0.83,hand,,75.86,,,,,,,,,your own trade — from the exchange's record; direction from its order intent,CJVWP40J8W1Y
1790197792.6,politics,ushrewc-ushr-ne-02-2026-11-03-rep,SELL,120,0.06,hand,,84.74,,,,,,,,,your own trade — from the exchange's record; direction from its order intent,CJND344BPW22
1790197792.6,politics,usgubewc-usgub-ny-2026-11-03-dem,BUY,40.27,0.93,hand,,80.03,,,,,,,,,your own trade — from the exchange's record; direction from its order intent,CK93JF66GWPA
1790197792.6,politics,ewc-usgub-nv-2026-11-03-dem,SELL,12,0.45,backfill,,118.1,,,,,,,,,recovered from the exchange's transaction history — this fill was never journale,CJWBHWJ68W7H
1790197792.6,politics,usgubewc-usgub-ak-2026-11-03-davbro,SELL,13,0.03,backfill,,119.32,,,,,,,,,recovered from the exchange's transaction history — this fill was never journale,CJWB6WACPW7E
1790199184.9,cfb,aachc-cfb-wins-2026-11-28-oregst-5pt5wins,BUY,1,0.84,sell,0.5939,0.25,,58,73,0.175,0.71,0.72,0.18,0,buying back the short at or under what it sold for — the bid earns while it wait,CP3HE6SX4WP9
1790199485.1,politics,cpoc-ussec-tx-mi-me-2026-11-03-rtx-dmi-dme,BUY,1,0.1,probe,0,0.39,,10,16,0,0.09,0.11,-0.03,169,a scout — this market's pool could pay; but I don't know enough yet; what happen,CP3G3C5KWWPD
1790201405.0,politics,usgubewc-usgub-ak-2026-11-03-davbro,SELL,-13,0.03,fix,4.0678,119.33,0.0418,1,6,0.274,0.02,0.03,0.0118,119,size trimmed by 13 to the exchange's count (order CJWB6WACPW7E),CJWB6WACPW7E
1790201405.0,politics,ewc-usgub-wi-2026-11-03-dem,SELL,-5,0.83,fix,,75.86,,,,,,,,,size trimmed by 5 to the exchange's count (order CJVWP40J8W1Y),CJVWP40J8W1Y
1790201405.0,politics,ushrewc-ushr-ne-02-2026-11-03-rep,SELL,-120,0.06,fix,,84.74,,,,,,,,,size trimmed by 120 to the exchange's count (order CJND344BPW22),CJND344BPW22
1790201405.0,politics,ewc-usgub-nv-2026-11-03-dem,SELL,-12,0.45,fix,3.9251,118.12,0.45885,44,49,0.562,0.44,0.45,0.0088,37,size trimmed by 12 to the exchange's count (order CJWBHWJ68W7H),CJWBHWJ68W7H
1790201405.0,politics,usgubewc-usgub-ny-2026-11-03-dem,BUY,-40.27,0.93,fix,1.1106,80.04,0.9886,92,96,0.012,0.93,0.94,-0.0586,-0.27,size trimmed by 40.27 to the exchange's count (order CK93JF66GWPA),CK93JF66GWPA
1790201738.2,politics,paccc-usse-midterms-2026-11-03-dem,SELL,62,0.647,backfill,,0.16,,,,,,,,,recovered from the exchange's transaction history — this fill was never journale,CP47EHEQ4WPE
1790202075.1,politics,cpoc-ussegubc-ks-2026-11-03-rsweep,BUY,2,0.69,earn,0.8407,20.33,,68,75,0,0.69,0.7,-0.02,2,joins the touch — the book has been quiet,CNK37H0XJWP6
1790202092.3,politics,scc-hrep-rep-2026-11-03-gte210,SELL,0.39,0.28,backfill,,64.27,,,,,,,,,recovered from the exchange's transaction history — this fill was never journale,CMDAKT5CCWPB
1790202135.1,politics,scc-hrep-rep-2026-11-03-gte210,SELL,3,0.28,sell,0.2856,64.28,0.2379,27,31,0,0.27,0.28,-0.0421,11,an exit — its fill reduces the position it sits on,CMDAKT5CCWPB
1790202435.1,politics,paccc-usse-midterms-2026-11-03-dem,SELL,30,0.648,focus,6.3472,0.19,0.5,65,67,0.842,0.647,0.648,-0.148,-98,focus entry: ~$19.01/day; fill odds 55%/day; EV +17.74/day,CP4B7ZWN6WPC
1790202757.5,politics,ussewc-usse-wy-2026-11-03-dem,SELL,20,0.03,earn,5.6581,0.02,0,1,6,0.001,0.02,0.05,-0.03,-20,1 tick in front of the touch — we would hold 91% of the ask side,CP4HH524CWPF
1790203147.1,cfb,aachc-cfb-wins-2026-11-28-pennst-9pt5wins,BUY,0.21,0.54,manual,0.0035,1.53,,44,58,0.234,0.54,0.57,0.02,-0.79,the owner's own order — the engine leaves it alone,CP3C5YCK6WP6
1790203296.2,cfb,aachc-cfb-wins-2026-11-28-pennst-9pt5wins,BUY,0.79,0.54,manual,0,1.57,,42,54,0.532,0.29,0.57,0.04,0,the owner's own order — the engine leaves it alone,CP3C5YCK6WP6
1790205005.2,politics,ewc-usgub-wi-2026-11-03-dem,SELL,-10,0.83,fix,0.0064,73.61,0.7141,81,85,0.47,0.82,0.83,-0.1159,1,size trimmed by 10 to the exchange's count (order CJVWP40J8W1Y),CJVWP40J8W1Y
1790205005.2,politics,ewc-usgub-wi-2026-11-03-dem,SELL,-4,0.83,fix,0.1214,48.63,0.722,81,85,0.375,0.82,0.83,-0.108,15,size trimmed by 4 to the exchange's count (order CJVWP40J8W1Y),CJVWP40J8W1Y
1790205005.2,politics,paccc-usse-midterms-2026-11-03-dem,SELL,62,0.647,backfill,,0.16,,,,,,,,,recovered from the exchange's transaction history — this fill was never journale,CP47EHEQ4WPE
1790205005.2,politics,scc-hrep-rep-2026-11-03-gte210,SELL,0.39,0.28,backfill,,64.27,,,,,,,,,recovered from the exchange's transaction history — this fill was never journale,CMDAKT5CCWPB
1790205125.2,politics,usgubewc-usgub-ak-2026-11-03-davbro,SELL,49,0.02,sell,3.762,0.19,0.0418,2,6,0.533,0.01,0.02,0.0218,70,an exit — its fill reduces the position it sits on,CP529G2TRWP9
1790206696.3,politics,usgubewc-usgub-tx-2026-11-03-dem,BUY,62,0.29,sell,10.9892,0.11,0.268025,25,29,0.406,0.28,0.29,0.022,0,an exit — its fill reduces the position it sits on,CP5J86N06WPC
1790207039.2,politics,cpoc-ussegubc-ia-2026-11-03-dsweep,BUY,17,0.46,earn,0.6968,6.89,,44,49,0,0.43,0.46,0,17,joins the touch — the book has been quiet,CNZP4MWS0WP9
1790207041.5,politics,cpoc-ussegubc-ia-2026-11-03-dsweep,BUY,3,0.46,backfill,,6.89,,,,,,,,,recovered from the exchange's transaction history — this fill was never journale,CNZP4MWS0WP9
1790207051.3,politics,cpoc-ussegubc-oh-2026-11-03-dgov-rsen,BUY,20,0.17,backfill,,5.91,,,,,,,,,recovered from the exchange's transaction history — this fill was never journale,CP0JRY1W8WPE
1790207128.0,politics,cpoc-ussegubc-oh-2026-11-03-rsweep,BUY,19,0.27,earn,3.1249,7.23,,26,32,0.406,0.23,0.24,-0.02,23,1 tick behind the touch — we would hold 62% of the bid side,CNZE609ZAWPC
1790208631.4,politics,ewc-usse-tx-2026-11-03-rep,SELL,-35,0.43,fix,0.4065,1.58,0.3037,44,47,0.794,0.42,0.43,-0.1263,0,size trimmed by 35 to the exchange's count (order CMWXFBPFMWPE),CMWXFBPFMWPE
1790208631.4,politics,ewc-usse-tx-2026-11-03-rep,SELL,-1,0.43,fix,0.5314,1.53,0.3037,43,46,0.752,0.42,0.43,-0.1263,35,size trimmed by 1 to the exchange's count (order CMWXFBPFMWPE),CMWXFBPFMWPE
1790208631.4,politics,cpoc-ussegubc-ia-2026-11-03-dsweep,BUY,3,0.46,backfill,,6.89,,,,,,,,,recovered from the exchange's transaction history — this fill was never journale,CNZP4MWS0WP9
1790208631.4,politics,cpoc-ussegubc-oh-2026-11-03-dgov-rsen,BUY,20,0.17,backfill,,5.91,,,,,,,,,recovered from the exchange's transaction history — this fill was never journale,CP0JRY1W8WPE
1790209598.3,cfb,aachc-cfb-wins-2026-11-28-pennst-9pt5wins,SELL,1,0.49,sell,0,0,,47,53,0.656,0.49,0.5,0.02,0,taker dump — sold into the bid (the carved exception),CP6B7QC9MWPA
1790212510.3,politics,paccc-usho-midterms-2026-11-03-rep,SELL,34,0.082,sell,10.59,0.42,0.0916,11,13,0.888,0.081,0.082,0.0096,217,an exit — its fill reduces the position it sits on,CP6P4CJW8WPD
1790213150.3,politics,paccc-usho-midterms-2026-11-03-rep,SELL,217,0.082,sell,9.1842,0.6,0.0916,11,14,0.897,0.081,0.082,0.0096,0,an exit — its fill reduces the position it sits on,CP6P4CJW8WPD
1790214258.9,politics,scc-senate-demst-2026-11-03-gte51,BUY,20,0.64,earn,0.8645,3.07,,66,75,0.667,0.54,0.56,-0.07,55,1 tick behind the touch — we would hold 62% of the bid side,CP4PCZ8XJWPE
1790214410.2,politics,cpoc-ussegubc-ia-2026-11-03-dsweep,SELL,6,0.43,sell,0,0,,43,47,0.445,0.43,0.44,0.02,14,taker dump — sold into the bid (the carved exception),CP7GJC72RXAQ
1790215467.0,politics,ewc-usgub-ga-2026-11-03-dem,BUY,34,0.58,backfill,,0.34,,,,,,,,,recovered from the exchange's transaction history — this fill was never journale,CP7G79PC8XAR
1790216075.9,politics,ewc-usse-oh-2026-11-03-dem,BUY,4,0.55,hand,,3.1,,,,,,,,,your own trade — from the exchange's record; direction from its order intent,CJQQ5WDJAWM9
1790216075.9,politics,ewc-usgub-wi-2026-11-03-dem,SELL,19,0.83,hand,,75.86,,,,,,,,,your own trade — from the exchange's record; direction from its order intent,CJVWP40J8W1Y
1790216075.9,politics,ushrewc-ushr-ne-02-2026-11-03-rep,SELL,120,0.06,hand,,84.74,,,,,,,,,your own trade — from the exchange's record; direction from its order intent,CJND344BPW22
1790216075.9,politics,ewc-usse-tx-2026-11-03-rep,SELL,36,0.43,hand,,1.55,,,,,,,,,your own trade — from the exchange's record; direction from its order intent,CMWXFBPFMWPE
1790216075.9,politics,usgubewc-usgub-ny-2026-11-03-dem,BUY,40.27,0.93,hand,,80.03,,,,,,,,,your own trade — from the exchange's record; direction from its order intent,CK93JF66GWPA
1790216075.9,politics,ewc-usgub-nv-2026-11-03-dem,SELL,12,0.45,backfill,,118.1,,,,,,,,,recovered from the exchange's transaction history — this fill was never journale,CJWBHWJ68W7H
1790216075.9,politics,usgubewc-usgub-ak-2026-11-03-davbro,SELL,13,0.03,backfill,,119.32,,,,,,,,,recovered from the exchange's transaction history — this fill was never journale,CJWB6WACPW7E
1790216075.9,politics,ewc-usgub-ga-2026-11-03-dem,BUY,34,0.58,backfill,,0.34,,,,,,,,,recovered from the exchange's transaction history — this fill was never journale,CP7G79PC8XAR
1790216075.9,cfb,aachc-cfb-wins-2026-11-28-pennst-9pt5wins,BUY,1,0.69,backfill,,0,,,,,,,,,recovered from the exchange's transaction history — this fill was never journale,CFVKQRQJTTN3
1790216075.9,cfb,aachc-cfb-wins-2026-11-28-pennst-9pt5wins,SELL,1,0.56,hand,,1.86,,,,,,,,,your own trade — from the exchange's record; direction from the position move,CFT35KBWATMY
1790216075.9,cfb,aachc-cfb-wins-2026-11-28-pennst-9pt5wins,BUY,1,0.56,backfill,,0,,,,,,,,,recovered from the exchange's transaction history — this fill was never journale,CHG0J9CVRVNP
1790216075.9,cfb,aachc-cfb-wins-2026-11-28-pennst-9pt5wins,BUY,1,0.55,hand,,13.16,,,,,,,,,your own trade — from the exchange's record; direction from its order intent,CH4XTE3PYVNP
1790216779.8,politics,ussewc-usse-fl-2026-11-03-rep,SELL,1,0.89,manual,0,0.2,0.851775,85,91,0.228,0.88,0.89,-0.0382,-1,the owner's own order — the engine leaves it alone,CP7V4YM06WPF
1790216779.8,cfb,aachc-cfb-wins-2026-11-28-ala-10pt5wins,BUY,1,0.29,earn,0.1953,2.3,,25,34,0.333,0.15,0.16,0,2,joins the touch — the book has been quiet,CP635SYYEWPE
1790217627.2,politics,scc-senate-gop-2026-11-03-52,BUY,29.75,0.07,manual,0,33.15,0.0528,7,11,0,0.07,0.08,0.0172,29.75,the owner's own order — the engine leaves it alone,CNBPB4FR6WPH
1790217687.2,politics,scc-senate-gop-2026-11-03-52,BUY,193.25,0.07,manual,0,33.16,0.0528,6,10,0.455,0.07,0.08,0.0172,223,the owner's own order — the engine leaves it alone,CNBPB4FR6WPH
1790217687.2,politics,scc-senate-gop-2026-11-03-52,BUY,76.31,0.07,manual,0,32.39,0.0528,6,10,0.455,0.07,0.08,0.0172,299.31,the owner's own order — the engine leaves it alone,CNCBMVZY6WP6
1790218014.8,politics,paccc-usse-midterms-2026-11-03-rep,BUY,45,0.377,focus,281.244,0.03,0.3068,36,38,0.714,0.365,0.366,0.0702,45,focus entry: ~$2.60/day; fill odds 57%/day; EV +1.56/day,CP89YMCH6XAX
1790219579.5,politics,scc-hrep-rep-2026-11-03-gte220,BUY,33,0.13,sell,18.214,0.04,0.067925,7,13,0.02,0.1,0.11,0.0621,0,an exit — its fill reduces the position it sits on,CP8NGSBNTXAR
1790219748.8,politics,scc-hrep-rep-2026-11-03-gte220,SELL,12,0.11,backfill,,0.06,,,,,,,,,recovered from the exchange's transaction history — this fill was never journale,CP8P3EKV8XAV
1790220544.5,cfb,aachc-cfb-wins-2026-11-28-pennst-9pt5wins,SELL,2,0.52,backfill,,2.01,,,,,,,,,recovered from the exchange's transaction history — this fill was never journale,CP77TF1NEWPE
1790221350.2,politics,usgubewc-usgub-ak-2026-11-03-davbro,SELL,-7.33,0.03,fix,4.0678,119.33,0.0418,1,6,0.274,0.02,0.03,0.0118,119,size trimmed by 7.33 to the exchange's count (order CJWB6WACPW7E),CJWB6WACPW7E
1790221350.2,politics,usgubewc-usgub-ak-2026-11-03-davbro,SELL,-5.67,0.03,fix,,119.32,,,,,,,,,size trimmed by 5.67 to the exchange's count (order CJWB6WACPW7E),CJWB6WACPW7E
1790221350.2,politics,ewc-usgub-nv-2026-11-03-dem,SELL,-9,0.45,fix,3.9251,118.12,0.45885,44,49,0.562,0.44,0.45,0.0088,37,size trimmed by 9 to the exchange's count (order CJWBHWJ68W7H),CJWBHWJ68W7H
1790221350.2,politics,ewc-usgub-nv-2026-11-03-dem,SELL,-3,0.45,fix,,118.1,,,,,,,,,size trimmed by 3 to the exchange's count (order CJWBHWJ68W7H),CJWBHWJ68W7H
1790221350.2,politics,usgubewc-usgub-ny-2026-11-03-dem,BUY,-40.27,0.93,fix,1.1106,80.04,0.9886,92,96,0.012,0.93,0.94,-0.0586,-0.27,size trimmed by 40.27 to the exchange's count (order CK93JF66GWPA),CK93JF66GWPA
1790221350.2,politics,scc-hrep-rep-2026-11-03-gte220,SELL,12,0.11,backfill,,0.06,,,,,,,,,recovered from the exchange's transaction history — this fill was never journale,CP8P3EKV8XAV
1790221350.2,cfb,aachc-cfb-wins-2026-11-28-pennst-9pt5wins,SELL,2,0.52,backfill,,2.01,,,,,,,,,recovered from the exchange's transaction history — this fill was never journale,CP77TF1NEWPE
1790221619.4,cfb,aachc-cfb-wins-2026-11-28-ala-10pt5wins,SELL,2,0.2,sell,5.9758,0.07,,26,33,0.565,0.19,0.2,0.09,0,selling filled stock — it earns while it waits,CP93QCN5AXAW
1790222615.0,cfb,aachc-cfb-wins-2026-11-28-missr-5pt5wins,BUY,1,0.77,earn,0.4145,2.01,,77,84,0,0.75,0.78,-0.03,1,joins the touch — the book has been quiet,CP7SJT9CPXAV
1790222675.5,cfb,aachc-cfb-wins-2026-11-28-duke-6pt5wins,SELL,2,0.73,earn,0.2437,2.61,,69,75,0,0.72,0.73,-0.01,-2,joins the touch — the book has been quiet,CP77VCQ76WPH
1790224770.0,politics,paccc-usho-midterms-2026-11-03-rep,SELL,18,0.082,focus,256.922,0.05,0.0916,12,15,0.89,0.087,0.088,0.0096,-18,focus entry: ~$2.97/day; fill odds 70%/day; EV +1.71/day,CP9TD8H6CXAS
1790228074.4,politics,cpoc-ussegubc-oh-2026-11-03-dgov-rsen,BUY,20,0.17,earn,0.4505,0.76,,12,22,0,0.07,0.09,0.01,40,joins the touch — the book has been quiet,CPA04G19AXAZ
1790228522.4,cfb,aachc-cfb-wins-2026-11-28-duke-6pt5wins,BUY,2,0.89,sell,1.4634,1.25,,70,76,0.447,0.78,0.9,0.16,0,buying back the short at or under what it sold for — the bid earns while it wait,CP9QGZAZ4XAQ
1790229779.5,cfb,aachc-cfb-wins-2026-11-28-hou-9pt5wins,BUY,0.5,0.29,earn,0,0.94,,26,32,0,0.29,0.3,0,0.5,1 tick behind the touch — we would hold 1% of the bid side,CPA81ZV3PXAR
1790239583.7,politics,ushrewc-ushr-me-02-2026-11-03-dem,SELL,41,0.41,sell,0,0,,39,44,0,0.41,0.42,0,0,taker dump — sold into the bid (the carved exception),CPD4P2PSCXAS
1790242651.2,politics,usgubewc-usgub-ak-2026-11-03-davbro,SELL,17,0.02,sell,0.8953,6.89,0.0418,2,6,0.618,0.01,0.02,0.0218,53,an exit — its fill reduces the position it sits on,CP893NEDYXB0
1790244271.5,cfb,aachc-cfb-wins-2026-11-28-missr-5pt5wins,SELL,1,0.77,sell,0,0,,77,82,0.426,0.77,0.78,0.02,0,taker dump — sold into the bid (the carved exception),CPEFBWHZAXAS
1790244752.3,politics,usgubewc-usgub-ak-2026-11-03-davbro,SELL,53,0.02,sell,0.7083,7.48,0.0418,3,6,0.708,0.01,0.02,0.0218,0,an exit — its fill reduces the position it sits on,CP893NEDYXB0
1790251224.1,politics,paccc-usse-midterms-2026-11-03-dem,SELL,-3,0.621,fix,1.0188,0.08,0.5,62,64,0.883,0.62,0.621,-0.121,-18,size trimmed by 3 to the exchange's count (order CN1JPM1QTWPA),CN1JPM1QTWPA
1790251224.1,politics,paccc-usse-midterms-2026-11-03-dem,SELL,-12,0.621,fix,,0.07,,,,,,,,,size trimmed by 12 to the exchange's count (order CN1JPM1QTWPA),CN1JPM1QTWPA
1790251224.1,politics,paccc-usse-midterms-2026-11-03-rep,SELL,-13,0.365,fix,13.9197,0.51,0.3583,36,40,0.726,0.364,0.365,-0.0067,36,size trimmed by 13 to the exchange's count (order CN1C6FDWJWPH),CN1C6FDWJWPH
1790251283.4,politics,usgubewc-usgub-tx-2026-11-03-rep,BUY,1,0.84,hand,,0,,,,,,,,,your own trade — from the exchange's record; direction from the position move,CPFZJECGGXDR
1790251372.1,politics,ewc-usgub-oh-2026-11-03-rep,BUY,1,0.48,hand,,0.02,,,,,,,,,your own trade — from the exchange's record; direction from the position move,CPG6KAV78XPM
1790251516.3,politics,ewc-usse-tx-2026-11-03-dem,SELL,16,0.58,focus,2.8062,0.06,0.724575,60,64,0.549,0.58,0.59,0.1446,-16,focus entry: ~$2.23/day; fill odds 55%/day; EV +1.69/day,CPFZJEEE4XDQ
1790251516.3,politics,ewc-usgub-az-2026-11-03-rep,SELL,18,0.09,focus,93.8532,0.04,0.0661,8,13,0.136,0.1,0.12,-0.0239,-18,focus entry: ~$94.59/day; fill odds 48%/day; EV +93.41/day,CPFZJFNYCXDR
1790251516.3,politics,ewc-usgub-mi-2026-11-03-dem,SELL,48,0.89,focus,73.919,0.02,0.9493,91,95,0,0.92,0.93,0.0593,-48,focus entry: ~$65.81/day; fill odds 48%/day; EV +62.18/day,CPG6KDER8XPM
1790251527.4,politics,ewc-usse-mn-2026-11-03-dem,BUY,1,0.92,backfill,,0.03,,,,,,,,,recovered from the exchange's transaction history — this fill was never journale,CPFZJGVATXDS
1790251752.3,politics,ewc-usgub-ia-2026-11-03-dem,BUY,184,0.85,hand,,0,,,,,,,,,your own trade — from the exchange's record; direction from the position move,CPFT9FSJEXDN
1790251852.4,politics,ewc-usgub-oh-2026-11-03-rep,BUY,30,0.45,focus,69.9751,0,0.383,39,45,0.332,0.43,0.44,0.067,0,focus exit: ~$48.79/day; fill odds 48%/day; EV +49.43/day,CPFZJPWC2XDS
1790251852.4,cfb,aachc-cfb-wins-2026-11-28-hou-9pt5wins,SELL,1,0.02,sell,6,0.17,,24,29,0.425,0.03,0.34,0.24,-1,selling filled stock — it earns while it waits,CPFT9C5XPXDN
1790251872.0,politics,scc-senate-gop-2026-11-03-48,SELL,1,0.02,hand,,0,,,,,,,,,your own trade — from the exchange's record; direction from the position move,CPG6KKFK6XPJ
1790251884.9,politics,ewc-usse-me-2026-11-03-dem,BUY,79,0.68,backfill,,0.19,,,,,,,,,recovered from the exchange's transaction history — this fill was never journale,CPG6K9FXAXPM
1790251942.6,politics,ewc-usgub-oh-2026-11-03-dem,BUY,68,0.61,backfill,,0.08,,,,,,,,,recovered from the exchange's transaction history — this fill was never journale,CPFZJMSB2XDS
1790251967.5,politics,ewc-usgub-ks-2026-11-03-dem,SELL,8,0.29,sell,0,0.03,0.267075,22,30,0.001,0.15,0.29,-0.0229,37,selling filled stock — it earns while it waits,CPFT928D4XDJ
1790252027.5,politics,ewc-usse-nh-2026-11-03-dem,SELL,4,0.82,sell,60.3532,0.17,0.8939,78,89,0,0.81,0.82,0.0739,0,an exit — its fill reduces the position it sits on,CPFZJHEEMXDS
1790252027.5,politics,ewc-usgub-ga-2026-11-03-dem,SELL,4,0.48,focus,54.5733,0.01,0.655225,55,62,0.376,0.38,0.48,0.1752,40,focus exit: ~$109.94/day; fill odds 49%/day; EV +108.32/day,CPGA2MWT0XDN
1790252129.5,politics,ewc-usgub-ks-2026-11-03-dem,SELL,37,0.29,sell,10.0406,0.08,0.267075,28,33,0.455,0.15,0.29,-0.0229,0,selling filled stock — it earns while it waits,CPFT928D4XDJ
1790252129.5,politics,ewc-usgub-ga-2026-11-03-rep,SELL,9,0.44,focus,18.9752,0.05,0.344775,40,46,0.225,0.43,0.44,-0.0952,-9,focus entry: ~$89.15/day; fill odds 49%/day; EV +86.48/day,CPG6KKZBPXPK
1790252129.5,politics,ewc-usgub-ga-2026-11-03-dem,SELL,10,0.48,sell,52.5066,0.04,0.655225,55,62,0.589,0.38,0.48,0.1752,30,an exit — its fill reduces the position it sits on,CPGA2MWT0XDN
1790252129.5,politics,ewc-usse-me-2026-11-03-dem,BUY,48,0.7,sell,112.5,0.04,0.745575,65,75,0.261,0.57,0.78,-0.0456,0,an exit — its fill reduces the position it sits on,CPGAJR8JCXDQ
1790252129.5,politics,ussewc-usse-fl-2026-11-03-rep,BUY,1,0.98,sell,0,0.03,0.851775,87,92,0.483,0.87,0.99,0.1282,0,buying back the short at or under what it sold for — the bid earns while it wait,CPG6KMYHPXPK
1790252129.5,politics,ewc-usse-me-2026-11-03-rep,SELL,107,0.32,focus,111.794,0.02,0.254425,30,36,0.28,0.31,0.36,-0.0656,0,focus exit: ~$98.96/day; fill odds 55%/day; EV +98.07/day,CPG6KNZYRXPJ
1790252135.2,politics,ewc-usgub-ia-2026-11-03-dem,BUY,184,0.86,backfill,,0.04,,,,,,,,,recovered from the exchange's transaction history — this fill was never journale,CPGAJRSPTXDS
1790252292.0,politics,ewc-usgub-ga-2026-11-03-dem,SELL,20,0.48,sell,27.0534,0.08,0.655225,55,62,0.694,0.38,0.48,0.1752,10,an exit — its fill reduces the position it sits on,CPGA2MWT0XDN
1790252292.0,politics,ushrewc-ushr-wa-03-2026-11-03-rep,BUY,51,0.15,sell,0,0.05,,8,16,0.261,0.18,0.2,0.04,0,buying back the short at or under what it sold for — the bid earns while it wait,CPGG3VBJJXDR
1790252292.0,politics,ewc-usgub-ks-2026-11-03-dem,SELL,25,0.29,sell,0,0.05,0.267075,30,36,0.625,0.23,0.29,-0.0229,12,selling filled stock — it earns while it waits,CPGG0516PXPK
1790252301.7,politics,ushrewc-ushr-wa-03-2026-11-03-rep,BUY,51,0.19,hand,,0,,,,,,,,,your own trade — from the exchange's record; direction from the position move,CPGH6SBRAXPM
1790252319.9,politics,ewc-usgub-ga-2026-11-03-dem,SELL,5,0.48,backfill,,0.09,,,,,,,,,recovered from the exchange's transaction history — this fill was never journale,CPGA2MWT0XDN
1790252388.9,politics,ewc-usgub-oh-2026-11-03-dem,BUY,20,0.62,backfill,,0.11,,,,,,,,,recovered from the exchange's transaction history — this fill was never journale,CPGA5SK4RXC0
1790252460.1,politics,ewc-usgub-ks-2026-11-03-dem,SELL,12,0.29,sell,40.227,0.09,0.267075,31,37,0.714,0.26,0.32,-0.0229,0,selling filled stock — it earns while it waits,CPGG0516PXPK
1790252460.1,politics,ewc-usgub-az-2026-11-03-rep,SELL,3,0.09,focus,3.9366,0.01,0.0661,9,15,0.496,0.1,0.11,-0.0239,-21,focus entry: ~$50.56/day; fill odds 49%/day; EV +50.40/day,CPGJ08WR8XC0
1790252558.8,politics,scc-hrep-rep-2026-11-03-gte220,BUY,5,0.12,backfill,,0.15,,,,,,,,,recovered from the exchange's transaction history — this fill was never journale,CPGA5SY6RXC0
1790252771.7,politics,scc-senate-gop-2026-11-03-54,SELL,4,0.02,focus,8.5193,0.11,0.018325,2,7,0.39,0.01,0.05,-0.0017,-4,focus entry: ~$13.61/day; fill odds 71%/day; EV +13.52/day,CPGJ13YWYXDJ
1790252883.2,politics,ewc-usgub-ga-2026-11-03-rep,BUY,9,0.5,sell,34.6545,0.09,0.344775,44,50,0.528,0.49,0.51,0.1552,0,an exit — its fill reduces the position it sits on,CPGK9CQW4XC0
1790252883.2,politics,ewc-usgub-ia-2026-11-03-dem,BUY,12,0.85,focus,69.7897,0.06,0.9167,81,87,0.343,0.84,0.85,-0.0667,208,focus entry: ~$48.92/day; fill odds 48%/day; EV +47.98/day,CPGMJ5QE6XDR
1790252883.2,politics,usgubewc-usgub-fl-2026-11-03-dem,BUY,79,0.29,sell,4.5539,0.25,0.361975,24,30,0.592,0.29,0.3,-0.072,0,buying back the short at or under what it sold for — the bid earns while it wait,CPFZJQS76XDQ
1790252883.2,politics,ewc-usgub-ga-2026-11-03-dem,BUY,17,0.51,focus,109.285,0.03,0.655225,56,62,0.755,0.5,0.54,-0.1452,22,focus entry: ~$105.06/day; fill odds 48%/day; EV +104.23/day,CPGN74H5JXDJ
1790253028.8,politics,ewc-usse-me-2026-11-03-rep,SELL,32,0.35,backfill,,0.06,,,,,,,,,recovered from the exchange's transaction history — this fill was never journale,CPGNJ7TP0XDG
1790253120.6,politics,cpoc-ussec-tx-mi-me-2026-11-03-rtx-dmi-rme,BUY,1,0.07,probe,0.0008,0.3,,5,12,0.167,0.01,0.11,-0.02,1,a scout — this market's pool could pay; but I don't know enough yet; what happen,CPGDBRVJ8XDR
1790253120.6,politics,ewc-usse-me-2026-11-03-dem,BUY,5,0.65,focus,0.6755,0.09,0.745575,64,69,0.541,0.65,0.66,-0.0956,5,focus entry: ~$0.16/day; fill odds 56%/day; EV +0.03/day,CPGNAP29PXDQ
1790253318.9,politics,usgubewc-usgub-ak-2026-11-03-jonkre,SELL,59,0.7,focus,0,0.08,0.850825,67,74,0.38,0.69,0.7,0.1508,-59,focus entry: ~$27.75/day; fill odds 49%/day; EV +25.09/day,CPGQ1C21GXDS
1790253318.9,politics,usgubewc-usgub-ak-2026-11-03-berwil,SELL,10,0.03,focus,32.1429,0.03,0.1029,8,15,0,0.02,0.17,0.0729,-10,focus entry: ~$1.78/day; fill odds 49%/day; EV +0.88/day,CPGRDPG9JXDG
1790253376.8,cfb,aachc-cfb-wins-2026-11-28-clmsn-7pt5wins,BUY,0.99,0.54,backfill,,0.53,,,,,,,,,recovered from the exchange's transaction history — this fill was never journale,CPG6KDX9RXPK
1790253404.9,politics,ewc-usse-mn-2026-11-03-dem,BUY,93,0.92,sell,3.2207,0.39,0.8895,88,94,0,0.92,0.93,0.0305,0,an exit — its fill reduces the position it sits on,CPG6KMXEPXPM
1790253713.9,politics,ewc-usse-mn-2026-11-03-dem,BUY,5,0.92,sell,0.2359,0.11,0.8895,88,92,0.454,0.91,0.92,0.0305,5,an exit — its fill reduces the position it sits on,CPGSA9YYGXPM
1790254336.1,politics,paccc-usse-midterms-2026-11-03-rep,SELL,45,0.366,sell,4.3372,0.78,0.3068,35,38,0.604,0.365,0.366,-0.0592,0,an exit — its fill reduces the position it sits on,CPG6KFMG2XPJ
1790254870.7,politics,ussewc-usse-co-2026-11-03-rep,SELL,-18.79,0.05,fix,0.222,109.2,0.00415,3,7,0.569,0.04,0.05,-0.0459,175.21,size trimmed by 18.79 to the exchange's count (order CJNDG4MNRW22),CJNDG4MNRW22
1790254870.7,politics,ussewc-usse-co-2026-11-03-rep,SELL,-19,0.05,fix,0.4495,94.81,0.003625,2,7,0.477,0.04,0.05,-0.0464,194,size trimmed by 19 to the exchange's count (order CJNDG4MNRW22),CJNDG4MNRW22
1790254870.7,politics,ussewc-usse-co-2026-11-03-rep,SELL,-0.6,0.05,fix,,94.81,,,,,,,,,size trimmed by 0.6 to the exchange's count (order CJNDG4MNRW22),CJNDG4MNRW22
1790254870.7,politics,ussewc-usse-co-2026-11-03-rep,SELL,-134.22,0.05,fix,0.7925,92.08,0.003625,2,6,0.112,0.04,0.05,-0.0464,213,size trimmed by 134.22 to the exchange's count (order CJNDG4MNRW22),CJNDG4MNRW22
1790254870.7,politics,paccc-usse-midterms-2026-11-03-dem,SELL,-9,0.626,fix,0.3611,0.32,0.5,63,65,0.922,0.625,0.626,-0.126,0,size trimmed by 9 to the exchange's count (order CN8ZXV22GWPA),CN8ZXV22GWPA
1790254870.7,politics,paccc-usse-midterms-2026-11-03-dem,SELL,-7,0.626,fix,0.6226,0.2,0.5,63,65,0.922,0.625,0.626,-0.126,9,size trimmed by 7 to the exchange's count (order CN8ZXV22GWPA),CN8ZXV22GWPA
1790254870.7,politics,paccc-usse-midterms-2026-11-03-dem,SELL,-7,0.626,fix,0.8886,0.18,0.5,63,64,0.921,0.625,0.626,-0.126,16,size trimmed by 7 to the exchange's count (order CN8ZXV22GWPA),CN8ZXV22GWPA
1790254870.7,politics,paccc-usse-midterms-2026-11-03-dem,SELL,-2,0.626,fix,0.9589,0.15,0.5,62,64,0.915,0.625,0.626,-0.126,23,size trimmed by 2 to the exchange's count (order CN8ZXV22GWPA),CN8ZXV22GWPA
1790254870.7,politics,paccc-usse-midterms-2026-11-03-dem,SELL,-35,0.626,fix,53.1299,0.05,0.5,62,64,0.914,0.625,0.626,-0.126,25,size trimmed by 35 to the exchange's count (order CN8ZXV22GWPA),CN8ZXV22GWPA
1790254870.7,politics,scc-senate-gop-2026-11-03-52,BUY,-76.31,0.07,fix,0.896,41.7,0.0528,6,9,0.582,0.07,0.08,0.0172,376.31,size trimmed by 76.31 to the exchange's count (order CNCBMVZY6WP6),CNCBMVZY6WP6
1790254870.7,politics,usgubewc-usgub-tx-2026-11-03-rep,BUY,1,0.84,hand,,0,,,,,,,,,your own trade — from the exchange's record; direction from the position move,CPFZJECGGXDR
1790254870.7,politics,ewc-usgub-oh-2026-11-03-rep,BUY,1,0.48,hand,,0.02,,,,,,,,,your own trade — from the exchange's record; direction from the position move,CPG6KAV78XPM
1790254870.7,politics,ewc-usse-mn-2026-11-03-dem,BUY,1,0.92,backfill,,0.03,,,,,,,,,recovered from the exchange's transaction history — this fill was never journale,CPFZJGVATXDS
1790254870.7,politics,ewc-usgub-ia-2026-11-03-dem,BUY,184,0.85,hand,,0,,,,,,,,,your own trade — from the exchange's record; direction from the position move,CPFT9FSJEXDN
1790254870.7,politics,scc-senate-gop-2026-11-03-48,SELL,1,0.02,hand,,0,,,,,,,,,your own trade — from the exchange's record; direction from the position move,CPG6KKFK6XPJ
1790254870.7,politics,ewc-usse-me-2026-11-03-dem,BUY,79,0.68,backfill,,0.19,,,,,,,,,recovered from the exchange's transaction history — this fill was never journale,CPG6K9FXAXPM
1790254870.7,politics,ewc-usgub-oh-2026-11-03-dem,BUY,68,0.61,backfill,,0.08,,,,,,,,,recovered from the exchange's transaction history — this fill was never journale,CPFZJMSB2XDS
1790254870.7,politics,ewc-usgub-ia-2026-11-03-dem,BUY,184,0.86,backfill,,0.04,,,,,,,,,recovered from the exchange's transaction history — this fill was never journale,CPGAJRSPTXDS
1790254870.7,politics,ushrewc-ushr-wa-03-2026-11-03-rep,BUY,51,0.19,hand,,0,,,,,,,,,your own trade — from the exchange's record; direction from the position move,CPGH6SBRAXPM
1790254870.7,politics,ewc-usgub-ga-2026-11-03-dem,SELL,5,0.48,backfill,,0.09,,,,,,,,,recovered from the exchange's transaction history — this fill was never journale,CPGA2MWT0XDN
1790254870.7,politics,ewc-usgub-oh-2026-11-03-dem,BUY,20,0.62,backfill,,0.11,,,,,,,,,recovered from the exchange's transaction history — this fill was never journale,CPGA5SK4RXC0
1790254870.7,politics,scc-hrep-rep-2026-11-03-gte220,BUY,5,0.12,backfill,,0.15,,,,,,,,,recovered from the exchange's transaction history — this fill was never journale,CPGA5SY6RXC0
1790254870.7,politics,ewc-usse-me-2026-11-03-rep,SELL,32,0.35,backfill,,0.06,,,,,,,,,recovered from the exchange's transaction history — this fill was never journale,CPGNJ7TP0XDG
1790254870.7,cfb,aachc-cfb-wins-2026-11-28-hou-9pt5wins,SELL,1,0.3,void,0.0385,4.12,,24,29,0.425,0.03,0.34,-0.04,0,voided: the exchange has no trade for order CPCM446N2XAT — the row of 09-24 12:1,CPCM446N2XAT
1790254870.7,cfb,aachc-cfb-wins-2026-11-28-clmsn-7pt5wins,BUY,0.99,0.54,backfill,,0.53,,,,,,,,,recovered from the exchange's transaction history — this fill was never journale,CPG6KDX9RXPK
1790254934.2,politics,ussewc-usse-ky-2026-11-03-rep,BUY,0.01,0.98,backfill,,0,,,,,,,,,recovered from the exchange's transaction history — this fill was never journale,CPH5E6WXAXPM
1790254991.5,politics,ussewc-usse-ky-2026-11-03-rep,BUY,9,0.98,earn,4.5496,0.02,0.995075,91,99,0.134,0.98,0.99,-0.0151,9,joins the touch — the book has been quiet,CPH5E6WXAXPM
1790255124.9,politics,usgubewc-usgub-md-2026-11-03-dem,SELL,8,0.98,sell,0,0,0.9999,93,99,0.118,0.98,0.99,0.0199,0,taker dump — sold into the bid (the carved exception),CPH6JDF3GXPJ
1790255285.5,politics,cpoc-ussegubc-mi-2026-11-03-dsweep,BUY,2.08,0.74,backfill,,0.54,,,,,,,,,recovered from the exchange's transaction history — this fill was never journale,CPGSEHPSTXDN
1790255524.5,politics,scc-senate-gop-2026-11-03-54,SELL,7,0.03,focus,0.3059,0.1,0.018325,2,6,0.591,0.02,0.03,-0.0117,-11,focus entry: ~$0.26/day; fill odds 72%/day; EV +0.12/day,CPH6S9EQEXDQ
1790255524.5,politics,usgubewc-usgub-md-2026-11-03-dem,BUY,6,0.98,earn,4.1773,0.09,0.9999,93,99,0.118,0.98,0.99,-0.0199,6,at the touch — a fill here is 2 ticks inside value (Silver + evidence),CPH6VXKG2XPJ
1790255750.2,politics,ussewc-usse-co-2026-11-03-dem,BUY,330,0.98,backfill,,0.73,,,,,,,,,recovered from the exchange's transaction history — this fill was never journale,CPGQYZAT8XDS
1790256018.0,politics,paccc-usho-midterms-2026-11-03-rep,SELL,16,0.085,focus,1.9605,0.09,0.0916,11,13,0.872,0.084,0.087,0.0066,-34,focus entry: ~$1.26/day; fill odds 70%/day; EV +0.17/day,CPHA2PZT0XPM
1790256120.4,politics,paccc-usse-midterms-2026-11-03-dem,BUY,16,0.65,backfill,,1.3,,,,,,,,,recovered from the exchange's transaction history — this fill was never journale,CPG6KD5WJXPM
1790256320.2,politics,cpoc-ussegubc-mn-2026-11-03-rgov-dsen,SELL,1,0.04,sell,1,0.37,,3,11,0.291,0.03,0.04,0.02,19,selling filled stock — it earns while it waits,CPH5TQ042XDN
1790256624.3,politics,cpoc-ussegubc-nh-2026-11-03-rgov-dsen,SELL,1,0.84,earn,0.0001,0.29,,74,84,0,0.84,0.97,-0.05,-1,1 tick in front of the touch — we would hold 77% of the ask side,CPH9PSHCCXPM
1790256624.3,politics,cpoc-ussegubc-nh-2026-11-03-rsweep,SELL,1,0.02,earn,0.3125,0.13,,15,22,0,0.01,0.02,0.17,-1,1 tick in front of the touch — we would hold 59% of the ask side,CPHDWK8VPXDJ
1790256912.9,politics,ussewc-usse-id-2026-11-03-rep,BUY,5,0.93,earn,0.4386,0.5,0.99725,92,98,0.142,0.92,0.93,-0.0672,5,1 tick in front of the touch — we would hold 98% of the bid side,CPH6H37KGXPM
1790257048.5,politics,cpoc-ussegubc-mi-2026-11-03-dsweep,BUY,1,0.74,backfill,,0.42,,,,,,,,,recovered from the exchange's transaction history — this fill was never journale,CPH98V786XDS
1790257087.2,politics,ushrewc-ushr-tx-15-2026-11-03-dem,BUY,72.43,0.87,backfill,,1.04,,,,,,,,,recovered from the exchange's transaction history — this fill was never journale,CPGSFRZM4XPK
1790257087.4,politics,ussewc-usse-sd-2026-11-03-rep,BUY,20,0.97,earn,3.3444,0.28,0.986675,91,97,0.168,0.94,0.95,-0.0167,20,1 tick behind the touch — we would hold 67% of the bid side,CPHD964C8XPM
1790257087.4,politics,usgubewc-usgub-al-2026-11-03-rep,BUY,10,0.94,earn,1.1705,0.02,0.984025,91,96,0.026,0.93,0.95,-0.044,60,1 tick in front of the touch — we would hold 23% of the bid side,CPHP1472MXDJ
1790257147.4,politics,ewc-usgub-nv-2026-11-03-rep,BUY,9,0.56,focus,1.7277,0.02,0.54115,55,59,0,0.56,0.57,0.0189,9,focus entry: ~$1.36/day; fill odds 49%/day; EV +0.72/day,CPHP15NCAXC0
1790257149.3,politics,ewc-usgub-nv-2026-11-03-rep,BUY,5,0.56,backfill,,0.02,,,,,,,,,recovered from the exchange's transaction history — this fill was never journale,CPHP15NCAXC0
1790257197.7,politics,scc-senate-gop-2026-11-03-lte45,BUY,0.45,0.09,backfill,,1.64,,,,,,,,,recovered from the exchange's transaction history — this fill was never journale,CPG6KAGS8XPK
1790257207.4,politics,ewc-usgub-oh-2026-11-03-rep,BUY,19,0.43,focus,2.4614,0.04,0.383,39,43,0.564,0.43,0.44,0.047,19,focus entry: ~$1.45/day; fill odds 49%/day; EV +0.61/day,CPHP7V0Q0XPK
1790257283.5,politics,ewc-usgub-oh-2026-11-03-dem,BUY,1,0.62,sell,0.0193,1.32,0.617,59,64,0.098,0.62,0.63,0.003,0,an exit — its fill reduces the position it sits on,CPGJVMTH6XPJ
1790257283.5,politics,usgubewc-usgub-me-2026-11-03-dem,BUY,20,0.96,earn,2.6999,0.62,0.99005,93,98,0.013,0.93,0.97,-0.0301,24,3 ticks in front of the touch — we would hold 91% of the bid side,CPH63YAG2XDN
1790257574.9,politics,ushrewc-ushr-ny-17-2026-11-03-dem,SELL,37,0.67,sell,0,0,,65,70,0,0.67,0.68,0,73,taker dump — sold into the bid (the carved exception),CPHT9NWHTXDR
1790257606.4,politics,ussewc-usse-ks-2026-11-03-dem,SELL,0.09,0.33,backfill,,0.4,,,,,,,,,recovered from the exchange's transaction history — this fill was never journale,CPHDWK9GJXDJ
1790257741.6,cfb,aachc-cfb-wins-2026-11-28-cin-5pt5wins,BUY,0.1,0.55,backfill,,0.47,,,,,,,,,recovered from the exchange's transaction history — this fill was never journale,CPHCTJGCGXDQ
1790257754.9,politics,cpoc-ussegubc-oh-2026-11-03-rsweep,SELL,1,0.31,sell,0,0,,26,31,0.536,0.31,0.32,-0.02,22,taker dump — sold into the bid (the carved exception),CPHVQA1XWXPM
1790258254.6,politics,ewc-usse-tx-2026-11-03-dem,BUY,14,0.58,backfill,,1.87,,,,,,,,,recovered from the exchange's transaction history — this fill was never journale,CPFT8Y7ZEXDJ
1790258545.6,politics,ussewc-usse-ky-2026-11-03-rep,BUY,0.01,0.98,backfill,,0,,,,,,,,,recovered from the exchange's transaction history — this fill was never journale,CPH5E6WXAXPM
1790258545.6,politics,cpoc-ussegubc-mi-2026-11-03-dsweep,BUY,2.08,0.74,backfill,,0.54,,,,,,,,,recovered from the exchange's transaction history — this fill was never journale,CPGSEHPSTXDN
1790258545.6,politics,ussewc-usse-co-2026-11-03-dem,BUY,330,0.98,backfill,,0.73,,,,,,,,,recovered from the exchange's transaction history — this fill was never journale,CPGQYZAT8XDS
1790258545.6,politics,paccc-usse-midterms-2026-11-03-dem,BUY,16,0.65,backfill,,1.3,,,,,,,,,recovered from the exchange's transaction history — this fill was never journale,CPG6KD5WJXPM
1790258545.6,politics,cpoc-ussegubc-mi-2026-11-03-dsweep,BUY,1,0.74,backfill,,0.42,,,,,,,,,recovered from the exchange's transaction history — this fill was never journale,CPH98V786XDS
1790258545.6,politics,ushrewc-ushr-tx-15-2026-11-03-dem,BUY,72.43,0.87,backfill,,1.04,,,,,,,,,recovered from the exchange's transaction history — this fill was never journale,CPGSFRZM4XPK
1790258545.6,politics,ewc-usgub-nv-2026-11-03-rep,BUY,5,0.56,backfill,,0.02,,,,,,,,,recovered from the exchange's transaction history — this fill was never journale,CPHP15NCAXC0
1790258545.6,politics,scc-senate-gop-2026-11-03-lte45,BUY,0.45,0.09,backfill,,1.64,,,,,,,,,recovered from the exchange's transaction history — this fill was never journale,CPG6KAGS8XPK
1790258545.6,politics,ussewc-usse-ks-2026-11-03-dem,SELL,0.09,0.33,backfill,,0.4,,,,,,,,,recovered from the exchange's transaction history — this fill was never journale,CPHDWK9GJXDJ
1790258545.6,politics,ewc-usse-tx-2026-11-03-dem,BUY,14,0.58,backfill,,1.87,,,,,,,,,recovered from the exchange's transaction history — this fill was never journale,CPFT8Y7ZEXDJ
1790258545.6,cfb,aachc-cfb-wins-2026-11-28-cin-5pt5wins,BUY,0.1,0.55,backfill,,0.47,,,,,,,,,recovered from the exchange's transaction history — this fill was never journale,CPHCTJGCGXDQ
1790258634.5,politics,usgubewc-usgub-ct-2026-11-03-dem,BUY,0.12,0.97,backfill,,0.49,,,,,,,,,recovered from the exchange's transaction history — this fill was never journale,CPHMQHVMAXDS
1790258679.0,politics,usgubewc-usgub-ct-2026-11-03-dem,BUY,6,0.97,earn,0.4981,0.51,0.99485,94,99,0.075,0.97,0.98,-0.0249,6,at the touch — a fill here is 2 ticks inside value (Silver + evidence),CPHMQHVMAXDS
1790259219.1,politics,scc-hrep-rep-2026-11-03-gte180,BUY,6,0.98,focus,0,0.41,0.90235,91,97,0,0.9,0.99,0.0776,6,focus entry: ~$0.91/day; fill odds 32%/day; EV +0.78/day,CPHVAZXK4XPJ
1790259249.6,politics,cpoc-ussegubc-ks-2026-11-03-rsweep,SELL,0.01,0.47,backfill,,0.34,,,,,,,,,recovered from the exchange's transaction history — this fill was never journale,CPHXB7C2CXDR
1790260302.3,politics,ewc-usse-me-2026-11-03-dem,SELL,5,0.66,sell,0.0769,1.99,0.745575,62,66,0.659,0.65,0.66,0.0856,0,an exit — its fill reduces the position it sits on,CPGQZ353WXPK
1790261442.4,politics,paccc-usho-midterms-2026-11-03-rep,BUY,34,0.085,sell,1.7855,1.07,0.0916,11,13,0.881,0.086,0.087,-0.0066,0,an exit — its fill reduces the position it sits on,CPHTFPMN6XPK
1790261562.4,politics,paccc-usse-midterms-2026-11-03-rep,SELL,21,0.366,focus,281.249,0.06,0.3068,37,40,0.655,0.38,0.381,-0.0592,-21,focus entry: ~$2.23/day; fill odds 55%/day; EV +0.43/day,CPJQ56PJGXDG
1790261690.7,politics,paccc-usho-midterms-2026-11-03-rep,BUY,34,0.086,focus,21.7101,0,0.0916,10,12,0.891,0.086,0.087,-0.0056,34,focus entry: ~$21.71/day; fill odds 59%/day; EV +15.72/day,CPJSBSZZMXDJ
1790262241.5,politics,usgubewc-usgub-fl-2026-11-03-rep,BUY,-46.83,0.78,fix,4.5615,8.3,0.644325,73,79,0.026,0.77,0.78,0.1357,-0.17,size trimmed by 46.83 to the exchange's count (order CNAJBQSZTWPE),CNAJBQSZTWPE
1790262241.5,politics,usgubewc-usgub-fl-2026-11-03-rep,BUY,-34.41,0.78,fix,,8.27,,,,,,,,,size trimmed by 34.41 to the exchange's count (order CNAJBQSZTWPE),CNAJBQSZTWPE
1790262241.5,politics,usgubewc-usgub-ak-2026-11-03-davbro,SELL,5,0.03,backfill,,119.32,,,,,,,,,recovered from the exchange's transaction history — this fill was never journale,CJWB6WACPW7E
1790262241.5,politics,usgubewc-usgub-ct-2026-11-03-dem,BUY,0.12,0.97,backfill,,0.49,,,,,,,,,recovered from the exchange's transaction history — this fill was never journale,CPHMQHVMAXDS
1790262241.5,politics,cpoc-ussegubc-ks-2026-11-03-rsweep,SELL,0.01,0.47,backfill,,0.34,,,,,,,,,recovered from the exchange's transaction history — this fill was never journale,CPHXB7C2CXDR
1790263391.1,politics,ewc-usse-tx-2026-11-03-dem,BUY,2,0.58,sell,0.0032,3.3,0.724575,60,64,0.658,0.58,0.59,-0.1446,0,an exit — its fill reduces the position it sits on,CPFT8Y7ZEXDJ
1790265442.5,politics,usgubewc-usgub-or-2026-11-03-rep,SELL,0.31,0.13,backfill,,1.03,,,,,,,,,recovered from the exchange's transaction history — this fill was never journale,CPJSJV6RCXDG
1790265496.9,politics,usgubewc-usgub-or-2026-11-03-rep,SELL,4,0.13,earn,0.2,1.04,0.119675,11,17,0.04,0.12,0.13,-0.0103,-4,1 tick behind the touch — we would hold 44% of the ask side,CPJSJV6RCXDG
1790265496.9,politics,usgubewc-usgub-wy-2026-11-03-rep,BUY,10,0.98,earn,4.4499,0.05,0.999825,95,99,0.003,0.95,0.99,-0.0198,10,3 ticks in front of the touch — we would hold 89% of the bid side,CPKKG575PXDS
1790265496.9,cfb,aachc-cfb-wins-2026-11-28-minnst-4pt5wins,BUY,1,0.8,earn,0.8368,0.77,,73,84,0,0.59,0.73,0.01,1,joins the touch — the book has been quiet,CPK1RKFPEXDS
1790265895.1,politics,usgubewc-usgub-fl-2026-11-03-rep,BUY,-19.16,0.78,fix,,8.27,,,,,,,,,size trimmed by 19.16 to the exchange's count (order CNAJBQSZTWPE),CNAJBQSZTWPE
1790265895.1,politics,paccc-usho-midterms-2026-11-03-rep,BUY,34,0.086,void,21.7101,0,0.0916,10,12,0.891,0.086,0.087,-0.0056,34,voided: the exchange has no trade for order CPJSBSZZMXDJ — the row of 09-24 14:5,CPJSBSZZMXDJ
1790265895.1,politics,usgubewc-usgub-or-2026-11-03-rep,SELL,0.31,0.13,backfill,,1.03,,,,,,,,,recovered from the exchange's transaction history — this fill was never journale,CPJSJV6RCXDG
1790265962.7,politics,ewc-usse-oh-2026-11-03-dem,SELL,6,0.62,sell,0.4514,3.27,0.711525,60,64,0.593,0.61,0.62,0.0915,58,an exit — its fill reduces the position it sits on,CPH09SJWAXDS
1790266488.1,politics,cpoc-ussegubc-ks-2026-11-03-dgov-rsen,SELL,2,0.03,backfill,,0.07,,,,,,,,,recovered from the exchange's transaction history — this fill was never journale,CPKSQPBKYXDQ
1790266761.0,politics,scc-hrep-rep-2026-11-03-gte230,BUY,124,0.06,hand,,0,,,,,,,,,your own trade — from the exchange's record; direction from the position move,CPKY7BVKGXDR
1790266991.4,politics,scc-hrep-rep-2026-11-03-gte230,BUY,25,0.06,focus,0,0.07,0.0106,3,10,0,0.02,0.06,0.0494,0,focus exit: ~$7.55/day; fill odds 34%/day; EV +7.34/day,CPKXY35GJXC0
1790266991.4,politics,usgubewc-usgub-ct-2026-11-03-rep,SELL,1,0.03,earn,1.0939,0.8,0.00515,1,5,0.003,0.01,0.03,-0.0248,-1,1 tick in front of the touch — we would hold 71% of the ask side,CPKAHGHMMXPM
1790266991.4,politics,usgubewc-usgub-sd-2026-11-03-rep,BUY,1,0.97,earn,2.3191,0.73,0.995275,95,99,0.144,0.97,0.98,-0.0253,1,2 ticks in front of the touch — we would hold 64% of the bid side,CPKCC3MBPXDR
1790267152.1,politics,scc-hrep-rep-2026-11-03-gte230,SELL,1,0.04,sell,18.6923,0.02,0.0106,2,6,0.454,0.02,0.04,-0.0294,123,an exit — its fill reduces the position it sits on,CPM09QMQTXDN
1790267222.5,cfb,aachc-cfb-wins-2026-11-28-arz-7pt5wins,BUY,1,0.47,earn,0.2466,0.02,,42,50,0,0.43,0.44,0.01,1,2 ticks behind the touch — we would hold 4% of the bid side,CPM0VPSFCXDS
1790267377.9,politics,cpoc-ussegubc-mi-2026-11-03-dsweep,BUY,2,0.74,backfill,,3.29,,,,,,,,,recovered from the exchange's transaction history — this fill was never journale,CPH98V786XDS
1790267537.1,cfb,aachc-cfb-wins-2026-11-28-arz-5pt5wins,BUY,1,0.8,sell,0.1973,4.36,,76,84,0.067,0.79,0.8,0,2,buying back the short at or under what it sold for — the bid earns while it wait,CPG6KKQ30XPK
1790267791.6,politics,scc-senate-gop-2026-11-03-lte45,BUY,51.55,0.09,sell,0.2954,4.59,0.1428,7,11,0.339,0.09,0.1,-0.0528,-0.45,an exit — its fill reduces the position it sits on,CPG6KAGS8XPK
1790268211.4,politics,scc-hrep-rep-2026-11-03-gte225,SELL,31,0.03,focus,0,0.15,0.02975,1,5,0,0.05,0.06,-0.0003,-31,focus entry: ~$1.59/day; fill odds 31%/day; EV +1.05/day,CPM4Q0T4YXPJ
1790268211.4,politics,scc-hrep-rep-2026-11-03-gte195,BUY,43,0.69,focus,0,0.15,0.641575,67,71,0,0.2,0.68,0.0484,43,focus entry: ~$1.26/day; fill odds 35%/day; EV +0.81/day,CPM4VG59WXDG
1790268212.8,politics,scc-hrep-rep-2026-11-03-gte200,BUY,0.01,0.59,backfill,,0.06,,,,,,,,,recovered from the exchange's transaction history — this fill was never journale,CPM70M5APXPK
1790268457.6,politics,scc-hrep-rep-2026-11-03-gte200,BUY,1.1,0.58,backfill,,0.03,,,,,,,,,recovered from the exchange's transaction history — this fill was never journale,CPM9PDCYEXDG
1790268658.2,cfb,aachc-cfb-wins-2026-11-28-lsu-10pt5wins,BUY,0.1,0.19,backfill,,0.29,,,,,,,,,recovered from the exchange's transaction history — this fill was never journale,CPM467WPEXPM
1790268947.2,politics,ussewc-usse-co-2026-11-03-dem,BUY,36,0.98,sell,0.1184,4.4,0.99605,95,99,0.351,0.98,0.99,-0.0161,0,buying back the short at or under what it sold for — the bid earns while it wait,CPGQYZAT8XDS
1790269517.3,politics,usgubewc-usgub-fl-2026-11-03-rep,BUY,-10.44,0.78,fix,,8.27,,,,,,,,,size trimmed by 10.44 to the exchange's count (order CNAJBQSZTWPE),CNAJBQSZTWPE
1790269517.3,politics,usgubewc-usgub-ak-2026-11-03-davbro,SELL,8,0.03,backfill,,119.32,,,,,,,,,recovered from the exchange's transaction history — this fill was never journale,CJWB6WACPW7E
1790269517.3,politics,cpoc-ussegubc-ks-2026-11-03-dgov-rsen,SELL,2,0.03,backfill,,0.07,,,,,,,,,recovered from the exchange's transaction history — this fill was never journale,CPKSQPBKYXDQ
1790269517.3,politics,scc-hrep-rep-2026-11-03-gte230,BUY,124,0.06,hand,,0,,,,,,,,,your own trade — from the exchange's record; direction from the position move,CPKY7BVKGXDR
1790269517.3,politics,cpoc-ussegubc-mi-2026-11-03-dsweep,BUY,2,0.74,backfill,,3.29,,,,,,,,,recovered from the exchange's transaction history — this fill was never journale,CPH98V786XDS
1790269517.3,politics,scc-hrep-rep-2026-11-03-gte200,BUY,0.01,0.59,backfill,,0.06,,,,,,,,,recovered from the exchange's transaction history — this fill was never journale,CPM70M5APXPK
1790269517.3,politics,scc-hrep-rep-2026-11-03-gte200,BUY,1.1,0.58,backfill,,0.03,,,,,,,,,recovered from the exchange's transaction history — this fill was never journale,CPM9PDCYEXDG
1790269517.3,cfb,aachc-cfb-wins-2026-11-28-lsu-10pt5wins,BUY,0.1,0.19,backfill,,0.29,,,,,,,,,recovered from the exchange's transaction history — this fill was never journale,CPM467WPEXPM
1790269764.3,politics,scc-hrep-rep-2026-11-03-gte200,BUY,12,0.58,focus,18.7496,0.23,0.507225,54,60,0,0.58,0.59,0.0728,13,focus entry: ~$9.71/day; fill odds 34%/day; EV +9.27/day,CPMER54HCXDG
1790269764.3,politics,scc-senate-gop-2026-11-03-50,BUY,112,0.14,focus,11.2604,0.08,0.109575,11,16,0,0.13,0.14,0.0304,112,focus entry: ~$1.88/day; fill odds 71%/day; EV +0.22/day,CPMKCMAKTXDS
1790270148.3,politics,ewc-usse-nc-2026-11-03-rep,SELL,82,0.07,hand,,32.03,,,,,,,,,your own trade — from the exchange's record; direction from its order intent,CJNCYYBE0W20
1790270148.3,politics,cpoc-ussec-tx-me-2026-11-03-rsweep,SELL,10.21,0.28,hand,,30.24,,,,,,,,,your own trade — from the exchange's record; direction from its order intent,CJVCQD0ZPW1Y
1790270148.3,politics,usgubewc-usgub-fl-2026-11-03-rep,BUY,0.66,0.78,hand,,46.84,,,,,,,,,your own trade — from the exchange's record; direction from its order intent,CJV9M856AW21
1790270148.3,politics,paccc-usse-midterms-2026-11-03-dem,SELL,15,0.621,hand,,0.07,,,,,,,,,your own trade — from the exchange's record; direction from its order intent,CN1JPM1QTWPA
1790270148.3,politics,paccc-usse-midterms-2026-11-03-rep,SELL,13,0.365,hand,,0.5,,,,,,,,,your own trade — from the exchange's record; direction from its order intent,CN1C6FDWJWPH
1790270148.3,politics,paccc-usse-midterms-2026-11-03-dem,SELL,60,0.626,backfill,,0.29,,,,,,,,,recovered from the exchange's transaction history — this fill was never journale,CN8ZXV22GWPA
1790270148.3,politics,usgubewc-usgub-ny-2026-11-03-dem,BUY,40.27,0.93,hand,,80.03,,,,,,,,,your own trade — from the exchange's record; direction from its order intent,CK93JF66GWPA
1790270148.3,politics,usgubewc-usgub-fl-2026-11-03-rep,BUY,110.84,0.78,backfill,,8.27,,,,,,,,,recovered from the exchange's transaction history — this fill was never journale,CNAJBQSZTWPE
1790270148.3,politics,ussewc-usse-co-2026-11-03-rep,SELL,172.61,0.05,hand,,109.18,,,,,,,,,your own trade — from the exchange's record; direction from its order intent,CJNDG4MNRW22
1790270148.3,politics,ewc-usgub-nv-2026-11-03-dem,SELL,12,0.45,backfill,,118.1,,,,,,,,,recovered from the exchange's transaction history — this fill was never journale,CJWBHWJ68W7H
1790270148.3,politics,usgubewc-usgub-ak-2026-11-03-davbro,SELL,13,0.03,backfill,,119.32,,,,,,,,,recovered from the exchange's transaction history — this fill was never journale,CJWB6WACPW7E
1790271588.4,politics,cpoc-ussegubc-tx-2026-11-03-rsweep,SELL,1,0.3,sell,0,0.62,,34,44,0.269,0.34,0.35,0.09,0,selling filled stock — it earns while it waits,CPMJFBSHTXDN
1790272883.1,politics,cpoc-ussec-tx-mi-me-2026-11-03-rtx-dmi-dme,SELL,168.69,0.04,backfill,,1.63,,,,,,,,,recovered from the exchange's transaction history — this fill was never journale,CPKZQYC6JXDR
1790272908.4,politics,cpoc-ussec-tx-mi-me-2026-11-03-rtx-dmi-dme,SELL,0.31,0.04,sell,0,1.64,,7,15,0.36,0.03,0.04,0.07,-0.31,selling filled stock — it earns while it waits,CPKZQYC6JXDR
1790272968.4,politics,ewc-usse-ne-2026-11-03-rep,SELL,13,0.69,sell,0.7335,1.44,0.776275,67,72,0.002,0.69,0.71,0.0863,0,selling filled stock — it earns while it waits,CPM6ASJEPXDG
1790272968.4,politics,paccc-usse-midterms-2026-11-03-dem,BUY,82,0.65,sell,281.25,4.65,0.5,63,66,0.777,0.617,0.619,0.15,0,an exit — its fill reduces the position it sits on,CPHEMQYG2XDN
1790273748.4,politics,ewc-usgub-nv-2026-11-03-dem,SELL,-9,0.45,fix,,118.1,,,,,,,,,size trimmed by 9 to the exchange's count (order CJWBHWJ68W7H),CJWBHWJ68W7H
1790273748.4,politics,ewc-usgub-nv-2026-11-03-dem,SELL,-5,0.45,fix,,118.1,,,,,,,,,size trimmed by 5 to the exchange's count (order CJWBHWJ68W7H),CJWBHWJ68W7H
1790273748.4,politics,ussewc-usse-co-2026-11-03-rep,SELL,-172.61,0.05,fix,,109.18,,,,,,,,,size trimmed by 172.61 to the exchange's count (order CJNDG4MNRW22),CJNDG4MNRW22
1790273748.4,politics,usgubewc-usgub-fl-2026-11-03-rep,BUY,-22.32,0.78,fix,,8.27,,,,,,,,,size trimmed by 22.32 to the exchange's count (order CNAJBQSZTWPE),CNAJBQSZTWPE
1790273748.4,politics,usgubewc-usgub-fl-2026-11-03-rep,BUY,-88.52,0.78,fix,,8.27,,,,,,,,,size trimmed by 88.52 to the exchange's count (order CNAJBQSZTWPE),CNAJBQSZTWPE
1790273748.4,politics,paccc-usse-midterms-2026-11-03-dem,BUY,-12,0.64,fix,,0.18,,,,,,,,,size trimmed by 12 to the exchange's count (order CNFSZRS98WPE),CNFSZRS98WPE
1790273748.4,politics,usgubewc-usgub-ak-2026-11-03-davbro,SELL,-7.33,0.03,fix,,119.32,,,,,,,,,size trimmed by 7.33 to the exchange's count (order CJWB6WACPW7E),CJWB6WACPW7E
1790273748.4,politics,usgubewc-usgub-ak-2026-11-03-davbro,SELL,-5.67,0.03,fix,,119.32,,,,,,,,,size trimmed by 5.67 to the exchange's count (order CJWB6WACPW7E),CJWB6WACPW7E
1790273748.4,politics,cpoc-ussec-tx-mi-me-2026-11-03-rtx-dmi-dme,SELL,168.69,0.04,backfill,,1.63,,,,,,,,,recovered from the exchange's transaction history — this fill was never journale,CPKZQYC6JXDR
1790274048.4,politics,cpoc-ussegubc-me-2026-11-03-dsweep,BUY,10,0.83,earn,0.2396,2.36,,78,86,0,0.83,0.84,0.01,10,joins the touch — the book has been quiet,CPKMZKXJCXPM
1790274168.4,politics,cpoc-ussegubc-me-2026-11-03-dgov-rsen,SELL,5,0.16,earn,0.8711,1.37,,16,22,0,0.18,0.26,0.03,-5,joins the touch — the book has been quiet,CPMHB2SHEXPM
1790276575.2,politics,cpoc-ussegubc-nh-2026-11-03-rgov-dsen,BUY,1,0.91,sell,0.753,3.43,,76,83,0.428,0.71,0.75,0.12,0,buying back the short at or under what it sold for — the bid earns while it wait,CPKBDNXZCXC0
1790277050.1,politics,cpoc-ussegubc-me-2026-11-03-rsweep,SELL,10,0.02,earn,2.4955,3.26,,1,3,0,0.01,0.07,0,-10,joins the touch — the book has been quiet,CPKKG577EXDS
1790277333.2,politics,cpoc-ussec-tx-mi-me-2026-11-03-rtx-dmi-rme,SELL,1,0.08,backfill,,3.63,,,,,,,,,recovered from the exchange's transaction history — this fill was never journale,CPKBBH8PGXDG
1790277350.1,politics,cpoc-ussec-tx-mi-me-2026-11-03-rtx-dmi-rme,SELL,1,0.08,backfill,,3.63,,,,,,,,,recovered from the exchange's transaction history — this fill was never journale,CPKBBH8PGXDG
1790277470.1,politics,ussewc-usse-sd-2026-11-03-rep,BUY,1.93,0.93,earn,4.5005,4.44,0.9864,92,97,0.481,0.93,0.94,-0.0564,21.93,1 tick behind the touch — we would hold 50% of the bid side,CPJQZ62R6XDG
1790279420.7,cfb,aachc-cfb-wins-ou-2026-11-28-frest,SELL,0.1,0.53,backfill,,3.05,,,,,,,,,recovered from the exchange's transaction history — this fill was never journale,CPMAVFVA8XDS
1790279540.0,politics,ewc-usse-me-2026-11-03-rep,BUY,32,0.35,sell,2.1704,2.8,0.28345,31,35,0.513,0.34,0.35,0.0665,0,an exit — its fill reduces the position it sits on,CPMK6E79RXC0
1790280942.8,politics,ussewc-usse-il-2026-11-03-rep,SELL,1,0.03,earn,2.5445,0.2,0.002725,1,4,0.001,0.02,0.03,-0.0273,-1,1 tick in front of the touch — we would hold 51% of the ask side,CPQ6M24JGXDN
1790281058.4,politics,cpoc-ussec-tx-mi-me-2026-11-03-rtx-dmi-rme,SELL,-1,0.08,fix,1.4318,3.66,,6,11,0.476,0.07,0.08,0,0,size trimmed by 1 to the exchange's count (order CPKBBH8PGXDG),CPKBBH8PGXDG
1790281058.4,cfb,aachc-cfb-wins-ou-2026-11-28-frest,SELL,0.1,0.53,backfill,,3.05,,,,,,,,,recovered from the exchange's transaction history — this fill was never journale,CPMAVFVA8XDS
1790281512.8,politics,ewc-usse-oh-2026-11-03-dem,SELL,7,0.62,sell,0.0522,7.59,0.71765,61,64,0.678,0.61,0.62,0.0977,51,an exit — its fill reduces the position it sits on,CPH09SJWAXDS
1790281683.0,politics,ussewc-usse-sc-2026-11-03-dem,BUY,2.3,0.14,hand,,56.1,,,,,,,,,your own trade — from the exchange's record; direction from its order intent,CJNDPN4XTW22
1790281683.0,politics,paccc-usse-midterms-2026-11-03-dem,BUY,12,0.64,hand,,0.18,,,,,,,,,your own trade — from the exchange's record; direction from its order intent,CNFSZRS98WPE
1790281683.0,politics,usgubewc-usgub-fl-2026-11-03-rep,BUY,110.84,0.78,hand,,8.27,,,,,,,,,your own trade — from the exchange's record; direction from its order intent,CNAJBQSZTWPE
1790281683.0,politics,ussewc-usse-co-2026-11-03-rep,SELL,172.61,0.05,hand,,109.18,,,,,,,,,your own trade — from the exchange's record; direction from its order intent,CJNDG4MNRW22
1790281683.0,politics,ewc-usgub-nv-2026-11-03-dem,SELL,14,0.45,hand,,118.1,,,,,,,,,your own trade — from the exchange's record; direction from its order intent,CJWBHWJ68W7H
1790281683.0,politics,usgubewc-usgub-ak-2026-11-03-davbro,SELL,13,0.03,hand,,119.32,,,,,,,,,your own trade — from the exchange's record; direction from its order intent,CJWB6WACPW7E
1790282925.5,politics,ewc-usgub-ia-2026-11-03-dem,SELL,184,0.85,sell,0.0589,8.36,0.915975,82,86,0.536,0.84,0.85,0.066,12,an exit — its fill reduces the position it sits on,CPGNN7HR4XPK
1790282925.5,politics,ussewc-usse-sd-2026-11-03-rep,SELL,2,0.92,sell,2.5835,0.86,0.9864,92,96,0.631,0.91,0.95,0.0664,20,selling filled stock — it earns while it waits,CPQ3N7WYRXPK
1790282925.5,politics,vtc-usseto-ri-2026-11-03-gt400k,BUY,1,0.41,earn,0.1818,0.6,,37,85,0,0.33,0.42,-0.19,1,joins the touch — the book has been quiet,CPQ9WEKZGXDJ
1790282925.5,politics,vtc-usseto-wy-2026-11-03-gt230k,BUY,1,0.47,earn,0.1565,0.2,,13,86,0,0.46,0.5,-0.02,1,1 tick in front of the touch — we would hold 96% of the bid side,CPQN2Q97TXDR
1790282925.5,politics,scc-hrep-rep-2026-11-03-gte210,BUY,108.84,0.28,focus,9.9551,0.03,0.22455,27,32,0.351,0.28,0.29,0.0555,119.84,focus entry: ~$10.40/day; fill odds 34%/day; EV +7.55/day,CPQS1CVS0XDJ
1790282927.5,politics,scc-hrep-rep-2026-11-03-gte210,BUY,0.42,0.28,backfill,,0.03,,,,,,,,,recovered from the exchange's transaction history — this fill was never journale,CPQS1CVS0XDJ
1790282933.5,politics,scc-hrep-demst-2026-11-03-gte235,BUY,0.17,0.46,backfill,,0.77,,,,,,,,,recovered from the exchange's transaction history — this fill was never journale,CPQ5KKQCEXPK
1790282933.5,politics,ussewc-usse-fl-2026-11-03-rep,SELL,20,0.91,backfill,,0.07,,,,,,,,,recovered from the exchange's transaction history — this fill was never journale,CPQR6PKY2XDR
1790283018.9,politics,cpoc-ussegubc-ia-2026-11-03-dsweep,SELL,14,0.53,backfill,,6.26,,,,,,,,,recovered from the exchange's transaction history — this fill was never journale,CPJG1JNJJXDG
1790283043.7,politics,ewc-usse-mn-2026-11-03-dem,SELL,5,0.92,sell,0.0015,8.14,0.89265,88,92,0.587,0.91,0.92,-0.0273,0,an exit — its fill reduces the position it sits on,CPGWSCPKCXDG
1790283043.7,politics,ewc-usse-oh-2026-11-03-dem,SELL,51,0.62,sell,0.0466,8.01,0.71765,61,64,0.672,0.61,0.62,0.0977,0,an exit — its fill reduces the position it sits on,CPH09SJWAXDS
1790283242.1,politics,scc-hrep-rep-2026-11-03-gte195,BUY,8,0.59,backfill,,0.12,,,,,,,,,recovered from the exchange's transaction history — this fill was never journale,CPQRTRXEGXDG
1790283304.7,politics,scc-hrep-rep-2026-11-03-gte185,BUY,214,0.93,backfill,,0.97,,,,,,,,,recovered from the exchange's transaction history — this fill was never journale,CPQ2YG55EXPK
1790283400.6,politics,usgubewc-usgub-fl-2026-11-03-rep,SELL,50,0.75,earn,2.0338,0.81,0.6359,73,78,0.266,0.74,0.75,-0.1141,-50,at the touch — a fill here is 8 ticks inside value (Silver + evidence),CPQ878YTRXPJ
1790283400.6,politics,cpoc-ussegubc-tx-2026-11-03-rgov-dsen,SELL,5,0.42,earn,0.7621,0.4,,37,43,0,0.41,0.42,-0.02,-5,joins the touch — the book has been quiet,CPQM38HRWXDG
1790283508.2,politics,scc-hrep-rep-2026-11-03-gte180,BUY,82,0.96,backfill,,0.19,,,,,,,,,recovered from the exchange's transaction history — this fill was never journale,CPQRR5J5CXPM
1790283728.2,politics,ushrewc-ushr-me-02-2026-11-03-rep,BUY,41,0.62,sell,40.0702,7.33,,56,63,0,0.58,0.6,0.02,0,buying back the short at or under what it sold for — the bid earns while it wait,CPHRG5CZMXDN
1790283728.2,politics,usgubewc-usgub-ak-2026-11-03-berwil,BUY,10,0.16,sell,0.0264,5.53,0.0986,13,18,0.415,0.16,0.17,0.0614,0,an exit — its fill reduces the position it sits on,CPK8CNXZWXDJ
1790283728.2,politics,cpoc-ussegubc-nh-2026-11-03-rsweep,BUY,1,0.11,sell,0.097,1.01,,13,20,0.419,0.11,0.12,-0.05,0,buying back the short at or under what it sold for — the bid earns while it wait,CPQ5EX5M8XDQ
1790283728.2,politics,cpoc-ussegubc-me-2026-11-03-rsweep,BUY,10,0.06,sell,0.6698,1.01,,1,3,0.446,0.06,0.07,0.04,0,buying back the short at or under what it sold for — the bid earns while it wait,CPQ5M807GXDS
1790283728.2,politics,scc-hrep-rep-2026-11-03-gte185,BUY,1.06,0.88,focus,17.7152,0.09,0.834175,83,89,0,0.88,0.89,0.0458,-212.94,focus exit: ~$11.75/day; fill odds 35%/day; EV +12.50/day,CPQX4ZC2WXDR
1790283851.1,politics,cpoc-ussec-tx-me-2026-11-03-dtx-rme,BUY,1,0.21,probe,2.2316,0.53,,13,21,0.396,0.17,0.21,0.04,1,a scout — this market's pool could pay; but I don't know enough yet; what happen,CPQMBD5P4XC0
1790283851.1,cfb,aachc-cfb-wins-2026-11-28-arz-5pt5wins,SELL,0.65,0.8,sell,0,4.57,,75,82,0.453,0.79,0.8,-0.01,0.35,selling filled stock — it earns while it waits,CPM2V57YMXDG
1790284137.5,politics,scc-hrep-rep-2026-11-03-gte200,BUY,117,0.58,backfill,,0.15,,,,,,,,,recovered from the exchange's transaction history — this fill was never journale,CPQYT9HYYXC0
1790284247.1,politics,cpoc-ussegubc-ks-2026-11-03-dgov-rsen,BUY,2,0.06,sell,0.0008,4.91,,5,10,0,0.06,0.07,-0.01,0,buying back the short at or under what it sold for — the bid earns while it wait,CPKXPGC8PXPM
1790284247.1,politics,ewc-usse-nh-2026-11-03-dem,SELL,226,0.85,focus,7.0522,0.07,0.88905,84,89,0.412,0.85,0.86,0.0391,-226,focus entry: ~$5.26/day; fill odds 55%/day; EV +0.27/day,CPR2N027GXPK
1790284247.1,politics,scc-senate-demst-2026-11-03-gte49,BUY,5,0.97,earn,3.5714,0.03,,94,98,0,0.76,0.98,0.01,5,joins the touch — the book has been quiet,CPR3ZGQK0XDJ
1790284247.1,politics,scc-hrep-rep-2026-11-03-gte200,BUY,18,0.57,focus,18.7475,0.03,0.490425,52,57,0.435,0.49,0.54,0.0796,31,focus entry: ~$18.46/day; fill odds 36%/day; EV +18.23/day,CPR4BZNXYXDN
1790284247.1,cfb,aachc-cfb-wins-2026-11-28-kan-5pt5wins,BUY,1,0.35,sell,0.0131,7.96,,33,41,0.372,0.33,0.36,-0.02,0,an exit — its fill reduces the position it sits on,CPH9NHRC2XDS
1790284483.3,cfb,aachc-cfb-wins-2026-11-28-hou-9pt5wins,BUY,1,0.28,sell,0.3529,5.27,,25,29,0.569,0.28,0.29,0.01,0,buying back the short at or under what it sold for — the bid earns while it wait,CPKMB33XEXC0
1790284742.0,politics,ushrewc-ushr-oh-09-2026-11-03-rep,BUY,9,0.29,sell,2.3708,8.73,,25,31,0.014,0.29,0.3,0,-42,buying back the short at or under what it sold for — the bid earns while it wait,CPGSCPQPCXDS
1790285066.2,politics,ewc-usgub-oh-2026-11-03-rep,BUY,2,0.4,hand,,58.04,,,,,,,,,your own trade — from the exchange's record; direction from its order intent,CJVSPDRWWW0Y
1790285066.2,politics,scc-hrep-rep-2026-11-03-gte210,BUY,0.42,0.28,backfill,,0.03,,,,,,,,,recovered from the exchange's transaction history — this fill was never journale,CPQS1CVS0XDJ
1790285066.2,politics,scc-hrep-demst-2026-11-03-gte235,BUY,0.17,0.46,backfill,,0.77,,,,,,,,,recovered from the exchange's transaction history — this fill was never journale,CPQ5KKQCEXPK
1790285066.2,politics,ussewc-usse-fl-2026-11-03-rep,SELL,20,0.91,backfill,,0.07,,,,,,,,,recovered from the exchange's transaction history — this fill was never journale,CPQR6PKY2XDR
1790285066.2,politics,cpoc-ussegubc-ia-2026-11-03-dsweep,SELL,14,0.53,backfill,,6.26,,,,,,,,,recovered from the exchange's transaction history — this fill was never journale,CPJG1JNJJXDG
1790285066.2,politics,scc-hrep-rep-2026-11-03-gte195,BUY,8,0.59,backfill,,0.12,,,,,,,,,recovered from the exchange's transaction history — this fill was never journale,CPQRTRXEGXDG
1790285066.2,politics,scc-hrep-rep-2026-11-03-gte185,BUY,214,0.93,backfill,,0.97,,,,,,,,,recovered from the exchange's transaction history — this fill was never journale,CPQ2YG55EXPK
1790285066.2,politics,scc-hrep-rep-2026-11-03-gte180,BUY,82,0.96,backfill,,0.19,,,,,,,,,recovered from the exchange's transaction history — this fill was never journale,CPQRR5J5CXPM
1790285066.2,politics,scc-hrep-rep-2026-11-03-gte200,BUY,117,0.58,backfill,,0.15,,,,,,,,,recovered from the exchange's transaction history — this fill was never journale,CPQYT9HYYXC0
1790285066.2,cfb,aachc-cfb-wins-2026-11-28-kan-5pt5wins,SELL,0.5,0.42,backfill,,1.55,,,,,,,,,recovered from the exchange's transaction history — this fill was never journale,CGR4FS0EAVB2
1790285066.2,cfb,aachc-cfb-wins-2026-11-28-kan-5pt5wins,BUY,1,0.42,backfill,,0,,,,,,,,,recovered from the exchange's transaction history — this fill was never journale,CHG0H627JVNJ
1790285066.2,cfb,aachc-cfb-wins-2026-11-28-kan-5pt5wins,SELL,1,0.41,hand,,0,,,,,,,,,your own trade — from the exchange's record; direction from its order intent,CHQ43TRVTVNN
1790285190.6,politics,cpoc-ussegubc-oh-2026-11-03-dsweep,BUY,19.77,0.53,backfill,,9.14,,,,,,,,,recovered from the exchange's transaction history — this fill was never journale,CPGH6SBMAXPM
1790285484.8,politics,ewc-usse-me-2026-11-03-rep,BUY,115,0.34,focus,4.443,0.29,0.28345,31,35,0.646,0.33,0.34,0.0566,115,focus entry: ~$4.50/day; fill odds 56%/day; EV +2.10/day,CPR6Z9AK8XPM
1790286111.1,politics,usgubewc-usgub-ct-2026-11-03-dem,SELL,3,0.98,sell,0.0147,7.62,0.994725,93,98,0.441,0.97,0.98,0.0147,3,selling filled stock — it earns while it waits,CPJ1VMF68XDS
1790286111.1,politics,cpoc-ussegubc-mi-2026-11-03-dgov-rsen,SELL,1,0.16,earn,1.4961,0.66,,13,19,0,0.15,0.16,0,-1,joins the touch — the book has been quiet,CPR0C42GPXPJ
1790286351.0,politics,ussewc-usse-nm-2026-11-03-rep,SELL,4,0.03,sell,0.022,9.58,0.003325,1,5,0.225,0.02,0.03,-0.0267,8,selling filled stock — it earns while it waits,CPG6KKCX6XPJ
1790286521.9,politics,scc-hrep-rep-2026-11-03-gte185,SELL,1,0.89,sell,0.0803,0.74,0.834175,82,87,0.451,0.88,0.89,-0.0558,0,an exit — its fill reduces the position it sits on,CPR1EARXCXDR
1790286797.0,politics,ussewc-usse-la-2026-11-03-rep,SELL,1,0.94,sell,0.0766,7.88,0.957375,91,97,0.033,0.92,0.94,0.0174,9,selling filled stock — it earns while it waits,CPJ115W0CXPJ
1790286800.9,politics,vtc-usseto-ia-2026-11-03-gt1pt4m,SELL,1,0.32,hand,,0,,,,,,,,,your own trade — from the exchange's record; direction from the position move,CPRRADR72XDR
1790287339.4,politics,scc-hrep-rep-2026-11-03-gte205,BUY,16.95,0.33,sell,1.2849,9.47,0.35045,31,37,0.195,0.33,0.34,-0.0204,-43.05,an exit — its fill reduces the position it sits on,CPGRTR4PCXDN
1790287889.0,politics,scc-hrep-rep-2026-11-03-gte205,BUY,0.03,0.33,backfill,,9.63,,,,,,,,,recovered from the exchange's transaction history — this fill was never journale,CPGRTR4PCXDN
1790288181.7,politics,usgubewc-usgub-md-2026-11-03-rep,SELL,7,0.03,earn,1.2439,0.55,0.000125,1,6,0.028,0.02,0.03,-0.0299,-7,at the touch — a fill here is 3 ticks inside value (Silver + evidence),CPRM8MBXEXDS
1790288424.4,cfb,aachc-cfb-wins-2026-11-28-minnst-4pt5wins,SELL,1,0.6,sell,0,5.35,,72,81,0.424,0.59,0.81,0.17,0,selling filled stock — it earns while it waits,CPMGJ8APRXDR
1790288736.5,politics,ewc-usgub-nv-2026-11-03-dem,SELL,-7,0.45,fix,,118.1,,,,,,,,,size trimmed by 7 to the exchange's count (order CJWBHWJ68W7H),CJWBHWJ68W7H
1790288736.5,politics,usgubewc-usgub-ak-2026-11-03-davbro,SELL,-7.33,0.03,fix,,119.32,,,,,,,,,size trimmed by 7.33 to the exchange's count (order CJWB6WACPW7E),CJWB6WACPW7E
1790288736.5,politics,usgubewc-usgub-ak-2026-11-03-davbro,SELL,-5,0.03,fix,,119.32,,,,,,,,,size trimmed by 5 to the exchange's count (order CJWB6WACPW7E),CJWB6WACPW7E
1790288736.5,politics,usgubewc-usgub-ak-2026-11-03-davbro,SELL,-0.67,0.03,fix,,119.32,,,,,,,,,size trimmed by 0.67 to the exchange's count (order CJWB6WACPW7E),CJWB6WACPW7E
1790288736.5,politics,cpoc-ussegubc-oh-2026-11-03-dsweep,BUY,19.77,0.53,backfill,,9.14,,,,,,,,,recovered from the exchange's transaction history — this fill was never journale,CPGH6SBMAXPM
1790288736.5,politics,vtc-usseto-ia-2026-11-03-gt1pt4m,SELL,1,0.32,hand,,0,,,,,,,,,your own trade — from the exchange's record; direction from the position move,CPRRADR72XDR
1790288736.5,politics,scc-hrep-rep-2026-11-03-gte205,BUY,0.03,0.33,backfill,,9.63,,,,,,,,,recovered from the exchange's transaction history — this fill was never journale,CPGRTR4PCXDN
1790288917.0,politics,cpoc-ussegubc-ks-2026-11-03-rgov-dsen,SELL,10,0.1,earn,1.127,2.46,,7,12,0,0.1,0.11,0,-10,joins the touch — the book has been quiet,CPQ5M7ZPTXDS
1790288917.0,politics,cpoc-ussegubc-ks-2026-11-03-dsweep,SELL,1,0.11,earn,0.0926,0.33,,9,19,0,0.06,0.23,0.03,-1,1 tick in front of the touch — we would hold 29% of the ask side,CPRZMPBTYXPK
1790289066.6,politics,vmc-usgubmov-oh-2026-11-03-r6-9,BUY,1,0.16,probe,0.0005,0.09,,19,40,0,0.19,0.2,-0.14,1,a scout — this market's pool could pay; but I don't know enough yet; what happen,CPS6ZVC08XDJ
1790290047.0,politics,scc-hrep-rep-2026-11-03-gte210,SELL,120,0.18,sell,5.019,0.74,0.22455,25,29,0.57,0.2,0.28,0.0446,0,an exit — its fill reduces the position it sits on,CPRWF98ZEXDN
1790290049.3,politics,usgubewc-usgub-md-2026-11-03-dem,BUY,0.01,0.97,backfill,,0.61,,,,,,,,,recovered from the exchange's transaction history — this fill was never journale,CPRZTAAARXPJ
1790290109.2,cfb,aachc-cfb-wins-2026-11-28-pennst-9pt5wins,BUY,3,0.47,sell,3.5294,7.19,,43,50,0.553,0.47,0.48,0,0,buying back the short at or under what it sold for — the bid earns while it wait,CPKBK699RXDN
1790290362.0,politics,vtc-usgubto-pa-2026-11-03-gt6pt5m,BUY,1,0.24,earn,0.1331,0.33,,11,24,0,0.22,0.23,0.05,1,joins the touch — the book has been quiet,CPSASFF9EXDG
1790291638.8,politics,vtc-usseto-ok-2026-11-03-gt900k,SELL,0.21,0.83,backfill,,0.73,,,,,,,,,recovered from the exchange's transaction history — this fill was never journale,CPS97V3HGXDJ
1790291692.6,politics,vtc-usgubto-hi-2026-11-03-gt490k,BUY,1,0.43,probe,0.0557,0.09,,20,47,0,0.19,0.5,0.09,1,a scout — this market's pool could pay; but I don't know enough yet; what happen,CPSVR66KYXDS
1790292215.2,politics,scc-hrep-rep-2026-11-03-gte205,BUY,43.02,0.33,backfill,,10.83,,,,,,,,,recovered from the exchange's transaction history — this fill was never journale,CPGRTR4PCXDN
1790292340.3,politics,ewc-usse-mi-2026-11-03-rep,SELL,-21,0.31,fix,0.1368,9.09,0.2001,33,36,0.882,0.3,0.31,-0.1099,0,size trimmed by 21 to the exchange's count (order CNNSYA1CPWPF),CNNSYA1CPWPF
1790292340.3,politics,ewc-usse-mi-2026-11-03-rep,SELL,-3,0.31,fix,0.1877,8.84,0.2001,33,36,0.869,0.3,0.31,-0.1099,21,size trimmed by 3 to the exchange's count (order CNNSYA1CPWPF),CNNSYA1CPWPF
1790292340.3,politics,ewc-usse-mi-2026-11-03-rep,SELL,-2,0.31,fix,0.2537,6.74,0.2001,33,36,0.859,0.3,0.31,-0.1099,24,size trimmed by 2 to the exchange's count (order CNNSYA1CPWPF),CNNSYA1CPWPF
1790292340.3,politics,ewc-usse-mi-2026-11-03-rep,SELL,-3,0.31,fix,0.2822,6.39,0.2001,32,36,0.841,0.3,0.31,-0.1099,26,size trimmed by 3 to the exchange's count (order CNNSYA1CPWPF),CNNSYA1CPWPF
1790292340.3,politics,ewc-usse-mi-2026-11-03-rep,SELL,-3,0.31,fix,0.5645,5.77,0.2001,32,35,0.819,0.3,0.31,-0.1099,29,size trimmed by 3 to the exchange's count (order CNNSYA1CPWPF),CNNSYA1CPWPF
1790292340.3,politics,vmc-usgubmov-oh-2026-11-03-r6-9,SELL,1,0.19,void,0,0,,8,17,0.455,0.19,0.2,-0.06,0,voided: the exchange has no trade for order CPS9NPHPJXPK — the row of 09-24 22:3,CPS9NPHPJXPK
1790292340.3,politics,usgubewc-usgub-md-2026-11-03-dem,BUY,0.01,0.97,backfill,,0.61,,,,,,,,,recovered from the exchange's transaction history — this fill was never journale,CPRZTAAARXPJ
1790292340.3,politics,vtc-usseto-ok-2026-11-03-gt900k,SELL,0.21,0.83,backfill,,0.73,,,,,,,,,recovered from the exchange's transaction history — this fill was never journale,CPS97V3HGXDJ
1790292340.3,politics,scc-hrep-rep-2026-11-03-gte205,BUY,43.02,0.33,backfill,,10.83,,,,,,,,,recovered from the exchange's transaction history — this fill was never journale,CPGRTR4PCXDN
1790292743.4,politics,paccc-usho-midterms-2026-11-03-rep,BUY,365,0.086,focus,12.5792,0.06,0.0859,8,11,0.857,0.085,0.086,0.0001,365,focus entry: ~$38.27/day; fill odds 60%/day; EV +26.84/day,CPT4FGCPAXDQ
1790292862.9,politics,cpoc-ussegubc-mi-2026-11-03-dsweep,BUY,7,0.74,sell,0.6718,10.37,,70,75,0.472,0.72,0.74,0.01,0,buying back the short at or under what it sold for — the bid earns while it wait,CPH98V786XDS
1790292862.9,politics,vtc-usseto-ia-2026-11-03-gt1pt4m,BUY,1,0.59,sell,0,0.06,,30,57,0,0.35,0.61,0.16,0,buying back the short at or under what it sold for — the bid earns while it wait,CPT5KFFDRXDJ
1790293107.2,politics,vtc-usseto-nj-2026-11-03-gt2pt4m,SELL,1,0.86,earn,0.0696,0.23,,75,95,0,0.73,0.99,-0.01,-1,3 ticks behind the touch — we would hold 56% of the ask side,CPT2Z7PEMXDS
1790293267.7,politics,vtc-usseto-nm-2026-11-03-gt550k,SELL,1,0.77,earn,0.1233,0.04,,66,82,0,0.65,0.81,-0.03,-1,3 ticks behind the touch — we would hold 86% of the ask side,CPT9CD1GAXPM
1790294197.8,politics,usgubewc-usgub-nm-2026-11-03-dem,BUY,9,0.94,earn,4.5587,0.03,0.985075,91,97,0.029,0.94,0.95,-0.0451,29,3 ticks in front of the touch — we would hold 91% of the bid side,CPTGEMY1AXDR
1790295988.0,politics,ewc-usse-mi-2026-11-03-rep,SELL,-5,0.31,fix,0.5645,5.77,0.2001,32,35,0.819,0.3,0.31,-0.1099,29,size trimmed by 5 to the exchange's count (order CNNSYA1CPWPF),CNNSYA1CPWPF
1790295988.0,politics,scc-hrep-rep-2026-11-03-gte205,BUY,-43.02,0.33,fix,1.063,10.86,0.35045,31,35,0.5,0.33,0.34,-0.0204,0.02,size trimmed by 43.02 to the exchange's count (order CPGRTR4PCXDN),CPGRTR4PCXDN
1790296643.0,politics,vtc-usgubto-ny-2026-11-03-gt5m,SELL,1,0.75,earn,0.1272,0.02,,73,84,0,0.74,0.81,0.03,-1,joins the touch — the book has been quiet,CPV5AAHGPXC0
1790297439.5,politics,vtc-usseto-la-2026-11-03-gt1pt1m,SELL,1,0.77,earn,0.1229,0.22,,70,94,0,0.67,0.8,0.04,-1,3 ticks behind the touch — we would hold 86% of the ask side,CPV6FZQ24XDQ
1790298296.3,politics,vtc-usseto-or-2026-11-03-gt1pt5m,SELL,1,0.8,earn,0.0488,0.5,,78,95,0,0.76,0.99,0.07,-1,3 ticks behind the touch — we would hold 39% of the ask side,CPV4HRRH8XDQ
1790298683.0,politics,cpoc-ussegubc-mn-2026-11-03-rsweep,SELL,5,0.07,sell,0,0.46,,2,13,0,0.01,0.02,-0.01,0,selling filled stock — it earns while it waits,CPV8WQRC2XDS
1790299489.1,politics,cpoc-ussegubc-ks-2026-11-03-rsweep,SELL,2,0.54,sell,0.3125,0.24,,61,69,0.331,0.53,0.54,0.11,0,selling filled stock — it earns while it waits,CPVM3G3PWXDJ
1790299942.7,politics,ussewc-usse-la-2026-11-03-dem,SELL,10,0.06,earn,1.422,4.73,0.042625,3,8,0.223,0.06,0.07,-0.0174,-10,at the touch — a fill here is 1 ticks inside value (Silver + evidence),CPQT7G73CXDS
1790300785.7,politics,usgubewc-usgub-fl-2026-11-03-rep,BUY,6.09,0.78,hand,,46.84,,,,,,,,,your own trade — from the exchange's record; direction from its order intent,CJV9M856AW21
1790300785.7,politics,scc-senate-gop-2026-11-03-49,SELL,13.56,0.15,hand,,26.01,,,,,,,,,your own trade — from the exchange's record; direction from its order intent,CKGHNK96RWP6
1790300785.7,politics,ewc-usse-mi-2026-11-03-rep,SELL,37,0.31,backfill,,9.07,,,,,,,,,recovered from the exchange's transaction history — this fill was never journale,CNNSYA1CPWPF
1790300785.7,politics,ewc-usgub-nv-2026-11-03-dem,SELL,14,0.45,hand,,118.1,,,,,,,,,your own trade — from the exchange's record; direction from its order intent,CJWBHWJ68W7H
1790300785.7,politics,usgubewc-usgub-ak-2026-11-03-davbro,SELL,13,0.03,hand,,119.32,,,,,,,,,your own trade — from the exchange's record; direction from its order intent,CJWB6WACPW7E
1790300785.7,cfb,aachc-cfb-wins-2026-11-28-pennst-9pt5wins,BUY,1,0.69,backfill,,0,,,,,,,,,recovered from the exchange's transaction history — this fill was never journale,CFVKQRQJTTN3
1790300785.7,cfb,aachc-cfb-wins-2026-11-28-pennst-9pt5wins,SELL,1,0.56,hand,,1.86,,,,,,,,,your own trade — from the exchange's record; direction from the position move,CFT35KBWATMY
1790300785.7,cfb,aachc-cfb-wins-2026-11-28-pennst-9pt5wins,BUY,1,0.56,backfill,,0,,,,,,,,,recovered from the exchange's transaction history — this fill was never journale,CHG0J9CVRVNP
1790300785.7,cfb,aachc-cfb-wins-2026-11-28-pennst-9pt5wins,BUY,1,0.55,hand,,13.16,,,,,,,,,your own trade — from the exchange's record; direction from its order intent,CH4XTE3PYVNP
1790300785.7,nfl,tec-nfl-afcsouth-2027-01-10-w-hou,SELL,-0.1,0.42,fix,,1.14,,,,,,,,,size trimmed by 0.1 to the exchange's count (order CFKCW23MJTMQ),CFKCW23MJTMQ
1790302793.6,politics,usgubewc-usgub-ct-2026-11-03-rep,SELL,10,0.03,earn,1.8134,9.37,0.005275,2,5,0.408,0.02,0.03,-0.0247,-11,1 tick behind the touch — we would hold 49% of the ask side,CPMG74R02XPJ
1790304475.4,politics,ewc-usgub-nv-2026-11-03-dem,SELL,-5,0.45,fix,,118.1,,,,,,,,,size trimmed by 5 to the exchange's count (order CJWBHWJ68W7H),CJWBHWJ68W7H
1790304475.4,politics,ewc-usgub-nv-2026-11-03-dem,SELL,-9,0.45,fix,,118.1,,,,,,,,,size trimmed by 9 to the exchange's count (order CJWBHWJ68W7H),CJWBHWJ68W7H
1790304475.4,politics,cpoc-ussegubc-tx-2026-11-03-dsweep,SELL,-1.03,0.28,fix,0,0,,28,34,0.413,0.28,0.29,0.03,0,size trimmed by 1.03 to the exchange's count (order CNY0Y98BTWPA),CNY0Y98BTWPA
1790304475.4,politics,usgubewc-usgub-ak-2026-11-03-davbro,SELL,-7.33,0.03,fix,,119.32,,,,,,,,,size trimmed by 7.33 to the exchange's count (order CJWB6WACPW7E),CJWB6WACPW7E
1790304475.4,politics,usgubewc-usgub-ak-2026-11-03-davbro,SELL,-5.67,0.03,fix,,119.32,,,,,,,,,size trimmed by 5.67 to the exchange's count (order CJWB6WACPW7E),CJWB6WACPW7E
1790306424.7,politics,paccc-usse-midterms-2026-11-03-rep,BUY,21,0.38,sell,0.0607,12.46,0.306,38,41,0.644,0.38,0.381,0.074,0,an exit — its fill reduces the position it sits on,CPJRFWPTAXDR
1790308074.3,politics,vtc-usseto-wy-2026-11-03-gt250k,BUY,0.99,0.31,earn,0.1389,0.04,,21,33,0,0.31,0.32,0.03,0.99,joins the touch — the book has been quiet,CPXPQT3ZCXDS
1790308082.3,politics,vmc-ussemov-ky-2026-11-03-dwin,BUY,1,0.12,backfill,,0.41,,,,,,,,,recovered from the exchange's transaction history — this fill was never journale,CPXE4HZH2XDJ
1790308134.3,politics,vmc-ussemov-ky-2026-11-03-dwin,BUY,1,0.12,backfill,,0.41,,,,,,,,,recovered from the exchange's transaction history — this fill was never journale,CPXE4HZH2XDJ
1790308874.3,politics,cpoc-ussegubc-me-2026-11-03-dsweep,SELL,1,0.83,sell,0,0,,76,84,0.409,0.83,0.84,-0.03,9,taker dump — sold into the bid (the carved exception),CPXWQD0GGXDR
1790309062.7,politics,ussewc-usse-co-2026-11-03-rep,SELL,34.5,0.02,sell,0.7915,15.74,0.00335,1,5,0.451,0.01,0.02,-0.0167,140.5,selling filled stock — it earns while it waits,CPGHYC3A0XDG
1790310469.3,politics,ussewc-usse-id-2026-11-03-rep,SELL,0.1,0.91,backfill,,0.08,,,,,,,,,recovered from the exchange's transaction history — this fill was never journale,CPY5Z28NYXPM
1790311074.0,politics,ushrewc-ushr-nj-07-2026-11-03-rep,SELL,160,0.18,sell,0,0,,15,20,0,0.18,0.19,0,0,taker dump — sold into the bid (the carved exception),CPYC05GVEXPM
1790311677.1,politics,scc-senate-demst-2026-11-03-gte49,SELL,5,0.95,sell,0,0,,93,97,0.418,0.95,0.96,0,0,taker dump — sold into the bid (the carved exception),CPYG4GCB8XDQ
1790311827.5,politics,vmc-ussemov-ky-2026-11-03-dwin,BUY,-1,0.12,fix,0.0245,0.44,,9,22,0,0.1,0.15,-0.03,1,size trimmed by 1 to the exchange's count (order CPXE4HZH2XDJ),CPXE4HZH2XDJ
1790311827.5,politics,ussewc-usse-id-2026-11-03-rep,SELL,0.1,0.91,backfill,,0.08,,,,,,,,,recovered from the exchange's transaction history — this fill was never journale,CPY5Z28NYXPM
1790312755.4,politics,cpoc-ussegubc-oh-2026-11-03-rsweep,SELL,0.03,0.21,backfill,,0.41,,,,,,,,,recovered from the exchange's transaction history — this fill was never journale,CPYCZM08AXDR
1790312842.5,politics,cpoc-ussegubc-oh-2026-11-03-rsweep,SELL,4,0.21,sell,1.4877,0.44,,23,30,0.463,0.2,0.21,0.05,18,selling filled stock — it earns while it waits,CPYCZM08AXDR
1790312912.8,politics,vmc-usgubmov-oh-2026-11-03-r6-9,SELL,1,0.19,manual,0,6.59,,5,14,0.423,0.06,0.19,-0.09,0,the owner's own order — the engine leaves it alone,CPS9NPHPJXPK
1790315179.5,politics,ussewc-usse-id-2026-11-03-rep,SELL,0.3,0.91,backfill,,0.39,,,,,,,,,recovered from the exchange's transaction history — this fill was never journale,CPYXQ43E0XDR
1790315179.5,politics,ussewc-usse-id-2026-11-03-rep,SELL,4.9,0.91,backfill,,1.39,,,,,,,,,recovered from the exchange's transaction history — this fill was never journale,CPY5Z28NYXPM
1790315497.2,politics,cpoc-ussegubc-oh-2026-11-03-rsweep,SELL,0.03,0.21,backfill,,0.41,,,,,,,,,recovered from the exchange's transaction history — this fill was never journale,CPYCZM08AXDR
1790315497.2,politics,ussewc-usse-id-2026-11-03-rep,SELL,0.3,0.91,backfill,,0.39,,,,,,,,,recovered from the exchange's transaction history — this fill was never journale,CPYXQ43E0XDR
1790315497.2,politics,ussewc-usse-id-2026-11-03-rep,SELL,4.9,0.91,backfill,,1.39,,,,,,,,,recovered from the exchange's transaction history — this fill was never journale,CPY5Z28NYXPM
1790316187.6,politics,cpoc-ussegubc-tx-2026-11-03-rgov-dsen,BUY,0.32,0.45,backfill,,0,,,,,,,,,recovered from the exchange's transaction history — this fill was never journale,CPZFXQPF2XPM
1790316233.1,politics,cpoc-ussegubc-tx-2026-11-03-rgov-dsen,BUY,1,0.45,sell,0,0.02,,41,46,0.411,0.47,0.55,0.02,-4,buying back the short at or under what it sold for — the bid earns while it wait,CPZFXQPF2XPM
1790316525.4,politics,ussewc-usse-la-2026-11-03-rep,SELL,9,0.92,backfill,,2.91,,,,,,,,,recovered from the exchange's transaction history — this fill was never journale,CPXB15WM6XDG
1790316765.1,politics,ussewc-usse-la-2026-11-03-dem,BUY,10,0.08,sell,1.0428,1.96,0.042625,3,8,0.506,0.07,0.08,0.0374,0,buying back the short at or under what it sold for — the bid earns while it wait,CPY4B3MEEXPM
1790316765.1,politics,vtc-usseto-de-2026-11-03-gt475k,BUY,1,0.36,earn,0.0773,0.35,,28,41,0,0.36,0.42,0.01,1,2 ticks behind the touch — we would hold 70% of the bid side,CPZC6BGX6XDS
1790319167.0,politics,ussewc-usse-id-2026-11-03-rep,SELL,-4.7,0.91,fix,4.9989,1.6,0.997425,92,98,0.422,0.94,0.95,0.0874,0.3,size trimmed by 4.7 to the exchange's count (order CPY5Z28NYXPM),CPY5Z28NYXPM
1790319167.0,politics,ussewc-usse-id-2026-11-03-rep,SELL,-0.3,0.91,fix,4.9825,0.56,0.997425,92,98,0.422,0.94,0.95,0.0874,0,size trimmed by 0.3 to the exchange's count (order CPYXQ43E0XDR),CPYXQ43E0XDR
1790319167.0,politics,cpoc-ussegubc-tx-2026-11-03-rgov-dsen,BUY,0.32,0.45,backfill,,0,,,,,,,,,recovered from the exchange's transaction history — this fill was never journale,CPZFXQPF2XPM
1790319167.0,politics,ussewc-usse-la-2026-11-03-rep,SELL,9,0.92,backfill,,2.91,,,,,,,,,recovered from the exchange's transaction history — this fill was never journale,CPXB15WM6XDG
1790327778.6,politics,cpoc-ussec-tx-me-2026-11-03-dtx-rme,SELL,1,0.17,sell,0,0,,15,20,0.541,0.17,0.18,0,0,taker dump — sold into the bid (the carved exception),CQ2B55866XDJ
1790336877.6,politics,ewc-usse-tx-2026-11-03-dem,BUY,23,0.61,hand,,0,,,,,,,,,your own trade — from the exchange's record; direction from its order intent,CQ440JV0AYBY
1790336886.4,politics,cpoc-ussegubc-oh-2026-11-03-rsweep,SELL,-1,0.28,fix,0,0,,27,31,0.42,0.28,0.29,0.01,2.99,size trimmed by 1 to the exchange's count (order CP34RWGDJWP9),CP34RWGDJWP9
1790336886.4,politics,ewc-usse-tx-2026-11-03-dem,BUY,23,0.61,hand,,0,,,,,,,,,your own trade — from the exchange's record; direction from its order intent,CQ440JV0AYBY
1790337136.7,politics,ushrewc-ushr-oh-09-2026-11-03-rep,BUY,42,0.5,sell,0,0.07,,6,29,0.39,0.01,0.51,0.32,0,buying back the short at or under what it sold for — the bid earns while it wait,CQ40KWNEMYBE
1790337136.7,politics,ushrewc-ushr-ny-04-2026-11-03-rep,BUY,1,0.97,sell,0,0.07,,6,44,0,0.01,0.51,0.75,0,buying back the short at or under what it sold for — the bid earns while it wait,CQ42AHXX0YBQ
1790337660.4,politics,paccc-usho-midterms-2026-11-03-rep,SELL,346,0.086,sell,61.9156,0.12,0.0859,6,10,0.396,0.084,0.086,-0.0001,19,an exit — its fill reduces the position it sits on,CQ3YW4P0TYB5
1790337660.4,politics,scc-senate-gop-2026-11-03-49,SELL,19,0.08,focus,17.0351,0.02,0.135575,10,17,0.33,0.03,0.09,0.0556,-19,focus entry: ~$12.03/day; fill odds 71%/day; EV +11.13/day,CQ494RMJYYCA
1790337784.6,politics,ewc-usgub-ks-2026-11-03-dem,BUY,37,0.35,hand,,0,,,,,,,,,your own trade — from the exchange's record; direction from the position move,CQ4ASVX7PYCC
1790337880.1,politics,scc-senate-gop-2026-11-03-54,SELL,13,0.03,focus,4.349,0.07,0.0194,2,6,0.595,0.01,0.05,-0.0106,-24,focus entry: ~$3.57/day; fill odds 71%/day; EV +3.33/day,CQ47C3RCTYC6
1790338035.3,politics,ewc-usse-me-2026-11-03-rep,SELL,16,0.32,backfill,,0.18,,,,,,,,,recovered from the exchange's transaction history — this fill was never journale,CQ40KZJ7WYBE
1790338369.9,politics,paccc-usho-midterms-2026-11-03-rep,SELL,19,0.086,sell,0.6793,0.32,0.0859,6,10,0.597,0.084,0.085,-0.0001,0,an exit — its fill reduces the position it sits on,CQ3YW4P0TYB5
1790338369.9,politics,cpoc-ussegubc-mi-2026-11-03-dgov-rsen,BUY,1,0.51,sell,2.5,0.11,,15,21,0.387,0.08,0.24,0.33,0,buying back the short at or under what it sold for — the bid earns while it wait,CQ4ASXNPEYCC
1790338369.9,politics,cpoc-ussegubc-ks-2026-11-03-dsweep,BUY,1,0.5,sell,2.5,0.14,,10,20,0.39,0.02,0.25,0.35,0,buying back the short at or under what it sold for — the bid earns while it wait,CQ40M41B4YBE
1790338369.9,politics,ewc-usgub-ia-2026-11-03-rep,SELL,236,0.13,sell,16.7591,0.09,0.084025,10,16,0.044,0.12,0.13,-0.046,46,an exit — its fill reduces the position it sits on,CQ4ASYFG0YCC
1790338369.9,politics,scc-hrep-rep-2026-11-03-gte205,SELL,29,0.34,focus,18.75,0.04,0.35045,32,36,0.693,0.33,0.8,0.0104,-29,focus entry: ~$1.07/day; fill odds 29%/day; EV +0.22/day,CQ4AT00A8YCC
1790338369.9,politics,ushrewc-ushr-tx-34-2026-11-03-rep,SELL,17.9,0.15,focus,13.3926,0.04,,15,23,0.187,0.14,0.15,0.03,115.1,focus exit: ~$82.99/day; fill odds 70%/day; EV +77.90/day,CQ42AWN52YBQ
1790338461.9,politics,usgubewc-usgub-ak-2026-11-03-jonkre,SELL,30,0.71,backfill,,0.02,,,,,,,,,recovered from the exchange's transaction history — this fill was never journale,CQ4XE4FJ0YC6
1790338516.0,politics,paccc-usse-midterms-2026-11-03-rep,SELL,77,0.388,focus,2.3167,0.17,0.306,36,40,0.69,0.387,0.388,-0.082,-77,focus entry: ~$260.01/day; fill odds 55%/day; EV +254.87/day,CQ440V9WJYBY
1790338516.0,politics,ewc-usse-me-2026-11-03-rep,SELL,99,0.31,sell,12.1802,0.05,0.28345,30,34,0.667,0.3,0.33,-0.0266,0,an exit — its fill reduces the position it sits on,CQ4X4C8V6YBE
1790338516.0,politics,usgubewc-usgub-ak-2026-11-03-jonkre,SELL,1,0.71,focus,5.0696,0.04,0.85555,72,79,0.478,0.7,0.71,0.1455,-60,focus entry: ~$31.05/day; fill odds 49%/day; EV +29.81/day,CQ4XE4FJ0YC6
1790338667.2,politics,usgubewc-usgub-md-2026-11-03-rep,BUY,7,0.08,hand,,0,,,,,,,,,your own trade — from the exchange's record; direction from the position move,CQ4ZXKAA4YC3
1790338769.7,politics,usgubewc-usgub-or-2026-11-03-rep,BUY,4,0.24,hand,,0,,,,,,,,,your own trade — from the exchange's record; direction from the position move,CQ518HNJMYC6
1790339353.1,politics,ushrewc-ushr-tx-34-2026-11-03-rep,SELL,25,0.15,sell,7.623,0.31,,16,24,0.514,0.14,0.15,0.04,90,an exit — its fill reduces the position it sits on,CQ42AWN52YBQ
1790339413.1,politics,ushrewc-ushr-tx-34-2026-11-03-rep,SELL,9.87,0.15,sell,6.0022,0.33,,17,24,0.654,0.14,0.15,0.05,80.13,an exit — its fill reduces the position it sits on,CQ42AWN52YBQ
1790339542.4,politics,scc-hrep-rep-2026-11-03-gte220,SELL,51,0.08,backfill,,0.26,,,,,,,,,recovered from the exchange's transaction history — this fill was never journale,CQ4ZEDEGAYC6
1790339670.5,politics,scc-hrep-rep-2026-11-03-gte215,BUY,38,0.11,sell,0,0.33,0.1279,7,12,0.16,0.08,0.15,-0.0179,0,an exit — its fill reduces the position it sits on,CQ4YPEMNMYC6
1790339670.5,politics,ewc-usgub-ga-2026-11-03-dem,SELL,22,0.51,sell,4.2624,0.49,0.657525,53,58,0.711,0.5,0.51,0.1475,0,an exit — its fill reduces the position it sits on,CQ40M4ATTYBE
1790340440.3,politics,ewc-usgub-ia-2026-11-03-rep,SELL,46,0.13,sell,2.5953,0.66,0.084025,13,17,0.465,0.12,0.13,-0.046,0,an exit — its fill reduces the position it sits on,CQ4ASYFG0YCC
1790340528.6,politics,ewc-usse-me-2026-11-03-rep,SELL,81,0.31,backfill,,0.47,,,,,,,,,recovered from the exchange's transaction history — this fill was never journale,CQ525SSYYYBY
1790340629.4,politics,ussewc-usse-fl-2026-11-03-rep,SELL,20,0.86,backfill,,0.27,,,,,,,,,recovered from the exchange's transaction history — this fill was never journale,CQ58EQK0WYCD
1790340644.0,politics,ushrewc-ushr-oh-09-2026-11-03-rep,BUY,-42,0.29,fix,1.6113,23.38,,9,29,0.595,0.04,0.51,0.09,0,size trimmed by 42 to the exchange's count (order CPGSCPQPCXDS),CPGSCPQPCXDS
1790340644.0,politics,ewc-usse-tx-2026-11-03-dem,BUY,-23,0.61,fix,3.5897,0,0.729925,60,64,0.651,0.59,0.61,-0.1199,23,size trimmed by 23 to the exchange's count (order CQ440JV0AYBY),CQ440JV0AYBY
1790340644.0,politics,scc-hrep-rep-2026-11-03-gte205,BUY,43,0.33,void,0,5.65,0.35045,32,37,0.591,,,-0.0204,43,voided: the exchange has no trade for order CPZK0324TXDN — the row of 09-25 11:4,CPZK0324TXDN
1790340644.0,politics,ushrewc-ushr-ny-04-2026-11-03-rep,BUY,1,0.07,void,0.0083,23.88,,7,44,0.454,0.01,0.51,-0.16,0,voided: the exchange has no trade for order CPFT911WRXDJ — the row of 09-25 11:5,CPFT911WRXDJ
1790340644.0,politics,ewc-usgub-ks-2026-11-03-dem,BUY,37,0.35,hand,,0,,,,,,,,,your own trade — from the exchange's record; direction from the position move,CQ4ASVX7PYCC
1790340644.0,politics,ewc-usse-me-2026-11-03-rep,SELL,16,0.32,backfill,,0.18,,,,,,,,,recovered from the exchange's transaction history — this fill was never journale,CQ40KZJ7WYBE
1790340644.0,politics,usgubewc-usgub-ak-2026-11-03-jonkre,SELL,30,0.71,backfill,,0.02,,,,,,,,,recovered from the exchange's transaction history — this fill was never journale,CQ4XE4FJ0YC6
1790340644.0,politics,usgubewc-usgub-md-2026-11-03-rep,BUY,7,0.08,hand,,0,,,,,,,,,your own trade — from the exchange's record; direction from the position move,CQ4ZXKAA4YC3
1790340644.0,politics,usgubewc-usgub-or-2026-11-03-rep,BUY,4,0.24,hand,,0,,,,,,,,,your own trade — from the exchange's record; direction from the position move,CQ518HNJMYC6
1790340644.0,politics,scc-hrep-rep-2026-11-03-gte220,SELL,51,0.08,backfill,,0.26,,,,,,,,,recovered from the exchange's transaction history — this fill was never journale,CQ4ZEDEGAYC6
1790340644.0,politics,ewc-usse-me-2026-11-03-rep,SELL,81,0.31,backfill,,0.47,,,,,,,,,recovered from the exchange's transaction history — this fill was never journale,CQ525SSYYYBY
1790340644.0,politics,ussewc-usse-fl-2026-11-03-rep,SELL,20,0.86,backfill,,0.27,,,,,,,,,recovered from the exchange's transaction history — this fill was never journale,CQ58EQK0WYCD
1790340840.9,politics,scc-hrep-rep-2026-11-03-gte205,BUY,0.37,0.4,sell,0.9494,0.27,0.35045,34,38,0.753,0.4,0.41,0.0496,-28.63,an exit — its fill reduces the position it sits on,CQ59V02SPYCC
1790341044.2,politics,cpoc-ussec-tx-me-2026-11-03-rtx-dme,SELL,0.51,0.12,backfill,,0.06,,,,,,,,,recovered from the exchange's transaction history — this fill was never journale,CQ5H1D7XCYCC
1790341216.7,politics,cpoc-ussec-tx-me-2026-11-03-rtx-dme,SELL,24,0.12,sell,28.1211,0.16,,15,22,0,0.09,0.12,0.06,1,selling filled stock — it earns while it waits,CQ5H1D7XCYCC
1790341407.2,politics,ewc-usse-ne-2026-11-03-danosb,SELL,1,0.25,earn,0.1872,0.03,,23,32,0,0.12,0.25,0.03,-1,1 tick in front of the touch — we would hold 6% of the ask side,CQ5P4K5JWYBE
1790343917.2,politics,ewc-usgub-ga-2026-11-03-rep,BUY,16,0.51,focus,8.0346,0.94,0.342475,47,52,0.505,0.51,0.52,0.1675,16,focus entry: ~$10.36/day; fill odds 49%/day; EV +4.65/day,CQ5EVGZT2YBY
1790344283.0,politics,scc-senate-gop-2026-11-03-52,BUY,-173.4,0.07,fix,0,33.16,0.0528,6,10,0.455,0.07,0.08,0.0172,223,size trimmed by 173.4 to the exchange's count (order CNBPB4FR6WPH),CNBPB4FR6WPH
1790344283.0,politics,ussewc-usse-fl-2026-11-03-rep,SELL,-20,0.86,fix,1.4435,0.33,0.84785,85,90,0.524,0.85,0.88,-0.0121,-40,size trimmed by 20 to the exchange's count (order CQ58EQK0WYCD),CQ58EQK0WYCD
1790344283.0,politics,cpoc-ussec-tx-me-2026-11-03-rtx-dme,SELL,0.51,0.12,backfill,,0.06,,,,,,,,,recovered from the exchange's transaction history — this fill was never journale,CQ5H1D7XCYCC
1790344854.9,politics,usgubewc-usgub-ak-2026-11-03-jonkre,SELL,112.39,0.71,hand,,0,,,,,,,,,your own trade — from the exchange's record; direction from the position move,CQ6FWEAW2YBE
1790344910.4,politics,usgubewc-usgub-ak-2026-11-03-jonkre,SELL,127,0.71,focus,26.1292,0.3,0.85555,73,80,0.568,0.71,0.72,0.1455,-217,focus entry: ~$8.04/day; fill odds 49%/day; EV +3.01/day,CQ67QZBN0YAQ
1790346138.9,politics,usgubewc-usgub-al-2026-11-03-rep,BUY,10,0.94,earn,3.1138,0.76,0.9833,90,95,0.348,0.93,0.94,-0.0433,70,3 ticks in front of the touch — we would hold 81% of the bid side,CQ654B0QPYCA
1790346138.9,politics,usgubewc-usgub-me-2026-11-03-dem,BUY,10,0.97,earn,4.8998,0.47,0.98915,92,97,0.345,0.95,0.96,-0.0192,34,joins the touch — the book has been quiet,CQ6CN1PK6YCC
1790346770.4,politics,scc-hrep-rep-2026-11-03-gte205,SELL,6.65,0.41,focus,12.813,0.21,0.35045,34,38,0.789,0.4,0.41,-0.0595,-34.65,focus entry: ~$17.53/day; fill odds 30%/day; EV +16.84/day,CQ6RWZV2RYCA
1790346834.9,politics,scc-hrep-rep-2026-11-03-gte195,SELL,51,0.5,sell,1.5633,2.07,0.628125,64,69,0.354,0.6,0.62,0.1281,0,an exit — its fill reduces the position it sits on,CQ56JBJRTYC6
1790347907.0,politics,usgubewc-usgub-ak-2026-11-03-jonkre,SELL,112.39,0.71,hand,,0,,,,,,,,,your own trade — from the exchange's record; direction from the position move,CQ6FWEAW2YBE
1790348245.3,politics,usgubewc-usgub-ak-2026-11-03-berwil,SELL,35,0.14,focus,28.0053,0.41,0.0986,12,17,0.522,0.15,0.16,-0.0414,-35,focus entry: ~$2.67/day; fill odds 49%/day; EV +0.67/day,CQ6Z62602YBE
1790350270.8,politics,ussewc-usse-al-2026-11-03-rep,BUY,1,0.98,earn,1.7534,0.56,0.9984,95,99,0.001,0.98,0.99,-0.0184,1,at the touch — a fill here is 2 ticks inside value (Silver + evidence),CQ79DYE0TYCD
1790351143.8,politics,ewc-usgub-oh-2026-11-03-rep,BUY,17,0.4,hand,,58.04,,,,,,,,,your own trade — from the exchange's record; direction from its order intent,CJVSPDRWWW0Y
1790351143.8,politics,usgubewc-usgub-fl-2026-11-03-dem,SELL,20,0.19,hand,,9.85,,,,,,,,,your own trade — from the exchange's record; direction from its order intent,CM9SXHQDEWPB
1790351143.8,politics,ewc-usgub-wi-2026-11-03-dem,SELL,1,0.83,hand,,75.86,,,,,,,,,your own trade — from the exchange's record; direction from its order intent,CJVWP40J8W1Y
1790351143.8,politics,ushrewc-ushr-ne-02-2026-11-03-rep,SELL,20,0.06,hand,,84.74,,,,,,,,,your own trade — from the exchange's record; direction from its order intent,CJND344BPW22
1790351143.8,politics,cpoc-ussegubc-tx-2026-11-03-dsweep,SELL,1.03,0.28,hand,,0,,,,,,,,,your own trade — from the exchange's record; direction from its order intent,CNY0Y98BTWPA
1790351143.8,politics,ewc-usgub-nv-2026-11-03-dem,SELL,16,0.45,hand,,118.1,,,,,,,,,your own trade — from the exchange's record; direction from its order intent,CJWBHWJ68W7H
1790351143.8,politics,usgubewc-usgub-ak-2026-11-03-davbro,SELL,13,0.03,hand,,119.32,,,,,,,,,your own trade — from the exchange's record; direction from its order intent,CJWB6WACPW7E
1790351143.8,politics,cpoc-ussegubc-oh-2026-11-03-rsweep,SELL,1,0.28,hand,,0,,,,,,,,,your own trade — from the exchange's record; direction from its order intent,CP34RWGDJWP9
1790351143.8,politics,scc-senate-gop-2026-11-03-52,BUY,173.4,0.07,hand,,33.17,,,,,,,,,your own trade — from the exchange's record; direction from its order intent,CNBPB4FR6WPH
1790351203.8,politics,scc-senate-gop-2026-11-03-lte45,BUY,113,0.14,focus,0,0.08,0.146425,9,16,0,0.09,0.15,-0.0064,113,focus entry: ~$1.93/day; fill odds 71%/day; EV +0.25/day,CQ7XXH4D8YC3
1790351884.8,politics,usgubewc-usgub-md-2026-11-03-dem,BUY,20,0.97,earn,1.8331,2.44,0.999875,95,99,0.366,0.95,0.98,-0.0299,26,2 ticks in front of the touch — we would hold 37% of the bid side,CQ62JRM9CYBY
1790352064.8,politics,scc-hrep-demst-2026-11-03-gte235,BUY,10,0.51,earn,0.8031,2.62,,56,68,0.238,0.45,0.52,-0.1,20,at the touch — a fill here is 3 ticks inside value (evidence band only; confiden,CQ5Z4BQYAYC6
1790352064.8,politics,scc-senate-demst-2026-11-03-gte51,BUY,20,0.45,earn,2.936,0.92,,64,74,0.576,0.01,0.46,-0.24,75,at the touch — a fill here is 14 ticks inside value (evidence band only; confide,CQ7CQVZTJYBQ
1790352124.8,politics,cpoc-ussegubc-ga-2026-11-03-rgov-dsen,SELL,1,0.32,earn,1.1792,1.19,,40,44,0,0.41,0.44,0.1,-1,joins the touch — the book has been quiet,CQ76X1W66YC3
1790352184.8,politics,ussewc-usse-sd-2026-11-03-rep,SELL,20,0.92,sell,1.4332,0.6,0.9864,92,96,0.637,0.91,0.94,0.0664,0,selling filled stock — it earns while it waits,CQ7PS7NCMYCA
1790353720.3,politics,ewc-usse-tx-2026-11-03-dem,SELL,23,0.59,sell,0.0259,4.48,0.729925,58,61,0.711,0.58,0.59,0.1399,0,an exit — its fill reduces the position it sits on,CQ440RT3RYBY
1790353720.3,politics,cpoc-ussegubc-oh-2026-11-03-rsweep,SELL,18,0.28,sell,0.7448,3.47,,25,31,0.577,0.28,0.29,0,0,selling filled stock — it earns while it waits,CQ5MWV9XMYB5
1790355988.5,politics,scc-hrep-rep-2026-11-03-gte200,SELL,148,0.44,backfill,,3.04,,,,,,,,,recovered from the exchange's transaction history — this fill was never journale,CQ6HE3KK4YBQ
1790356163.7,politics,scc-hrep-rep-2026-11-03-gte200,SELL,148,0.44,backfill,,3.04,,,,,,,,,recovered from the exchange's transaction history — this fill was never journale,CQ6HE3KK4YBQ
