day,market,family,est_day_usd,orders,recorded_at,paid_usd,paid_at,error_pct,share,pool_day,live_h,realized_share,levels
2026-10-03,usgubewc-usgub-ak-2026-11-03-berwil,politics,0.0025,1,2026-10-03T04:59:31Z,,,,0.002725,22.500000,0.995,,7
2026-10-03,scc-senate-gop-2026-11-03-50,politics,0.0192,0,2026-10-03T04:59:31Z,,,,0.038157,12.115385,0.995,,10
2026-10-03,scc-hrep-rep-2026-11-03-gte210,politics,0.2072,0,2026-10-03T04:59:31Z,,,,0.380999,13.125000,0.995,,3
2026-10-03,scc-senate-gop-2026-11-03-lte45,politics,0.0114,0,2026-10-03T04:59:31Z,,,,0.022616,12.115385,0.995,,10
2026-10-03,scc-senate-gop-2026-11-03-46,politics,0.0063,0,2026-10-03T04:59:31Z,,,,0.012605,12.115385,0.995,,5
2026-10-03,scc-senate-gop-2026-11-03-47,politics,0.0307,0,2026-10-03T04:59:31Z,,,,0.061218,12.115385,0.995,,10
2026-10-03,scc-senate-gop-2026-11-03-49,politics,0.0225,0,2026-10-03T04:59:31Z,,,,0.044845,12.115385,0.995,,8
2026-10-03,scc-senate-gop-2026-11-03-48,politics,0.0032,0,2026-10-03T04:59:31Z,,,,0.006327,12.115385,0.995,,6
2026-10-03,scc-senate-gop-2026-11-03-51,politics,0.0383,0,2026-10-03T04:59:31Z,,,,0.076233,12.115385,0.995,,11
2026-10-03,scc-senate-gop-2026-11-03-52,politics,0.0037,0,2026-10-03T04:59:31Z,,,,0.007429,12.115385,0.995,,9
2026-10-03,scc-hrep-rep-2026-11-03-gte235,politics,0.0304,0,2026-10-03T04:59:31Z,,,,0.055942,13.125000,0.995,,7
2026-10-03,scc-hrep-rep-2026-11-03-gte215,politics,0.0498,0,2026-10-03T04:59:31Z,,,,0.091490,13.125000,0.995,,8
2026-10-03,scc-hrep-rep-2026-11-03-gte225,politics,0.0036,0,2026-10-03T04:59:31Z,,,,0.006636,13.125000,0.995,,8
2026-10-03,scc-hrep-rep-2026-11-03-gte205,politics,0.2335,0,2026-10-03T04:59:31Z,,,,0.429218,13.125000,0.995,,5
2026-10-03,scc-hrep-rep-2026-11-03-gte190,politics,0.0058,0,2026-10-03T04:59:31Z,,,,0.010752,13.125000,0.995,,6
2026-10-03,scc-hrep-rep-2026-11-03-gte195,politics,0.0313,0,2026-10-03T04:59:31Z,,,,0.057482,13.125000,0.995,,7
2026-10-03,scc-hrep-rep-2026-11-03-gte185,politics,0.0000,0,2026-10-03T04:59:31Z,,,,,13.125000,0.995,,6
2026-10-03,scc-senate-gop-2026-11-03-gte57,politics,0.0115,0,2026-10-03T04:59:31Z,,,,0.022986,12.115385,0.995,,9
2026-10-03,ushrewc-ushr-ca-47-2026-11-03-dem,politics,0.0100,0,2026-10-03T04:59:31Z,,,,0.396825,1.250000,0.483,,4
2026-10-03,ussewc-usse-co-2026-11-03-rep,politics,0.0055,0,2026-10-03T04:59:31Z,,,,0.003120,47.500000,0.895,,4
2026-10-02,ewc-usse-me-2026-11-03-dem,politics,0.0524,0,2026-10-02T04:07:56Z,,,,0.001352,78.749988,11.798,,7
2026-10-02,ewc-usse-ia-2026-11-03-dem,politics,0.0054,0,2026-10-02T04:07:56Z,,,,0.000098,139.999975,9.564,,6
2026-10-02,paccc-balpow-2026-11-03-dsweep,politics,0.0233,0,2026-10-02T04:07:56Z,,,,0.000450,69.999993,17.761,,7
2026-10-02,usgubewc-usgub-ak-2026-11-03-berwil,politics,0.1470,1,2026-10-02T04:07:56Z,,,,0.006580,22.499998,23.824,,7
2026-10-02,scc-senate-gop-2026-11-03-50,politics,0.6531,0,2026-10-02T04:07:56Z,,,,0.054206,12.115384,23.868,,10
2026-10-02,scc-hrep-rep-2026-11-03-gte210,politics,5.2939,0,2026-10-02T04:07:56Z,,,,0.405384,13.124999,23.880,,3
2026-10-02,ussewc-usse-co-2026-11-03-rep,politics,0.1507,0,2026-10-02T04:07:56Z,,,,0.003424,47.499991,22.246,,5
2026-10-02,scc-senate-gop-2026-11-03-52,politics,0.6435,0,2026-10-02T04:07:56Z,,,,0.053376,12.115384,23.880,,9
2026-10-02,scc-senate-gop-2026-11-03-48,politics,0.3955,0,2026-10-02T04:07:56Z,,,,0.033000,12.115384,23.741,,6
2026-10-02,scc-senate-gop-2026-11-03-lte45,politics,0.7071,0,2026-10-02T04:07:56Z,,,,0.058656,12.115384,23.880,,10
2026-10-02,scc-senate-gop-2026-11-03-46,politics,0.8764,0,2026-10-02T04:07:56Z,,,,0.072704,12.115384,23.880,,5
2026-10-02,scc-senate-gop-2026-11-03-47,politics,1.3637,0,2026-10-02T04:07:56Z,,,,0.113132,12.115384,23.880,,10
2026-10-02,scc-senate-gop-2026-11-03-49,politics,0.7610,0,2026-10-02T04:07:56Z,,,,0.063130,12.115384,23.880,,8
2026-10-02,scc-senate-gop-2026-11-03-51,politics,1.5982,0,2026-10-02T04:07:56Z,,,,0.132676,12.115384,23.863,,11
2026-10-02,scc-hrep-rep-2026-11-03-gte235,politics,1.3107,0,2026-10-02T04:07:56Z,,,,0.100367,13.124999,23.880,,7
2026-10-02,scc-hrep-rep-2026-11-03-gte215,politics,1.1891,0,2026-10-02T04:07:56Z,,,,0.091135,13.124999,23.857,,8
2026-10-02,scc-hrep-rep-2026-11-03-gte225,politics,0.0858,0,2026-10-02T04:07:56Z,,,,0.006572,13.124999,23.880,,7
2026-10-02,scc-hrep-rep-2026-11-03-gte205,politics,5.8085,0,2026-10-02T04:07:56Z,,,,0.444788,13.124999,23.880,,5
2026-10-02,scc-hrep-rep-2026-11-03-gte190,politics,0.1619,0,2026-10-02T04:07:56Z,,,,0.012405,13.124999,23.868,,6
2026-10-02,scc-hrep-rep-2026-11-03-gte195,politics,1.4038,0,2026-10-02T04:07:56Z,,,,0.107503,13.124999,23.880,,7
2026-10-02,scc-hrep-rep-2026-11-03-gte185,politics,0.0000,0,2026-10-02T04:07:56Z,,,,,13.124999,23.868,,6
2026-10-02,ushrewc-ushr-ca-47-2026-11-03-dem,politics,0.2617,0,2026-10-02T04:07:56Z,,,,0.496799,1.250002,10.114,,4
2026-10-02,scc-hrep-rep-2026-11-03-gte220,politics,0.1044,0,2026-10-02T04:07:56Z,,,,0.225891,13.124973,0.845,,8
2026-10-02,scc-senate-gop-2026-11-03-gte57,politics,0.7414,0,2026-10-02T04:07:56Z,,,,0.061509,12.115384,23.880,,9
2026-10-01,ewc-usse-me-2026-11-03-dem,politics,0.1053,1,2026-10-01T04:00:14Z,,,,0.001148,108.456472,19.908,,8
2026-10-01,ewc-usse-nh-2026-11-03-dem,politics,0.0541,0,2026-10-01T04:00:14Z,,,,0.001826,112.500000,6.319,,8
2026-10-01,ewc-usgub-wi-2026-11-03-rep,politics,1.3413,0,2026-10-01T04:00:14Z,,,,0.026458,112.500000,10.815,,8
2026-10-01,paccc-balpow-2026-11-03-dsweep,politics,0.1370,1,2026-10-01T04:00:14Z,,,,0.001167,132.368675,20.402,,8
2026-10-01,paccc-balpow-2026-11-03-rhou-dsen,politics,0.0212,0,2026-10-01T04:00:14Z,,,,0.000574,140.625000,6.319,,10
2026-10-01,paccc-balpow-2026-11-03-dhou-rsen,politics,0.7557,0,2026-10-01T04:00:14Z,,,,0.020412,140.625000,6.319,,8
2026-10-01,ewc-usse-ia-2026-11-03-dem,politics,0.8088,1,2026-10-01T04:00:14Z,,,,0.003394,264.750806,20.419,,6
2026-10-01,usgubewc-usgub-ak-2026-11-03-berwil,politics,0.3215,1,2026-10-01T04:00:14Z,,,,0.012321,31.039968,20.319,,6
2026-10-01,usgubewc-usgub-ak-2026-11-03-jonkre,politics,0.0931,0,2026-10-01T04:00:14Z,,,,0.011025,32.142857,6.308,,6
2026-10-01,vtc-usseto-ri-2026-11-03-gt400k,politics,0.0006,0,2026-10-01T04:00:14Z,,,,0.034776,0.200000,2.201,,4
2026-10-01,vmc-ussemov-nj-2026-11-03-d20-25,politics,0.0103,0,2026-10-01T04:00:14Z,,,,0.999470,0.111111,2.229,,2
2026-10-01,vtc-usgubto-nv-2026-11-03-gt1pt05m,politics,0.0023,0,2026-10-01T04:00:14Z,,,,0.181770,0.142857,2.129,,2
2026-10-01,vtc-usseto-fl-2026-11-03-gt8pt25m,politics,0.0097,0,2026-10-01T04:00:14Z,,,,0.998462,0.111111,2.095,,2
2026-10-01,vtc-usseto-mn-2026-11-03-gt2pt75m,politics,0.0018,0,2026-10-01T04:00:14Z,,,,0.180723,0.125000,1.895,,1
2026-10-01,vmc-usgubmov-vt-2026-11-03-r5-10,politics,0.0128,0,2026-10-01T04:00:14Z,,,,0.999939,0.125000,2.451,,2
2026-10-01,usgubewc-usgub-tx-2026-11-03-rep,politics,1.3857,0,2026-10-01T04:00:14Z,,,,0.046867,112.500000,6.308,,7
2026-10-01,scc-senate-gop-2026-11-03-52,politics,1.7299,0,2026-10-01T04:00:14Z,,,,0.121141,16.700363,20.391,,9
2026-10-01,scc-senate-gop-2026-11-03-50,politics,1.2023,0,2026-10-01T04:00:14Z,,,,0.084272,16.703357,20.397,,10
2026-10-01,scc-senate-gop-2026-11-03-48,politics,1.6722,0,2026-10-01T04:00:14Z,,,,0.119334,16.708640,20.191,,7
2026-10-01,scc-senate-gop-2026-11-03-lte45,politics,2.1478,0,2026-10-01T04:00:14Z,,,,0.154382,16.680355,19.741,,11
2026-10-01,scc-senate-gop-2026-11-03-46,politics,1.7922,0,2026-10-01T04:00:14Z,,,,0.132499,16.676625,19.624,,6
2026-10-01,scc-senate-gop-2026-11-03-47,politics,0.6849,0,2026-10-01T04:00:14Z,,,,0.051180,16.672307,19.491,,12
2026-10-01,scc-senate-gop-2026-11-03-49,politics,1.1708,0,2026-10-01T04:00:14Z,,,,0.087594,16.675765,19.141,,9
2026-10-01,scc-senate-gop-2026-11-03-51,politics,2.0454,0,2026-10-01T04:00:14Z,,,,0.151443,16.671583,19.469,,13
2026-10-01,scc-senate-gop-2026-11-03-54,politics,0.2226,0,2026-10-01T04:00:14Z,,,,0.048848,17.307692,6.319,,10
2026-10-01,scc-senate-gop-2026-11-03-53,politics,1.3914,0,2026-10-01T04:00:14Z,,,,0.113207,17.195159,17.451,,7
2026-10-01,scc-senate-gop-2026-11-03-55,politics,0.4081,0,2026-10-01T04:00:14Z,,,,0.089557,17.307692,6.319,,11
2026-10-01,scc-senate-gop-2026-11-03-gte57,politics,0.8433,0,2026-10-01T04:00:14Z,,,,0.158468,16.399371,7.659,,9
2026-10-01,scc-senate-gop-2026-11-03-56,politics,0.2661,0,2026-10-01T04:00:14Z,,,,0.058404,17.307692,6.319,,10
2026-10-01,ushrewc-ushr-ca-45-2026-11-03-dem,politics,0.0722,0,2026-10-01T04:00:14Z,,,,0.005945,47.500000,6.135,,5
2026-10-01,ushrewc-ushr-ca-47-2026-11-03-dem,politics,0.2359,0,2026-10-01T04:00:14Z,,,,0.297374,1.250000,15.229,,6
2026-10-01,scc-hrep-rep-2026-11-03-gte210,politics,6.6621,0,2026-10-01T04:00:14Z,,,,0.432841,18.091701,20.380,,4
2026-10-01,scc-hrep-rep-2026-11-03-gte185,politics,2.3543,0,2026-10-01T04:00:14Z,,,,0.192622,17.892443,15.645,,8
2026-10-01,scc-hrep-rep-2026-11-03-gte200,politics,5.1035,0,2026-10-01T04:00:14Z,,,,0.474731,18.597120,13.916,,11
2026-10-01,scc-hrep-rep-2026-11-03-gte225,politics,0.6704,0,2026-10-01T04:00:14Z,,,,0.055616,17.889079,15.584,,8
2026-10-01,scc-hrep-rep-2026-11-03-gte230,politics,1.9020,0,2026-10-01T04:00:14Z,,,,0.163650,17.901719,15.595,,8
2026-10-01,scc-hrep-rep-2026-11-03-gte235,politics,1.1966,0,2026-10-01T04:00:14Z,,,,0.104001,17.892444,15.645,,8
2026-10-01,scc-hrep-rep-2026-11-03-gte220,politics,1.4888,0,2026-10-01T04:00:14Z,,,,0.134437,17.850930,14.922,,7
2026-10-01,scc-hrep-rep-2026-11-03-gte215,politics,1.2650,0,2026-10-01T04:00:14Z,,,,0.107489,17.893358,15.662,,9
2026-10-01,scc-hrep-rep-2026-11-03-gte205,politics,6.3954,0,2026-10-01T04:00:14Z,,,,0.548869,17.897407,15.589,,6
2026-10-01,scc-hrep-rep-2026-11-03-gte190,politics,1.1815,0,2026-10-01T04:00:14Z,,,,0.097557,17.889694,15.595,,6
2026-10-01,scc-hrep-rep-2026-11-03-gte180,politics,0.0108,0,2026-10-01T04:00:14Z,,,,0.002194,18.750000,6.319,,6
2026-10-01,ussewc-usse-co-2026-11-03-rep,politics,0.2325,0,2026-10-01T04:00:14Z,,,,0.006597,47.500000,17.808,,6
2026-10-01,scc-hrep-rep-2026-11-03-gte195,politics,5.3038,0,2026-10-01T04:00:14Z,,,,0.450750,17.873772,15.311,,8
2026-10-01,cpoc-ussegubc-me-2026-11-03-dsweep,politics,0.0377,0,2026-10-01T12:44:46Z,,,,0.047864,2.500000,7.570,,7
2026-09-30,ewc-usse-ia-2026-11-03-dem,politics,0.0182,1,2026-09-30T04:39:42Z,,,,0.001495,281.250000,1.039,,6
2026-09-30,usgubewc-usgub-nm-2026-11-03-dem,politics,0.0083,0,2026-09-30T04:39:42Z,,,,0.044221,5.000010,0.901,,6
2026-09-30,scc-senate-gop-2026-11-03-48,politics,0.0893,0,2026-09-30T04:39:42Z,,,,0.086068,17.307692,1.439,,10
2026-09-30,ewc-usgub-oh-2026-11-03-rep,politics,0.0000,1,2026-09-30T04:39:42Z,,,,,,,,8
2026-09-30,ewc-usse-ak-2026-11-03-dem,politics,0.1380,0,2026-09-30T04:39:42Z,,,,0.044130,281.255973,0.267,,8
2026-09-30,scc-senate-gop-2026-11-03-52,politics,0.1157,0,2026-09-30T04:39:42Z,,,,0.057600,17.307692,2.784,,10
2026-09-30,ewc-usgub-wi-2026-11-03-rep,politics,0.0678,1,2026-09-30T04:39:42Z,,,,0.010327,112.501050,1.400,,11
2026-09-30,paccc-balpow-2026-11-03-dsweep,politics,0.0130,2,2026-09-30T04:39:42Z,,,,0.002034,140.625000,1.089,,11
2026-09-30,scc-senate-gop-2026-11-03-54,politics,0.0322,0,2026-09-30T04:39:42Z,,,,0.032500,17.307692,1.373,,14
2026-09-30,ussewc-usse-il-2026-11-03-rep,politics,0.0003,0,2026-09-30T04:39:42Z,,,,0.000072,4.999999,18.778,,7
2026-09-30,ushrewc-ushr-ca-45-2026-11-03-dem,politics,0.1481,0,2026-09-30T04:39:42Z,,,,0.003432,47.449985,21.792,,7
2026-09-30,ewc-usgub-nv-2026-11-03-rep,politics,0.0000,0,2026-09-30T04:39:42Z,,,,,112.525090,0.006,,5
2026-09-30,paccc-balpow-2026-11-03-rsweep,politics,0.0000,1,2026-09-30T04:39:42Z,,,,,,,,9
2026-09-30,ushrewc-ushr-nc-01-2026-11-03-dem,politics,0.0231,0,2026-09-30T04:39:42Z,,,,0.000580,47.445751,20.085,,7
2026-09-30,usgubewc-usgub-al-2026-11-03-rep,politics,0.0000,0,2026-09-30T04:39:42Z,,,,,5.001100,0.006,,6
2026-09-30,ussewc-usse-nm-2026-11-03-rep,politics,0.0052,0,2026-09-30T04:39:42Z,,,,0.001312,4.993887,18.762,,6
2026-09-30,usgubewc-usgub-ne-2026-11-03-rep,politics,0.0000,0,2026-09-30T04:39:42Z,,,,0.000044,5.000021,0.684,,6
2026-09-30,ushrewc-ushr-tx-34-2026-11-03-rep,politics,0.0000,1,2026-09-30T04:39:42Z,,,,,,,,11
2026-09-30,vmc-ussemov-mn-2026-11-03-rgte5,politics,0.0104,0,2026-09-30T04:39:42Z,,,,0.580084,0.125000,3.432,,2
2026-09-30,cpoc-ussegubc-ga-2026-11-03-rgov-dsen,politics,0.0017,0,2026-09-30T04:39:42Z,,,,0.000927,2.496734,17.549,,6
2026-09-30,usgubewc-usgub-id-2026-11-03-dem,politics,0.0014,0,2026-09-30T04:39:42Z,,,,0.000313,4.994811,22.088,,9
2026-09-30,usgubewc-usgub-me-2026-11-03-rep,politics,0.0070,0,2026-09-30T04:39:42Z,,,,0.001676,4.994282,20.064,,8
2026-09-30,vtc-usseto-ri-2026-11-03-gt400k,politics,0.0192,1,2026-09-30T04:39:42Z,,,,0.838736,0.199999,2.736,,5
2026-09-30,cpoc-ussegubc-ks-2026-11-03-dgov-rsen,politics,0.0192,0,2026-09-30T04:39:42Z,,,,0.019523,2.499997,9.435,,
2026-09-30,scc-hrep-rep-2026-11-03-gte235,politics,0.0573,0,2026-09-30T04:39:42Z,,,,0.010027,18.749991,7.324,,8
2026-09-30,vtc-usseto-ar-2026-11-03-gt900k,politics,0.0099,0,2026-09-30T04:39:42Z,,,,0.650351,0.142856,2.553,,2
2026-09-30,vtc-usseto-fl-2026-11-03-gt8m,politics,0.0118,0,2026-09-30T04:39:42Z,,,,1.121590,0.111112,2.275,,1
2026-09-30,vtc-usseto-la-2026-11-03-gt1pt1m,politics,0.0018,0,2026-09-30T04:39:42Z,,,,0.120061,0.142858,2.470,,4
2026-09-30,vtc-usseto-il-2026-11-03-gt4pt5m,politics,0.0093,0,2026-09-30T04:39:42Z,,,,0.679765,0.142857,2.298,,2
2026-09-30,vtc-usseto-nj-2026-11-03-gt2pt4m,politics,0.0082,0,2026-09-30T04:39:42Z,,,,0.697615,0.125000,2.270,,1
2026-09-30,vtc-usgubto-md-2026-11-03-gt2pt15m,politics,0.0128,0,2026-09-30T04:39:42Z,,,,0.692489,0.142857,3.104,,1
2026-09-30,vtc-usgubto-ny-2026-11-03-gt5m,politics,0.0118,0,2026-09-30T04:39:42Z,,,,0.617494,0.166667,2.765,,2
2026-09-30,ushrewc-ushr-tx-34-2026-11-03-dem,politics,0.0000,1,2026-09-30T04:39:42Z,,,,,,,,7
2026-09-30,vtc-usseto-mn-2026-11-03-gt2pt75m,politics,0.0029,1,2026-09-30T04:39:42Z,,,,0.204785,0.125001,2.703,,3
2026-09-30,vmc-ussemov-me-2026-11-03-r0-3,politics,0.0044,0,2026-09-30T04:39:42Z,,,,0.603751,0.083333,2.097,,
2026-09-30,vtc-usgubto-ny-2026-11-03-gt6m,politics,0.0026,0,2026-09-30T04:39:42Z,,,,0.145569,0.166666,2.664,,2
2026-09-30,ewc-usse-me-2026-11-03-dem,politics,0.0072,1,2026-09-30T04:39:42Z,,,,0.001384,112.500000,1.106,,10
2026-09-30,vmc-usgubmov-tx-2026-11-03-d0-3,politics,0.0122,0,2026-09-30T04:39:42Z,,,,0.686290,0.090909,4.701,,2
2026-09-30,vtc-usgubto-vt-2026-11-03-gt325k,politics,0.0185,0,2026-09-30T04:39:42Z,,,,1.088099,0.166666,2.453,,3
2026-09-30,vmc-ussemov-nj-2026-11-03-d15-20,politics,0.0127,0,2026-09-30T04:39:42Z,,,,0.602332,0.111111,4.556,,2
2026-09-30,vmc-usgubmov-sc-2026-11-03-r10-15,politics,0.0071,0,2026-09-30T04:39:42Z,,,,0.399214,0.125000,3.394,,2
2026-09-30,vmc-ussemov-ky-2026-11-03-r0-10,politics,0.0186,0,2026-09-30T04:39:42Z,,,,1.000000,0.100000,4.456,,4
2026-09-30,vtc-usseto-mi-2026-11-03-gt4pt8m,politics,0.0111,0,2026-09-30T04:39:42Z,,,,0.902647,0.125000,2.353,,1
2026-09-30,vmc-ussemov-tn-2026-11-03-r25-30,politics,0.0046,0,2026-09-30T04:39:42Z,,,,0.473500,0.100000,2.336,,
2026-09-30,ussewc-usse-al-2026-11-03-dem,politics,0.0049,0,2026-09-30T04:39:42Z,,,,0.001100,4.994719,21.721,,6
2026-09-30,ewc-usse-me-2026-11-03-rep,politics,0.0000,1,2026-09-30T04:39:42Z,,,,,,,,9
2026-09-30,ushrewc-ushr-tx-15-2026-11-03-dem,politics,0.1813,0,2026-09-30T04:39:42Z,,,,0.004157,47.450551,22.021,,9
2026-09-30,vtc-usgubto-hi-2026-11-03-gt460k,politics,0.0176,0,2026-09-30T04:39:42Z,,,,0.831301,0.142858,3.560,,2
2026-09-30,usgubewc-usgub-hi-2026-11-03-rep,politics,0.0093,0,2026-09-30T04:39:42Z,,,,0.002240,4.999998,19.853,,8
2026-09-30,vtc-usseto-wv-2026-11-03-gt450k,politics,0.0054,0,2026-09-30T04:39:42Z,,,,0.507162,0.166665,1.524,,
2026-09-30,cpoc-ussec-tx-me-2026-11-03-dsweep,politics,0.0102,0,2026-09-30T04:39:42Z,,,,0.000668,28.124972,13.022,,
2026-09-30,vmc-ussemov-nh-2026-11-03-d9-12,politics,0.0066,0,2026-09-30T04:39:42Z,,,,0.479097,0.100000,3.299,,3
2026-09-30,vmc-ussemov-ar-2026-11-03-r10-15,politics,0.0081,0,2026-09-30T04:39:42Z,,,,0.490087,0.111111,3.583,,
2026-09-30,vmc-ussemov-fl-2026-11-03-r3-6,politics,0.0076,0,2026-09-30T04:39:42Z,,,,0.483691,0.100000,3.761,,
2026-09-30,usgubewc-usgub-ak-2026-11-03-berwil,politics,0.1495,2,2026-09-30T04:39:42Z,,,,0.004849,32.110826,23.005,,7
2026-09-30,vmc-usgubmov-tn-2026-11-03-r15-20,politics,0.0091,0,2026-09-30T04:39:42Z,,,,0.385023,0.111111,5.129,,4
2026-09-30,vmc-usgubmov-ks-2026-11-03-r6-9,politics,0.0112,0,2026-09-30T04:39:42Z,,,,0.631216,0.100000,4.268,,3
2026-09-30,vtc-usseto-ne-2026-11-03-gt700k,politics,0.0021,0,2026-09-30T04:39:42Z,,,,0.603599,0.166668,0.512,,2
2026-09-30,ushrewc-ushr-nj-07-2026-11-03-dem,politics,0.2240,0,2026-09-30T04:39:42Z,,,,0.005576,47.446280,20.274,,9
2026-09-30,vmc-usgubmov-ar-2026-11-03-r10-15,politics,0.0029,0,2026-09-30T04:39:42Z,,,,0.336413,0.111111,1.853,,
2026-09-30,ussewc-usse-wy-2026-11-03-dem,politics,0.0163,0,2026-09-30T04:39:42Z,,,,0.004195,4.993843,18.617,,4
2026-09-30,vmc-usgubmov-ks-2026-11-03-r9-12,politics,0.0093,0,2026-09-30T04:39:42Z,,,,0.479162,0.100000,4.657,,3
2026-09-30,vtc-usgubto-md-2026-11-03-gt2m,politics,0.0113,0,2026-09-30T04:39:42Z,,,,0.483939,0.142857,3.922,,4
2026-09-30,cpoc-ussegubc-me-2026-11-03-rgov-dsen,politics,0.0002,0,2026-09-30T04:39:42Z,,,,0.000670,2.499992,2.731,,
2026-09-30,vtc-usseto-nm-2026-11-03-gt550k,politics,0.0053,0,2026-09-30T04:39:42Z,,,,0.381987,0.142858,2.331,,1
2026-09-30,vtc-usseto-al-2026-11-03-gt1pt3m,politics,0.0080,0,2026-09-30T04:39:42Z,,,,0.615384,0.142857,2.192,,2
2026-09-30,vmc-ussemov-il-2026-11-03-d25-30,politics,0.0199,0,2026-09-30T04:39:42Z,,,,0.901549,0.111111,4.762,,3
2026-09-30,cpoc-ussegubc-me-2026-11-03-dgov-rsen,politics,0.0913,0,2026-09-30T04:39:42Z,,,,0.049492,2.496760,17.694,,8
2026-09-30,vmc-usgubmov-ct-2026-11-03-d25-30,politics,0.0119,0,2026-09-30T04:39:42Z,,,,0.499307,0.125000,4.568,,3
2026-09-30,ushrewc-ushr-pa-01-2026-11-03-rep,politics,0.0122,0,2026-09-30T04:39:42Z,,,,0.000280,47.450611,22.054,,6
2026-09-30,vmc-ussemov-la-2026-11-03-r5-10,politics,0.0231,0,2026-09-30T04:39:42Z,,,,0.877483,0.111111,5.685,,3
2026-09-30,vmc-ussemov-tn-2026-11-03-r30-35,politics,0.0086,0,2026-09-30T04:39:42Z,,,,0.376656,0.100000,5.463,,3
2026-09-30,vtc-usseto-wy-2026-11-03-gt210k,politics,0.0045,0,2026-09-30T04:39:42Z,,,,0.560053,0.166666,1.146,,2
2026-09-30,vtc-usseto-me-2026-11-03-gt650k,politics,0.0084,0,2026-09-30T04:39:42Z,,,,0.655295,0.142857,2.153,,2
2026-09-30,vmc-usgubmov-ri-2026-11-03-d25-30,politics,0.0129,0,2026-09-30T04:39:42Z,,,,0.497110,0.111111,5.586,,3
2026-09-30,vmc-ussemov-nj-2026-11-03-d20-25,politics,0.0201,1,2026-09-30T04:39:42Z,,,,0.813815,0.111111,5.351,,2
2026-09-30,ewc-usse-mn-2026-11-03-dem,politics,0.0000,1,2026-09-30T04:39:42Z,,,,,,,,6
2026-09-30,vmc-usgubmov-hi-2026-11-03-d35-40,politics,0.0169,0,2026-09-30T04:39:42Z,,,,0.905353,0.099485,4.452,,3
2026-09-30,vmc-usgubmov-ok-2026-11-03-r5-10,politics,0.0072,0,2026-09-30T04:39:42Z,,,,0.360550,0.100000,4.801,,3
2026-09-30,vmc-ussemov-id-2026-11-03-r25-30,politics,0.0078,0,2026-09-30T04:39:42Z,,,,0.322349,0.111111,5.246,,3
2026-09-30,vmc-ussemov-co-2026-11-03-d25-30,politics,0.0217,0,2026-09-30T04:39:42Z,,,,0.876770,0.111111,5.352,,3
2026-09-30,vmc-ussemov-nh-2026-11-03-d3-6,politics,0.0067,0,2026-09-30T04:39:42Z,,,,0.424219,0.100000,3.794,,3
2026-09-30,vmc-usgubmov-ne-2026-11-03-r10-15,politics,0.0172,0,2026-09-30T04:39:42Z,,,,0.883643,0.111111,4.190,,3
2026-09-30,vmc-usgubmov-or-2026-11-03-d9-12,politics,0.0060,0,2026-09-30T04:39:42Z,,,,0.388012,0.083333,4.495,,3
2026-09-30,vmc-usgubmov-id-2026-11-03-r20-25,politics,0.0090,0,2026-09-30T04:39:42Z,,,,0.497172,0.100000,4.346,,2
2026-09-30,vmc-ussemov-nm-2026-11-03-d15-20,politics,0.0133,0,2026-09-30T04:39:42Z,,,,0.633911,0.111111,4.528,,3
2026-09-30,vmc-usgubmov-nm-2026-11-03-d15-20,politics,0.0090,0,2026-09-30T04:39:42Z,,,,0.501620,0.125000,3.428,,2
2026-09-30,vmc-ussemov-va-2026-11-03-d0-5,politics,0.0086,0,2026-09-30T04:39:42Z,,,,0.459197,0.100000,4.489,,4
2026-09-30,ussewc-usse-co-2026-11-03-rep,politics,0.2080,0,2026-09-30T04:39:42Z,,,,0.005765,47.440139,18.205,,7
2026-09-30,vmc-ussemov-de-2026-11-03-d25-30,politics,0.0128,0,2026-09-30T04:39:42Z,,,,0.629115,0.100000,4.890,,3
2026-09-30,vmc-ussemov-wy-2026-11-03-rgte50,politics,0.0102,0,2026-09-30T04:39:42Z,,,,0.495042,0.100000,4.984,,3
2026-09-30,vmc-ussemov-fl-2026-11-03-r9-12,politics,0.0080,0,2026-09-30T04:39:42Z,,,,0.383817,0.100000,4.951,,4
2026-09-30,vtc-usgubto-ca-2026-11-03-gt12m,politics,0.0130,0,2026-09-30T04:39:42Z,,,,0.602948,0.110561,4.634,,7
2026-09-30,vtc-usseto-al-2026-11-03-gt1pt2m,politics,0.0090,0,2026-09-30T04:39:42Z,,,,0.615382,0.142857,2.475,,2
2026-09-30,vmc-usgubmov-ok-2026-11-03-r20-25,politics,0.0072,0,2026-09-30T04:39:42Z,,,,0.390571,0.100000,4.417,,3
2026-09-30,vmc-usgubmov-sc-2026-11-03-r20-25,politics,0.0101,0,2026-09-30T04:39:42Z,,,,0.403020,0.125000,4.801,,3
2026-09-30,vmc-ussemov-ks-2026-11-03-r25-30,politics,0.0081,0,2026-09-30T04:39:42Z,,,,0.286360,0.111111,6.069,,4
2026-09-30,vmc-usgubmov-id-2026-11-03-r35-40,politics,0.0107,0,2026-09-30T04:39:42Z,,,,0.611098,0.100000,4.184,,3
2026-09-30,vmc-usgubmov-hi-2026-11-03-d20-25,politics,0.0057,0,2026-09-30T04:39:42Z,,,,0.327012,0.100000,4.123,,2
2026-09-30,vmc-ussemov-nc-2026-11-03-d6-9,politics,0.0113,0,2026-09-30T04:39:42Z,,,,0.610137,0.100000,4.439,,3
2026-09-30,vmc-usgubmov-mn-2026-11-03-d10-15,politics,0.0132,0,2026-09-30T04:39:42Z,,,,0.608602,0.125000,4.162,,2
2026-09-30,vmc-ussemov-me-2026-11-03-d12-15,politics,0.0058,0,2026-09-30T04:39:42Z,,,,0.467479,0.083334,3.566,,
2026-09-30,vtc-usseto-id-2026-11-03-gt680k,politics,0.0149,0,2026-09-30T04:39:42Z,,,,1.010388,0.142858,2.476,,2
2026-09-30,vmc-usgubmov-mn-2026-11-03-d15-20,politics,0.0061,0,2026-09-30T04:39:42Z,,,,0.504757,0.125000,2.337,,3
2026-09-30,vmc-ussemov-ri-2026-11-03-dgte45,politics,0.0118,0,2026-09-30T04:39:42Z,,,,0.645600,0.100000,4.384,,3
2026-09-30,vmc-usgubmov-pa-2026-11-03-dgte35,politics,0.0057,0,2026-09-30T04:39:42Z,,,,0.264755,0.110568,4.690,,3
2026-09-30,vtc-usgubto-az-2026-11-03-gt2pt3m,politics,0.0131,0,2026-09-30T04:39:42Z,,,,0.641408,0.111111,4.400,,2
2026-09-30,vtc-usgubto-az-2026-11-03-gt2pt9m,politics,0.0120,0,2026-09-30T04:39:42Z,,,,0.496894,0.111111,5.223,,3
2026-09-30,vmc-usgubmov-hi-2026-11-03-d40-45,politics,0.0054,0,2026-09-30T04:39:42Z,,,,0.296581,0.100000,4.345,,3
2026-09-30,vmc-usgubmov-nm-2026-11-03-d10-15,politics,0.0178,0,2026-09-30T04:39:42Z,,,,0.628376,0.125000,5.453,,4
2026-09-30,vmc-ussemov-mt-2026-11-03-igte5,politics,0.0076,0,2026-09-30T04:39:42Z,,,,0.370147,0.111111,4.456,,3
2026-09-30,vmc-usgubmov-vt-2026-11-03-r20-25,politics,0.0002,0,2026-09-30T04:39:42Z,,,,0.007864,0.125000,4.812,,4
2026-09-30,ewc-usgub-wi-2026-11-03-dem,politics,0.7322,0,2026-09-30T04:39:42Z,,,,0.075295,112.500579,2.075,,7
2026-09-30,vmc-ussemov-oh-2026-11-03-d3-6,politics,0.0016,0,2026-09-30T04:39:42Z,,,,0.305770,0.083334,1.519,,2
2026-09-30,vmc-ussemov-il-2026-11-03-d30-35,politics,0.0022,0,2026-09-30T04:39:42Z,,,,0.481588,0.111113,0.985,,
2026-09-30,vmc-ussemov-sd-2026-11-03-r15-20,politics,0.0079,0,2026-09-30T04:39:42Z,,,,0.390704,0.100000,4.845,,2
2026-09-30,vtc-usseto-me-2026-11-03-gt700k,politics,0.0082,0,2026-09-30T04:39:42Z,,,,0.604716,0.142857,2.269,,3
2026-09-30,vmc-usgubmov-sc-2026-11-03-r15-20,politics,0.0083,0,2026-09-30T04:39:42Z,,,,0.502201,0.125000,3.154,,2
2026-09-30,vmc-usgubmov-wy-2026-11-03-r40-45,politics,0.0070,0,2026-09-30T04:39:42Z,,,,0.324039,0.100000,5.201,,4
2026-09-30,vmc-ussemov-id-2026-11-03-r15-20,politics,0.0016,0,2026-09-30T04:39:42Z,,,,0.295021,0.111110,1.190,,
2026-09-30,vmc-ussemov-fl-2026-11-03-r6-9,politics,0.0099,0,2026-09-30T04:39:42Z,,,,0.736609,0.100000,3.232,,
2026-09-30,vmc-usgubmov-me-2026-11-03-d15-20,politics,0.0056,0,2026-09-30T04:39:42Z,,,,0.503449,0.111111,2.415,,
2026-09-30,vmc-usgubmov-il-2026-11-03-d20-25,politics,0.0175,0,2026-09-30T04:39:42Z,,,,0.749180,0.111111,5.041,,2
2026-09-30,vmc-ussemov-ga-2026-11-03-d12-15,politics,0.0070,0,2026-09-30T04:39:42Z,,,,0.400114,0.090909,4.612,,3
2026-09-30,vmc-ussemov-nc-2026-11-03-d12-15,politics,0.0121,1,2026-09-30T04:39:42Z,,,,0.497211,0.100000,5.857,,5
2026-09-30,vmc-usgubmov-ks-2026-11-03-r3-6,politics,0.0068,0,2026-09-30T04:39:42Z,,,,0.392089,0.100000,4.162,,2
2026-09-30,vtc-usseto-nc-2026-11-03-gt3pt9m,politics,0.0065,0,2026-09-30T04:39:42Z,,,,0.490413,0.142858,2.225,,5
2026-09-30,vmc-ussemov-me-2026-11-03-r6-9,politics,0.0080,0,2026-09-30T04:39:42Z,,,,0.500417,0.083333,4.584,,2
2026-09-30,usgubewc-usgub-ct-2026-11-03-rep,politics,0.0071,0,2026-09-30T04:39:42Z,,,,0.001653,4.994417,20.542,,8
2026-09-30,vmc-usgubmov-il-2026-11-03-d0-5,politics,0.0138,0,2026-09-30T04:39:42Z,,,,0.723031,0.111111,4.101,,2
2026-09-30,vmc-ussemov-ms-2026-11-03-r10-15,politics,0.0063,0,2026-09-30T04:39:42Z,,,,0.398245,0.125000,3.060,,2
2026-09-30,vmc-usgubmov-wi-2026-11-03-d3-6,politics,0.0030,0,2026-09-30T04:39:42Z,,,,0.495539,0.100000,1.452,,2
2026-09-30,vmc-usgubmov-pa-2026-11-03-d25-30,politics,0.0063,0,2026-09-30T04:39:42Z,,,,0.327368,0.111111,4.139,,5
2026-09-30,vmc-ussemov-mi-2026-11-03-d3-6,politics,0.0065,0,2026-09-30T04:39:42Z,,,,0.500362,0.100000,3.099,,
2026-09-30,ewc-usse-nh-2026-11-03-dem,politics,0.0094,1,2026-09-30T04:39:42Z,,,,0.001849,112.500000,1.089,,7
2026-09-30,vmc-usgubmov-ne-2026-11-03-r15-20,politics,0.0135,0,2026-09-30T04:39:42Z,,,,0.654874,0.111111,4.462,,3
2026-09-30,vmc-usgubmov-ar-2026-11-03-r20-25,politics,0.0085,0,2026-09-30T04:39:42Z,,,,0.388203,0.111111,4.752,,2
2026-09-30,vmc-usgubmov-ar-2026-11-03-r15-20,politics,0.0046,0,2026-09-30T04:39:42Z,,,,0.423035,0.111111,2.359,,
2026-09-30,vmc-usgubmov-fl-2026-11-03-r6-9,politics,0.0058,0,2026-09-30T04:39:42Z,,,,0.501506,0.100000,2.755,,
2026-09-30,vmc-usgubmov-wy-2026-11-03-r35-40,politics,0.0016,0,2026-09-30T04:39:42Z,,,,0.409870,0.100000,0.923,,
2026-09-30,scc-senate-gop-2026-11-03-50,politics,0.1191,0,2026-09-30T04:39:42Z,,,,0.008568,17.287113,19.278,,12
2026-09-30,vmc-usgubmov-vt-2026-11-03-r5-10,politics,0.0289,1,2026-09-30T04:39:42Z,,,,0.950600,0.124505,5.786,,3
2026-09-30,vtc-usseto-de-2026-11-03-gt325k,politics,0.0005,0,2026-09-30T04:39:42Z,,,,0.044175,0.111111,2.381,,3
2026-09-30,vmc-ussemov-mi-2026-11-03-d6-9,politics,0.0014,0,2026-09-30T04:39:42Z,,,,0.356869,0.100001,0.973,,2
2026-09-30,vmc-ussemov-ga-2026-11-03-d9-12,politics,0.0076,0,2026-09-30T04:39:42Z,,,,0.407009,0.090909,4.934,,2
2026-09-30,vmc-ussemov-ky-2026-11-03-r10-15,politics,0.0124,0,2026-09-30T04:39:42Z,,,,0.618062,0.100000,4.818,,4
2026-09-30,vmc-usgubmov-ga-2026-11-03-r0-3,politics,0.0076,0,2026-09-30T04:39:42Z,,,,0.377984,0.100000,4.779,,3
2026-09-30,vmc-usgubmov-ga-2026-11-03-r9-12,politics,0.0065,0,2026-09-30T04:39:42Z,,,,0.342550,0.100000,4.557,,3
2026-09-30,vmc-ussemov-al-2026-11-03-r25-30,politics,0.0113,0,2026-09-30T04:39:42Z,,,,0.502685,0.111111,4.890,,3
2026-09-30,vmc-usgubmov-tn-2026-11-03-r10-15,politics,0.0090,0,2026-09-30T04:39:42Z,,,,0.397996,0.111111,4.890,,2
2026-09-30,vmc-usgubmov-pa-2026-11-03-d10-15,politics,0.0162,0,2026-09-30T04:39:42Z,,,,0.715910,0.111111,4.868,,4
2026-09-30,vtc-usseto-fl-2026-11-03-gt8pt25m,politics,0.0037,1,2026-09-30T04:39:42Z,,,,0.297748,0.111111,2.692,,4
2026-09-30,vtc-usgubto-vt-2026-11-03-gt275k,politics,0.0061,0,2026-09-30T04:39:42Z,,,,0.387329,0.166667,2.275,,2
2026-09-30,vtc-usgubto-az-2026-11-03-gt2pt15m,politics,0.0138,0,2026-09-30T04:39:42Z,,,,0.683929,0.111111,4.367,,3
2026-09-30,vtc-usseto-nm-2026-11-03-gt750k,politics,0.0043,0,2026-09-30T04:39:42Z,,,,0.388171,0.142858,1.869,,2
2026-09-30,vmc-usgubmov-mn-2026-11-03-d5-10,politics,0.0075,0,2026-09-30T04:39:42Z,,,,0.312104,0.125000,4.568,,2
2026-09-30,scc-hrep-rep-2026-11-03-gte200,politics,4.0697,0,2026-09-30T04:39:42Z,,,,0.227937,18.731171,22.838,,8
2026-09-30,vmc-ussemov-id-2026-11-03-r20-25,politics,0.0073,0,2026-09-30T04:39:42Z,,,,0.481427,0.111111,3.260,,
2026-09-30,vtc-usgubto-hi-2026-11-03-gt370k,politics,0.0290,0,2026-09-30T04:39:42Z,,,,0.779856,0.142857,6.241,,3
2026-09-30,vtc-usgubto-ca-2026-11-03-gt11m,politics,0.0066,0,2026-09-30T04:39:42Z,,,,0.311625,0.110551,4.545,,4
2026-09-30,vtc-usseto-tx-2026-11-03-gt9pt2m,politics,0.0008,0,2026-09-30T04:39:42Z,,,,0.062618,0.111111,2.592,,2
2026-09-30,vtc-usseto-al-2026-11-03-gt1pt6m,politics,0.0062,0,2026-09-30T04:39:42Z,,,,0.548397,0.142858,1.891,,2
2026-09-30,vtc-usseto-mn-2026-11-03-gt2pt45m,politics,0.0072,0,2026-09-30T04:39:42Z,,,,0.614508,0.124999,2.242,,3
2026-09-30,vtc-usgubto-vt-2026-11-03-gt300k,politics,0.0005,0,2026-09-30T04:39:42Z,,,,0.031008,0.166667,2.348,,5
2026-09-30,scc-hrep-rep-2026-11-03-gte185,politics,1.7523,0,2026-09-30T04:39:42Z,,,,0.098031,18.731199,22.866,,6
2026-09-30,scc-hrep-rep-2026-11-03-gte195,politics,2.8252,0,2026-09-30T04:39:42Z,,,,0.163183,18.730562,22.121,,8
2026-09-30,scc-hrep-rep-2026-11-03-gte220,politics,1.0691,0,2026-09-30T04:39:42Z,,,,0.061009,18.730807,22.410,,7
2026-09-30,vtc-usseto-or-2026-11-03-gt2m,politics,0.0046,0,2026-09-30T04:39:42Z,,,,0.655704,0.125001,1.352,,5
2026-09-30,vmc-ussemov-mi-2026-11-03-r0-3,politics,0.0074,0,2026-09-30T04:39:42Z,,,,0.369996,0.100000,4.784,,3
2026-09-30,vmc-ussemov-me-2026-11-03-dgte15,politics,0.0074,0,2026-09-30T04:39:42Z,,,,0.476175,0.083333,4.450,,3
2026-09-30,vmc-ussemov-tn-2026-11-03-r40-45,politics,0.0090,0,2026-09-30T04:39:42Z,,,,0.463748,0.100000,4.639,,3
2026-09-30,vmc-ussemov-la-2026-11-03-r10-15,politics,0.0136,0,2026-09-30T04:39:42Z,,,,0.648211,0.111111,4.545,,4
2026-09-30,scc-hrep-rep-2026-11-03-gte210,politics,1.9015,0,2026-09-30T04:39:42Z,,,,0.107141,18.731044,22.677,,9
2026-09-30,vmc-ussemov-tx-2026-11-03-d0-3,politics,0.0045,0,2026-09-30T04:39:42Z,,,,0.493693,0.083334,2.604,,3
2026-09-30,vmc-usgubmov-nh-2026-11-03-r9-12,politics,0.0119,0,2026-09-30T04:39:42Z,,,,0.550269,0.100000,5.163,,3
2026-09-30,vmc-usgubmov-az-2026-11-03-d9-12,politics,0.0027,0,2026-09-30T04:39:42Z,,,,0.124841,0.099548,5.075,,2
2026-09-30,vmc-usgubmov-ia-2026-11-03-d3-6,politics,0.0040,0,2026-09-30T04:39:42Z,,,,0.245969,0.083333,4.740,,3
2026-09-30,vtc-usseto-mn-2026-11-03-gt2pt6m,politics,0.0004,0,2026-09-30T04:39:42Z,,,,0.181819,0.125001,0.411,,
2026-09-30,paccc-usho-midterms-2026-11-03-rep,politics,0.0490,0,2026-09-30T04:39:42Z,,,,0.006317,281.247603,0.661,,25
2026-09-30,vmc-usgubmov-nh-2026-11-03-r12-15,politics,0.0148,0,2026-09-30T04:39:42Z,,,,0.686062,0.100000,5.163,,2
2026-09-30,vtc-usseto-nm-2026-11-03-gt700k,politics,0.0058,0,2026-09-30T04:39:42Z,,,,0.468346,0.142857,2.086,,2
2026-09-30,vmc-usgubmov-co-2026-11-03-d15-20,politics,0.0073,0,2026-09-30T04:39:42Z,,,,0.553669,0.111111,2.882,,3
2026-09-30,scc-hrep-rep-2026-11-03-gte205,politics,4.5977,0,2026-09-30T04:39:42Z,,,,0.260459,18.730953,22.588,,9
2026-09-30,vmc-ushrmov-ca-47-2026-11-03-rwin,politics,0.0078,0,2026-09-30T04:39:42Z,,,,0.218854,0.125000,6.909,,5
2026-09-30,vmc-usgubmov-vt-2026-11-03-dwin,politics,0.0225,0,2026-09-30T04:39:42Z,,,,0.895610,0.125000,4.818,,5
2026-09-30,vmc-usgubmov-md-2026-11-03-d20-25,politics,0.0047,0,2026-09-30T04:39:42Z,,,,0.325562,0.100000,3.461,,2
2026-09-30,vmc-usgubmov-nm-2026-11-03-d5-10,politics,0.0036,0,2026-09-30T04:39:42Z,,,,0.541516,0.125001,1.268,,3
2026-09-30,vmc-ussemov-ky-2026-11-03-r20-25,politics,0.0099,0,2026-09-30T04:39:42Z,,,,0.539614,0.100000,4.389,,4
2026-09-30,vmc-ussemov-sd-2026-11-03-r0-10,politics,0.0025,0,2026-09-30T04:39:42Z,,,,0.222876,0.100000,2.698,,5
2026-09-30,vmc-ussemov-id-2026-11-03-rgte40,politics,0.0001,0,2026-09-30T04:39:42Z,,,,0.004852,0.111111,4.489,,5
2026-09-30,ushrewc-ushr-tx-15-2026-11-03-rep,politics,0.1061,0,2026-09-30T04:39:42Z,,,,0.002432,47.450524,22.010,,10
2026-09-30,usgubewc-usgub-md-2026-11-03-dem,politics,0.0229,0,2026-09-30T04:39:42Z,,,,0.005264,4.994512,20.887,,4
2026-09-30,vtc-usgubto-nv-2026-11-03-gt1pt05m,politics,0.0032,1,2026-09-30T04:39:42Z,,,,0.185859,0.142857,2.904,,4
2026-09-30,vmc-usgubmov-ct-2026-11-03-d20-25,politics,0.0256,0,2026-09-30T04:39:42Z,,,,0.834473,0.125000,5.897,,2
2026-09-30,ussewc-usse-ky-2026-11-03-rep,politics,0.0050,0,2026-09-30T04:39:42Z,,,,0.001190,4.994328,20.219,,5
2026-09-30,vmc-usgubmov-vt-2026-11-03-r10-15,politics,0.0201,0,2026-09-30T04:39:42Z,,,,0.688861,0.125000,5.607,,3
2026-09-30,cpoc-ussegubc-me-2026-11-03-dsweep,politics,0.0791,0,2026-09-30T04:39:42Z,,,,0.042985,2.496754,17.660,,7
2026-09-30,cpoc-ussec-tx-mi-me-2026-11-03-dtx-dmi-rme,politics,0.0000,1,2026-09-30T04:39:42Z,,,,,,,,13
2026-09-30,vmc-usgubmov-ri-2026-11-03-d15-20,politics,0.0103,0,2026-09-30T04:39:42Z,,,,0.439417,0.111111,5.063,,4
2026-09-30,ushrewc-ushr-va-02-2026-11-03-rep,politics,0.1031,0,2026-09-30T04:39:42Z,,,,0.002619,47.445225,19.880,,5
2026-09-30,ushrewc-ushr-ny-17-2026-11-03-dem,politics,0.1133,0,2026-09-30T04:39:42Z,,,,0.002692,47.448715,21.231,,6
2026-09-30,usgubewc-usgub-co-2026-11-03-dem,politics,0.0028,0,2026-09-30T04:39:42Z,,,,0.000644,4.994432,20.592,,5
2026-09-30,usgubewc-usgub-wy-2026-11-03-rep,politics,0.0070,0,2026-09-30T04:39:42Z,,,,0.001706,4.994176,19.685,,4
2026-09-30,vtc-usseto-al-2026-11-03-gt1pt7m,politics,0.0001,0,2026-09-30T04:39:42Z,,,,0.025362,0.142859,0.445,,2
2026-09-30,vmc-usgubmov-pa-2026-11-03-d15-20,politics,0.0000,0,2026-09-30T04:39:42Z,,,,0.018996,0.111113,0.323,,4
2026-09-30,vmc-usgubmov-mi-2026-11-03-d6-9,politics,0.0027,0,2026-09-30T04:39:42Z,,,,0.511871,0.100001,1.285,,5
2026-09-30,vtc-usgubto-ct-2026-11-03-gt1pt4m,politics,0.0155,0,2026-09-30T04:39:42Z,,,,0.553938,0.142155,4.668,,4
2026-09-30,ushrewc-ushr-ia-01-2026-11-03-rep,politics,0.1809,0,2026-09-30T04:39:42Z,,,,0.005496,47.434449,16.615,,7
2026-09-30,vtc-usgubto-hi-2026-11-03-gt490k,politics,0.0002,0,2026-09-30T04:39:42Z,,,,0.010506,0.142857,3.944,,3
2026-09-30,vmc-ussemov-ky-2026-11-03-dwin,politics,0.0008,0,2026-09-30T04:39:42Z,,,,0.039663,0.100000,4.573,,4
2026-09-30,usgubewc-usgub-sc-2026-11-03-rep,politics,0.0016,0,2026-09-30T04:39:42Z,,,,0.000358,4.994573,21.115,,5
2026-09-30,vtc-usseto-il-2026-11-03-gt4m,politics,0.0000,0,2026-09-30T04:39:42Z,,,,0.002121,0.142856,0.306,,
2026-09-30,cpoc-ussegubc-oh-2026-11-03-dgov-rsen,politics,0.0814,0,2026-09-30T04:39:42Z,,,,0.055136,2.499998,14.180,,6
2026-09-30,usgubewc-usgub-sd-2026-11-03-rep,politics,0.0017,0,2026-09-30T04:39:42Z,,,,0.000375,4.994643,21.404,,7
2026-09-30,vtc-usseto-de-2026-11-03-gt475k,politics,0.0004,0,2026-09-30T04:39:42Z,,,,0.172302,0.111109,0.434,,2
2026-09-30,cpoc-ussegubc-ga-2026-11-03-dsweep,politics,0.0000,0,2026-09-30T04:39:42Z,,,,0.000018,2.499951,0.617,,
2026-09-30,aachc-cfb-wins-2026-11-28-hou-9pt5wins,cfb,0.0001,0,2026-09-30T04:39:42Z,,,,0.000248,6.000013,1.014,,8
2026-09-30,aachc-cfb-wins-2026-11-28-vir-5pt5wins,cfb,0.0001,0,2026-09-30T04:39:42Z,,,,0.000215,5.999983,2.420,,5
2026-09-30,aachc-cfb-wins-2026-11-28-arzst-4pt5wins,cfb,0.0005,0,2026-09-30T04:39:42Z,,,,0.002067,6.000034,0.902,,6
2026-09-30,aachc-cfb-wins-2026-11-28-colst-5pt5wins,cfb,0.0178,0,2026-09-30T04:39:42Z,,,,0.024040,7.500002,2.376,,4
2026-09-30,aachc-cfb-wins-2026-11-28-arzst-8pt5wins,cfb,0.0051,0,2026-09-30T04:39:42Z,,,,0.022384,6.000090,0.907,,5
2026-09-30,aachc-cfb-wins-ou-2026-11-28-utahst,cfb,0.0025,0,2026-09-30T04:39:42Z,,,,0.112480,0.394739,1.375,,5
2026-09-30,aachc-cfb-wins-ou-2026-11-28-pitt,cfb,0.0037,0,2026-09-30T04:39:42Z,,,,0.133403,0.394735,1.670,,
2026-09-30,aachc-cfb-wins-2026-11-28-pur-2pt5wins,cfb,0.0000,0,2026-09-30T04:39:42Z,,,,0.000014,5.999756,0.295,,
2026-09-30,aachc-cfb-wins-2026-11-28-clmsn-9pt5wins,cfb,0.0002,0,2026-09-30T04:39:42Z,,,,0.004051,6.000383,0.195,,
2026-09-30,aachc-cfb-wins-2026-11-28-col-5pt5wins,cfb,0.0000,0,2026-09-30T04:39:42Z,,,,0.000037,5.999925,0.211,,
2026-09-30,ushrewc-ushr-ca-47-2026-11-03-dem,politics,0.0246,0,2026-09-30T04:39:42Z,,,,0.029445,1.249999,16.001,,5
2026-09-30,vmc-usgubmov-co-2026-11-03-d30-35,politics,0.0020,0,2026-09-30T04:39:42Z,,,,0.479111,0.111112,0.923,,2
2026-09-30,vtc-usgubto-ny-2026-11-03-gt5pt5m,politics,0.0000,0,2026-09-30T04:39:42Z,,,,0.000817,0.166654,0.100,,
2026-09-30,vmc-usgubmov-ct-2026-11-03-d15-20,politics,0.0000,0,2026-09-30T04:39:42Z,,,,0.001857,0.124999,0.089,,
2026-09-30,cmovcuss-usseclose-tx-ne-2026-11-03-tx,politics,0.0000,0,2026-09-30T04:39:42Z,,,,0.001277,0.500043,0.139,,
2026-09-30,vtc-usgubto-ny-2026-11-03-gt6pt5m,politics,0.0102,0,2026-09-30T04:39:42Z,,,,0.756138,0.166666,1.942,,1
2026-09-30,vmc-ussemov-ky-2026-11-03-r40-45,politics,0.0003,0,2026-09-30T04:39:42Z,,,,0.337300,0.100005,0.184,,
2026-09-30,vtc-usseto-ak-2026-11-03-gt275k,politics,0.0027,0,2026-09-30T04:39:42Z,,,,0.271313,0.142857,1.647,,3
2026-09-30,aachc-cfb-wins-2026-11-28-col-4pt5wins,cfb,0.0000,0,2026-09-30T04:39:42Z,,,,0.000130,6.002550,0.006,,
2026-09-30,aachc-cfb-wins-ou-2026-11-28-vir,cfb,0.0000,0,2026-09-30T04:39:42Z,,,,0.000219,0.394873,0.028,,
2026-09-30,vmc-ussemov-me-2026-11-03-r9-12,politics,0.0069,0,2026-09-30T05:40:17Z,,,,0.455913,0.083333,4.389,,3
2026-09-30,vmc-ussemov-ma-2026-11-03-d45-50,politics,0.0086,0,2026-09-30T05:40:17Z,,,,0.470787,0.100000,4.406,,3
2026-09-30,vmc-ussemov-tn-2026-11-03-r35-40,politics,0.0094,0,2026-09-30T05:40:17Z,,,,0.466276,0.100000,4.817,,3
2026-09-30,vtc-usgubto-vt-2026-11-03-gt225k,politics,0.0061,0,2026-09-30T05:40:17Z,,,,0.372437,0.166666,2.381,,3
2026-09-30,vtc-usseto-ok-2026-11-03-gt1pt2m,politics,0.0000,0,2026-09-30T05:40:17Z,,,,0.000413,0.166671,0.367,,
2026-09-30,vtc-usseto-ms-2026-11-03-gt600k,politics,0.0030,0,2026-09-30T05:40:17Z,,,,0.187358,0.166667,2.331,,2
2026-09-30,vtc-usseto-tn-2026-11-03-gt2m,politics,0.0002,0,2026-09-30T05:40:17Z,,,,0.096339,0.166662,0.350,,
2026-09-30,vtc-usseto-ak-2026-11-03-gt305k,politics,0.0000,0,2026-09-30T05:40:17Z,,,,0.001199,0.142895,0.050,,
2026-09-30,vtc-usseto-ga-2026-11-03-gt4pt6m,politics,0.0000,0,2026-09-30T05:40:17Z,,,,0.001681,0.142855,0.295,,3
2026-09-30,aachc-cfb-wins-2026-11-28-utahst-5pt5wins,cfb,0.0001,0,2026-09-30T05:40:17Z,,,,0.002418,5.999878,0.111,,
2026-09-30,aachc-cfb-wins-2026-11-28-aubrn-6pt5wins,cfb,0.0000,0,2026-09-30T05:40:17Z,,,,0.000017,5.999320,0.089,,
2026-09-30,vmc-ussemov-tn-2026-11-03-r15-20,politics,0.0001,0,2026-09-30T05:40:17Z,,,,0.983815,0.100036,0.022,,3
2026-09-30,vtc-usseto-nc-2026-11-03-gt4pt1m,politics,0.0000,0,2026-09-30T05:40:17Z,,,,0.001206,0.142858,0.150,,3
2026-09-30,vtc-usseto-sd-2026-11-03-gt350k,politics,0.0002,0,2026-09-30T05:40:17Z,,,,0.271209,0.142845,0.122,,3
2026-09-30,usgubewc-usgub-me-2026-11-03-dem,politics,0.0003,0,2026-09-30T05:40:17Z,,,,0.042655,4.998876,0.033,,9
2026-09-30,vtc-usseto-ga-2026-11-03-gt4pt4m,politics,0.0000,0,2026-09-30T06:43:50Z,,,,0.001963,0.142862,0.106,,2
2026-09-30,vtc-usseto-nc-2026-11-03-gt4pt3m,politics,0.0000,0,2026-09-30T06:43:50Z,,,,0.003543,0.142861,0.339,,4
2026-09-30,vmc-ussemov-ma-2026-11-03-d25-30,politics,0.0021,0,2026-09-30T06:43:50Z,,,,0.348309,0.100000,1.457,,3
2026-09-30,vmc-usgubmov-sc-2026-11-03-r5-10,politics,0.0015,0,2026-09-30T06:43:50Z,,,,0.454821,0.125000,0.623,,3
2026-09-30,vmc-usgubmov-ga-2026-11-03-d0-3,politics,0.0000,0,2026-09-30T06:43:50Z,,,,0.001712,0.100005,0.256,,
2026-09-30,vmc-usgubmov-ga-2026-11-03-d9-12,politics,0.0004,0,2026-09-30T06:43:50Z,,,,0.238051,0.100001,0.389,,3
2026-09-30,cmovcuss-usseclose-nc-ga-2026-11-03-ga,politics,0.0000,0,2026-09-30T06:43:50Z,,,,0.001277,0.500000,0.289,,
2026-09-30,vtc-usseto-ok-2026-11-03-gt1pt3m,politics,0.0000,0,2026-09-30T06:43:50Z,,,,0.000812,0.166667,0.629,,4
2026-09-30,vmc-usgubmov-ma-2026-11-03-dgte40,politics,0.0002,0,2026-09-30T06:43:50Z,,,,0.805735,0.111121,0.067,,3
2026-09-30,scc-senate-gop-2026-11-03-lte45,politics,0.2463,0,2026-09-30T06:43:50Z,,,,0.193204,17.307700,1.768,,15
2026-09-30,vtc-usgubto-wi-2026-11-03-gt2pt8m,politics,0.0000,0,2026-09-30T07:44:10Z,,,,0.001121,0.166668,0.184,,
2026-09-30,vmc-usgubmov-oh-2026-11-03-d3-6,politics,0.0010,0,2026-09-30T07:44:10Z,,,,0.283264,0.083334,1.052,,
2026-09-30,cmovcuss-usseclose-mi-nh-2026-11-03-nh,politics,0.0000,0,2026-09-30T07:44:10Z,,,,0.001006,0.499983,0.350,,
2026-09-30,cpoc-ussegubc-me-2026-11-03-rsweep,politics,0.0000,1,2026-09-30T07:44:10Z,,,,,,,,10
2026-09-30,scc-senate-demst-2026-11-03-gte51,politics,0.6206,0,2026-09-30T07:44:10Z,,,,0.334064,5.000005,8.918,,6
2026-09-30,vmc-ussemov-al-2026-11-03-r10-15,politics,0.0086,0,2026-09-30T07:44:10Z,,,,0.473504,0.111111,3.900,,4
2026-09-30,aachc-cfb-wins-2026-11-28-rutger-3pt5wins,cfb,0.0000,0,2026-09-30T07:44:10Z,,,,0.000032,5.999803,0.178,,
2026-09-30,vtc-usseto-de-2026-11-03-gt350k,politics,0.0025,0,2026-09-30T07:44:10Z,,,,0.649129,0.111112,0.823,,4
2026-09-30,vtc-usseto-mt-2026-11-03-gt350k,politics,0.0003,0,2026-09-30T07:44:10Z,,,,0.328994,0.166664,0.145,,
2026-09-30,usgubewc-usgub-tx-2026-11-03-rep,politics,1.1286,1,2026-09-30T07:44:10Z,,,,0.032277,112.153448,7.440,,10
2026-09-30,vmc-usgubmov-nh-2026-11-03-r6-9,politics,0.0000,0,2026-09-30T08:44:21Z,,,,0.001188,0.099998,0.668,,2
2026-09-30,vtc-usseto-ks-2026-11-03-gt1pt1m,politics,0.0000,0,2026-09-30T08:44:21Z,,,,0.001107,0.200004,0.389,,
2026-09-30,vmc-usgubmov-ga-2026-11-03-d3-6,politics,0.0000,0,2026-09-30T08:44:21Z,,,,0.000768,0.100001,0.757,,
2026-09-30,ussewc-usse-ms-2026-11-03-dem,politics,0.0000,1,2026-09-30T08:44:21Z,,,,,,,,7
2026-09-30,ewc-usse-ne-2026-11-03-danosb,politics,0.0000,1,2026-09-30T09:46:28Z,,,,,,,,7
2026-09-30,cpoc-ussegubc-ia-2026-11-03-rsweep,politics,0.0975,0,2026-09-30T09:46:28Z,,,,0.275804,2.500010,3.393,,
2026-09-30,cpoc-ussegubc-ks-2026-11-03-rgov-dsen,politics,0.2538,0,2026-09-30T09:46:28Z,,,,0.166844,2.500002,14.606,,8
2026-09-30,cpoc-ussegubc-ks-2026-11-03-rsweep,politics,0.0000,0,2026-09-30T09:46:28Z,,,,0.000011,2.499989,0.456,,
2026-09-30,vtc-usgubto-md-2026-11-03-gt2pt3m,politics,0.0000,0,2026-09-30T09:46:28Z,,,,0.010713,0.142858,0.178,,
2026-09-30,vtc-usseto-nc-2026-11-03-gt4pt5m,politics,0.0013,0,2026-09-30T09:46:28Z,,,,0.360526,0.142857,0.584,,3
2026-09-30,vmc-ussemov-co-2026-11-03-d15-20,politics,0.0036,0,2026-09-30T09:46:28Z,,,,0.428539,0.111110,1.841,,2
2026-09-30,vtc-usseto-id-2026-11-03-gt640k,politics,0.0000,0,2026-09-30T09:46:28Z,,,,0.001275,0.142852,0.234,,
2026-09-30,vmc-ussemov-il-2026-11-03-d20-25,politics,0.0053,0,2026-09-30T09:46:28Z,,,,0.545583,0.109899,2.103,,3
2026-09-30,aachc-cfb-wins-2026-11-28-washst-7pt5wins,cfb,0.0000,0,2026-09-30T09:46:28Z,,,,0.000046,5.999941,0.317,,
2026-09-30,vmc-usgubmov-al-2026-11-03-r5-10,politics,0.0007,0,2026-09-30T09:46:28Z,,,,0.348781,0.111109,0.451,,3
2026-09-30,vmc-ussemov-al-2026-11-03-r5-10,politics,0.0004,0,2026-09-30T09:46:28Z,,,,0.251777,0.111110,0.350,,3
2026-09-30,vmc-usgubmov-id-2026-11-03-r45-50,politics,0.0000,0,2026-09-30T09:46:28Z,,,,0.604230,0.100022,0.011,,3
2026-09-30,vmc-usgubmov-sd-2026-11-03-r20-25,politics,0.0002,0,2026-09-30T09:46:28Z,,,,0.186905,0.100003,0.234,,3
2026-09-30,ewc-usgub-ks-2026-11-03-dem,politics,0.0000,0,2026-09-30T09:46:28Z,,,,0.000005,47.518850,0.006,,7
2026-09-30,vtc-usgubto-az-2026-11-03-gt2pt75m,politics,0.0000,0,2026-09-30T10:47:28Z,,,,0.020888,0.111113,0.250,,2
2026-09-30,vtc-usseto-ks-2026-11-03-gt1m,politics,0.0001,0,2026-09-30T10:47:28Z,,,,0.063735,0.199986,0.172,,3
2026-09-30,vtc-usseto-fl-2026-11-03-gt8pt5m,politics,0.0000,0,2026-09-30T10:47:28Z,,,,0.000632,0.111112,0.217,,
2026-09-30,vtc-usseto-tn-2026-11-03-gt2pt2m,politics,0.0000,0,2026-09-30T10:47:28Z,,,,0.004611,0.166666,0.428,,
2026-09-30,vmc-usgubmov-ne-2026-11-03-dwin,politics,0.0000,0,2026-09-30T10:47:28Z,,,,0.001062,0.111114,0.245,,5
2026-09-30,vtc-usseto-wy-2026-11-03-gt250k,politics,0.0000,0,2026-09-30T10:47:28Z,,,,0.056244,0.166659,0.106,,3
2026-09-30,vtc-usseto-nj-2026-11-03-gt3pt4m,politics,0.0000,0,2026-09-30T10:47:28Z,,,,0.000492,0.124996,0.167,,
2026-09-30,vmc-usgubmov-ks-2026-11-03-d0-3,politics,0.0062,0,2026-09-30T10:47:28Z,,,,0.471834,0.100000,3.149,,3
2026-09-30,vtc-usseto-tx-2026-11-03-gt9pt6m,politics,0.0003,0,2026-09-30T10:47:28Z,,,,0.044137,0.111112,1.396,,3
2026-09-30,cpoc-ussec-tx-mi-me-2026-11-03-dtx-rmi-dme,politics,0.0000,0,2026-09-30T10:47:28Z,,,,0.000004,14.062691,0.757,,
2026-09-30,vmc-ussemov-mi-2026-11-03-r3-6,politics,0.0114,0,2026-09-30T10:47:28Z,,,,0.729056,0.100000,3.738,,4
2026-09-30,vtc-usseto-ok-2026-11-03-gt900k,politics,0.0049,0,2026-09-30T10:47:28Z,,,,0.467597,0.166665,1.519,,2
2026-09-30,cpoc-ussec-tx-me-2026-11-03-rtx-dme,politics,0.0000,0,2026-09-30T10:47:28Z,,,,0.000003,28.125240,0.790,,
2026-09-30,vtc-usgubto-hi-2026-11-03-gt430k,politics,0.0000,0,2026-09-30T10:47:28Z,,,,0.000639,0.142859,0.272,,
2026-09-30,vtc-usseto-ne-2026-11-03-gt800k,politics,0.0006,0,2026-09-30T10:47:28Z,,,,0.318478,0.166663,0.272,,1
2026-09-30,vmc-usgubmov-hi-2026-11-03-dgte45,politics,0.0032,0,2026-09-30T10:47:28Z,,,,0.250720,0.099247,3.045,,3
2026-09-30,aachc-cfb-wins-2026-11-28-pennst-10pt5wins,cfb,0.0000,0,2026-09-30T10:47:28Z,,,,0.000032,7.499711,0.150,,
2026-09-30,vtc-usseto-ga-2026-11-03-gt4pt2m,politics,0.0000,0,2026-09-30T10:47:28Z,,,,0.001276,0.142860,0.206,,
2026-09-30,vtc-usseto-ia-2026-11-03-gt1pt4m,politics,0.0001,0,2026-09-30T10:47:28Z,,,,0.812262,0.111138,0.017,,3
2026-09-30,vtc-usseto-il-2026-11-03-gt3pt5m,politics,0.0037,0,2026-09-30T10:47:28Z,,,,0.521570,0.142859,1.202,,3
2026-09-30,vtc-usseto-va-2026-11-03-gt3pt5m,politics,0.0000,0,2026-09-30T11:50:44Z,,,,0.001276,0.142862,0.122,,
2026-09-30,cpoc-ussec-tx-mi-me-2026-11-03-rsweep,politics,0.0000,0,2026-09-30T11:50:44Z,,,,0.000004,14.062320,0.740,,
2026-09-30,cmovcuss-usseclose-2026-11-03-mi,politics,0.0000,0,2026-09-30T11:50:44Z,,,,0.000169,0.076924,0.373,,
2026-09-30,vtc-usgubto-wi-2026-11-03-gt3m,politics,0.0022,0,2026-09-30T11:50:44Z,,,,0.185470,0.166668,1.746,,3
2026-09-30,vmc-ussemov-wv-2026-11-03-r0-10,politics,0.0066,0,2026-09-30T11:50:44Z,,,,0.462450,0.100000,3.388,,3
2026-09-30,aachc-cfb-wins-2026-11-28-ucf-6pt5wins,cfb,0.0001,0,2026-09-30T11:50:44Z,,,,0.001569,5.999842,0.200,,
2026-09-30,aachc-cfb-wins-2026-11-28-ohiost-10pt5wins,cfb,0.0001,0,2026-09-30T11:50:44Z,,,,0.003081,7.499855,0.122,,
2026-09-30,vtc-usgubto-pa-2026-11-03-gt6pt5m,politics,0.0137,0,2026-09-30T12:54:54Z,,,,1.350874,0.166667,1.458,,2
2026-09-30,vmc-usgubmov-me-2026-11-03-d10-15,politics,0.0022,0,2026-09-30T12:54:54Z,,,,0.373236,0.111110,1.252,,
2026-09-30,usgubewc-usgub-mn-2026-11-03-rep,politics,0.0000,1,2026-09-30T12:54:54Z,,,,,,,,9
2026-09-30,vtc-usgubto-ct-2026-11-03-gt1pt2m,politics,0.0036,0,2026-09-30T12:54:54Z,,,,0.266376,0.142857,2.331,,4
2026-09-30,usgubewc-usgub-ok-2026-11-03-dem,politics,0.0000,1,2026-09-30T12:54:54Z,,,,,,,,7
2026-09-30,vmc-ussemov-co-2026-11-03-d10-15,politics,0.0000,0,2026-09-30T12:54:54Z,,,,0.001846,0.111119,0.161,,
2026-09-30,aachc-cfb-wins-2026-11-28-lou-9pt5wins,cfb,0.0000,1,2026-09-30T12:54:54Z,,,,,,,,7
2026-09-30,aachc-cfb-wins-2026-11-28-okl-7pt5wins,cfb,0.0000,0,2026-09-30T12:54:54Z,,,,0.000108,6.000057,0.172,,
2026-09-30,aachc-cfb-wins-2026-11-28-nebr-7pt5wins,cfb,0.0000,0,2026-09-30T12:54:54Z,,,,0.000011,6.000012,0.167,,
2026-09-30,vtc-usgubto-nv-2026-11-03-gt1125k,politics,0.0000,0,2026-09-30T12:54:54Z,,,,0.001248,0.142852,0.234,,
2026-09-30,vmc-usgubmov-il-2026-11-03-d25-30,politics,0.0002,0,2026-09-30T12:54:54Z,,,,0.819379,0.111097,0.056,,3
2026-09-30,paccc-usse-midterms-2026-11-03-rep,politics,0.0085,0,2026-09-30T12:54:54Z,,,,0.007662,281.273562,0.095,,14
2026-09-30,vmc-usgubmov-ne-2026-11-03-rgte35,politics,0.0035,0,2026-09-30T12:54:54Z,,,,0.492284,0.111111,1.552,,4
2026-09-30,vmc-usgubmov-ny-2026-11-03-d10-15,politics,0.0013,0,2026-09-30T13:56:09Z,,,,0.100941,0.111112,2.888,,3
2026-09-30,vtc-usseto-me-2026-11-03-gt750k,politics,0.0000,0,2026-09-30T13:56:09Z,,,,0.000797,0.142854,0.211,,
2026-09-30,vtc-usseto-sc-2026-11-03-gt1pt8m,politics,0.0000,0,2026-09-30T13:56:09Z,,,,0.003933,0.199985,0.178,,
2026-09-30,vtc-usseto-wy-2026-11-03-gt230k,politics,0.0077,0,2026-09-30T13:56:09Z,,,,0.895985,0.166665,1.235,,3
2026-09-30,vtc-usseto-mi-2026-11-03-gt5pt6m,politics,0.0001,0,2026-09-30T13:56:09Z,,,,0.017366,0.124999,0.701,,3
2026-09-30,cpoc-ussegubc-ia-2026-11-03-dsweep,politics,0.0000,1,2026-09-30T13:56:09Z,,,,,,,,7
2026-09-30,vtc-usseto-co-2026-11-03-gt2pt55m,politics,0.0000,0,2026-09-30T13:56:09Z,,,,0.002121,0.142844,0.145,,
2026-09-30,vmc-ussemov-la-2026-11-03-r15-20,politics,0.0064,0,2026-09-30T13:56:09Z,,,,0.443018,0.111111,3.110,,3
2026-09-30,vmc-usgubmov-wy-2026-11-03-r30-35,politics,0.0052,0,2026-09-30T13:56:09Z,,,,0.453812,0.100000,2.748,,2
2026-09-30,vtc-usseto-sd-2026-11-03-gt325k,politics,0.0000,0,2026-09-30T13:56:09Z,,,,0.001149,0.142866,0.206,,
2026-09-30,usgubewc-usgub-or-2026-11-03-rep,politics,0.0000,0,2026-09-30T13:56:09Z,,,,,5.003055,0.011,,
2026-09-30,vmc-ussemov-me-2026-11-03-d3-6,politics,0.0036,0,2026-09-30T13:56:09Z,,,,0.381693,0.083333,2.721,,2
2026-09-30,vmc-ussemov-or-2026-11-03-d25-30,politics,0.0045,0,2026-09-30T13:56:09Z,,,,0.352201,0.111111,2.749,,3
2026-09-30,vtc-usseto-ky-2026-11-03-gt1pt5m,politics,0.0000,0,2026-09-30T13:56:09Z,,,,0.004367,0.142853,0.195,,
2026-09-30,vtc-usseto-ma-2026-11-03-gt2pt95m,politics,0.0000,0,2026-09-30T13:56:09Z,,,,0.001801,0.142848,0.128,,
2026-09-30,aachc-cfb-wins-2026-11-28-txam-8pt5wins,cfb,0.0000,0,2026-09-30T13:56:09Z,,,,0.000073,7.500593,0.095,,
2026-09-30,cpoc-ussec-tx-me-2026-11-03-rsweep,politics,0.0000,0,2026-09-30T13:56:09Z,,,,0.000016,28.124882,1.374,,
2026-09-30,vtc-usseto-co-2026-11-03-gt3m,politics,0.0002,0,2026-09-30T13:56:09Z,,,,0.610502,0.142829,0.044,,3
2026-09-30,vtc-usgubto-nv-2026-11-03-gt1pt2m,politics,0.0000,0,2026-09-30T14:57:33Z,,,,0.006163,0.142853,0.100,,
2026-09-30,vmc-usgubmov-ny-2026-11-03-d15-20,politics,0.0047,0,2026-09-30T14:57:33Z,,,,0.453577,0.111111,2.254,,2
2026-09-30,vmc-usgubmov-ny-2026-11-03-d5-10,politics,0.0084,0,2026-09-30T14:57:33Z,,,,0.735048,0.111111,2.459,,3
2026-09-30,vtc-usseto-wy-2026-11-03-gt190k,politics,0.0000,0,2026-09-30T14:57:33Z,,,,0.001274,0.166677,0.145,,
2026-09-30,vmc-ussemov-oh-2026-11-03-d6-9,politics,0.0039,0,2026-09-30T14:57:33Z,,,,0.438865,0.083334,2.548,,3
2026-09-30,vtc-usseto-mt-2026-11-03-gt500k,politics,0.0000,0,2026-09-30T14:57:33Z,,,,0.003447,0.166664,0.200,,5
2026-09-30,cmovcuss-usseclose-nc-ga-2026-11-03-nc,politics,0.0000,0,2026-09-30T14:57:33Z,,,,0.001267,0.500009,0.345,,
2026-09-30,vmc-ussemov-il-2026-11-03-d10-15,politics,0.0000,0,2026-09-30T14:57:33Z,,,,0.000402,0.111114,0.250,,
2026-09-30,vtc-usseto-ky-2026-11-03-gt1pt6m,politics,0.0000,0,2026-09-30T14:57:33Z,,,,0.005475,0.142862,0.106,,
2026-09-30,vmc-ussemov-ar-2026-11-03-r15-20,politics,0.0054,0,2026-09-30T14:57:33Z,,,,0.458964,0.110102,2.526,,2
2026-09-30,vmc-usgubmov-az-2026-11-03-d6-9,politics,0.0030,0,2026-09-30T14:57:33Z,,,,0.335444,0.099999,2.209,,3
2026-09-30,cmovcuss-usseclose-ks-ga-2026-11-03-ks,politics,0.0000,0,2026-09-30T14:57:33Z,,,,0.001277,0.500032,0.184,,
2026-09-30,aachc-cfb-wins-2026-11-28-txam-7pt5wins,cfb,0.0000,1,2026-09-30T14:57:33Z,,,,,,,,7
2026-09-30,vmc-usgubmov-az-2026-11-03-r3-6,politics,0.0003,0,2026-09-30T16:18:45Z,,,,0.199758,0.100000,0.307,,
2026-09-30,vmc-ussemov-ks-2026-11-03-r10-15,politics,0.0029,0,2026-09-30T16:18:45Z,,,,0.266811,0.111112,2.298,,3
2026-09-30,vtc-usseto-id-2026-11-03-gt720k,politics,0.0000,0,2026-09-30T16:18:45Z,,,,0.002440,0.142853,0.072,,
2026-09-30,vmc-ussemov-sd-2026-11-03-r10-15,politics,0.0011,0,2026-09-30T16:18:45Z,,,,0.444663,0.099999,0.618,,2
2026-09-30,cmovcuss-usseclose-tx-ne-2026-11-03-ne,politics,0.0000,0,2026-09-30T16:18:45Z,,,,0.000662,0.500001,0.301,,
2026-09-30,vmc-ussemov-ks-2026-11-03-r5-10,politics,0.0000,0,2026-09-30T16:18:45Z,,,,0.001174,0.111113,0.134,,
2026-09-30,vmc-ussemov-or-2026-11-03-d30-35,politics,0.0050,0,2026-09-30T16:18:45Z,,,,0.495714,0.109937,2.171,,2
2026-09-30,vtc-usseto-mi-2026-11-03-gt4pt4m,politics,0.0000,0,2026-09-30T16:18:45Z,,,,0.000222,0.124945,0.028,,
2026-09-30,vmc-usgubmov-oh-2026-11-03-d6-9,politics,0.0026,0,2026-09-30T16:18:45Z,,,,0.375038,0.083333,1.987,,3
2026-09-30,cmovcuss-usseclose-tx-ak-2026-11-03-tx,politics,0.0000,0,2026-09-30T16:18:45Z,,,,0.001277,0.500005,0.212,,
2026-09-30,vtc-usseto-va-2026-11-03-gt3pt25m,politics,0.0001,0,2026-09-30T16:18:45Z,,,,0.360664,0.142874,0.061,,3
2026-09-30,cmovcuss-usseclose-ks-ga-2026-11-03-ga,politics,0.0000,0,2026-09-30T17:19:51Z,,,,0.004916,0.499989,0.351,,
2026-09-30,vmc-usgubmov-md-2026-11-03-d40-45,politics,0.0026,0,2026-09-30T17:19:51Z,,,,0.322358,0.099999,1.925,,3
2026-09-30,vmc-ussemov-id-2026-11-03-r30-35,politics,0.0042,0,2026-09-30T17:19:51Z,,,,0.425440,0.111111,2.108,,3
2026-09-30,ussewc-usse-sc-2026-11-03-dem,politics,0.0000,1,2026-09-30T18:22:03Z,,,,,,,,10
2026-09-30,vmc-usgubmov-ny-2026-11-03-d20-25,politics,0.0001,0,2026-09-30T18:22:03Z,,,,0.999431,0.111066,0.022,,3
2026-09-30,vmc-ussemov-nj-2026-11-03-d30-35,politics,0.0003,0,2026-09-30T18:22:03Z,,,,0.933897,0.111125,0.061,,3
2026-09-30,aachc-cfb-wins-2026-11-28-ore-10pt5wins,cfb,0.0000,0,2026-09-30T18:22:03Z,,,,0.000059,7.499498,0.072,,
2026-09-30,aachc-cfb-wins-2026-11-28-vand-3pt5wins,cfb,0.0094,0,2026-09-30T18:22:03Z,,,,0.064862,5.999986,0.579,,6
2026-09-30,vtc-usseto-ia-2026-11-03-gt1pt35m,politics,0.0001,0,2026-09-30T18:22:03Z,,,,0.325231,0.111139,0.033,,
2026-09-30,vtc-usseto-il-2026-11-03-gt4pt25m,politics,0.0001,0,2026-09-30T18:22:03Z,,,,0.048824,0.142855,0.206,,3
2026-09-30,vtc-usgubto-pa-2026-11-03-gt5m,politics,0.0006,0,2026-09-30T18:22:03Z,,,,0.441998,0.166663,0.189,,
2026-09-30,vtc-usgubto-ct-2026-11-03-gt1pt5m,politics,0.0000,0,2026-09-30T18:22:03Z,,,,0.007797,0.142854,0.200,,
2026-09-30,vmc-usgubmov-ne-2026-11-03-r30-35,politics,0.0001,0,2026-09-30T18:22:03Z,,,,0.194419,0.111090,0.072,,3
2026-09-30,vmc-ussemov-ky-2026-11-03-rgte45,politics,0.0002,0,2026-09-30T18:22:03Z,,,,0.367962,0.099997,0.100,,4
2026-09-30,vmc-ussemov-nm-2026-11-03-d20-25,politics,0.0002,0,2026-09-30T18:22:03Z,,,,0.938981,0.111081,0.050,,3
2026-09-30,vmc-usgubmov-md-2026-11-03-d45-50,politics,0.0004,0,2026-09-30T18:22:03Z,,,,0.913463,0.100010,0.117,,
2026-09-30,vmc-ussemov-nj-2026-11-03-dgte35,politics,0.0001,0,2026-09-30T18:22:03Z,,,,0.939454,0.111124,0.033,,3
2026-09-30,aachc-cfb-wins-2026-11-28-mia-11pt5wins,cfb,0.0000,0,2026-09-30T18:22:03Z,,,,0.000014,6.000474,0.117,,
2026-09-30,vtc-usseto-ma-2026-11-03-gt2pt8m,politics,0.0040,0,2026-09-30T19:26:13Z,,,,0.849456,0.142859,0.795,,3
2026-09-30,vmc-ussemov-or-2026-11-03-d20-25,politics,0.0039,0,2026-09-30T19:26:13Z,,,,0.527443,0.111111,1.624,,2
2026-09-30,vmc-usgubmov-ca-2026-11-03-d25-30,politics,0.0000,0,2026-09-30T19:26:13Z,,,,0.007061,0.111117,0.195,,
2026-09-30,vmc-usgubmov-ri-2026-11-03-d20-25,politics,0.0035,0,2026-09-30T19:26:13Z,,,,0.474657,0.111112,1.574,,2
2026-09-30,vmc-usgubmov-az-2026-11-03-d12-15,politics,0.0000,0,2026-09-30T19:26:13Z,,,,0.006911,0.099996,0.295,,
2026-09-30,vmc-usgubmov-ct-2026-11-03-d10-15,politics,0.0014,0,2026-09-30T19:26:13Z,,,,0.727424,0.124996,0.362,,
2026-09-30,vmc-ussemov-ri-2026-11-03-d25-30,politics,0.0032,0,2026-09-30T19:26:13Z,,,,0.510860,0.100001,1.485,,3
2026-09-30,vtc-usseto-ar-2026-11-03-gt975k,politics,0.0000,0,2026-09-30T19:26:13Z,,,,0.000737,0.142855,0.161,,
2026-09-30,vmc-ussemov-nc-2026-11-03-d3-6,politics,0.0072,0,2026-09-30T19:26:13Z,,,,1.069194,0.100000,1.630,,3
2026-09-30,usgubewc-usgub-vt-2026-11-03-dem,politics,0.0000,1,2026-09-30T19:26:13Z,,,,,,,,9
2026-09-30,vmc-usgubmov-al-2026-11-03-r15-20,politics,0.0030,0,2026-09-30T19:26:13Z,,,,0.488244,0.111111,1.324,,3
2026-09-30,vmc-ussemov-nh-2026-11-03-d6-9,politics,0.0069,0,2026-09-30T19:26:13Z,,,,1.098103,0.100001,1.508,,3
2026-09-30,vmc-usgubmov-ct-2026-11-03-d5-10,politics,0.0000,0,2026-09-30T19:26:13Z,,,,0.002971,0.125006,0.245,,
2026-09-30,vtc-usseto-oh-2026-11-03-gt4pt65m,politics,0.0018,0,2026-09-30T19:26:13Z,,,,0.625354,0.111110,0.623,,2
2026-09-30,ussewc-usse-ks-2026-11-03-dem,politics,0.0000,0,2026-09-30T19:26:13Z,,,,0.000001,5.000084,0.762,,
2026-09-30,vtc-usseto-mi-2026-11-03-gt4pt6m,politics,0.0015,0,2026-09-30T19:26:13Z,,,,0.420830,0.124998,0.690,,2
2026-09-30,vmc-ussemov-ok-2026-11-03-r20-25,politics,0.0012,0,2026-09-30T19:26:13Z,,,,0.886232,0.099997,0.317,,2
2026-09-30,vmc-usgubmov-wy-2026-11-03-rgte50,politics,0.0002,0,2026-09-30T19:26:13Z,,,,0.925665,0.100010,0.061,,3
2026-09-30,vmc-usgubmov-ma-2026-11-03-d30-35,politics,0.0001,0,2026-09-30T19:26:13Z,,,,1.000203,0.111152,0.017,,3
2026-09-30,scc-hrep-rep-2026-11-03-gte180,politics,0.0552,0,2026-09-30T19:26:13Z,,,,0.045556,18.749891,1.551,,9
2026-09-30,vtc-usseto-ia-2026-11-03-gt1pt3m,politics,0.0000,0,2026-09-30T19:26:13Z,,,,0.138847,0.111109,0.050,,4
2026-09-30,usgubewc-usgub-fl-2026-11-03-dem,politics,0.0000,1,2026-09-30T20:28:33Z,,,,,,,,7
2026-09-30,vtc-usseto-ma-2026-11-03-gt2pt65m,politics,0.0000,0,2026-09-30T20:28:33Z,,,,0.007378,0.142855,0.245,,
2026-09-30,vmc-ussemov-sc-2026-11-03-r5-10,politics,0.0000,0,2026-09-30T20:28:33Z,,,,0.006584,0.124996,0.350,,3
2026-09-30,vtc-usseto-nh-2026-11-03-gt700k,politics,0.0000,0,2026-09-30T20:28:33Z,,,,0.005451,0.142846,0.173,,
2026-09-30,vmc-usgubmov-az-2026-11-03-d15-18,politics,0.0000,0,2026-09-30T20:28:33Z,,,,0.001219,0.100000,0.317,,
2026-09-30,vmc-ussemov-sc-2026-11-03-r10-15,politics,0.0034,0,2026-09-30T20:28:33Z,,,,0.540092,0.124999,1.218,,2
2026-09-30,aachc-cfb-wins-2026-11-28-sdst-6pt5wins,cfb,0.0000,0,2026-09-30T20:28:33Z,,,,0.000047,10.000730,0.184,,
2026-09-30,vmc-usgubmov-ny-2026-11-03-d25-30,politics,0.0001,0,2026-09-30T20:28:33Z,,,,0.909468,0.111164,0.022,,3
2026-09-30,ewc-usse-tx-2026-11-03-rep,politics,0.1532,0,2026-09-30T20:28:33Z,,,,0.002646,279.941774,4.932,,11
2026-09-30,vmc-usgubmov-al-2026-11-03-r0-5,politics,0.0001,0,2026-09-30T20:28:33Z,,,,1.000223,0.111144,0.022,,3
2026-09-30,vmc-ussemov-sc-2026-11-03-r0-5,politics,0.0001,0,2026-09-30T20:28:33Z,,,,0.539135,0.125036,0.022,,2
2026-09-30,vtc-usseto-ky-2026-11-03-gt1pt8m,politics,0.0012,0,2026-09-30T21:29:01Z,,,,0.536679,0.142852,0.362,,2
2026-09-30,vtc-usseto-va-2026-11-03-gt3pt75m,politics,0.0000,0,2026-09-30T21:29:01Z,,,,0.016869,0.142859,0.139,,
2026-09-30,vmc-usgubmov-me-2026-11-03-d5-10,politics,0.0019,0,2026-09-30T21:29:01Z,,,,0.528747,0.111111,0.807,,2
2026-09-30,vmc-ussemov-ma-2026-11-03-d35-40,politics,0.0000,0,2026-09-30T21:29:01Z,,,,0.000778,0.100003,0.345,,
2026-09-30,vtc-usseto-ar-2026-11-03-gt1pt05m,politics,0.0000,0,2026-09-30T21:29:01Z,,,,0.004049,0.142873,0.122,,
2026-09-30,vmc-usgubmov-ca-2026-11-03-d20-25,politics,0.0018,0,2026-09-30T21:29:01Z,,,,0.486251,0.107976,0.813,,3
2026-09-30,vmc-usgubmov-ma-2026-11-03-d25-30,politics,0.0016,0,2026-09-30T21:29:01Z,,,,0.503956,0.111112,0.718,,2
2026-09-30,vmc-ussemov-nh-2026-11-03-d15-18,politics,0.0003,0,2026-09-30T21:29:01Z,,,,0.931936,0.100017,0.067,,3
2026-09-30,aachc-cfb-wins-2026-11-28-lsu-9pt5wins,cfb,0.0000,0,2026-09-30T21:29:01Z,,,,0.000305,6.000452,0.178,,
2026-09-30,vmc-ussemov-oh-2026-11-03-d0-3,politics,0.0000,0,2026-09-30T21:29:01Z,,,,0.006914,0.083329,0.145,,2
2026-09-30,vmc-usgubmov-mi-2026-11-03-d9-12,politics,0.0002,0,2026-09-30T21:29:01Z,,,,0.917074,0.099985,0.061,,4
2026-09-30,vmc-usgubmov-md-2026-11-03-dgte50,politics,0.0002,0,2026-09-30T21:29:01Z,,,,0.933888,0.099991,0.061,,3
2026-09-30,vmc-usgubmov-wi-2026-11-03-d9-12,politics,0.0001,0,2026-09-30T21:29:01Z,,,,0.927576,0.100033,0.028,,3
2026-09-30,vmc-ussemov-nj-2026-11-03-d10-15,politics,0.0000,0,2026-09-30T21:29:01Z,,,,0.604420,0.111170,0.006,,3
2026-09-30,vmc-ussemov-de-2026-11-03-d30-35,politics,0.0000,0,2026-09-30T22:38:21Z,,,,0.000457,0.099999,0.645,,
2026-09-30,vtc-usseto-or-2026-11-03-gt2pt2m,politics,0.0000,0,2026-09-30T22:38:21Z,,,,0.020604,0.125002,0.111,,
2026-09-30,vmc-usgubmov-fl-2026-11-03-r3-6,politics,0.0012,0,2026-09-30T22:38:21Z,,,,0.435667,0.099998,0.651,,4
2026-09-30,vtc-usseto-nh-2026-11-03-gt650k,politics,0.0000,0,2026-09-30T22:38:21Z,,,,0.012638,0.142851,0.239,,4
2026-09-30,paccc-balpow-2026-11-03-rhou-dsen,politics,0.0045,1,2026-10-01T01:59:32Z,,,,0.000725,140.625000,1.056,,9
2026-09-30,paccc-balpow-2026-11-03-dhou-rsen,politics,0.1324,1,2026-10-01T01:59:32Z,,,,0.021397,140.625000,1.056,,9
2026-09-30,scc-senate-gop-2026-11-03-46,politics,0.0697,0,2026-10-01T01:59:32Z,,,,0.067981,17.307692,1.423,,7
2026-09-30,scc-senate-gop-2026-11-03-47,politics,0.0207,0,2026-10-01T01:59:32Z,,,,0.020194,17.307692,1.423,,15
2026-09-30,scc-senate-gop-2026-11-03-49,politics,0.0976,0,2026-10-01T01:59:32Z,,,,0.097416,17.307692,1.389,,11
2026-09-30,scc-senate-gop-2026-11-03-51,politics,0.0547,0,2026-10-01T01:59:32Z,,,,0.055273,17.307692,1.373,,12
2026-09-30,scc-senate-gop-2026-11-03-53,politics,0.0393,0,2026-10-01T01:59:32Z,,,,0.039736,17.307692,1.373,,9
2026-09-30,scc-senate-gop-2026-11-03-55,politics,0.0495,0,2026-10-01T01:59:32Z,,,,0.050008,17.307692,1.373,,11
2026-09-30,scc-senate-gop-2026-11-03-gte57,politics,0.1866,0,2026-10-01T01:59:32Z,,,,0.192425,17.307692,1.345,,7
2026-09-30,scc-senate-gop-2026-11-03-56,politics,0.0577,0,2026-10-01T01:59:32Z,,,,0.059472,17.307692,1.345,,11
2026-09-30,scc-hrep-rep-2026-11-03-gte225,politics,0.0632,0,2026-10-01T01:59:32Z,,,,0.065567,18.750000,1.234,,8
2026-09-30,scc-hrep-rep-2026-11-03-gte230,politics,0.1191,0,2026-10-01T01:59:32Z,,,,0.123541,18.750000,1.234,,8
2026-09-30,scc-hrep-rep-2026-11-03-gte215,politics,0.1272,0,2026-10-01T01:59:32Z,,,,0.137558,18.750000,1.184,,9
2026-09-30,scc-hrep-rep-2026-11-03-gte190,politics,0.0841,0,2026-10-01T01:59:32Z,,,,0.094484,18.750000,1.139,,8
2026-09-30,usgubewc-usgub-ak-2026-11-03-jonkre,politics,0.0035,1,2026-10-01T03:00:12Z,,,,0.002672,32.142857,0.989,,9
2026-09-29,ewc-usse-ia-2026-11-03-dem,politics,0.0000,1,2026-09-29T04:19:07Z,,,,,,,,8
2026-09-29,usgubewc-usgub-nm-2026-11-03-dem,politics,0.0003,1,2026-09-29T04:19:07Z,,,,0.017857,5.000000,0.083,,6
2026-09-29,scc-senate-gop-2026-11-03-48,politics,0.0000,1,2026-09-29T04:19:07Z,,,,,17.307814,0.089,,10
2026-09-29,ewc-usgub-oh-2026-11-03-rep,politics,0.0000,1,2026-09-29T04:19:07Z,,,,,112.519378,0.056,,9
2026-09-29,ewc-usse-ak-2026-11-03-dem,politics,0.0000,1,2026-09-29T04:19:07Z,,,,,,,,9
2026-09-29,scc-senate-gop-2026-11-03-52,politics,0.0000,1,2026-09-29T04:19:07Z,,,,,17.307936,0.339,,11
2026-09-29,ewc-usgub-wi-2026-11-03-rep,politics,0.0000,1,2026-09-29T04:19:07Z,,,,,,,,10
2026-09-29,paccc-balpow-2026-11-03-dsweep,politics,0.0000,1,2026-09-29T04:19:07Z,,,,,,,,8
2026-09-29,ewc-usse-nh-2026-11-03-dem,politics,0.0855,1,2026-09-29T04:19:07Z,,,,0.001305,112.087553,13.905,,9
2026-09-29,scc-senate-gop-2026-11-03-54,politics,0.0000,1,2026-09-29T04:19:07Z,,,,0.000035,17.307805,0.122,,11
2026-09-29,ussewc-usse-il-2026-11-03-rep,politics,0.0003,1,2026-09-29T04:19:07Z,,,,0.000073,4.972314,20.504,,7
2026-09-29,ushrewc-ushr-ca-45-2026-11-03-dem,politics,0.0432,2,2026-09-29T04:19:07Z,,,,0.000948,47.264928,22.940,,8
2026-09-29,ewc-usgub-nv-2026-11-03-rep,politics,0.0000,1,2026-09-29T04:19:07Z,,,,,112.530727,0.017,,7
2026-09-29,paccc-balpow-2026-11-03-rsweep,politics,0.0000,1,2026-09-29T04:19:07Z,,,,,,,,8
2026-09-29,ushrewc-ushr-nc-01-2026-11-03-dem,politics,0.0378,1,2026-09-29T04:19:07Z,,,,0.000892,47.246450,21.266,,7
2026-09-29,usgubewc-usgub-al-2026-11-03-rep,politics,0.0000,2,2026-09-29T04:19:07Z,,,,,,,,7
2026-09-29,ussewc-usse-nm-2026-11-03-rep,politics,0.0062,1,2026-09-29T04:19:07Z,,,,0.001453,4.972481,20.626,,5
2026-09-29,usgubewc-usgub-ne-2026-11-03-rep,politics,0.0002,5,2026-09-29T04:19:07Z,,,,0.000075,4.974986,10.190,,6
2026-09-29,scc-hrep-rep-2026-11-03-gte225,politics,0.2638,0,2026-09-29T04:19:07Z,,,,0.016616,18.644642,20.204,,8
2026-09-29,ushrewc-ushr-tx-34-2026-11-03-rep,politics,0.0000,1,2026-09-29T04:19:07Z,,,,,,,,10
2026-09-29,vmc-ussemov-mn-2026-11-03-rgte5,politics,0.0129,1,2026-09-29T04:19:07Z,,,,0.499919,0.125000,4.956,,4
2026-09-29,usgubewc-usgub-sc-2026-11-03-dem,politics,0.4262,0,2026-09-29T04:19:07Z,,,,0.087963,4.975425,23.096,,7
2026-09-29,cpoc-ussegubc-ga-2026-11-03-rgov-dsen,politics,0.1518,1,2026-09-29T04:19:07Z,,,,0.068810,2.493949,21.053,,6
2026-09-29,usgubewc-usgub-id-2026-11-03-dem,politics,0.0015,2,2026-09-29T04:19:07Z,,,,0.000306,4.975991,23.641,,8
2026-09-29,usgubewc-usgub-me-2026-11-03-rep,politics,0.0075,1,2026-09-29T04:19:07Z,,,,0.001622,4.974181,21.984,,9
2026-09-29,vtc-usseto-ri-2026-11-03-gt400k,politics,0.0243,3,2026-09-29T04:19:07Z,,,,1.001901,0.200001,2.904,,6
2026-09-29,cpoc-ussegubc-ks-2026-11-03-dgov-rsen,politics,0.0216,1,2026-09-29T04:19:07Z,,,,0.015839,2.490211,13.016,,7
2026-09-29,scc-hrep-rep-2026-11-03-gte235,politics,0.0021,1,2026-09-29T04:19:07Z,,,,0.000746,18.750104,3.598,,7
2026-09-29,vtc-usseto-ar-2026-11-03-gt900k,politics,0.0090,2,2026-09-29T04:19:07Z,,,,0.415902,0.142857,3.638,,3
2026-09-29,vtc-usseto-fl-2026-11-03-gt8m,politics,0.0128,2,2026-09-29T04:19:07Z,,,,0.746272,0.111111,3.710,,3
2026-09-29,vtc-usseto-la-2026-11-03-gt1pt1m,politics,0.0010,1,2026-09-29T04:19:07Z,,,,0.061822,0.142856,2.965,,4
2026-09-29,vtc-usseto-il-2026-11-03-gt4pt5m,politics,0.0090,1,2026-09-29T04:19:07Z,,,,0.500510,0.142857,3.010,,3
2026-09-29,vtc-usseto-nj-2026-11-03-gt2pt4m,politics,0.0079,1,2026-09-29T04:19:07Z,,,,0.498694,0.125000,3.020,,3
2026-09-29,vtc-usgubto-md-2026-11-03-gt2pt15m,politics,0.0152,1,2026-09-29T04:19:07Z,,,,0.499936,0.142857,5.123,,3
2026-09-29,vtc-usgubto-ny-2026-11-03-gt5m,politics,0.0159,1,2026-09-29T04:19:07Z,,,,0.467184,0.166667,4.895,,3
2026-09-29,vtc-usgubto-ct-2026-11-03-gt1pt3m,politics,0.0160,0,2026-09-29T04:19:07Z,,,,0.523579,0.142858,5.139,,4
2026-09-29,ushrewc-ushr-tx-34-2026-11-03-dem,politics,0.0000,1,2026-09-29T04:19:07Z,,,,,,,,8
2026-09-29,scc-hrep-rep-2026-11-03-gte205,politics,2.6607,1,2026-09-29T04:19:07Z,,,,0.144056,18.659838,23.608,,9
2026-09-29,vtc-usseto-mn-2026-11-03-gt2pt75m,politics,0.0031,1,2026-09-29T04:19:07Z,,,,0.203151,0.125000,2.898,,3
2026-09-29,vtc-usseto-mi-2026-11-03-gt5pt6m,politics,0.0000,0,2026-09-29T04:19:07Z,,,,0.000528,0.125000,2.230,,4
2026-09-29,vmc-ussemov-me-2026-11-03-r0-3,politics,0.0110,1,2026-09-29T04:19:07Z,,,,0.610516,0.083334,5.145,,4
2026-09-29,ewc-usgub-wi-2026-11-03-dem,politics,0.0016,1,2026-09-29T04:19:07Z,,,,0.019868,112.533677,0.017,,8
2026-09-29,vtc-usgubto-ny-2026-11-03-gt6m,politics,0.0004,1,2026-09-29T04:19:07Z,,,,0.012277,0.166666,5.173,,3
2026-09-29,vmc-ussemov-mi-2026-11-03-r3-6,politics,0.0013,0,2026-09-29T04:19:07Z,,,,0.157260,0.100001,1.969,,5
2026-09-29,vmc-usgubmov-me-2026-11-03-d15-20,politics,0.0107,1,2026-09-29T04:19:07Z,,,,0.442383,0.111111,5.256,,3
2026-09-29,ewc-usse-me-2026-11-03-dem,politics,0.0706,1,2026-09-29T04:19:07Z,,,,0.065989,112.495381,0.228,,11
2026-09-29,vmc-usgubmov-tx-2026-11-03-d0-3,politics,0.0104,1,2026-09-29T04:19:07Z,,,,0.496032,0.090909,5.546,,3
2026-09-29,vmc-ushrmov-ca-47-2026-11-03-rwin,politics,0.0064,1,2026-09-29T04:19:07Z,,,,0.202840,0.125000,6.002,,5
2026-09-29,vtc-usgubto-vt-2026-11-03-gt325k,politics,0.0345,2,2026-09-29T04:19:07Z,,,,1.010716,0.166667,4.922,,4
2026-09-29,vmc-ussemov-al-2026-11-03-r10-15,politics,0.0098,0,2026-09-29T04:19:07Z,,,,0.465676,0.111111,4.550,,5
2026-09-29,vmc-usgubmov-az-2026-11-03-d9-12,politics,0.0151,1,2026-09-29T04:19:07Z,,,,0.545700,0.099226,6.581,,4
2026-09-29,vmc-ussemov-mi-2026-11-03-d3-6,politics,0.0112,1,2026-09-29T04:19:07Z,,,,0.442474,0.100000,6.091,,3
2026-09-29,vmc-ussemov-nj-2026-11-03-d15-20,politics,0.0075,1,2026-09-29T04:19:07Z,,,,0.333731,0.111112,4.851,,3
2026-09-29,vmc-usgubmov-sc-2026-11-03-r10-15,politics,0.0113,1,2026-09-29T04:19:07Z,,,,0.398085,0.125000,5.452,,3
2026-09-29,vmc-ussemov-ky-2026-11-03-r0-10,politics,0.0219,2,2026-09-29T04:19:07Z,,,,0.993192,0.100000,5.307,,5
2026-09-29,vtc-usseto-mi-2026-11-03-gt4pt8m,politics,0.0075,1,2026-09-29T04:19:07Z,,,,0.479800,0.125000,2.988,,3
2026-09-29,vmc-ussemov-al-2026-11-03-r25-30,politics,0.0156,1,2026-09-29T04:19:07Z,,,,0.593481,0.111111,5.663,,4
2026-09-29,vmc-ussemov-tn-2026-11-03-r25-30,politics,0.0153,1,2026-09-29T04:19:07Z,,,,0.654856,0.100000,5.612,,4
2026-09-29,ussewc-usse-al-2026-11-03-dem,politics,0.0052,2,2026-09-29T04:19:07Z,,,,0.001033,4.975901,23.552,,6
2026-09-29,vmc-usgubmov-fl-2026-11-03-r6-9,politics,0.0092,1,2026-09-29T04:19:07Z,,,,0.391647,0.100000,5.668,,3
2026-09-29,ewc-usse-me-2026-11-03-rep,politics,0.0000,1,2026-09-29T04:19:07Z,,,,,,,,9
2026-09-29,ushrewc-ushr-tx-15-2026-11-03-dem,politics,0.1632,1,2026-09-29T04:19:07Z,,,,0.003472,47.271911,23.641,,10
2026-09-29,vtc-usgubto-hi-2026-11-03-gt460k,politics,0.0193,1,2026-09-29T04:19:07Z,,,,0.529056,0.141659,6.075,,3
2026-09-29,vmc-usgubmov-hi-2026-11-03-d25-30,politics,0.0069,0,2026-09-29T04:19:07Z,,,,0.270760,0.100000,6.168,,5
2026-09-29,vmc-usgubmov-il-2026-11-03-d20-25,politics,0.0111,1,2026-09-29T04:19:07Z,,,,0.440020,0.111111,5.468,,4
2026-09-29,vmc-ussemov-id-2026-11-03-r20-25,politics,0.0127,1,2026-09-29T04:19:07Z,,,,0.488935,0.111111,5.613,,3
2026-09-29,vmc-usgubmov-nh-2026-11-03-r9-12,politics,0.0121,1,2026-09-29T04:19:07Z,,,,0.491163,0.100000,5.913,,5
2026-09-29,scc-senate-gop-2026-11-03-50,politics,0.0078,1,2026-09-29T04:19:07Z,,,,0.002845,17.307632,3.794,,12
2026-09-29,vmc-usgubmov-il-2026-11-03-d25-30,politics,0.0058,1,2026-09-29T04:19:07Z,,,,0.133649,0.111111,9.484,,3
2026-09-29,scc-hrep-rep-2026-11-03-gte210,politics,2.9613,1,2026-09-29T04:19:07Z,,,,0.159478,18.659503,23.519,,10
2026-09-29,vmc-usgubmov-nh-2026-11-03-r12-15,politics,0.0067,1,2026-09-29T04:19:07Z,,,,0.300019,0.100000,5.307,,4
2026-09-29,vmc-usgubmov-il-2026-11-03-d0-5,politics,0.0072,2,2026-09-29T04:19:07Z,,,,0.313649,0.111111,4.961,,4
2026-09-29,vmc-ussemov-fl-2026-11-03-r6-9,politics,0.0114,2,2026-09-29T04:19:07Z,,,,0.621655,0.100000,4.406,,5
2026-09-29,usgubewc-usgub-hi-2026-11-03-rep,politics,0.0104,1,2026-09-29T04:19:07Z,,,,0.002094,4.975991,23.641,,7
2026-09-29,vtc-usseto-wv-2026-11-03-gt450k,politics,0.0101,1,2026-09-29T04:19:07Z,,,,0.499793,0.166667,2.915,,3
2026-09-29,cpoc-ussec-tx-me-2026-11-03-dsweep,politics,0.0280,2,2026-09-29T04:19:07Z,,,,0.001009,27.989611,23.585,,13
2026-09-29,vmc-ussemov-wy-2026-11-03-r30-35,politics,0.0097,0,2026-09-29T04:19:07Z,,,,0.438154,0.100000,5.373,,3
2026-09-29,vmc-ussemov-nh-2026-11-03-d9-12,politics,0.0071,1,2026-09-29T04:19:07Z,,,,0.323209,0.100000,5.223,,4
2026-09-29,vmc-ussemov-ar-2026-11-03-r10-15,politics,0.0085,1,2026-09-29T04:19:07Z,,,,0.333290,0.111111,5.535,,3
2026-09-29,vmc-ussemov-fl-2026-11-03-r3-6,politics,0.0072,1,2026-09-29T04:19:07Z,,,,0.333147,0.100000,5.162,,5
2026-09-29,ussewc-usse-ks-2026-11-03-rep,politics,0.0331,0,2026-09-29T04:19:07Z,,,,0.013752,5.000006,11.569,,9
2026-09-29,usgubewc-usgub-ak-2026-11-03-berwil,politics,0.1782,1,2026-09-29T04:19:07Z,,,,0.005605,31.988511,23.641,,7
2026-09-29,vmc-usgubmov-tn-2026-11-03-r15-20,politics,0.0204,1,2026-09-29T04:19:07Z,,,,0.728189,0.111111,6.030,,5
2026-09-29,vmc-usgubmov-ks-2026-11-03-r6-9,politics,0.0162,1,2026-09-29T04:19:07Z,,,,0.788573,0.100000,4.928,,4
2026-09-29,vtc-usseto-ne-2026-11-03-gt700k,politics,0.0155,1,2026-09-29T04:19:07Z,,,,0.800001,0.166667,2.793,,3
2026-09-29,vtc-usgubto-vt-2026-11-03-gt300k,politics,0.0147,1,2026-09-29T04:19:07Z,,,,0.366574,0.166667,5.774,,6
2026-09-29,vmc-ussemov-id-2026-11-03-r15-20,politics,0.0115,1,2026-09-29T04:19:07Z,,,,0.525195,0.111111,4.728,,5
2026-09-29,ushrewc-ushr-nj-07-2026-11-03-dem,politics,0.2642,1,2026-09-29T04:19:07Z,,,,0.005780,47.265314,22.979,,8
2026-09-29,vmc-usgubmov-ar-2026-11-03-r10-15,politics,0.0093,1,2026-09-29T04:19:07Z,,,,0.331812,0.111111,6.097,,3
2026-09-29,ussewc-usse-wy-2026-11-03-dem,politics,0.0173,1,2026-09-29T04:19:07Z,,,,0.004266,4.970769,19.419,,4
2026-09-29,vmc-ussemov-ky-2026-11-03-r10-15,politics,0.0198,2,2026-09-29T04:19:07Z,,,,0.795698,0.100000,5.969,,5
2026-09-29,vtc-usseto-fl-2026-11-03-gt8pt25m,politics,0.0066,1,2026-09-29T04:19:07Z,,,,0.462470,0.111111,3.093,,4
2026-09-29,vmc-usgubmov-ks-2026-11-03-r9-12,politics,0.0103,1,2026-09-29T04:19:07Z,,,,0.478982,0.100000,5.117,,3
2026-09-29,vtc-usgubto-md-2026-11-03-gt2m,politics,0.0192,2,2026-09-29T04:19:07Z,,,,0.474283,0.142857,6.786,,6
2026-09-29,cpoc-ussegubc-me-2026-11-03-rgov-dsen,politics,0.0012,1,2026-09-29T04:19:07Z,,,,0.000551,2.485668,19.803,,7
2026-09-29,vtc-usseto-nm-2026-11-03-gt550k,politics,0.0000,1,2026-09-29T04:19:07Z,,,,0.004036,0.142858,2.887,,3
2026-09-29,vtc-usseto-al-2026-11-03-gt1pt3m,politics,0.0133,1,2026-09-29T04:19:07Z,,,,0.615385,0.142858,3.627,,3
2026-09-29,vmc-ussemov-il-2026-11-03-d25-30,politics,0.0241,1,2026-09-29T04:19:07Z,,,,0.901164,0.111111,5.763,,3
2026-09-29,vtc-usseto-ok-2026-11-03-gt900k,politics,0.0000,0,2026-09-29T04:19:07Z,,,,0.002652,0.166667,2.041,,4
2026-09-29,vtc-usgubto-vt-2026-11-03-gt275k,politics,0.0003,1,2026-09-29T04:19:07Z,,,,0.009731,0.166667,4.578,,4
2026-09-29,vtc-usgubto-pa-2026-11-03-gt6pt5m,politics,0.0053,0,2026-09-29T04:19:07Z,,,,0.155944,0.166667,4.856,,3
2026-09-29,vtc-usgubto-hi-2026-11-03-gt490k,politics,0.0028,1,2026-09-29T04:19:07Z,,,,0.074767,0.142857,6.419,,6
2026-09-29,vtc-usseto-de-2026-11-03-gt325k,politics,0.0002,1,2026-09-29T04:19:07Z,,,,0.010590,0.111111,3.405,,4
2026-09-29,cpoc-ussegubc-me-2026-11-03-dgov-rsen,politics,1.0518,1,2026-09-29T04:19:07Z,,,,0.470976,2.492681,21.371,,8
2026-09-29,vmc-usgubmov-sc-2026-11-03-r15-20,politics,0.0134,1,2026-09-29T04:19:07Z,,,,0.435470,0.125000,5.913,,3
2026-09-29,vtc-usseto-al-2026-11-03-gt1pt7m,politics,0.0050,1,2026-09-29T04:19:07Z,,,,0.198412,0.142857,4.250,,6
2026-09-29,cpoc-ussegubc-nh-2026-11-03-dsweep,politics,0.0643,0,2026-09-29T04:19:07Z,,,,0.058351,2.500002,10.574,,6
2026-09-29,vtc-usgubto-ny-2026-11-03-gt6pt5m,politics,0.0002,1,2026-09-29T04:19:07Z,,,,0.006098,0.166666,4.940,,3
2026-09-29,vmc-usgubmov-ct-2026-11-03-d25-30,politics,0.0146,1,2026-09-29T04:19:07Z,,,,0.496711,0.125000,5.646,,3
2026-09-29,vmc-usgubmov-ga-2026-11-03-r0-3,politics,0.0002,1,2026-09-29T04:19:07Z,,,,0.010307,0.100000,5.212,,4
2026-09-29,vmc-usgubmov-ga-2026-11-03-r9-12,politics,0.0002,1,2026-09-29T04:19:07Z,,,,0.010296,0.100000,5.440,,5
2026-09-29,ushrewc-ushr-pa-01-2026-11-03-rep,politics,0.0132,1,2026-09-29T04:19:07Z,,,,0.000283,47.271569,23.608,,7
2026-09-29,vtc-usseto-nc-2026-11-03-gt3pt9m,politics,0.0016,1,2026-09-29T04:19:07Z,,,,0.101954,0.142858,2.815,,6
2026-09-29,vtc-usseto-mt-2026-11-03-gt550k,politics,0.0009,0,2026-09-29T04:19:07Z,,,,0.216488,0.166664,0.612,,6
2026-09-29,vmc-ussemov-la-2026-11-03-r5-10,politics,0.0184,2,2026-09-29T04:19:07Z,,,,0.724085,0.111111,5.491,,5
2026-09-29,vmc-ussemov-tn-2026-11-03-r30-35,politics,0.0064,1,2026-09-29T04:19:07Z,,,,0.283691,0.100000,5.407,,4
2026-09-29,vmc-usgubmov-md-2026-11-03-d30-35,politics,0.0069,0,2026-09-29T04:19:07Z,,,,0.430320,0.100000,3.782,,3
2026-09-29,vmc-ussemov-ms-2026-11-03-r10-15,politics,0.0071,1,2026-09-29T04:19:07Z,,,,0.238840,0.125000,5.707,,3
2026-09-29,vmc-ussemov-or-2026-11-03-d20-25,politics,0.0097,0,2026-09-29T04:19:07Z,,,,0.488832,0.111112,4.283,,3
2026-09-29,vtc-usseto-wy-2026-11-03-gt210k,politics,0.0213,2,2026-09-29T04:19:07Z,,,,1.005125,0.166667,3.048,,5
2026-09-29,vmc-ussemov-il-2026-11-03-d30-35,politics,0.0103,1,2026-09-29T04:19:07Z,,,,0.452139,0.111111,4.879,,4
2026-09-29,vtc-usgubto-wi-2026-11-03-gt3m,politics,0.0051,0,2026-09-29T04:19:07Z,,,,0.145748,0.164966,4.995,,5
2026-09-29,vmc-ussemov-la-2026-11-03-r15-20,politics,0.0014,0,2026-09-29T04:19:07Z,,,,0.315929,0.111112,0.923,,3
2026-09-29,vtc-usseto-me-2026-11-03-gt650k,politics,0.0083,1,2026-09-29T04:19:07Z,,,,0.495998,0.142857,2.820,,3
2026-09-29,vmc-usgubmov-ri-2026-11-03-d25-30,politics,0.0131,1,2026-09-29T04:19:07Z,,,,0.488866,0.111111,5.813,,4
2026-09-29,vmc-usgubmov-ny-2026-11-03-d5-10,politics,0.0018,0,2026-09-29T04:19:07Z,,,,0.367945,0.111111,1.085,,5
2026-09-29,vmc-usgubmov-mi-2026-11-03-d12-15,politics,0.0028,0,2026-09-29T04:19:07Z,,,,0.457774,0.099999,1.441,,4
2026-09-29,vmc-usgubmov-ri-2026-11-03-d15-20,politics,0.0054,0,2026-09-29T04:19:07Z,,,,0.480553,0.111111,2.409,,
2026-09-29,vmc-ussemov-nj-2026-11-03-d20-25,politics,0.0076,1,2026-09-29T04:19:07Z,,,,0.333492,0.111111,4.890,,4
2026-09-29,ewc-usse-mn-2026-11-03-dem,politics,0.0000,1,2026-09-29T04:19:07Z,,,,,,,,7
2026-09-29,vmc-usgubmov-ny-2026-11-03-d15-20,politics,0.0014,0,2026-09-29T04:19:07Z,,,,0.273611,0.111110,1.101,,3
2026-09-29,vmc-usgubmov-hi-2026-11-03-d35-40,politics,0.0200,2,2026-09-29T04:19:07Z,,,,0.804574,0.099137,5.902,,4
2026-09-29,vmc-usgubmov-ok-2026-11-03-r5-10,politics,0.0051,1,2026-09-29T04:19:07Z,,,,0.239766,0.100000,5.079,,3
2026-09-29,vmc-usgubmov-ar-2026-11-03-r15-20,politics,0.0076,1,2026-09-29T04:19:07Z,,,,0.429396,0.111112,3.850,,3
2026-09-29,vmc-ussemov-id-2026-11-03-r25-30,politics,0.0072,1,2026-09-29T04:19:07Z,,,,0.278724,0.111111,5.563,,3
2026-09-29,vmc-usgubmov-co-2026-11-03-d25-30,politics,0.0053,0,2026-09-29T04:19:07Z,,,,0.482521,0.111111,2.359,,4
2026-09-29,vmc-usgubmov-tn-2026-11-03-r10-15,politics,0.0057,1,2026-09-29T04:19:07Z,,,,0.412492,0.111111,3.010,,3
2026-09-29,vmc-ussemov-ok-2026-11-03-r20-25,politics,0.0087,0,2026-09-29T04:19:07Z,,,,0.489180,0.100000,4.322,,2
2026-09-29,vmc-ussemov-co-2026-11-03-d25-30,politics,0.0232,1,2026-09-29T04:19:07Z,,,,0.902047,0.111111,5.552,,3
2026-09-29,vmc-usgubmov-co-2026-11-03-d15-20,politics,0.0104,1,2026-09-29T04:19:07Z,,,,0.483680,0.111111,4.645,,5
2026-09-29,vmc-usgubmov-ar-2026-11-03-r20-25,politics,0.0072,1,2026-09-29T04:19:07Z,,,,0.329267,0.111111,4.662,,3
2026-09-29,vmc-ussemov-nh-2026-11-03-d3-6,politics,0.0068,1,2026-09-29T04:19:07Z,,,,0.331661,0.100000,4.917,,4
2026-09-29,vmc-usgubmov-ne-2026-11-03-r10-15,politics,0.0124,2,2026-09-29T04:19:07Z,,,,0.533211,0.111111,4.984,,5
2026-09-29,vmc-usgubmov-wy-2026-11-03-r30-35,politics,0.0011,0,2026-09-29T04:19:07Z,,,,0.311111,0.100001,0.834,,3
2026-09-29,vmc-usgubmov-or-2026-11-03-d9-12,politics,0.0060,1,2026-09-29T04:19:07Z,,,,0.329646,0.083333,5.251,,3
2026-09-29,vmc-usgubmov-id-2026-11-03-r20-25,politics,0.0109,1,2026-09-29T04:19:07Z,,,,0.496734,0.100000,5.273,,3
2026-09-29,vmc-ussemov-nm-2026-11-03-d15-20,politics,0.0105,1,2026-09-29T04:19:07Z,,,,0.465941,0.111111,4.879,,4
2026-09-29,vmc-usgubmov-il-2026-11-03-d10-15,politics,0.0033,0,2026-09-29T04:19:07Z,,,,0.378777,0.111111,1.858,,4
2026-09-29,vtc-usseto-id-2026-11-03-gt680k,politics,0.0101,2,2026-09-29T04:19:07Z,,,,0.503248,0.142858,3.360,,4
2026-09-29,vmc-usgubmov-nm-2026-11-03-d15-20,politics,0.0125,1,2026-09-29T04:19:07Z,,,,0.499998,0.125000,4.817,,3
2026-09-29,vtc-usgubto-hi-2026-11-03-gt370k,politics,0.0018,2,2026-09-29T04:19:07Z,,,,0.041347,0.142857,7.537,,6
2026-09-29,vmc-ussemov-va-2026-11-03-d0-5,politics,0.0109,1,2026-09-29T04:19:07Z,,,,0.473380,0.100000,5.540,,3
2026-09-29,ussewc-usse-co-2026-11-03-rep,politics,0.1625,1,2026-09-29T04:19:07Z,,,,0.004157,47.225127,19.619,,7
2026-09-29,vmc-usgubmov-pa-2026-11-03-d10-15,politics,0.0138,1,2026-09-29T04:19:07Z,,,,0.581895,0.111111,5.134,,4
2026-09-29,vmc-usgubmov-md-2026-11-03-d20-25,politics,0.0014,1,2026-09-29T04:19:07Z,,,,0.235807,0.100001,1.352,,3
2026-09-29,vmc-ussemov-de-2026-11-03-d25-30,politics,0.0102,1,2026-09-29T04:19:07Z,,,,0.476159,0.100000,5.146,,4
2026-09-29,vmc-ussemov-wy-2026-11-03-rgte50,politics,0.0107,1,2026-09-29T04:19:07Z,,,,0.499778,0.100000,5.173,,3
2026-09-29,vtc-usseto-tx-2026-11-03-gt9pt6m,politics,0.0001,0,2026-09-29T04:19:07Z,,,,0.007379,0.111111,2.064,,4
2026-09-29,vmc-ussemov-fl-2026-11-03-r9-12,politics,0.0071,1,2026-09-29T04:19:07Z,,,,0.324018,0.100000,5.251,,5
2026-09-29,vmc-ussemov-or-2026-11-03-d25-30,politics,0.0018,0,2026-09-29T04:19:07Z,,,,0.477745,0.111109,0.834,,3
2026-09-29,vtc-usgubto-ca-2026-11-03-gt12m,politics,0.0166,1,2026-09-29T04:19:07Z,,,,0.536863,0.111111,6.675,,7
2026-09-29,vtc-usseto-al-2026-11-03-gt1pt2m,politics,0.0144,1,2026-09-29T04:19:07Z,,,,0.609195,0.142856,3.966,,3
2026-09-29,vmc-usgubmov-ok-2026-11-03-r20-25,politics,0.0065,1,2026-09-29T04:19:07Z,,,,0.331307,0.100000,4.700,,4
2026-09-29,vmc-usgubmov-sc-2026-11-03-r20-25,politics,0.0107,1,2026-09-29T04:19:07Z,,,,0.369636,0.125000,5.557,,4
2026-09-29,vmc-ussemov-al-2026-11-03-r20-25,politics,0.0013,0,2026-09-29T04:19:07Z,,,,0.268795,0.111111,1.057,,3
2026-09-29,vmc-ussemov-ks-2026-11-03-r25-30,politics,0.0187,1,2026-09-29T04:19:07Z,,,,0.645150,0.111111,6.269,,3
2026-09-29,vmc-usgubmov-id-2026-11-03-r35-40,politics,0.0110,1,2026-09-29T04:19:07Z,,,,0.466380,0.100000,5.634,,4
2026-09-29,vmc-usgubmov-az-2026-11-03-d6-9,politics,0.0029,0,2026-09-29T04:19:07Z,,,,0.479812,0.100000,1.474,,3
2026-09-29,scc-hrep-rep-2026-11-03-gte185,politics,1.9986,1,2026-09-29T04:19:07Z,,,,0.108883,18.659220,23.446,,7
2026-09-29,vmc-usgubmov-hi-2026-11-03-d20-25,politics,0.0071,1,2026-09-29T04:19:07Z,,,,0.326796,0.100000,5.251,,3
2026-09-29,vmc-ussemov-wy-2026-11-03-r35-40,politics,0.0020,0,2026-09-29T04:19:07Z,,,,0.399748,0.100000,1.207,,3
2026-09-29,vmc-ussemov-nc-2026-11-03-d6-9,politics,0.0090,1,2026-09-29T04:19:07Z,,,,0.445440,0.100000,4.806,,5
2026-09-29,vmc-ussemov-id-2026-11-03-rgte40,politics,0.0000,1,2026-09-29T04:19:07Z,,,,0.002767,0.111111,5.123,,6
2026-09-29,scc-hrep-rep-2026-11-03-gte200,politics,4.4383,1,2026-09-29T04:19:07Z,,,,0.246188,18.657455,23.001,,8
2026-09-29,vmc-usgubmov-mn-2026-11-03-d10-15,politics,0.0121,1,2026-09-29T04:19:07Z,,,,0.459784,0.125000,5.062,,4
2026-09-29,vmc-ussemov-me-2026-11-03-d12-15,politics,0.0088,1,2026-09-29T04:19:07Z,,,,0.473034,0.083333,5.340,,3
2026-09-29,vmc-usgubmov-vt-2026-11-03-r20-25,politics,0.0032,1,2026-09-29T04:19:07Z,,,,0.111291,0.125000,5.557,,5
2026-09-29,vtc-usseto-de-2026-11-03-gt475k,politics,0.0001,0,2026-09-29T04:19:07Z,,,,0.018479,0.111111,1.351,,2
2026-09-29,ushrewc-ushr-va-02-2026-11-03-rep,politics,0.0866,1,2026-09-29T04:19:07Z,,,,0.001937,47.260165,22.484,,5
2026-09-29,usgubewc-usgub-sd-2026-11-03-rep,politics,0.0039,1,2026-09-29T04:19:07Z,,,,0.000835,4.974707,22.446,,7
2026-09-29,vtc-usseto-ms-2026-11-03-gt600k,politics,0.0076,0,2026-09-29T04:19:07Z,,,,0.488766,0.166665,2.225,,4
2026-09-29,scc-hrep-rep-2026-11-03-gte230,politics,4.0359,0,2026-09-29T04:19:07Z,,,,0.241944,18.649823,21.249,,9
2026-09-29,usgubewc-usgub-sc-2026-11-03-rep,politics,0.0034,1,2026-09-29T04:19:07Z,,,,0.000745,4.974415,22.184,,5
2026-09-29,usgubewc-usgub-co-2026-11-03-dem,politics,0.0038,1,2026-09-29T04:19:07Z,,,,0.000784,4.975651,23.313,,6
2026-09-29,usgubewc-usgub-ct-2026-11-03-rep,politics,0.0729,1,2026-09-29T04:19:07Z,,,,0.015645,4.974586,22.334,,7
2026-09-29,vmc-usgubmov-mn-2026-11-03-d15-20,politics,0.0127,1,2026-09-29T04:19:07Z,,,,0.496325,0.125000,4.917,,4
2026-09-29,scc-hrep-rep-2026-11-03-gte195,politics,1.8154,2,2026-09-29T04:19:07Z,,,,0.099119,18.658415,23.241,,9
2026-09-29,vmc-ussemov-ri-2026-11-03-dgte45,politics,0.0159,1,2026-09-29T04:19:07Z,,,,0.645151,0.100000,5.913,,3
2026-09-29,cpoc-ussegubc-me-2026-11-03-dsweep,politics,0.0984,1,2026-09-29T04:19:07Z,,,,0.045770,2.493804,20.559,,7
2026-09-29,ussewc-usse-ky-2026-11-03-rep,politics,0.0064,1,2026-09-29T04:19:07Z,,,,0.001457,4.973262,21.227,,5
2026-09-29,vmc-usgubmov-vt-2026-11-03-dwin,politics,0.0124,1,2026-09-29T04:19:07Z,,,,0.392801,0.125000,6.047,,6
2026-09-29,vtc-usseto-or-2026-11-03-gt2pt1m,politics,0.0000,0,2026-09-29T04:19:07Z,,,,0.059575,0.124967,0.039,,3
2026-09-29,vmc-usgubmov-pa-2026-11-03-dgte35,politics,0.0073,1,2026-09-29T04:19:07Z,,,,0.288027,0.111111,5.446,,3
2026-09-29,ushrewc-ushr-tx-15-2026-11-03-rep,politics,0.0842,1,2026-09-29T04:19:07Z,,,,0.001794,47.271582,23.608,,12
2026-09-29,vtc-usseto-ok-2026-11-03-gt1pt2m,politics,0.0000,0,2026-09-29T04:19:07Z,,,,0.001760,0.166662,0.467,,3
2026-09-29,ushrewc-ushr-ia-01-2026-11-03-rep,politics,0.1742,1,2026-09-29T04:19:07Z,,,,0.004576,47.217989,19.124,,6
2026-09-29,cpoc-ussegubc-oh-2026-11-03-dgov-rsen,politics,0.1283,1,2026-09-29T04:19:07Z,,,,0.060289,2.493748,20.380,,9
2026-09-29,ushrewc-ushr-ny-17-2026-11-03-dem,politics,0.1354,1,2026-09-29T04:19:07Z,,,,0.002970,47.264546,22.901,,6
2026-09-29,usgubewc-usgub-wy-2026-11-03-rep,politics,0.0062,1,2026-09-29T04:19:07Z,,,,0.001346,4.974537,22.289,,3
2026-09-29,vmc-ussemov-ky-2026-11-03-dwin,politics,0.0008,1,2026-09-29T04:19:07Z,,,,0.038850,0.100000,5.006,,5
2026-09-29,vtc-usseto-ak-2026-11-03-gt275k,politics,0.0060,1,2026-09-29T04:19:07Z,,,,0.262696,0.142857,3.799,,5
2026-09-29,vtc-usgubto-nv-2026-11-03-gt1pt05m,politics,0.0056,1,2026-09-29T04:19:07Z,,,,0.178998,0.142857,5.262,,4
2026-09-29,usgubewc-usgub-md-2026-11-03-dem,politics,0.0329,1,2026-09-29T04:19:07Z,,,,0.007344,4.973451,21.378,,4
2026-09-29,usgubewc-usgub-fl-2026-11-03-dem,politics,0.0000,1,2026-09-29T04:19:07Z,,,,,,,,8
2026-09-29,vmc-usgubmov-sc-2026-11-03-r5-10,politics,0.0009,0,2026-09-29T04:19:07Z,,,,0.965889,0.125004,0.184,,5
2026-09-29,vmc-ussemov-tx-2026-11-03-d0-3,politics,0.0011,1,2026-09-29T04:19:07Z,,,,0.537251,0.083332,0.574,,5
2026-09-29,scc-hrep-rep-2026-11-03-gte220,politics,0.4034,1,2026-09-29T04:19:07Z,,,,0.042085,18.653877,12.204,,8
2026-09-29,aachc-cfb-wins-2026-11-28-hou-9pt5wins,cfb,0.0002,1,2026-09-29T04:19:07Z,,,,0.000579,5.999983,1.737,,6
2026-09-29,aachc-cfb-wins-2026-11-28-vir-5pt5wins,cfb,0.0005,1,2026-09-29T04:19:07Z,,,,0.000904,5.999999,2.088,,6
2026-09-29,aachc-cfb-wins-ou-2026-11-28-utahst,cfb,0.0020,1,2026-09-29T04:19:07Z,,,,0.113659,0.394740,1.074,,4
2026-09-29,aachc-cfb-wins-2026-11-28-arzst-8pt5wins,cfb,0.0078,1,2026-09-29T04:19:07Z,,,,0.014730,5.999936,2.121,,6
2026-09-29,aachc-cfb-wins-2026-11-28-pennst-7pt5wins,cfb,0.0095,0,2026-09-29T04:19:07Z,,,,0.054003,5.999962,0.701,,4
2026-09-29,aachc-cfb-wins-ou-2026-11-28-okst,cfb,0.0028,0,2026-09-29T04:19:07Z,,,,0.136708,0.394737,1.224,,9
2026-09-29,aachc-cfb-wins-2026-11-28-colst-5pt5wins,cfb,0.0352,1,2026-09-29T04:19:07Z,,,,0.067089,7.499975,1.676,,5
2026-09-29,aachc-cfb-wins-2026-11-28-arzst-6pt5wins,cfb,0.0013,0,2026-09-29T04:19:07Z,,,,0.033059,5.999790,0.161,,4
2026-09-29,aachc-cfb-wins-2026-11-28-kan-5pt5wins,cfb,0.0001,0,2026-09-29T04:19:07Z,,,,0.000318,6.000048,0.935,,5
2026-09-29,ushrewc-ushr-ca-47-2026-11-03-dem,politics,0.0164,0,2026-09-29T04:19:07Z,,,,0.014414,1.250001,21.698,,6
2026-09-29,vtc-usgubto-hi-2026-11-03-gt310k,politics,0.0000,0,2026-09-29T04:19:07Z,,,,0.000428,0.142928,0.011,,2
2026-09-29,vtc-usgubto-az-2026-11-03-gt2pt75m,politics,0.0000,0,2026-09-29T04:19:07Z,,,,0.001278,0.111114,0.239,,3
2026-09-29,vtc-usgubto-nv-2026-11-03-gt1pt2m,politics,0.0000,0,2026-09-29T04:19:07Z,,,,0.008484,0.142858,0.489,,2
2026-09-29,vmc-usgubmov-tn-2026-11-03-r0-10,politics,0.0000,0,2026-09-29T04:19:07Z,,,,0.043684,0.111116,0.222,,
2026-09-29,vmc-ussemov-me-2026-11-03-r3-6,politics,0.0000,0,2026-09-29T04:19:07Z,,,,0.638230,0.083375,0.011,,4
2026-09-29,vtc-usgubto-az-2026-11-03-gt2pt3m,politics,0.0112,1,2026-09-29T05:20:13Z,,,,0.477447,0.111111,5.084,,3
2026-09-29,vtc-usgubto-az-2026-11-03-gt2pt9m,politics,0.0095,1,2026-09-29T05:20:13Z,,,,0.336122,0.111111,6.130,,6
2026-09-29,vtc-usgubto-ct-2026-11-03-gt1pt2m,politics,0.0050,0,2026-09-29T05:20:13Z,,,,0.242386,0.142858,3.443,,4
2026-09-29,ewc-usgub-ks-2026-11-03-dem,politics,0.0000,0,2026-09-29T05:20:13Z,,,,0.000003,47.500116,0.729,,8
2026-09-29,vtc-usgubto-ct-2026-11-03-gt1pt4m,politics,0.0013,1,2026-09-29T05:20:13Z,,,,0.292406,0.142855,0.773,,5
2026-09-29,vmc-usgubmov-hi-2026-11-03-d40-45,politics,0.0070,1,2026-09-29T05:20:13Z,,,,0.294448,0.100000,5.679,,3
2026-09-29,vmc-usgubmov-pa-2026-11-03-d20-25,politics,0.0000,0,2026-09-29T05:20:13Z,,,,0.008587,0.111111,0.456,,3
2026-09-29,vmc-usgubmov-ia-2026-11-03-d9-12,politics,0.0000,0,2026-09-29T05:20:13Z,,,,0.002715,0.083327,0.172,,3
2026-09-29,vmc-usgubmov-vt-2026-11-03-r10-15,politics,0.0078,1,2026-09-29T05:20:13Z,,,,0.629328,0.124999,2.387,,3
2026-09-29,vtc-usseto-wv-2026-11-03-gt500k,politics,0.0000,0,2026-09-29T05:20:13Z,,,,0.001257,0.166672,0.311,,3
2026-09-29,vtc-usgubto-wi-2026-11-03-gt2pt8m,politics,0.0000,0,2026-09-29T05:20:13Z,,,,0.009064,0.166660,0.256,,6
2026-09-29,cpoc-ussec-tx-mi-me-2026-11-03-dtx-dmi-rme,politics,0.0000,1,2026-09-29T05:20:13Z,,,,,,,,16
2026-09-29,vmc-usgubmov-fl-2026-11-03-dgte6,politics,0.0000,0,2026-09-29T05:20:13Z,,,,0.002716,0.100000,0.261,,3
2026-09-29,vtc-usseto-co-2026-11-03-gt2pt25m,politics,0.0000,0,2026-09-29T05:20:13Z,,,,0.000513,0.142861,0.384,,2
2026-09-29,cpoc-ussec-tx-mi-me-2026-11-03-dtx-rmi-dme,politics,0.0000,0,2026-09-29T05:20:13Z,,,,0.000007,14.062399,0.756,,
2026-09-29,vmc-ussemov-al-2026-11-03-r15-20,politics,0.0000,0,2026-09-29T05:20:13Z,,,,0.001278,0.111106,0.211,,3
2026-09-29,cpoc-ussec-tx-mi-me-2026-11-03-rtx-rmi-dme,politics,0.0000,1,2026-09-29T06:24:15Z,,,,,,,,12
2026-09-29,cpoc-ussec-tx-mi-me-2026-11-03-rtx-dmi-dme,politics,0.0000,0,2026-09-29T06:24:15Z,,,,0.000021,14.062580,0.779,,16
2026-09-29,usgubewc-usgub-ct-2026-11-03-dem,politics,0.0186,0,2026-09-29T06:24:15Z,,,,0.088070,4.999933,1.012,,4
2026-09-29,cpoc-ussegubc-ga-2026-11-03-rsweep,politics,0.0000,1,2026-09-29T06:24:15Z,,,,,,,,6
2026-09-29,vtc-usseto-co-2026-11-03-gt2pt7m,politics,0.0000,0,2026-09-29T06:24:15Z,,,,0.000906,0.142859,0.256,,3
2026-09-29,cmovcuss-usseclose-mi-nh-2026-11-03-nh,politics,0.0000,0,2026-09-29T06:24:15Z,,,,0.000423,0.500024,0.217,,3
2026-09-29,vtc-usseto-co-2026-11-03-gt3m,politics,0.0006,0,2026-09-29T06:24:15Z,,,,0.549942,0.142848,0.195,,5
2026-09-29,vtc-usseto-sd-2026-11-03-gt375k,politics,0.0000,0,2026-09-29T06:24:15Z,,,,0.011299,0.142856,0.139,,3
2026-09-29,vmc-usgubmov-nm-2026-11-03-d10-15,politics,0.0116,1,2026-09-29T06:24:15Z,,,,0.491054,0.125000,4.522,,5
2026-09-29,vmc-ussemov-mt-2026-11-03-igte5,politics,0.0062,1,2026-09-29T06:24:15Z,,,,0.314407,0.111111,4.311,,4
2026-09-29,vmc-usgubmov-ca-2026-11-03-d20-25,politics,0.0000,0,2026-09-29T06:24:15Z,,,,0.001278,0.111111,0.250,,
2026-09-29,vtc-usseto-sc-2026-11-03-gt1pt4m,politics,0.0000,0,2026-09-29T07:24:31Z,,,,0.000426,0.199996,0.212,,2
2026-09-29,cpoc-ussec-tx-me-2026-11-03-rsweep,politics,0.0000,0,2026-09-29T07:24:31Z,,,,0.000008,28.124750,1.413,,9
2026-09-29,aachc-cfb-wins-2026-11-28-ucf-6pt5wins,cfb,0.0000,0,2026-09-29T07:24:31Z,,,,0.001795,6.000481,0.100,,7
2026-09-29,vtc-usgubto-pa-2026-11-03-gt4m,politics,0.0000,0,2026-09-29T07:24:31Z,,,,0.000427,0.166659,0.311,,2
2026-09-29,scc-senate-demst-2026-11-03-gte49,politics,0.0009,0,2026-09-29T07:24:31Z,,,,0.249424,5.000952,0.017,,6
2026-09-29,vmc-ussemov-ar-2026-11-03-r0-10,politics,0.0000,0,2026-09-29T08:25:57Z,,,,0.006351,0.111113,0.223,,3
2026-09-29,vtc-usseto-al-2026-11-03-gt1pt4m,politics,0.0000,0,2026-09-29T08:25:57Z,,,,0.000424,0.142854,0.195,,4
2026-09-29,vtc-usseto-fl-2026-11-03-gt8pt5m,politics,0.0000,0,2026-09-29T08:25:57Z,,,,0.003268,0.111116,0.439,,4
2026-09-29,vmc-ussemov-ky-2026-11-03-r15-20,politics,0.0000,0,2026-09-29T08:25:57Z,,,,0.002900,0.099992,0.161,,3
2026-09-29,vmc-usgubmov-mn-2026-11-03-rwin,politics,0.0000,0,2026-09-29T08:25:57Z,,,,0.000381,0.124995,0.217,,4
2026-09-29,paccc-usho-midterms-2026-11-03-rep,politics,0.4510,1,2026-09-29T08:25:57Z,,,,0.238685,281.231945,0.161,,22
2026-09-29,vtc-usseto-me-2026-11-03-gt800k,politics,0.0008,0,2026-09-29T08:25:57Z,,,,0.347528,0.142853,0.384,,4
2026-09-29,aachc-cfb-wins-2026-11-28-sdst-8pt5wins,cfb,0.0000,0,2026-09-29T08:25:57Z,,,,0.000017,7.499740,0.145,,4
2026-09-29,vtc-usseto-sc-2026-11-03-gt1pt8m,politics,0.0000,0,2026-09-29T09:26:43Z,,,,0.000426,0.200024,0.117,,
2026-09-29,vmc-usgubmov-vt-2026-11-03-r5-10,politics,0.0123,1,2026-09-29T09:26:43Z,,,,0.413718,0.125000,5.719,,3
2026-09-29,vtc-usgubto-pa-2026-11-03-gt5m,politics,0.0000,0,2026-09-29T09:26:43Z,,,,0.000337,0.166667,0.717,,6
2026-09-29,vtc-usgubto-hi-2026-11-03-gt430k,politics,0.0000,0,2026-09-29T09:26:43Z,,,,0.001206,0.142852,0.323,,5
2026-09-29,vmc-ussemov-mn-2026-11-03-d0-5,politics,0.0034,0,2026-09-29T09:26:43Z,,,,0.239950,0.125001,2.720,,3
2026-09-29,vtc-usseto-mi-2026-11-03-gt4pt6m,politics,0.0015,0,2026-09-29T09:26:43Z,,,,0.370516,0.125002,0.773,,3
2026-09-29,vmc-usgubmov-ma-2026-11-03-d0-10,politics,0.0001,0,2026-09-29T09:26:43Z,,,,0.119269,0.111108,0.245,,3
2026-09-29,vtc-usseto-mn-2026-11-03-gt2pt6m,politics,0.0014,1,2026-09-29T09:26:43Z,,,,0.311859,0.124999,0.851,,5
2026-09-29,vtc-usgubto-ca-2026-11-03-gt11pt5m,politics,0.0000,0,2026-09-29T09:26:43Z,,,,0.001844,0.111112,0.868,,4
2026-09-29,vtc-usseto-sd-2026-11-03-gt325k,politics,0.0000,0,2026-09-29T09:26:43Z,,,,0.000426,0.142861,0.217,,2
2026-09-29,vmc-ussemov-ia-2026-11-03-d0-3,politics,0.0002,0,2026-09-29T09:26:43Z,,,,0.243447,0.099994,0.206,,5
2026-09-29,vtc-usseto-ok-2026-11-03-gt1pt1m,politics,0.0000,0,2026-09-29T10:27:18Z,,,,0.000693,0.166658,0.261,,6
2026-09-29,usgubewc-usgub-mn-2026-11-03-rep,politics,0.0000,1,2026-09-29T10:27:18Z,,,,,,,,10
2026-09-29,vtc-usseto-mi-2026-11-03-gt5m,politics,0.0000,0,2026-09-29T10:27:18Z,,,,0.012541,0.125004,0.133,,4
2026-09-29,aachc-cfb-wins-2026-11-28-mspst-5pt5wins,cfb,0.0000,0,2026-09-29T10:27:18Z,,,,0.000045,10.006830,0.011,,5
2026-09-29,aachc-cfb-wins-2026-11-28-arzst-4pt5wins,cfb,0.0080,1,2026-09-29T10:27:18Z,,,,0.020867,5.999945,1.548,,7
2026-09-29,vmc-ussemov-ri-2026-11-03-d25-30,politics,0.0000,0,2026-09-29T10:27:18Z,,,,0.000787,0.100000,0.590,,3
2026-09-29,vmc-ussemov-sc-2026-11-03-r10-15,politics,0.0022,0,2026-09-29T10:27:18Z,,,,0.284712,0.119679,1.470,,4
2026-09-29,vmc-usgubmov-nm-2026-11-03-d5-10,politics,0.0008,1,2026-09-29T10:27:18Z,,,,0.208625,0.125002,0.756,,4
2026-09-29,aachc-cfb-wins-2026-11-28-cin-5pt5wins,cfb,0.0000,0,2026-09-29T10:27:18Z,,,,0.000320,7.500589,0.150,,9
2026-09-29,vtc-usseto-ri-2026-11-03-gt300k,politics,0.0000,0,2026-09-29T11:28:43Z,,,,0.000427,0.199977,0.106,,2
2026-09-29,vtc-usseto-ks-2026-11-03-gt1m,politics,0.0000,0,2026-09-29T11:28:43Z,,,,0.004624,0.200001,1.341,,5
2026-09-29,vtc-usgubto-az-2026-11-03-gt2pt15m,politics,0.0088,1,2026-09-29T11:28:43Z,,,,0.496379,0.111111,3.822,,4
2026-09-29,vtc-usseto-ma-2026-11-03-gt2pt65m,politics,0.0000,0,2026-09-29T11:28:43Z,,,,0.000426,0.142854,0.273,,3
2026-09-29,vtc-usseto-sd-2026-11-03-gt400k,politics,0.0004,0,2026-09-29T11:28:43Z,,,,0.147592,0.142861,0.412,,3
2026-09-29,vtc-usseto-wv-2026-11-03-gt550k,politics,0.0084,0,2026-09-29T11:28:43Z,,,,0.593531,0.166667,2.042,,4
2026-09-29,vtc-usseto-ks-2026-11-03-gt900k,politics,0.0000,0,2026-09-29T11:28:43Z,,,,0.000426,0.199991,0.150,,2
2026-09-29,aachc-cfb-wins-2026-11-28-ohiost-10pt5wins,cfb,0.0000,0,2026-09-29T11:28:43Z,,,,0.000104,7.499698,0.083,,11
2026-09-29,vtc-usseto-co-2026-11-03-gt2pt85m,politics,0.0003,0,2026-09-29T11:28:43Z,,,,0.155866,0.142856,0.328,,5
2026-09-29,ussewc-usse-sc-2026-11-03-dem,politics,0.0000,1,2026-09-29T12:33:16Z,,,,,,,,10
2026-09-29,vtc-usseto-tn-2026-11-03-gt2m,politics,0.0000,0,2026-09-29T12:33:16Z,,,,0.000426,0.166661,0.317,,2
2026-09-29,vmc-ussemov-oh-2026-11-03-d3-6,politics,0.0040,1,2026-09-29T12:33:16Z,,,,0.323253,0.083333,3.544,,3
2026-09-29,ussewc-usse-ms-2026-11-03-dem,politics,0.0000,1,2026-09-29T12:33:16Z,,,,,,,,8
2026-09-29,vmc-ussemov-nh-2026-11-03-d6-9,politics,0.0006,0,2026-09-29T12:33:16Z,,,,0.291922,0.100002,0.501,,4
2026-09-29,aachc-cfb-wins-2026-11-28-colst-4pt5wins,cfb,0.0000,0,2026-09-29T12:33:16Z,,,,0.000286,7.500443,0.139,,4
2026-09-29,vtc-usseto-nc-2026-11-03-gt4pt5m,politics,0.0006,0,2026-09-29T12:33:16Z,,,,0.763819,0.142845,0.128,,5
2026-09-29,vtc-usgubto-wi-2026-11-03-gt2pt6m,politics,0.0000,0,2026-09-29T13:36:15Z,,,,0.000492,0.166667,0.506,,6
2026-09-29,vmc-ussemov-sd-2026-11-03-r15-20,politics,0.0053,1,2026-09-29T13:36:15Z,,,,0.325482,0.100000,3.861,,3
2026-09-29,vmc-ussemov-ks-2026-11-03-r0-5,politics,0.0023,0,2026-09-29T13:36:15Z,,,,0.242804,0.111112,2.085,,3
2026-09-29,vtc-usseto-me-2026-11-03-gt700k,politics,0.0068,1,2026-09-29T13:36:15Z,,,,0.615386,0.142857,1.841,,5
2026-09-29,vmc-usgubmov-ct-2026-11-03-d10-15,politics,0.0000,0,2026-09-29T13:36:15Z,,,,0.002456,0.125004,0.373,,3
2026-09-29,vmc-usgubmov-wy-2026-11-03-r40-45,politics,0.0036,1,2026-09-29T13:36:15Z,,,,0.240021,0.100000,3.666,,5
2026-09-29,cpoc-ussec-tx-mi-me-2026-11-03-rsweep,politics,0.0000,0,2026-09-29T13:36:15Z,,,,0.000011,14.062535,0.628,,10
2026-09-29,vtc-usseto-ar-2026-11-03-gt975k,politics,0.0000,0,2026-09-29T13:36:15Z,,,,0.000914,0.142836,0.089,,4
2026-09-29,ussewc-usse-la-2026-11-03-dem,politics,0.0000,1,2026-09-29T13:36:15Z,,,,,,,,9
2026-09-29,aachc-cfb-wins-2026-11-28-txst-6pt5wins,cfb,0.0001,0,2026-09-29T13:36:15Z,,,,0.002344,5.999638,0.150,,6
2026-09-29,aachc-cfb-wins-2026-11-28-cah-6pt5wins,cfb,0.0000,0,2026-09-29T13:36:15Z,,,,0.000204,6.000024,0.222,,7
2026-09-29,aachc-cfb-wins-ou-2026-11-28-flst,cfb,0.0000,0,2026-09-29T13:36:15Z,,,,0.000243,0.394733,0.222,,6
2026-09-29,aachc-cfb-wins-ou-2026-11-28-pitt,cfb,0.0029,1,2026-09-29T13:36:15Z,,,,0.201817,0.394739,0.857,,10
2026-09-29,aachc-cfb-wins-2026-11-28-okl-5pt5wins,cfb,0.0000,0,2026-09-29T13:36:15Z,,,,0.000711,5.999827,0.161,,5
2026-09-29,aachc-cfb-wins-2026-11-28-boscol-3pt5wins,cfb,0.0000,0,2026-09-29T13:36:15Z,,,,0.000042,7.499616,0.095,,4
2026-09-29,vtc-usseto-de-2026-11-03-gt300k,politics,0.0000,0,2026-09-29T13:36:15Z,,,,0.000426,0.111107,0.156,,2
2026-09-29,vmc-ussemov-ga-2026-11-03-d12-15,politics,0.0040,1,2026-09-29T14:37:57Z,,,,0.340648,0.090909,3.076,,3
2026-09-29,vmc-usgubmov-ct-2026-11-03-d15-20,politics,0.0002,0,2026-09-29T14:37:57Z,,,,0.102200,0.125004,0.300,,3
2026-09-29,vtc-usseto-ky-2026-11-03-gt1pt6m,politics,0.0000,0,2026-09-29T14:37:57Z,,,,0.002287,0.142865,0.200,,3
2026-09-29,cmovcusg-usgubclose-2026-11-03-ia,politics,0.0000,0,2026-09-29T14:37:57Z,,,,0.000132,0.058822,0.428,,6
2026-09-29,cmovcuss-usseclose-ks-ga-2026-11-03-ga,politics,0.0000,0,2026-09-29T14:37:57Z,,,,0.000453,0.499999,0.629,,3
2026-09-29,vmc-ussemov-tx-2026-11-03-d3-6,politics,0.0000,0,2026-09-29T14:37:57Z,,,,0.001198,0.083330,0.306,,3
2026-09-29,vmc-ussemov-ok-2026-11-03-r30-35,politics,0.0000,0,2026-09-29T14:37:57Z,,,,0.000373,0.100004,0.184,,3
2026-09-29,vtc-usseto-nm-2026-11-03-gt650k,politics,0.0000,0,2026-09-29T14:37:57Z,,,,0.000429,0.142857,0.223,,3
2026-09-29,vmc-ussemov-ks-2026-11-03-r10-15,politics,0.0003,0,2026-09-29T14:37:57Z,,,,0.715432,0.111136,0.100,,3
2026-09-29,aachc-cfb-wins-2026-11-28-wash-7pt5wins,cfb,0.0000,0,2026-09-29T14:37:57Z,,,,0.000057,5.999674,0.100,,6
2026-09-29,aachc-cfb-wins-2026-11-28-txam-7pt5wins,cfb,0.0000,1,2026-09-29T14:37:57Z,,,,,,,,6
2026-09-29,aachc-cfb-wins-2026-11-28-frest-6pt5wins,cfb,0.0009,0,2026-09-29T14:37:57Z,,,,0.004415,6.000144,0.801,,5
2026-09-29,vmc-usgubmov-al-2026-11-03-r5-10,politics,0.0000,0,2026-09-29T14:37:57Z,,,,0.001893,0.111111,0.756,,4
2026-09-29,aachc-cfb-wins-2026-11-28-duke-7pt5wins,cfb,0.0000,0,2026-09-29T14:37:57Z,,,,0.000080,7.499927,0.189,,
2026-09-29,aachc-cfb-wins-2026-11-28-mst-4pt5wins,cfb,0.0001,0,2026-09-29T14:37:57Z,,,,0.003275,5.999693,0.106,,
2026-09-29,vtc-usgubto-ny-2026-11-03-gt5pt5m,politics,0.0000,1,2026-09-29T15:38:50Z,,,,0.000647,0.166661,0.334,,4
2026-09-29,vmc-ussemov-nc-2026-11-03-d12-15,politics,0.0043,1,2026-09-29T15:38:50Z,,,,0.362849,0.100000,2.909,,3
2026-09-29,vmc-usgubmov-ks-2026-11-03-r3-6,politics,0.0038,1,2026-09-29T15:38:50Z,,,,0.336727,0.100000,2.714,,3
2026-09-29,cpoc-ussegubc-ga-2026-11-03-dsweep,politics,0.0000,0,2026-09-29T15:38:50Z,,,,0.000014,2.319794,0.707,,8
2026-09-29,vmc-ussemov-me-2026-11-03-r6-9,politics,0.0048,1,2026-09-29T15:38:50Z,,,,0.507409,0.083333,2.770,,3
2026-09-29,aachc-cfb-wins-2026-11-28-cin-6pt5wins,cfb,0.0001,0,2026-09-29T15:38:50Z,,,,0.002480,7.499697,0.145,,6
2026-09-29,vtc-usseto-co-2026-11-03-gt2pt1m,politics,0.0000,0,2026-09-29T15:38:50Z,,,,0.000426,0.142856,0.212,,2
2026-09-29,usgubewc-usgub-tx-2026-11-03-rep,politics,0.0088,0,2026-09-29T15:38:50Z,,,,0.005271,112.497166,0.356,,10
2026-09-29,vtc-usseto-sc-2026-11-03-gt1pt6m,politics,0.0000,0,2026-09-29T15:38:50Z,,,,0.000426,0.200008,0.189,,2
2026-09-29,vtc-usseto-nh-2026-11-03-gt700k,politics,0.0000,0,2026-09-29T15:38:50Z,,,,0.000699,0.142853,0.184,,4
2026-09-29,vmc-ussemov-ks-2026-11-03-rgte30,politics,0.0000,0,2026-09-29T15:56:28Z,,,,0.000489,0.111113,0.189,,4
2026-09-29,vtc-usgubto-md-2026-11-03-gt1pt7m,politics,0.0000,0,2026-09-29T15:56:28Z,,,,0.000424,0.142865,0.217,,2
2026-09-29,vtc-usseto-or-2026-11-03-gt2m,politics,0.0043,1,2026-09-29T15:56:28Z,,,,0.539131,0.124998,1.569,,6
2026-09-29,vtc-usseto-wy-2026-11-03-gt250k,politics,0.0001,0,2026-09-29T15:56:28Z,,,,0.040819,0.166665,0.651,,5
2026-09-29,cpoc-ussec-tx-me-2026-11-03-rtx-dme,politics,0.0000,0,2026-09-29T15:56:28Z,,,,0.000005,28.124903,1.507,,12
2026-09-29,aachc-cfb-wins-2026-11-28-lou-9pt5wins,cfb,0.0000,1,2026-09-29T15:56:28Z,,,,,,,,7
2026-09-29,usgubewc-usgub-or-2026-11-03-rep,politics,0.0000,1,2026-09-29T17:00:47Z,,,,,,,,8
2026-09-29,vmc-usgubmov-wi-2026-11-03-d3-6,politics,0.0060,1,2026-09-29T17:00:47Z,,,,0.498469,0.100000,2.859,,4
2026-09-29,vtc-usgubto-hi-2026-11-03-gt400k,politics,0.0000,0,2026-09-29T17:00:47Z,,,,0.006366,0.142854,0.200,,4
2026-09-29,vmc-usgubmov-pa-2026-11-03-d25-30,politics,0.0036,1,2026-09-29T17:00:47Z,,,,0.318648,0.111111,2.442,,4
2026-09-29,vtc-usseto-ga-2026-11-03-gt4m,politics,0.0000,0,2026-09-29T17:00:47Z,,,,0.000494,0.142853,0.100,,5
2026-09-29,cmovcusg-usgubclose-2026-11-03-ks,politics,0.0000,0,2026-09-29T17:00:47Z,,,,0.007270,0.058824,0.467,,6
2026-09-29,vtc-usgubto-wi-2026-11-03-gt3pt2m,politics,0.0001,0,2026-09-29T17:00:47Z,,,,0.040826,0.166666,0.506,,4
2026-09-29,vmc-usgubmov-id-2026-11-03-r25-30,politics,0.0000,0,2026-09-29T17:00:47Z,,,,1.000220,0.100020,0.006,,4
2026-09-29,vmc-usgubmov-id-2026-11-03-r30-35,politics,0.0000,0,2026-09-29T17:00:47Z,,,,0.974794,0.100007,0.017,,4
2026-09-29,cmovcuss-usseclose-2026-11-03-ne,politics,0.0000,0,2026-09-29T17:00:47Z,,,,0.003581,0.076922,0.534,,6
2026-09-29,scc-senate-gop-2026-11-03-51,politics,0.0026,0,2026-09-29T17:00:47Z,,,,0.040278,17.305450,0.089,,10
2026-09-29,cmovcuss-usseclose-2026-11-03-ak,politics,0.0000,0,2026-09-29T17:00:47Z,,,,0.000212,0.076921,0.373,,7
2026-09-29,ussewc-usse-ri-2026-11-03-rep,politics,0.0044,0,2026-09-29T17:00:47Z,,,,0.272572,4.999789,0.078,,6
2026-09-29,usgubewc-usgub-pa-2026-11-03-rep,politics,0.0017,0,2026-09-29T17:00:47Z,,,,0.104448,4.999789,0.078,,7
2026-09-29,usgubewc-usgub-mn-2026-11-03-dem,politics,0.0005,0,2026-09-29T17:00:47Z,,,,0.035996,5.000438,0.072,,6
2026-09-29,usgubewc-usgub-nh-2026-11-03-dem,politics,0.0000,0,2026-09-29T18:03:07Z,,,,,47.500640,0.639,,8
2026-09-29,vmc-ussemov-id-2026-11-03-r10-15,politics,0.0000,0,2026-09-29T18:03:07Z,,,,0.010553,0.111106,0.228,,3
2026-09-29,vtc-usseto-ar-2026-11-03-gt750k,politics,0.0000,0,2026-09-29T18:03:07Z,,,,0.000470,0.142849,0.128,,2
2026-09-29,vmc-usgubmov-ne-2026-11-03-r15-20,politics,0.0055,1,2026-09-29T19:04:09Z,,,,0.500463,0.111111,2.398,,4
2026-09-29,vmc-usgubmov-ia-2026-11-03-d3-6,politics,0.0019,1,2026-09-29T19:04:09Z,,,,0.198917,0.083333,2.681,,7
2026-09-29,aachc-cfb-wins-2026-11-28-fl-9pt5wins,cfb,0.0001,0,2026-09-29T19:04:09Z,,,,0.005624,6.000601,0.095,,12
2026-09-29,cmovcuss-usseclose-tx-ne-2026-11-03-tx,politics,0.0000,0,2026-09-29T19:04:09Z,,,,0.000426,0.499981,0.234,,3
2026-09-29,vmc-usgubmov-il-2026-11-03-dgte35,politics,0.0002,0,2026-09-29T19:04:09Z,,,,0.710572,0.111136,0.061,,3
2026-09-29,cpoc-ussegubc-tx-2026-11-03-rgov-dsen,politics,0.0000,0,2026-09-29T19:20:14Z,,,,0.000003,2.500000,0.184,,9
2026-09-29,vmc-usgubmov-wy-2026-11-03-r35-40,politics,0.0038,1,2026-09-29T20:22:49Z,,,,0.468520,0.100000,1.964,,4
2026-09-29,vtc-usgubto-wi-2026-11-03-gt2pt4m,politics,0.0000,0,2026-09-29T20:22:49Z,,,,0.000426,0.166667,0.145,,2
2026-09-29,vtc-usseto-ks-2026-11-03-gt800k,politics,0.0000,0,2026-09-29T20:22:49Z,,,,0.000426,0.200000,0.223,,2
2026-09-29,vtc-usseto-la-2026-11-03-gt1pt6m,politics,0.0000,0,2026-09-29T20:22:49Z,,,,0.000948,0.142857,0.162,,3
2026-09-29,vtc-usgubto-md-2026-11-03-gt1pt55m,politics,0.0000,0,2026-09-29T20:22:49Z,,,,0.000426,0.142857,0.222,,2
2026-09-29,vmc-usgubmov-al-2026-11-03-r10-15,politics,0.0000,0,2026-09-29T20:22:49Z,,,,0.001251,0.111111,0.145,,3
2026-09-29,scc-hrep-rep-2026-11-03-gte180,politics,0.0024,0,2026-09-29T20:22:49Z,,,,0.016436,18.750000,0.184,,9
2026-09-29,vmc-ussemov-me-2026-11-03-d0-3,politics,0.0000,0,2026-09-29T20:22:49Z,,,,0.209736,0.083333,0.056,,4
2026-09-29,cmovcusg-usgubclose-2026-11-03-mi,politics,0.0000,0,2026-09-29T21:24:16Z,,,,0.000964,0.058824,0.450,,6
2026-09-29,vtc-usgubto-nv-2026-11-03-gt975k,politics,0.0017,0,2026-09-29T21:24:16Z,,,,0.585218,0.142857,0.484,,3
2026-09-29,vtc-usseto-nm-2026-11-03-gt750k,politics,0.0017,1,2026-09-29T21:24:16Z,,,,0.286748,0.142857,0.996,,4
2026-09-29,vtc-usseto-ga-2026-11-03-gt3pt6m,politics,0.0000,0,2026-09-29T21:24:16Z,,,,0.000426,0.142857,0.200,,3
2026-09-29,vmc-ussemov-mi-2026-11-03-d6-9,politics,0.0037,1,2026-09-29T21:24:16Z,,,,0.480719,0.100000,1.853,,3
2026-09-29,vtc-usseto-tx-2026-11-03-gt9pt2m,politics,0.0014,1,2026-09-29T21:24:16Z,,,,0.263652,0.111111,1.118,,4
2026-09-29,vtc-usseto-nc-2026-11-03-gt4pt1m,politics,0.0000,0,2026-09-29T21:24:16Z,,,,0.000435,0.142857,0.128,,3
2026-09-29,vmc-ussemov-wv-2026-11-03-r35-40,politics,0.0001,0,2026-09-29T21:24:16Z,,,,0.787288,0.100000,0.028,,4
2026-09-29,vmc-ussemov-me-2026-11-03-d9-12,politics,0.0001,0,2026-09-29T21:24:16Z,,,,0.753175,0.083333,0.033,,4
2026-09-29,vmc-ussemov-id-2026-11-03-r30-35,politics,0.0000,0,2026-09-29T21:24:16Z,,,,0.784000,0.111111,0.011,,3
2026-09-29,vmc-ussemov-ga-2026-11-03-d9-12,politics,0.0031,1,2026-09-29T22:24:26Z,,,,0.490770,0.090909,1.675,,3
2026-09-29,vmc-usgubmov-ct-2026-11-03-d20-25,politics,0.0072,1,2026-09-29T22:24:26Z,,,,0.679420,0.125000,2.041,,3
2026-09-29,vtc-usseto-ga-2026-11-03-gt4pt2m,politics,0.0000,0,2026-09-29T22:24:26Z,,,,0.000301,0.142857,0.189,,2
2026-09-29,vmc-usgubmov-pa-2026-11-03-d5-10,politics,0.0000,0,2026-09-29T22:24:26Z,,,,0.002838,0.111111,0.395,,4
2026-09-29,cmovcuss-usseclose-ks-ne-2026-11-03-ks,politics,0.0000,0,2026-09-29T22:24:26Z,,,,0.001277,0.500000,0.306,,3
2026-09-29,vtc-usseto-mt-2026-11-03-gt350k,politics,0.0000,0,2026-09-29T22:24:26Z,,,,0.000062,0.166667,0.228,,4
2026-09-29,aachc-cfb-wins-ou-2026-11-28-usc,cfb,0.0000,0,2026-09-29T22:24:26Z,,,,0.000199,0.394737,0.117,,5
2026-09-29,vmc-usgubmov-ma-2026-11-03-d20-25,politics,0.0000,0,2026-09-29T22:24:26Z,,,,0.001186,0.111111,0.423,,3
2026-09-29,aachc-cfb-wins-2026-11-28-bayl-6pt5wins,cfb,0.0000,0,2026-09-29T22:24:26Z,,,,0.000224,6.000000,0.156,,7
2026-09-29,aachc-cfb-wins-ou-2026-11-28-sdst,cfb,0.0000,0,2026-09-29T22:24:26Z,,,,0.000734,0.394737,0.239,,11
2026-09-29,vmc-usgubmov-mn-2026-11-03-d5-10,politics,0.0021,1,2026-09-29T23:26:05Z,,,,0.337882,0.125000,1.213,,3
2026-09-29,vmc-usgubmov-al-2026-11-03-dwin,politics,0.0000,0,2026-09-29T23:26:05Z,,,,0.000412,0.111111,0.278,,4
2026-09-29,vtc-usseto-va-2026-11-03-gt3pt5m,politics,0.0000,0,2026-09-29T23:26:05Z,,,,0.002268,0.142857,0.117,,3
2026-09-29,vmc-usgubmov-md-2026-11-03-d35-40,politics,0.0000,0,2026-09-29T23:26:05Z,,,,0.001241,0.100000,0.150,,4
2026-09-29,cpoc-ussegubc-nh-2026-11-03-rsweep,politics,0.0000,1,2026-09-29T23:26:05Z,,,,,,,,9
2026-09-29,vtc-usgubto-ca-2026-11-03-gt11m,politics,0.0019,1,2026-09-29T23:26:05Z,,,,0.310321,0.111111,1.291,,3
2026-09-29,ewc-usse-ne-2026-11-03-danosb,politics,0.0000,0,2026-09-29T23:26:05Z,,,,0.000003,3.333333,0.490,,6
2026-09-29,vtc-usseto-ri-2026-11-03-gt350k,politics,0.0000,0,2026-09-29T23:26:05Z,,,,0.001275,0.200000,0.156,,3
2026-09-29,aachc-cfb-wins-2026-11-28-frest-8pt5wins,cfb,0.0001,0,2026-09-29T23:26:05Z,,,,0.001034,6.000000,0.195,,6
2026-09-29,cmovcuss-usseclose-tx-ne-2026-11-03-ne,politics,0.0004,0,2026-09-29T23:26:05Z,,,,0.040649,0.500000,0.428,,3
2026-09-29,vmc-usgubmov-ne-2026-11-03-r5-10,politics,0.0001,0,2026-09-29T23:26:05Z,,,,0.676599,0.111111,0.033,,5
2026-09-29,vmc-ussemov-nj-2026-11-03-d0-5,politics,0.0000,0,2026-09-30T00:28:51Z,,,,0.006168,0.111111,0.295,,3
2026-09-29,vmc-ussemov-ne-2026-11-03-i0-5,politics,0.0000,0,2026-09-30T00:28:51Z,,,,0.001062,0.100000,0.284,,3
2026-09-29,vtc-usseto-ms-2026-11-03-gt800k,politics,0.0001,0,2026-09-30T00:28:51Z,,,,0.071746,0.166667,0.184,,2
2026-09-29,vtc-usseto-ne-2026-11-03-gt750k,politics,0.0000,0,2026-09-30T00:28:51Z,,,,0.009197,0.166667,0.261,,4
2026-09-29,vtc-usseto-al-2026-11-03-gt1pt6m,politics,0.0011,1,2026-09-30T00:28:51Z,,,,0.331869,0.142857,0.556,,4
2026-09-29,vtc-usseto-wv-2026-11-03-gt650k,politics,0.0000,0,2026-09-30T00:28:51Z,,,,0.008746,0.166667,0.217,,3
2026-09-29,vtc-usgubto-md-2026-11-03-gt2pt3m,politics,0.0000,0,2026-09-30T00:28:51Z,,,,0.013250,0.142857,0.356,,5
2026-09-29,vtc-usseto-mn-2026-11-03-gt2pt45m,politics,0.0014,1,2026-09-30T00:28:51Z,,,,0.614511,0.125000,0.434,,5
2026-09-29,vmc-usgubmov-ma-2026-11-03-d25-30,politics,0.0000,0,2026-09-30T00:28:51Z,,,,0.001097,0.111111,0.250,,3
2026-09-29,aachc-cfb-wins-ou-2026-11-28-nd,cfb,0.0000,0,2026-09-30T00:28:51Z,,,,0.000018,0.394737,0.234,,7
2026-09-29,vmc-usgubmov-ga-2026-11-03-d3-6,politics,0.0000,0,2026-09-30T00:28:51Z,,,,0.000762,0.100000,0.673,,4
2026-09-29,paccc-usse-midterms-2026-11-03-dem,politics,0.0267,0,2026-09-30T00:28:51Z,,,,0.009523,281.250000,0.239,,15
2026-09-29,vmc-ussemov-tn-2026-11-03-r15-20,politics,0.0001,0,2026-09-30T00:28:51Z,,,,0.839868,0.100000,0.033,,4
2026-09-29,vmc-ussemov-mi-2026-11-03-r0-3,politics,0.0009,1,2026-09-30T01:32:22Z,,,,0.323875,0.100000,0.657,,4
2026-09-29,vmc-ussemov-me-2026-11-03-dgte15,politics,0.0010,1,2026-09-30T01:32:22Z,,,,0.496009,0.083333,0.607,,3
2026-09-29,vmc-ussemov-tn-2026-11-03-r40-45,politics,0.0012,1,2026-09-30T01:32:22Z,,,,0.479850,0.100000,0.623,,3
2026-09-29,vmc-ussemov-or-2026-11-03-d15-20,politics,0.0001,0,2026-09-30T01:32:22Z,,,,0.040018,0.111111,0.284,,5
2026-09-29,vmc-ussemov-la-2026-11-03-r10-15,politics,0.0014,1,2026-09-30T01:32:22Z,,,,0.479936,0.111111,0.640,,4
2026-09-29,cmovcuss-usseclose-2026-11-03-fl,politics,0.0000,1,2026-09-30T01:32:22Z,,,,,,,,6
2026-09-29,vtc-usseto-mi-2026-11-03-gt5pt2m,politics,0.0000,0,2026-09-30T01:32:22Z,,,,0.000677,0.125000,0.195,,4
2026-09-29,vmc-usgubmov-ca-2026-11-03-d15-20,politics,0.0000,0,2026-09-30T01:32:22Z,,,,0.000640,0.111111,0.206,,3
2026-09-29,vtc-usseto-la-2026-11-03-gt1pt4m,politics,0.0008,0,2026-09-30T01:32:22Z,,,,0.698468,0.142857,0.189,,4
2026-09-29,vmc-usgubmov-nv-2026-11-03-d3-6,politics,0.0000,0,2026-09-30T01:32:22Z,,,,0.000355,0.083333,0.278,,4
2026-09-29,aachc-cfb-wins-2026-11-28-txst-7pt5wins,cfb,0.0000,0,2026-09-30T01:32:22Z,,,,0.000403,6.000000,0.189,,6
2026-09-29,vtc-usseto-al-2026-11-03-gt1pt5m,politics,0.0000,0,2026-09-30T01:32:22Z,,,,0.042864,0.142857,0.156,,4
2026-09-29,vmc-usgubmov-id-2026-11-03-r0-10,politics,0.0000,0,2026-09-30T01:32:22Z,,,,0.905094,0.100000,0.011,,4
2026-09-29,vmc-usgubmov-tn-2026-11-03-rgte40,politics,0.0001,0,2026-09-30T01:32:22Z,,,,0.615905,0.111111,0.050,,4
2026-09-29,vtc-usseto-ms-2026-11-03-gt1m,politics,0.0002,0,2026-09-30T01:32:22Z,,,,0.999999,0.166667,0.022,,2
2026-09-29,vmc-ussemov-mi-2026-11-03-r6-9,politics,0.0002,0,2026-09-30T01:32:22Z,,,,0.672428,0.100000,0.072,,3
2026-09-29,vmc-usgubmov-id-2026-11-03-r45-50,politics,0.0002,0,2026-09-30T01:32:22Z,,,,0.483595,0.100000,0.083,,4
2026-09-29,aachc-cfb-wins-2026-11-28-flst-5pt5wins,cfb,0.0000,0,2026-09-30T01:32:22Z,,,,0.000382,6.000000,0.178,,7
2026-09-29,vtc-usseto-nm-2026-11-03-gt700k,politics,0.0006,1,2026-09-30T02:36:22Z,,,,0.301243,0.142857,0.323,,5
2026-09-29,ussewc-usse-ks-2026-11-03-dem,politics,0.0000,1,2026-09-30T02:36:22Z,,,,,,,,9
2026-09-29,vmc-ussemov-wv-2026-11-03-r30-35,politics,0.0000,0,2026-09-30T02:36:22Z,,,,0.002901,0.100000,0.223,,3
2026-09-29,aachc-cfb-wins-2026-11-28-col-6pt5wins,cfb,0.0000,1,2026-09-30T02:36:22Z,,,,,,,,6
2026-09-29,vtc-usseto-ky-2026-11-03-gt1pt5m,politics,0.0000,0,2026-09-30T02:36:22Z,,,,0.003023,0.142857,0.145,,4
2026-09-29,vtc-usseto-fl-2026-11-03-gt8pt75m,politics,0.0000,0,2026-09-30T02:36:22Z,,,,0.001137,0.111111,0.223,,4
2026-09-29,vmc-usgubmov-ca-2026-11-03-d25-30,politics,0.0000,0,2026-09-30T02:36:22Z,,,,0.135135,0.111111,0.044,,4
2026-09-29,vmc-usgubmov-ga-2026-11-03-d9-12,politics,0.0001,0,2026-09-30T02:36:22Z,,,,0.287388,0.100000,0.072,,4
2026-09-29,aachc-cfb-wins-2026-11-28-tcu-7pt5wins,cfb,0.0000,0,2026-09-30T02:36:22Z,,,,0.000004,6.000000,0.150,,6
2026-09-29,vtc-usgubto-nv-2026-11-03-gt1125k,politics,0.0000,1,2026-09-30T03:38:06Z,,,,0.001197,0.142857,0.161,,3
2026-09-29,vmc-usgubmov-il-2026-11-03-d30-35,politics,0.0000,1,2026-09-30T03:38:06Z,,,,0.000490,0.111111,0.150,,3
2026-09-29,vtc-usseto-oh-2026-11-03-gt4pt5m,politics,0.0000,1,2026-09-30T03:38:06Z,,,,0.007020,0.111111,0.089,,4
2026-09-29,vmc-ussemov-ky-2026-11-03-r20-25,politics,0.0003,1,2026-09-30T03:38:06Z,,,,0.432092,0.100000,0.150,,6
2026-09-29,vmc-usgubmov-co-2026-11-03-d30-35,politics,0.0000,1,2026-09-30T03:38:06Z,,,,0.000496,0.111111,0.167,,3
2026-09-29,vmc-ussemov-sd-2026-11-03-r0-10,politics,0.0002,1,2026-09-30T03:38:06Z,,,,0.281578,0.100000,0.206,,5
2026-09-29,vtc-usseto-id-2026-11-03-gt720k,politics,0.0000,1,2026-09-30T03:38:06Z,,,,0.002537,0.142857,0.139,,3
2026-09-29,aachc-cfb-wins-2026-11-28-col-4pt5wins,cfb,0.0000,1,2026-09-30T03:38:06Z,,,,0.000137,6.000000,0.111,,6
2026-09-29,aachc-cfb-wins-ou-2026-11-28-vir,cfb,0.0000,1,2026-09-30T03:38:06Z,,,,0.000217,0.394737,0.139,,6
2026-09-29,scc-senate-gop-2026-11-03-lte45,politics,0.0056,0,2026-09-30T03:38:06Z,,,,0.087129,17.307692,0.089,,14
2026-09-28,ewc-usse-ia-2026-11-03-dem,politics,0.0000,1,2026-09-28T04:36:18Z,,,,,,,,8
2026-09-28,usgubewc-usgub-nm-2026-11-03-dem,politics,0.0000,1,2026-09-28T04:36:18Z,,,,,,,,7
2026-09-28,scc-senate-gop-2026-11-03-48,politics,0.0000,1,2026-09-28T04:36:18Z,,,,,,,,11
2026-09-28,ewc-usgub-oh-2026-11-03-rep,politics,0.0000,1,2026-09-28T04:36:18Z,,,,,,,,8
2026-09-28,ewc-usse-ak-2026-11-03-dem,politics,0.0000,1,2026-09-28T04:36:18Z,,,,,,,,10
2026-09-28,scc-senate-gop-2026-11-03-52,politics,0.0000,1,2026-09-28T04:36:18Z,,,,,17.313788,0.017,,11
2026-09-28,ussewc-usse-wy-2026-11-03-dem,politics,0.0184,1,2026-09-28T04:36:18Z,,,,0.004114,4.979114,21.295,,3
2026-09-28,ewc-usgub-wi-2026-11-03-rep,politics,0.0000,1,2026-09-28T04:36:18Z,,,,,,,,11
2026-09-28,paccc-balpow-2026-11-03-dsweep,politics,0.0000,1,2026-09-28T04:36:18Z,,,,,,,,9
2026-09-28,usgubewc-usgub-md-2026-11-03-dem,politics,0.0064,2,2026-09-28T04:36:18Z,,,,0.001904,4.989647,16.051,,4
2026-09-28,ewc-usse-nh-2026-11-03-dem,politics,0.2107,1,2026-09-28T04:36:18Z,,,,0.001965,112.060609,22.775,,7
2026-09-28,ussewc-usse-co-2026-11-03-rep,politics,0.1177,1,2026-09-28T04:36:18Z,,,,0.002665,47.309566,22.191,,7
2026-09-28,scc-senate-gop-2026-11-03-54,politics,0.0000,1,2026-09-28T04:36:18Z,,,,0.000032,17.307854,1.273,,11
2026-09-28,ussewc-usse-il-2026-11-03-rep,politics,0.0002,1,2026-09-28T04:36:18Z,,,,0.000071,4.977083,19.410,,7
2026-09-28,ushrewc-ushr-ca-45-2026-11-03-dem,politics,0.0492,2,2026-09-28T04:36:18Z,,,,0.001078,47.316269,23.003,,9
2026-09-28,ewc-usgub-nv-2026-11-03-rep,politics,0.0000,1,2026-09-28T04:36:18Z,,,,,112.531835,0.006,,6
2026-09-28,paccc-balpow-2026-11-03-rsweep,politics,0.0000,1,2026-09-28T04:36:18Z,,,,,,,,9
2026-09-28,ushrewc-ushr-nc-01-2026-11-03-dem,politics,0.0459,1,2026-09-28T04:36:18Z,,,,0.001101,47.298607,20.990,,6
2026-09-28,ushrewc-ushr-nj-07-2026-11-03-dem,politics,0.1919,1,2026-09-28T04:36:18Z,,,,0.005561,47.256479,17.352,,9
2026-09-28,usgubewc-usgub-al-2026-11-03-rep,politics,0.0007,2,2026-09-28T04:36:18Z,,,,0.078091,5.001158,0.045,,7
2026-09-28,cpoc-ussegubc-me-2026-11-03-dgov-rsen,politics,0.0849,1,2026-09-28T04:36:18Z,,,,0.043197,2.488207,18.860,,7
2026-09-28,ussewc-usse-nm-2026-11-03-rep,politics,0.0054,1,2026-09-28T04:36:18Z,,,,0.001321,4.976717,19.109,,5
2026-09-28,scc-hrep-rep-2026-11-03-gte230,politics,10.7255,1,2026-09-28T04:36:18Z,,,,0.603177,18.676431,22.675,,9
2026-09-28,usgubewc-usgub-ne-2026-11-03-rep,politics,0.0002,5,2026-09-28T04:36:18Z,,,,0.000048,4.969998,14.827,,5
2026-09-28,scc-hrep-rep-2026-11-03-gte225,politics,0.2928,1,2026-09-28T04:36:18Z,,,,0.016572,18.675922,22.519,,8
2026-09-28,ushrewc-ushr-tx-34-2026-11-03-rep,politics,0.0000,1,2026-09-28T04:36:18Z,,,,,,,,11
2026-09-28,vtc-usseto-nm-2026-11-03-gt550k,politics,0.0002,1,2026-09-28T04:36:18Z,,,,0.005377,0.141539,6.040,,3
2026-09-28,vmc-ussemov-mn-2026-11-03-rgte5,politics,0.0202,1,2026-09-28T04:36:18Z,,,,0.496329,0.124103,7.765,,4
2026-09-28,usgubewc-usgub-sc-2026-11-03-dem,politics,0.0046,2,2026-09-28T04:36:18Z,,,,0.000953,4.980722,23.075,,7
2026-09-28,cpoc-ussegubc-ga-2026-11-03-rgov-dsen,politics,0.1975,1,2026-09-28T04:36:18Z,,,,0.105925,2.487491,17.780,,7
2026-09-28,vmc-ussemov-wy-2026-11-03-rgte50,politics,0.0107,1,2026-09-28T04:36:18Z,,,,0.328686,0.099272,7.659,,3
2026-09-28,ewc-usse-mn-2026-11-03-dem,politics,0.0000,1,2026-09-28T04:36:18Z,,,,,,,,6
2026-09-28,usgubewc-usgub-id-2026-11-03-dem,politics,0.0024,2,2026-09-28T04:36:18Z,,,,0.000537,4.979481,21.685,,7
2026-09-28,usgubewc-usgub-me-2026-11-03-rep,politics,0.0083,1,2026-09-28T04:36:18Z,,,,0.001927,4.978320,20.517,,7
2026-09-28,usgubewc-usgub-sd-2026-11-03-dem,politics,0.0295,0,2026-09-28T04:36:18Z,,,,0.006248,4.980348,22.636,,7
2026-09-28,ushrewc-ushr-pa-01-2026-11-03-rep,politics,0.0108,1,2026-09-28T04:36:18Z,,,,0.000240,47.383956,22.808,,7
2026-09-28,vmc-ushrmov-ca-47-2026-11-03-rwin,politics,0.0073,2,2026-09-28T04:36:18Z,,,,0.192963,0.124033,7.208,,4
2026-09-28,vtc-usseto-ri-2026-11-03-gt400k,politics,0.0079,3,2026-09-28T04:36:18Z,,,,0.088535,0.198308,10.518,,6
2026-09-28,vtc-usseto-de-2026-11-03-gt325k,politics,0.0002,1,2026-09-28T04:36:18Z,,,,0.005289,0.110225,6.992,,5
2026-09-28,cpoc-ussegubc-ks-2026-11-03-dgov-rsen,politics,0.4214,1,2026-09-28T04:36:18Z,,,,0.186560,2.489712,21.618,,9
2026-09-28,scc-hrep-rep-2026-11-03-gte235,politics,0.0025,1,2026-09-28T04:36:18Z,,,,0.000756,18.750061,4.238,,7
2026-09-28,vtc-usseto-ar-2026-11-03-gt900k,politics,0.1039,2,2026-09-28T04:36:18Z,,,,0.945326,0.142167,18.403,,3
2026-09-28,usgubewc-usgub-sc-2026-11-03-rep,politics,0.0029,1,2026-09-28T04:36:18Z,,,,0.000655,4.979300,21.490,,5
2026-09-28,vtc-usseto-fl-2026-11-03-gt8m,politics,0.0241,2,2026-09-28T04:36:18Z,,,,0.658357,0.110321,7.843,,3
2026-09-28,vtc-usgubto-vt-2026-11-03-gt300k,politics,0.0085,1,2026-09-28T04:36:18Z,,,,0.074078,0.165766,16.462,,5
2026-09-28,vtc-usseto-la-2026-11-03-gt1pt1m,politics,0.0024,1,2026-09-28T04:36:18Z,,,,0.061976,0.141627,6.475,,4
2026-09-28,vtc-usseto-il-2026-11-03-gt4pt5m,politics,0.0322,1,2026-09-28T04:36:18Z,,,,0.427114,0.142227,12.625,,3
2026-09-28,vtc-usseto-nj-2026-11-03-gt2pt4m,politics,0.0155,1,2026-09-28T04:36:18Z,,,,0.494837,0.123834,5.973,,3
2026-09-28,vtc-usgubto-md-2026-11-03-gt2pt15m,politics,0.0215,1,2026-09-28T04:36:18Z,,,,0.495975,0.141750,7.197,,3
2026-09-28,vtc-usgubto-ny-2026-11-03-gt5m,politics,0.0228,1,2026-09-28T04:36:18Z,,,,0.463755,0.165347,7.036,,3
2026-09-28,vtc-usgubto-ct-2026-11-03-gt1pt3m,politics,0.0036,2,2026-09-28T04:36:18Z,,,,0.072029,0.141899,8.310,,5
2026-09-28,vtc-usgubto-pa-2026-11-03-gt6pt5m,politics,0.0151,2,2026-09-28T04:36:18Z,,,,0.118540,0.165858,18.337,,3
2026-09-28,vtc-usgubto-md-2026-11-03-gt2m,politics,0.0049,2,2026-09-28T04:36:18Z,,,,0.098887,0.141900,8.321,,6
2026-09-28,vmc-ussemov-al-2026-11-03-r20-25,politics,0.0036,1,2026-09-28T04:36:18Z,,,,0.090190,0.109924,8.331,,3
2026-09-28,ushrewc-ushr-tx-34-2026-11-03-dem,politics,0.0000,1,2026-09-28T04:36:18Z,,,,,,,,8
2026-09-28,scc-hrep-rep-2026-11-03-gte205,politics,0.7977,1,2026-09-28T04:36:18Z,,,,0.043744,18.678224,23.248,,7
2026-09-28,vtc-usseto-mn-2026-11-03-gt2pt75m,politics,0.0580,1,2026-09-28T04:36:18Z,,,,0.604144,0.124395,18.365,,3
2026-09-28,vtc-usseto-mi-2026-11-03-gt5pt6m,politics,0.0001,1,2026-09-28T04:36:18Z,,,,0.002221,0.124153,8.232,,4
2026-09-28,vtc-usseto-tx-2026-11-03-gt9pt6m,politics,0.0012,2,2026-09-28T04:36:18Z,,,,0.041677,0.111111,5.740,,5
2026-09-28,vmc-ussemov-me-2026-11-03-r0-3,politics,0.0361,1,2026-09-28T04:36:18Z,,,,0.445914,0.083015,23.264,,4
2026-09-28,vtc-usseto-al-2026-11-03-gt1pt2m,politics,0.0406,1,2026-09-28T04:36:18Z,,,,0.543231,0.142477,12.487,,3
2026-09-28,vmc-ussemov-la-2026-11-03-r10-15,politics,0.0670,1,2026-09-28T04:36:18Z,,,,0.621001,0.110686,23.231,,6
2026-09-28,vtc-usgubto-hi-2026-11-03-gt490k,politics,0.0042,2,2026-09-28T04:36:18Z,,,,0.085478,0.141897,8.293,,5
2026-09-28,usgubewc-usgub-ak-2026-11-03-berwil,politics,0.4726,1,2026-09-28T04:36:18Z,,,,0.015133,32.019754,23.231,,8
2026-09-28,ewc-usgub-wi-2026-11-03-dem,politics,0.0000,1,2026-09-28T04:36:18Z,,,,0.000219,112.568145,0.033,,7
2026-09-28,vtc-usgubto-ny-2026-11-03-gt6m,politics,0.0003,1,2026-09-28T04:36:18Z,,,,0.006436,0.165359,7.103,,3
2026-09-28,vmc-ussemov-nj-2026-11-03-d20-25,politics,0.0282,1,2026-09-28T04:36:18Z,,,,0.411194,0.110440,14.727,,4
2026-09-28,vmc-ussemov-mi-2026-11-03-r3-6,politics,0.0125,1,2026-09-28T04:36:18Z,,,,0.329496,0.099381,8.999,,3
2026-09-28,vtc-usgubto-ny-2026-11-03-gt6pt5m,politics,0.0003,1,2026-09-28T04:36:18Z,,,,0.006344,0.165401,7.336,,3
2026-09-28,vmc-usgubmov-me-2026-11-03-d15-20,politics,0.0101,1,2026-09-28T04:36:18Z,,,,0.333313,0.111111,6.518,,3
2026-09-28,ewc-usse-me-2026-11-03-dem,politics,0.0000,1,2026-09-28T04:36:18Z,,,,,,,,9
2026-09-28,vmc-usgubmov-tx-2026-11-03-d0-3,politics,0.0129,1,2026-09-28T04:36:18Z,,,,0.491608,0.090172,6.874,,3
2026-09-28,paccc-usho-midterms-2026-11-03-rep,politics,0.3551,0,2026-09-28T04:36:18Z,,,,0.026449,281.247631,1.146,,19
2026-09-28,usgubewc-usgub-tx-2026-11-03-dem,politics,0.1094,0,2026-09-28T04:36:18Z,,,,0.002986,112.499812,7.814,,11
2026-09-28,vtc-usgubto-hi-2026-11-03-gt370k,politics,0.0264,1,2026-09-28T04:36:18Z,,,,0.557685,0.141854,7.937,,4
2026-09-28,vtc-usgubto-vt-2026-11-03-gt325k,politics,0.0544,2,2026-09-28T04:36:18Z,,,,0.987049,0.165489,7.887,,4
2026-09-28,vmc-ussemov-al-2026-11-03-r10-15,politics,0.0169,1,2026-09-28T04:36:18Z,,,,0.472469,0.110307,7.698,,4
2026-09-28,ussewc-usse-sd-2026-11-03-rep,politics,0.1474,0,2026-09-28T04:36:18Z,,,,0.099093,4.999998,7.141,,8
2026-09-28,vtc-usseto-fl-2026-11-03-gt8pt25m,politics,0.0210,1,2026-09-28T04:36:18Z,,,,0.577230,0.110317,7.793,,4
2026-09-28,vmc-usgubmov-az-2026-11-03-d9-12,politics,0.0154,1,2026-09-28T04:36:18Z,,,,0.479785,0.100000,7.725,,4
2026-09-28,vmc-ussemov-mi-2026-11-03-d3-6,politics,0.0113,1,2026-09-28T04:36:18Z,,,,0.322074,0.099330,8.315,,3
2026-09-28,vtc-usseto-ok-2026-11-03-gt900k,politics,0.0001,1,2026-09-28T04:36:18Z,,,,0.002042,0.165065,5.801,,4
2026-09-28,vmc-ussemov-nj-2026-11-03-d15-20,politics,0.0118,1,2026-09-28T04:36:18Z,,,,0.331203,0.110304,7.676,,3
2026-09-28,vtc-usseto-de-2026-11-03-gt475k,politics,0.0065,1,2026-09-28T04:36:18Z,,,,0.199932,0.110239,7.097,,2
2026-09-28,vmc-usgubmov-sc-2026-11-03-r10-15,politics,0.0140,1,2026-09-28T04:36:18Z,,,,0.394782,0.123963,6.718,,3
2026-09-28,vmc-ussemov-ky-2026-11-03-r0-10,politics,0.0728,2,2026-09-28T04:36:18Z,,,,0.750062,0.099617,23.231,,5
2026-09-28,vtc-usgubto-vt-2026-11-03-gt275k,politics,0.0011,1,2026-09-28T04:36:18Z,,,,0.022147,0.165357,7.091,,3
2026-09-28,vtc-usseto-mi-2026-11-03-gt4pt8m,politics,0.0405,2,2026-09-28T04:36:18Z,,,,0.481272,0.124305,16.007,,3
2026-09-28,vmc-ussemov-al-2026-11-03-r25-30,politics,0.0172,1,2026-09-28T04:36:18Z,,,,0.478518,0.110306,7.698,,3
2026-09-28,vmc-ussemov-tn-2026-11-03-r25-30,politics,0.0532,1,2026-09-28T04:36:18Z,,,,0.546944,0.099617,23.220,,4
2026-09-28,ussewc-usse-al-2026-11-03-dem,politics,0.0058,2,2026-09-28T04:36:18Z,,,,0.001220,4.980400,22.697,,6
2026-09-28,vmc-ussemov-ky-2026-11-03-r10-15,politics,0.0278,2,2026-09-28T04:36:18Z,,,,0.724227,0.099389,9.122,,5
2026-09-28,vtc-usgubto-ct-2026-11-03-gt1pt4m,politics,0.0310,0,2026-09-28T04:36:18Z,,,,0.408263,0.142483,12.686,,
2026-09-28,vmc-ussemov-ms-2026-11-03-r10-15,politics,0.0125,1,2026-09-28T04:36:18Z,,,,0.313819,0.124093,7.687,,3
2026-09-28,vmc-usgubmov-fl-2026-11-03-r6-9,politics,0.0097,1,2026-09-28T04:36:18Z,,,,0.331655,0.100000,7.002,,3
2026-09-28,vmc-usgubmov-co-2026-11-03-d25-30,politics,0.0110,1,2026-09-28T04:36:18Z,,,,0.491467,0.111111,4.817,,4
2026-09-28,vmc-usgubmov-sc-2026-11-03-r15-20,politics,0.0078,1,2026-09-28T04:36:18Z,,,,0.329655,0.123446,4.483,,3
2026-09-28,vtc-usseto-nc-2026-11-03-gt4pt5m,politics,0.0056,0,2026-09-28T04:36:18Z,,,,0.496144,0.142858,1.897,,4
2026-09-28,vtc-usgubto-az-2026-11-03-gt2pt9m,politics,0.0050,0,2026-09-28T04:36:18Z,,,,0.330635,0.111111,3.281,,
2026-09-28,vmc-usgubmov-ct-2026-11-03-d25-30,politics,0.0324,1,2026-09-28T04:36:18Z,,,,0.370948,0.124332,16.657,,3
2026-09-28,vmc-ussemov-or-2026-11-03-d20-25,politics,0.0149,1,2026-09-28T04:36:18Z,,,,0.499324,0.110142,6.391,,3
2026-09-28,vtc-usgubto-ny-2026-11-03-gt5pt5m,politics,0.0039,0,2026-09-28T04:36:18Z,,,,0.212848,0.166667,2.614,,
2026-09-28,ewc-usse-me-2026-11-03-rep,politics,0.0000,1,2026-09-28T04:36:18Z,,,,,,,,13
2026-09-28,vmc-usgubmov-wy-2026-11-03-r35-40,politics,0.0073,0,2026-09-28T04:36:18Z,,,,0.395760,0.100000,4.455,,
2026-09-28,vtc-usseto-wv-2026-11-03-gt550k,politics,0.0272,0,2026-09-28T04:36:18Z,,,,0.825921,0.166666,4.733,,4
2026-09-28,vtc-usseto-al-2026-11-03-gt1pt7m,politics,0.0073,1,2026-09-28T04:36:18Z,,,,0.132511,0.141991,9.194,,5
2026-09-28,ushrewc-ushr-tx-15-2026-11-03-dem,politics,0.3391,1,2026-09-28T04:36:18Z,,,,0.007371,47.317737,23.187,,9
2026-09-28,scc-senate-demst-2026-11-03-gte51,politics,0.2585,0,2026-09-28T04:36:18Z,,,,0.062353,4.977505,19.777,,8
2026-09-28,vtc-usgubto-hi-2026-11-03-gt460k,politics,0.0457,1,2026-09-28T04:36:18Z,,,,0.391340,0.142205,19.505,,2
2026-09-28,vmc-usgubmov-nm-2026-11-03-d15-20,politics,0.0124,1,2026-09-28T04:36:18Z,,,,0.359064,0.125000,6.585,,3
2026-09-28,vmc-ussemov-ma-2026-11-03-d25-30,politics,0.0008,0,2026-09-28T04:36:18Z,,,,0.308909,0.100001,0.634,,3
2026-09-28,vtc-usgubto-vt-2026-11-03-gt225k,politics,0.0156,0,2026-09-28T04:36:18Z,,,,0.798077,0.166667,2.809,,2
2026-09-28,vmc-usgubmov-mn-2026-11-03-d15-20,politics,0.0148,1,2026-09-28T04:36:18Z,,,,0.335501,0.125000,8.409,,4
2026-09-28,cpoc-ussec-tx-me-2026-11-03-rtx-dme,politics,0.0809,0,2026-09-28T04:36:18Z,,,,0.004970,28.057668,13.893,,12
2026-09-28,vmc-usgubmov-ks-2026-11-03-r9-12,politics,0.0111,1,2026-09-28T04:36:18Z,,,,0.455404,0.100000,5.812,,3
2026-09-28,vmc-usgubmov-hi-2026-11-03-d25-30,politics,0.0068,1,2026-09-28T04:36:18Z,,,,0.216309,0.100000,7.536,,4
2026-09-28,vtc-usseto-me-2026-11-03-gt800k,politics,0.0001,0,2026-09-28T04:36:18Z,,,,0.004714,0.142857,5.790,,
2026-09-28,vmc-usgubmov-il-2026-11-03-d20-25,politics,0.0185,1,2026-09-28T04:36:18Z,,,,0.454672,0.111111,8.771,,4
2026-09-28,vmc-usgubmov-md-2026-11-03-d30-35,politics,0.0116,1,2026-09-28T04:36:18Z,,,,0.500939,0.100000,5.573,,4
2026-09-28,vmc-usgubmov-tn-2026-11-03-r20-25,politics,0.0077,0,2026-09-28T04:36:18Z,,,,0.396063,0.111111,4.232,,3
2026-09-28,vtc-usseto-ks-2026-11-03-gt1m,politics,0.0003,0,2026-09-28T04:36:18Z,,,,0.004217,0.198553,7.703,,5
2026-09-28,cpoc-ussegubc-nh-2026-11-03-dsweep,politics,0.2584,1,2026-09-28T04:36:18Z,,,,0.162923,2.490818,15.178,,7
2026-09-28,vmc-ussemov-id-2026-11-03-r20-25,politics,0.0206,1,2026-09-28T04:36:18Z,,,,0.492992,0.110420,8.966,,3
2026-09-28,vmc-usgubmov-nh-2026-11-03-r9-12,politics,0.0169,1,2026-09-28T04:36:18Z,,,,0.452270,0.099376,8.932,,5
2026-09-28,vmc-ussemov-ma-2026-11-03-d20-25,politics,0.0043,0,2026-09-28T04:36:18Z,,,,0.327381,0.100000,3.181,,5
2026-09-28,vmc-usgubmov-ga-2026-11-03-r0-3,politics,0.0287,1,2026-09-28T04:36:18Z,,,,0.474324,0.100000,14.516,,5
2026-09-28,vtc-usseto-id-2026-11-03-gt680k,politics,0.0155,2,2026-09-28T04:36:18Z,,,,0.315396,0.141880,8.148,,3
2026-09-28,vmc-usgubmov-vt-2026-11-03-r10-15,politics,0.0060,0,2026-09-28T04:36:18Z,,,,0.504814,0.125001,2.263,,
2026-09-28,vtc-usgubto-wi-2026-11-03-gt3pt2m,politics,0.0127,0,2026-09-28T04:36:18Z,,,,0.435978,0.166666,4.189,,4
2026-09-28,scc-senate-gop-2026-11-03-50,politics,0.0009,1,2026-09-28T04:36:18Z,,,,0.000060,17.238379,22.213,,12
2026-09-28,vtc-usseto-tx-2026-11-03-gt11pt2m,politics,0.0001,0,2026-09-28T04:36:18Z,,,,0.011883,0.111110,1.441,,
2026-09-28,vtc-usgubto-wi-2026-11-03-gt3m,politics,0.0020,1,2026-09-28T04:36:18Z,,,,0.031396,0.165634,8.994,,6
2026-09-28,vtc-usseto-mt-2026-11-03-gt550k,politics,0.0111,1,2026-09-28T04:36:18Z,,,,0.208428,0.165433,7.531,,4
2026-09-28,vmc-usgubmov-vt-2026-11-03-r5-10,politics,0.0113,0,2026-09-28T04:36:18Z,,,,0.475515,0.125000,4.560,,
2026-09-28,scc-hrep-rep-2026-11-03-gte220,politics,0.0182,1,2026-09-28T04:36:18Z,,,,0.198567,18.750800,0.117,,10
2026-09-28,ussewc-usse-ks-2026-11-03-rep,politics,0.0635,1,2026-09-28T04:36:18Z,,,,0.013094,4.980812,23.181,,10
2026-09-28,vmc-usgubmov-il-2026-11-03-d25-30,politics,0.0142,1,2026-09-28T04:36:18Z,,,,0.337255,0.111111,9.127,,3
2026-09-28,ushrewc-ushr-ia-01-2026-11-03-dem,politics,0.0206,1,2026-09-28T04:36:18Z,,,,0.000922,47.263095,11.178,,6
2026-09-28,usgubewc-usgub-tn-2026-11-03-rep,politics,0.0735,0,2026-09-28T04:36:18Z,,,,0.019304,4.975517,18.170,,6
2026-09-28,vtc-usseto-nc-2026-11-03-gt3pt9m,politics,0.0043,1,2026-09-28T04:36:18Z,,,,0.077711,0.141959,8.866,,5
2026-09-28,scc-hrep-rep-2026-11-03-gte210,politics,1.9198,1,2026-09-28T04:36:18Z,,,,0.105627,18.678032,23.181,,7
2026-09-28,vmc-usgubmov-nh-2026-11-03-r12-15,politics,0.0159,1,2026-09-28T04:36:18Z,,,,0.457752,0.100000,8.325,,4
2026-09-28,scc-hrep-rep-2026-11-03-gte200,politics,5.8672,1,2026-09-28T04:36:18Z,,,,0.322412,18.678150,23.220,,9
2026-09-28,scc-hrep-rep-2026-11-03-gte195,politics,2.0884,1,2026-09-28T04:36:18Z,,,,0.225864,18.750005,11.835,,8
2026-09-28,vmc-usgubmov-il-2026-11-03-d0-5,politics,0.0120,1,2026-09-28T04:36:18Z,,,,0.391852,0.111111,6.613,,3
2026-09-28,vmc-ussemov-fl-2026-11-03-r6-9,politics,0.0122,1,2026-09-28T04:36:18Z,,,,0.327069,0.099368,8.821,,5
2026-09-28,vtc-usseto-tx-2026-11-03-gt9pt2m,politics,0.0049,0,2026-09-28T04:36:18Z,,,,0.110901,0.111111,9.638,,
2026-09-28,cpoc-ussegubc-me-2026-11-03-rgov-dsen,politics,0.2990,1,2026-09-28T04:36:18Z,,,,0.136823,2.493357,20.979,,8
2026-09-28,usgubewc-usgub-hi-2026-11-03-rep,politics,0.0161,1,2026-09-28T04:36:18Z,,,,0.003489,4.987343,22.013,,7
2026-09-28,vmc-ussemov-nc-2026-11-03-d12-15,politics,0.0069,0,2026-09-28T04:36:18Z,,,,0.259073,0.100000,6.419,,
2026-09-28,vtc-usseto-wv-2026-11-03-gt450k,politics,0.0191,1,2026-09-28T04:36:18Z,,,,0.494764,0.164975,5.490,,3
2026-09-28,vmc-ussemov-id-2026-11-03-rgte40,politics,0.0003,1,2026-09-28T04:36:18Z,,,,0.006672,0.110342,8.048,,6
2026-09-28,vmc-usgubmov-il-2026-11-03-d10-15,politics,0.0123,1,2026-09-28T04:36:18Z,,,,0.362476,0.110263,7.297,,4
2026-09-28,vmc-usgubmov-sd-2026-11-03-r25-30,politics,0.0034,0,2026-09-28T04:36:18Z,,,,0.335186,0.100000,2.430,,4
2026-09-28,ushrewc-ushr-va-02-2026-11-03-rep,politics,0.0675,1,2026-09-28T04:36:18Z,,,,0.001528,47.380925,22.230,,5
2026-09-28,usgubewc-usgub-sd-2026-11-03-rep,politics,0.0057,1,2026-09-28T04:36:18Z,,,,0.001316,4.978893,21.078,,8
2026-09-28,usgubewc-usgub-co-2026-11-03-dem,politics,0.0040,1,2026-09-28T04:36:18Z,,,,0.000827,4.980680,23.031,,6
2026-09-28,cpoc-ussec-tx-me-2026-11-03-dsweep,politics,0.0213,1,2026-09-28T04:36:18Z,,,,0.000792,28.015719,22.903,,18
2026-09-28,vmc-ussemov-wy-2026-11-03-r30-35,politics,0.0179,1,2026-09-28T04:36:18Z,,,,0.451209,0.099412,9.478,,3
2026-09-28,vmc-usgubmov-id-2026-11-03-r35-40,politics,0.0045,1,2026-09-28T04:36:18Z,,,,0.317174,0.100000,3.409,,4
2026-09-28,ussewc-usse-ky-2026-11-03-rep,politics,0.0052,1,2026-09-28T04:36:18Z,,,,0.001143,4.979557,21.762,,5
2026-09-28,vtc-usseto-wy-2026-11-03-gt210k,politics,0.0364,2,2026-09-28T04:36:18Z,,,,0.632515,0.165534,8.204,,5
2026-09-28,vmc-usgubmov-ct-2026-11-03-d15-20,politics,0.0000,0,2026-09-28T04:36:18Z,,,,0.000424,0.124999,0.234,,3
2026-09-28,ushrewc-ushr-ia-01-2026-11-03-rep,politics,0.1970,1,2026-09-28T04:36:18Z,,,,0.005128,47.363377,19.371,,7
2026-09-28,vtc-usseto-tx-2026-11-03-gt10pt4m,politics,0.0063,0,2026-09-28T04:36:18Z,,,,0.461281,0.111111,2.992,,
2026-09-28,vmc-usgubmov-tx-2026-11-03-d6-9,politics,0.0001,0,2026-09-28T04:36:18Z,,,,0.038299,0.090908,0.695,,3
2026-09-28,cpoc-ussegubc-oh-2026-11-03-dgov-rsen,politics,0.0698,1,2026-09-28T04:36:18Z,,,,0.068274,2.485748,9.778,,8
2026-09-28,vtc-usseto-ne-2026-11-03-gt800k,politics,0.0000,0,2026-09-28T04:36:18Z,,,,0.001278,0.166665,0.289,,3
2026-09-28,vtc-usseto-ia-2026-11-03-gt1pt3m,politics,0.0000,0,2026-09-28T04:36:18Z,,,,0.000432,0.111112,0.300,,
2026-09-28,cpoc-ussegubc-ks-2026-11-03-rsweep,politics,0.0046,0,2026-09-28T04:36:18Z,,,,0.109884,2.500070,0.400,,
2026-09-28,cpoc-ussegubc-mn-2026-11-03-rgov-dsen,politics,0.1643,0,2026-09-28T04:36:18Z,,,,0.307282,2.499995,5.133,,8
2026-09-28,vmc-usgubmov-ma-2026-11-03-d30-35,politics,0.0079,0,2026-09-28T04:36:18Z,,,,0.339609,0.111111,5.022,,
2026-09-28,vmc-usgubmov-ok-2026-11-03-r20-25,politics,0.0016,1,2026-09-28T04:36:18Z,,,,0.249669,0.100000,1.524,,4
2026-09-28,vtc-usseto-oh-2026-11-03-gt3pt9m,politics,0.0000,0,2026-09-28T04:36:18Z,,,,0.000427,0.111113,0.222,,
2026-09-28,vmc-ussemov-nh-2026-11-03-d9-12,politics,0.0114,1,2026-09-28T04:36:18Z,,,,0.322890,0.099339,8.426,,4
2026-09-28,usgubewc-usgub-vt-2026-11-03-dem,politics,0.0000,1,2026-09-28T04:36:18Z,,,,,,,,10
2026-09-28,vmc-ussemov-ok-2026-11-03-r20-25,politics,0.0113,1,2026-09-28T04:36:18Z,,,,0.503205,0.098961,5.362,,3
2026-09-28,vmc-ussemov-ar-2026-11-03-r10-15,politics,0.0137,1,2026-09-28T04:36:18Z,,,,0.332741,0.110408,8.804,,3
2026-09-28,usgubewc-usgub-me-2026-11-03-dem,politics,0.0603,0,2026-09-28T04:36:18Z,,,,0.015214,4.991207,18.903,,9
2026-09-28,ushrewc-ushr-tx-15-2026-11-03-rep,politics,0.0782,1,2026-09-28T04:36:18Z,,,,0.001710,47.316585,23.042,,12
2026-09-28,ushrewc-ushr-ny-17-2026-11-03-dem,politics,1.0374,1,2026-09-28T04:36:18Z,,,,0.022940,47.314185,22.742,,7
2026-09-28,ushrewc-ushr-wa-03-2026-11-03-rep,politics,0.1043,1,2026-09-28T04:36:18Z,,,,0.002315,47.313567,22.675,,6
2026-09-28,vmc-ussemov-ky-2026-11-03-dwin,politics,0.0012,1,2026-09-28T04:36:18Z,,,,0.038055,0.099310,8.081,,4
2026-09-28,vmc-usgubmov-ar-2026-11-03-r10-15,politics,0.0090,1,2026-09-28T04:36:18Z,,,,0.303738,0.111111,6.329,,3
2026-09-28,vmc-ussemov-fl-2026-11-03-r3-6,politics,0.0121,1,2026-09-28T04:36:18Z,,,,0.333282,0.099355,8.643,,5
2026-09-28,vmc-usgubmov-ri-2026-11-03-d25-30,politics,0.0227,1,2026-09-28T04:36:18Z,,,,0.366644,0.110365,13.253,,4
2026-09-28,scc-hrep-rep-2026-11-03-gte180,politics,0.1123,0,2026-09-28T04:36:18Z,,,,0.048690,18.750096,2.953,,9
2026-09-28,usgubewc-usgub-wy-2026-11-03-rep,politics,0.0055,1,2026-09-28T04:36:18Z,,,,0.001218,4.979480,21.679,,3
2026-09-28,ussewc-usse-id-2026-11-03-todach,politics,0.0000,1,2026-09-28T04:36:18Z,,,,,,,,10
2026-09-28,vmc-ussemov-mn-2026-11-03-d5-10,politics,0.0000,0,2026-09-28T04:36:18Z,,,,0.001167,0.125000,1.574,,
2026-09-28,scc-senate-demst-2026-11-03-gte49,politics,1.1260,0,2026-09-28T04:36:18Z,,,,0.294834,4.984785,18.314,,4
2026-09-28,vtc-usseto-wy-2026-11-03-gt250k,politics,0.0017,1,2026-09-28T04:36:18Z,,,,0.054155,0.166667,4.377,,5
2026-09-28,vtc-usseto-nm-2026-11-03-gt650k,politics,0.0000,0,2026-09-28T04:36:18Z,,,,0.000429,0.142858,0.295,,
2026-09-28,vmc-usgubmov-ct-2026-11-03-d20-25,politics,0.0051,0,2026-09-28T04:36:18Z,,,,0.497165,0.125000,1.952,,
2026-09-28,cpoc-ussegubc-me-2026-11-03-dsweep,politics,0.0725,1,2026-09-28T04:36:18Z,,,,0.046976,2.490562,14.761,,7
2026-09-28,vtc-usseto-ak-2026-11-03-gt275k,politics,0.0341,1,2026-09-28T04:36:18Z,,,,0.699465,0.141293,8.126,,5
2026-09-28,vtc-usgubto-nv-2026-11-03-gt1pt05m,politics,0.0084,1,2026-09-28T04:36:18Z,,,,0.193276,0.141092,7.203,,3
2026-09-28,vmc-ussemov-or-2026-11-03-d10-15,politics,0.0005,0,2026-09-28T04:36:18Z,,,,0.100164,0.111111,1.012,,
2026-09-28,aachc-cfb-wins-2026-11-28-hou-9pt5wins,cfb,0.0004,1,2026-09-28T04:36:18Z,,,,0.000272,5.999990,4.634,,5
2026-09-28,aachc-cfb-wins-2026-11-28-pennst-9pt5wins,cfb,0.0032,0,2026-09-28T04:36:18Z,,,,0.007386,5.999981,1.708,,7
2026-09-28,aachc-cfb-wins-2026-11-28-kan-5pt5wins,cfb,0.0002,1,2026-09-28T04:36:18Z,,,,0.000214,6.000021,4.000,,6
2026-09-28,aachc-cfb-wins-2026-11-28-vir-5pt5wins,cfb,0.0002,1,2026-09-28T04:36:18Z,,,,0.000361,5.999963,2.888,,5
2026-09-28,aachc-cfb-wins-2026-11-28-pennst-7pt5wins,cfb,0.0592,2,2026-09-28T04:36:18Z,,,,0.071702,5.999991,3.304,,8
2026-09-28,vmc-ussemov-id-2026-11-03-r15-20,politics,0.0282,1,2026-09-28T04:36:18Z,,,,0.405601,0.110448,14.906,,6
2026-09-28,vmc-ussemov-tx-2026-11-03-d3-6,politics,0.0007,0,2026-09-28T04:36:18Z,,,,0.618619,0.083336,0.345,,3
2026-09-28,ushrewc-ushr-ca-47-2026-11-03-dem,politics,0.0187,0,2026-09-28T04:36:18Z,,,,0.016457,1.244863,21.646,,6
2026-09-28,vtc-usseto-ms-2026-11-03-gt1m,politics,0.0020,1,2026-09-28T04:36:18Z,,,,0.255960,0.166667,1.157,,4
2026-09-28,vmc-usgubmov-id-2026-11-03-r30-35,politics,0.0007,0,2026-09-28T04:36:18Z,,,,0.486389,0.100003,0.356,,4
2026-09-28,vtc-usseto-wy-2026-11-03-gt230k,politics,0.0012,0,2026-09-28T04:36:18Z,,,,0.041432,0.166666,4.138,,
2026-09-28,vtc-usseto-id-2026-11-03-gt640k,politics,0.0000,0,2026-09-28T04:36:18Z,,,,0.000429,0.142858,0.384,,
2026-09-28,vtc-usseto-or-2026-11-03-gt2m,politics,0.0000,0,2026-09-28T04:36:18Z,,,,0.010183,0.125006,0.367,,5
2026-09-28,vtc-usseto-mt-2026-11-03-gt500k,politics,0.0000,0,2026-09-28T04:36:18Z,,,,0.000784,0.166670,0.868,,
2026-09-28,vtc-usgubto-wi-2026-11-03-gt2pt2m,politics,0.0000,0,2026-09-28T04:36:18Z,,,,0.000427,0.166671,0.417,,
2026-09-28,vtc-usseto-tx-2026-11-03-gt10m,politics,0.0000,0,2026-09-28T04:36:18Z,,,,0.000374,0.111099,0.100,,3
2026-09-28,vmc-ussemov-co-2026-11-03-d5-10,politics,0.0001,0,2026-09-28T04:36:18Z,,,,0.021054,0.111110,0.534,,
2026-09-28,vmc-usgubmov-vt-2026-11-03-dwin,politics,0.0129,1,2026-09-28T04:36:18Z,,,,0.419644,0.123803,5.818,,5
2026-09-28,vmc-usgubmov-tn-2026-11-03-rgte40,politics,0.0001,0,2026-09-28T04:36:18Z,,,,0.019061,0.111110,0.595,,4
2026-09-28,vmc-usgubmov-ga-2026-11-03-r9-12,politics,0.0065,1,2026-09-28T04:36:18Z,,,,0.271619,0.100000,5.723,,3
2026-09-28,vmc-usgubmov-ne-2026-11-03-dwin,politics,0.0000,0,2026-09-28T04:36:18Z,,,,0.001378,0.111105,0.434,,5
2026-09-28,vmc-usgubmov-al-2026-11-03-r10-15,politics,0.0017,0,2026-09-28T04:36:18Z,,,,0.511629,0.111108,0.712,,3
2026-09-28,vmc-usgubmov-hi-2026-11-03-d35-40,politics,0.0289,2,2026-09-28T04:36:18Z,,,,0.683692,0.099121,10.122,,4
2026-09-28,aachc-cfb-wins-ou-2026-11-28-clmsn,cfb,0.0000,0,2026-09-28T04:36:18Z,,,,0.001158,0.394743,0.245,,
2026-09-28,aachc-cfb-wins-2026-11-28-mia-7pt5wins,cfb,0.0018,0,2026-09-28T04:36:18Z,,,,0.009284,5.999869,0.779,,
2026-09-28,aachc-cfb-wins-2026-11-28-minnst-6pt5wins,cfb,0.0000,0,2026-09-28T04:36:18Z,,,,0.000429,5.999964,0.284,,
2026-09-28,aachc-cfb-wins-2026-11-28-ucf-5pt5wins,cfb,0.0000,0,2026-09-28T04:36:18Z,,,,0.000014,5.999730,0.278,,
2026-09-28,vmc-ussemov-mi-2026-11-03-d0-3,politics,0.0000,0,2026-09-28T05:36:22Z,,,,0.000415,0.100002,0.339,,3
2026-09-28,vtc-usseto-co-2026-11-03-gt3m,politics,0.0018,0,2026-09-28T05:36:22Z,,,,0.186496,0.142857,1.580,,4
2026-09-28,vmc-usgubmov-ok-2026-11-03-r5-10,politics,0.0053,1,2026-09-28T05:36:22Z,,,,0.446703,0.098020,2.814,,3
2026-09-28,vmc-usgubmov-ca-2026-11-03-d20-25,politics,0.0002,0,2026-09-28T05:36:22Z,,,,0.022969,0.111111,1.669,,
2026-09-28,vtc-usseto-sc-2026-11-03-gt1pt8m,politics,0.0000,0,2026-09-28T05:36:22Z,,,,0.000426,0.200000,0.534,,
2026-09-28,vmc-usgubmov-ne-2026-11-03-r15-20,politics,0.0000,0,2026-09-28T05:36:22Z,,,,0.000178,0.111112,0.745,,4
2026-09-28,vmc-ussemov-sd-2026-11-03-r0-10,politics,0.0001,0,2026-09-28T05:36:22Z,,,,0.023219,0.100000,0.795,,5
2026-09-28,vmc-ussemov-oh-2026-11-03-d0-3,politics,0.0000,0,2026-09-28T05:36:22Z,,,,0.001062,0.083332,0.384,,3
2026-09-28,vtc-usseto-ga-2026-11-03-gt4pt6m,politics,0.0000,0,2026-09-28T05:36:22Z,,,,0.001681,0.142856,0.923,,
2026-09-28,vtc-usseto-tn-2026-11-03-gt1pt8m,politics,0.0000,0,2026-09-28T05:36:22Z,,,,0.000427,0.166669,0.384,,2
2026-09-28,vtc-usseto-ri-2026-11-03-gt300k,politics,0.0000,1,2026-09-28T05:36:22Z,,,,0.000426,0.199995,0.523,,3
2026-09-28,usgubewc-usgub-nh-2026-11-03-dem,politics,0.0000,0,2026-09-28T05:36:22Z,,,,0.000001,47.506419,0.078,,
2026-09-28,usgubewc-usgub-id-2026-11-03-rep,politics,0.0007,0,2026-09-28T05:36:22Z,,,,0.116995,4.999225,0.028,,4
2026-09-28,ussewc-usse-al-2026-11-03-rep,politics,0.0227,0,2026-09-28T05:36:22Z,,,,0.105736,5.000048,1.034,,6
2026-09-28,vmc-ussemov-me-2026-11-03-d0-3,politics,0.0058,0,2026-09-28T05:36:22Z,,,,0.620313,0.083334,2.708,,
2026-09-28,vtc-usgubto-hi-2026-11-03-gt430k,politics,0.0050,0,2026-09-28T05:36:22Z,,,,0.430107,0.142856,1.964,,
2026-09-28,aachc-cfb-wins-2026-11-28-kan-7pt5wins,cfb,0.0000,0,2026-09-28T05:36:22Z,,,,0.000053,5.999879,0.406,,
2026-09-28,vtc-usseto-wv-2026-11-03-gt400k,politics,0.0000,0,2026-09-28T06:39:37Z,,,,0.000426,0.166660,0.311,,
2026-09-28,vmc-usgubmov-al-2026-11-03-r5-10,politics,0.0000,0,2026-09-28T06:39:37Z,,,,0.001116,0.111110,0.434,,4
2026-09-28,vtc-usseto-la-2026-11-03-gt1pt6m,politics,0.0000,0,2026-09-28T06:39:37Z,,,,0.000233,0.142854,0.311,,
2026-09-28,vtc-usseto-ma-2026-11-03-gt2pt8m,politics,0.0000,0,2026-09-28T06:39:37Z,,,,0.000774,0.142856,1.112,,5
2026-09-28,vtc-usseto-ia-2026-11-03-gt1pt4m,politics,0.0006,0,2026-09-28T06:39:37Z,,,,0.332769,0.111108,0.367,,
2026-09-28,vmc-usgubmov-tn-2026-11-03-r15-20,politics,0.0652,1,2026-09-28T06:39:37Z,,,,0.671445,0.110638,20.873,,5
2026-09-28,vmc-ussemov-tx-2026-11-03-d6-9,politics,0.0000,0,2026-09-28T06:39:37Z,,,,0.002159,0.083334,0.401,,4
2026-09-28,vmc-usgubmov-ks-2026-11-03-r6-9,politics,0.0540,1,2026-09-28T06:39:37Z,,,,0.617172,0.099573,20.856,,4
2026-09-28,vtc-usgubto-az-2026-11-03-gt2m,politics,0.0000,0,2026-09-28T06:39:37Z,,,,0.000423,0.111109,0.345,,
2026-09-28,ussewc-usse-fl-2026-11-03-dem,politics,0.0000,1,2026-09-28T06:39:37Z,,,,,,,,9
2026-09-28,vtc-usseto-ne-2026-11-03-gt700k,politics,0.0564,1,2026-09-28T06:39:37Z,,,,0.556657,0.165645,14.516,,3
2026-09-28,usgubewc-usgub-vt-2026-11-03-rep,politics,0.0000,1,2026-09-28T06:39:37Z,,,,,,,,8
2026-09-28,aachc-cfb-wins-2026-11-28-ohiost-10pt5wins,cfb,0.0000,0,2026-09-28T06:39:37Z,,,,0.000062,7.499884,0.167,,6
2026-09-28,aachc-cfb-wins-2026-11-28-okst-7pt5wins,cfb,0.0000,0,2026-09-28T06:39:37Z,,,,0.000187,5.999796,0.451,,8
2026-09-28,aachc-cfb-wins-2026-11-28-ucla-8pt5wins,cfb,0.0001,0,2026-09-28T06:39:37Z,,,,0.002639,6.000110,0.223,,5
2026-09-28,aachc-cfb-wins-2026-11-28-tenn-7pt5wins,cfb,0.0000,0,2026-09-28T06:39:37Z,,,,0.000291,5.999733,0.222,,
2026-09-28,aachc-cfb-wins-ou-2026-11-28-kanst,cfb,0.0025,0,2026-09-28T06:39:37Z,,,,0.132569,0.394733,1.151,,
2026-09-28,aachc-cfb-wins-ou-2026-11-28-ore,cfb,0.0008,0,2026-09-28T06:39:37Z,,,,0.100300,0.394730,0.506,,
2026-09-28,vtc-usgubto-ct-2026-11-03-gt1m,politics,0.0000,0,2026-09-28T06:39:37Z,,,,0.000424,0.142857,0.634,,
2026-09-28,vmc-usgubmov-vt-2026-11-03-r20-25,politics,0.0021,1,2026-09-28T06:39:37Z,,,,0.208322,0.125000,2.046,,4
2026-09-28,ewc-usgub-ks-2026-11-03-dem,politics,0.0000,0,2026-09-28T06:39:37Z,,,,,47.517638,0.028,,
2026-09-28,usgubewc-usgub-ak-2026-11-03-jonkre,politics,0.0052,0,2026-09-28T06:39:37Z,,,,0.031938,32.141885,0.122,,8
2026-09-28,ussewc-usse-mt-2026-11-03-setbod,politics,0.0000,1,2026-09-28T07:45:07Z,,,,,,,,9
2026-09-28,cpoc-ussegubc-oh-2026-11-03-dsweep,politics,0.0000,0,2026-09-28T07:45:07Z,,,,0.000137,2.500021,0.356,,6
2026-09-28,vmc-ussemov-la-2026-11-03-r5-10,politics,0.0529,2,2026-09-28T07:45:07Z,,,,0.745630,0.110462,15.222,,5
2026-09-28,vtc-usgubto-md-2026-11-03-gt2pt3m,politics,0.0000,0,2026-09-28T07:45:07Z,,,,0.009177,0.142858,0.356,,5
2026-09-28,vtc-usseto-va-2026-11-03-gt3m,politics,0.0000,0,2026-09-28T07:45:07Z,,,,0.000427,0.142861,0.289,,
2026-09-28,vmc-usgubmov-il-2026-11-03-d5-10,politics,0.0054,0,2026-09-28T07:45:07Z,,,,0.290157,0.111112,3.965,,3
2026-09-28,cpoc-ussec-tx-mi-me-2026-11-03-dtx-rmi-dme,politics,0.0000,0,2026-09-28T07:45:07Z,,,,0.000007,14.062344,0.628,,
2026-09-28,vtc-usgubto-pa-2026-11-03-gt4m,politics,0.0000,0,2026-09-28T07:45:07Z,,,,0.000427,0.166666,0.617,,2
2026-09-28,vtc-usseto-ak-2026-11-03-gt290k,politics,0.0000,0,2026-09-28T07:45:07Z,,,,0.007700,0.142854,1.112,,
2026-09-28,vtc-usseto-oh-2026-11-03-gt4pt35m,politics,0.0000,0,2026-09-28T07:45:07Z,,,,0.003986,0.111111,1.585,,2
2026-09-28,aachc-cfb-wins-2026-11-28-mspst-5pt5wins,cfb,0.0000,0,2026-09-28T07:45:07Z,,,,0.000003,10.000025,1.847,,4
2026-09-28,aachc-cfb-wins-2026-11-28-rutger-2pt5wins,cfb,0.0000,0,2026-09-28T07:45:07Z,,,,0.000092,6.000062,0.222,,5
2026-09-28,vmc-ussemov-sc-2026-11-03-dwin,politics,0.0000,0,2026-09-28T07:45:07Z,,,,0.003564,0.125004,0.323,,
2026-09-28,vmc-ussemov-il-2026-11-03-d25-30,politics,0.0452,1,2026-09-28T07:45:07Z,,,,0.614262,0.110484,15.762,,3
2026-09-28,vtc-usseto-al-2026-11-03-gt1pt3m,politics,0.0396,1,2026-09-28T07:45:07Z,,,,0.444682,0.142004,14.899,,3
2026-09-28,vtc-usseto-mn-2026-11-03-gt2pt9m,politics,0.0008,0,2026-09-28T07:45:07Z,,,,0.672049,0.125008,0.250,,
2026-09-28,vmc-usgubmov-id-2026-11-03-r25-30,politics,0.0005,0,2026-09-28T07:45:07Z,,,,0.673686,0.099996,0.183,,4
2026-09-28,vtc-usseto-mt-2026-11-03-gt400k,politics,0.0003,0,2026-09-28T07:45:07Z,,,,0.538725,0.166655,0.083,,4
2026-09-28,vmc-ussemov-co-2026-11-03-d25-30,politics,0.0208,1,2026-09-28T07:45:07Z,,,,0.617688,0.110245,7.152,,3
2026-09-28,aachc-cfb-wins-2026-11-28-rutger-3pt5wins,cfb,0.0000,0,2026-09-28T07:45:07Z,,,,0.011935,5.998416,0.011,,4
2026-09-28,vmc-usgubmov-md-2026-11-03-d40-45,politics,0.0000,0,2026-09-28T08:46:48Z,,,,0.000472,0.100003,0.289,,4
2026-09-28,vmc-ussemov-or-2026-11-03-d25-30,politics,0.0039,1,2026-09-28T08:46:48Z,,,,0.476274,0.111110,1.763,,3
2026-09-28,vmc-ussemov-me-2026-11-03-r6-9,politics,0.0068,1,2026-09-28T08:46:48Z,,,,0.331681,0.083334,5.840,,3
2026-09-28,cpoc-ussegubc-ks-2026-11-03-dsweep,politics,0.0000,1,2026-09-28T08:46:48Z,,,,,,,,8
2026-09-28,vmc-ussemov-ks-2026-11-03-r20-25,politics,0.0024,0,2026-09-28T08:46:48Z,,,,0.228479,0.111111,2.247,,4
2026-09-28,vmc-usgubmov-id-2026-11-03-r0-10,politics,0.0002,0,2026-09-28T08:46:48Z,,,,0.056318,0.099999,0.762,,4
2026-09-28,vmc-ussemov-me-2026-11-03-dgte15,politics,0.0002,0,2026-09-28T08:46:48Z,,,,0.037672,0.083334,1.463,,3
2026-09-28,vmc-usgubmov-az-2026-11-03-d6-9,politics,0.0015,1,2026-09-28T08:46:48Z,,,,0.599639,0.100000,0.590,,4
2026-09-28,vmc-usgubmov-ar-2026-11-03-r15-20,politics,0.0041,1,2026-09-28T09:47:03Z,,,,0.336626,0.111111,2.653,,3
2026-09-28,cpoc-ussec-tx-me-2026-11-03-dtx-rme,politics,0.0000,1,2026-09-28T09:47:03Z,,,,,,,,9
2026-09-28,vmc-ussemov-co-2026-11-03-d10-15,politics,0.0000,0,2026-09-28T09:47:03Z,,,,0.002764,0.111112,0.695,,
2026-09-28,vmc-ussemov-ia-2026-11-03-r3-6,politics,0.0001,0,2026-09-28T09:47:03Z,,,,0.022373,0.100001,0.846,,
2026-09-28,vtc-usseto-ks-2026-11-03-gt900k,politics,0.0000,1,2026-09-28T09:47:03Z,,,,0.000426,0.200002,0.646,,3
2026-09-28,vtc-usgubto-az-2026-11-03-gt2pt75m,politics,0.0000,1,2026-09-28T09:47:03Z,,,,0.001278,0.111113,0.401,,4
2026-09-28,vtc-usseto-sc-2026-11-03-gt1pt6m,politics,0.0000,0,2026-09-28T09:47:03Z,,,,0.000426,0.199999,0.534,,2
2026-09-28,vmc-ussemov-or-2026-11-03-d15-20,politics,0.0000,1,2026-09-28T09:47:03Z,,,,0.001407,0.111114,0.484,,5
2026-09-28,vmc-ussemov-nm-2026-11-03-d10-15,politics,0.0000,0,2026-09-28T09:47:03Z,,,,0.001253,0.111112,0.301,,3
2026-09-28,vmc-ussemov-nm-2026-11-03-d20-25,politics,0.0000,0,2026-09-28T09:47:03Z,,,,0.000316,0.111112,0.606,,
2026-09-28,vmc-usgubmov-or-2026-11-03-d12-15,politics,0.0016,0,2026-09-28T09:47:03Z,,,,0.279395,0.083334,1.607,,4
2026-09-28,vtc-usgubto-nv-2026-11-03-gt1pt2m,politics,0.0000,0,2026-09-28T09:47:03Z,,,,0.000406,0.142853,0.590,,
2026-09-28,vmc-ussemov-ks-2026-11-03-r25-30,politics,0.0037,1,2026-09-28T09:47:03Z,,,,0.327678,0.111111,2.453,,3
2026-09-28,vtc-usseto-ks-2026-11-03-gt1pt1m,politics,0.0000,1,2026-09-28T09:47:03Z,,,,0.000413,0.199996,0.456,,3
2026-09-28,aachc-cfb-wins-ou-2026-11-28-usc,cfb,0.0000,0,2026-09-28T09:47:03Z,,,,0.001164,0.394749,0.545,,6
2026-09-28,vmc-ussemov-me-2026-11-03-r3-6,politics,0.0002,1,2026-09-28T09:47:03Z,,,,0.064266,0.083334,0.956,,4
2026-09-28,vmc-ussemov-ia-2026-11-03-d0-3,politics,0.0127,0,2026-09-28T09:47:03Z,,,,0.322719,0.099647,9.426,,
2026-09-28,vtc-usseto-fl-2026-11-03-gt8pt5m,politics,0.0001,0,2026-09-28T09:47:03Z,,,,0.040376,0.111110,0.740,,
2026-09-28,vmc-usgubmov-or-2026-11-03-d15-18,politics,0.0001,0,2026-09-28T09:47:03Z,,,,0.022272,0.083333,0.756,,4
2026-09-28,vmc-usgubmov-oh-2026-11-03-d6-9,politics,0.0000,0,2026-09-28T09:47:03Z,,,,0.002839,0.083336,0.328,,4
2026-09-28,aachc-cfb-wins-2026-11-28-txst-6pt5wins,cfb,0.0001,0,2026-09-28T09:47:03Z,,,,0.001726,5.999893,0.278,,
2026-09-28,vmc-usgubmov-ri-2026-11-03-d20-25,politics,0.0005,0,2026-09-28T10:47:19Z,,,,0.318274,0.111107,0.362,,
2026-09-28,vmc-ussemov-mi-2026-11-03-d6-9,politics,0.0006,0,2026-09-28T10:47:19Z,,,,0.261520,0.099999,0.512,,
2026-09-28,vtc-usseto-ar-2026-11-03-gt1pt05m,politics,0.0000,0,2026-09-28T10:47:19Z,,,,0.002710,0.142853,0.311,,
2026-09-28,vmc-usgubmov-tn-2026-11-03-r25-30,politics,0.0000,0,2026-09-28T10:47:19Z,,,,0.001169,0.111112,0.462,,
2026-09-28,vtc-usseto-al-2026-11-03-gt1pt4m,politics,0.0000,0,2026-09-28T10:47:19Z,,,,0.000424,0.142861,0.573,,
2026-09-28,vtc-usseto-ms-2026-11-03-gt600k,politics,0.0000,0,2026-09-28T10:47:19Z,,,,0.000426,0.166664,0.334,,
2026-09-28,vtc-usseto-or-2026-11-03-gt2pt2m,politics,0.0027,0,2026-09-28T10:47:19Z,,,,0.334181,0.125001,1.530,,
2026-09-28,usgubewc-usgub-or-2026-11-03-rep,politics,0.0000,1,2026-09-28T10:47:19Z,,,,,,,,12
2026-09-28,vmc-usgubmov-oh-2026-11-03-d3-6,politics,0.0017,0,2026-09-28T10:47:19Z,,,,0.333962,0.083334,1.440,,
2026-09-28,vtc-usseto-ne-2026-11-03-gt750k,politics,0.0000,0,2026-09-28T10:47:19Z,,,,0.013170,0.166663,0.423,,4
2026-09-28,vmc-ussemov-mn-2026-11-03-d0-5,politics,0.0001,0,2026-09-28T10:47:19Z,,,,0.015445,0.124999,1.647,,
2026-09-28,vtc-usseto-ga-2026-11-03-gt3pt6m,politics,0.0000,0,2026-09-28T10:47:19Z,,,,0.000426,0.142853,0.217,,
2026-09-28,vmc-ussemov-sc-2026-11-03-r10-15,politics,0.0030,0,2026-09-28T11:48:55Z,,,,0.332713,0.124999,1.724,,4
2026-09-28,vtc-usgubto-pa-2026-11-03-gt4pt5m,politics,0.0000,0,2026-09-28T11:48:55Z,,,,0.000427,0.166666,0.656,,2
2026-09-28,usgubewc-usgub-fl-2026-11-03-dem,politics,0.0000,1,2026-09-28T11:48:55Z,,,,,,,,7
2026-09-28,scc-hrep-demst-2026-11-03-gte235,politics,0.0000,0,2026-09-28T11:48:55Z,,,,0.000010,5.000000,0.489,,5
2026-09-28,cpoc-ussegubc-oh-2026-11-03-rsweep,politics,0.0000,0,2026-09-28T11:48:55Z,,,,0.000008,2.499972,0.640,,6
2026-09-28,cpoc-ussegubc-tx-2026-11-03-rsweep,politics,0.0000,0,2026-09-28T11:48:55Z,,,,0.000234,2.500017,0.729,,
2026-09-28,vtc-usseto-sd-2026-11-03-gt375k,politics,0.0006,0,2026-09-28T11:48:55Z,,,,0.206286,0.142856,0.528,,
2026-09-28,cpoc-ussec-tx-mi-me-2026-11-03-dsweep,politics,0.0000,0,2026-09-28T11:48:55Z,,,,0.000013,14.062404,1.413,,16
2026-09-28,vtc-usseto-ak-2026-11-03-gt245k,politics,0.0000,0,2026-09-28T11:48:55Z,,,,0.000444,0.142861,0.495,,
2026-09-28,cpoc-ussec-tx-mi-me-2026-11-03-dtx-dmi-rme,politics,0.0000,1,2026-09-28T11:48:55Z,,,,,,,,13
2026-09-28,vmc-usgubmov-tn-2026-11-03-r10-15,politics,0.0053,1,2026-09-28T11:48:55Z,,,,0.322734,0.109332,3.482,,3
2026-09-28,aachc-cfb-wins-2026-11-28-gtech-5pt5wins,cfb,0.0000,1,2026-09-28T11:48:55Z,,,,,,,,5
2026-09-28,aachc-cfb-wins-2026-11-28-lou-9pt5wins,cfb,0.0000,0,2026-09-28T11:48:55Z,,,,0.000152,7.499845,0.245,,
2026-09-28,aachc-cfb-wins-2026-11-28-iowast-4pt5wins,cfb,0.0200,0,2026-09-28T11:48:55Z,,,,0.120068,6.000015,0.667,,
2026-09-28,aachc-cfb-wins-2026-11-28-pur-2pt5wins,cfb,0.0000,0,2026-09-28T11:48:55Z,,,,0.000046,5.999533,0.161,,
2026-09-28,vmc-usgubmov-nm-2026-11-03-d5-10,politics,0.0000,0,2026-09-28T11:48:55Z,,,,0.001253,0.124996,0.311,,5
2026-09-28,vmc-usgubmov-wi-2026-11-03-d3-6,politics,0.0006,0,2026-09-28T11:48:55Z,,,,0.461082,0.100003,0.328,,
2026-09-28,vmc-ussemov-tn-2026-11-03-r20-25,politics,0.0000,0,2026-09-28T11:48:55Z,,,,0.001273,0.099998,0.395,,3
2026-09-28,vtc-usseto-nc-2026-11-03-gt4pt3m,politics,0.0000,0,2026-09-28T11:48:55Z,,,,0.005513,0.142857,0.440,,
2026-09-28,cpoc-ussegubc-ia-2026-11-03-dgov-rsen,politics,0.0086,0,2026-09-28T11:48:55Z,,,,0.669834,2.500512,0.122,,8
2026-09-28,vmc-ussemov-tn-2026-11-03-r15-20,politics,0.0001,0,2026-09-28T11:48:55Z,,,,0.508611,0.100003,0.067,,4
2026-09-28,aachc-cfb-wins-2026-11-28-ore-7pt5wins,cfb,0.0002,0,2026-09-28T11:48:55Z,,,,0.007501,7.500129,0.078,,
2026-09-28,vmc-ussemov-nh-2026-11-03-d6-9,politics,0.0016,0,2026-09-28T12:49:47Z,,,,0.321636,0.100000,1.196,,
2026-09-28,vmc-usgubmov-mi-2026-11-03-d12-15,politics,0.0047,1,2026-09-28T12:49:47Z,,,,0.389637,0.100000,2.875,,4
2026-09-28,vmc-ussemov-id-2026-11-03-r30-35,politics,0.0015,0,2026-09-28T12:49:47Z,,,,0.299485,0.111111,1.096,,
2026-09-28,cpoc-ussec-tx-mi-me-2026-11-03-rtx-dmi-rme,politics,0.0000,0,2026-09-28T12:49:47Z,,,,0.000009,14.062432,1.290,,8
2026-09-28,cpoc-ussec-tx-mi-me-2026-11-03-rtx-rmi-dme,politics,0.0000,1,2026-09-28T12:49:47Z,,,,,,,,13
2026-09-28,cmovcusg-usgubclose-2026-11-03-wi,politics,0.0000,0,2026-09-28T12:49:47Z,,,,0.000601,0.058824,0.556,,
2026-09-28,usgubewc-usgub-mn-2026-11-03-rep,politics,0.0000,1,2026-09-28T12:49:47Z,,,,,,,,10
2026-09-28,vmc-usgubmov-ga-2026-11-03-r3-6,politics,0.0012,0,2026-09-28T12:49:47Z,,,,0.195678,0.100001,1.457,,
2026-09-28,vtc-usseto-sc-2026-11-03-gt2m,politics,0.0000,1,2026-09-28T12:49:47Z,,,,0.001000,0.200000,0.573,,5
2026-09-28,vmc-usgubmov-ga-2026-11-03-r6-9,politics,0.0015,0,2026-09-28T12:49:47Z,,,,0.373334,0.099999,0.945,,5
2026-09-28,vtc-usseto-va-2026-11-03-gt3pt25m,politics,0.0000,0,2026-09-28T12:49:47Z,,,,0.000426,0.142864,0.189,,2
2026-09-28,vmc-ussemov-tn-2026-11-03-r40-45,politics,0.0001,0,2026-09-28T12:49:47Z,,,,0.367618,0.099994,0.083,,3
2026-09-28,vmc-ussemov-wv-2026-11-03-r0-10,politics,0.0019,0,2026-09-28T12:49:47Z,,,,0.376197,0.100000,1.212,,3
2026-09-28,aachc-cfb-wins-2026-11-28-byu-10pt5wins,cfb,0.0000,1,2026-09-28T12:49:47Z,,,,,,,,6
2026-09-28,aachc-cfb-wins-ou-2026-11-28-pur,cfb,0.0000,0,2026-09-28T12:49:47Z,,,,0.000317,0.394757,0.206,,
2026-09-28,aachc-cfb-wins-2026-11-28-utah-10pt5wins,cfb,0.0000,0,2026-09-28T12:49:47Z,,,,0.001150,5.999867,0.150,,
2026-09-28,vtc-usseto-va-2026-11-03-gt3pt75m,politics,0.0000,0,2026-09-28T12:49:47Z,,,,0.000413,0.142854,0.640,,
2026-09-28,vtc-usseto-de-2026-11-03-gt350k,politics,0.0000,0,2026-09-28T12:49:47Z,,,,0.000426,0.111109,0.306,,
2026-09-28,vmc-ussemov-il-2026-11-03-d20-25,politics,0.0002,0,2026-09-28T12:49:47Z,,,,0.711150,0.111126,0.061,,
2026-09-28,aachc-cfb-wins-2026-11-28-pur-3pt5wins,cfb,0.0001,0,2026-09-28T12:49:47Z,,,,0.001620,5.999933,0.278,,
2026-09-28,aachc-cfb-wins-2026-11-28-col-6pt5wins,cfb,0.0000,0,2026-09-28T13:50:29Z,,,,0.000061,6.000053,0.161,,6
2026-09-28,aachc-cfb-wins-2026-11-28-vand-3pt5wins,cfb,0.0005,0,2026-09-28T13:50:29Z,,,,0.013545,6.000037,0.150,,4
2026-09-28,aachc-cfb-wins-2026-11-28-mich-9pt5wins,cfb,0.0000,0,2026-09-28T13:50:29Z,,,,0.000023,6.000500,0.095,,9
2026-09-28,vtc-usseto-ms-2026-11-03-gt800k,politics,0.0000,0,2026-09-28T13:50:29Z,,,,0.001027,0.166670,0.278,,2
2026-09-28,vmc-usgubmov-oh-2026-11-03-r0-3,politics,0.0000,0,2026-09-28T13:50:29Z,,,,0.000310,0.083333,0.217,,3
2026-09-28,aachc-cfb-wins-2026-11-28-ore-10pt5wins,cfb,0.0000,0,2026-09-28T13:50:29Z,,,,0.000442,7.500037,0.095,,
2026-09-28,vmc-ussemov-oh-2026-11-03-d3-6,politics,0.0005,0,2026-09-28T14:54:41Z,,,,0.322589,0.083335,0.484,,
2026-09-28,vtc-usseto-nc-2026-11-03-gt3pt5m,politics,0.0000,0,2026-09-28T14:54:41Z,,,,0.000426,0.142859,0.189,,
2026-09-28,vtc-usgubto-hi-2026-11-03-gt400k,politics,0.0000,0,2026-09-28T14:54:41Z,,,,0.005790,0.142858,0.262,,
2026-09-28,vmc-usgubmov-az-2026-11-03-dgte18,politics,0.0000,0,2026-09-28T14:54:41Z,,,,0.001166,0.099998,0.234,,
2026-09-28,vtc-usseto-il-2026-11-03-gt3pt25m,politics,0.0000,0,2026-09-28T14:54:41Z,,,,0.000427,0.142858,0.195,,
2026-09-28,vtc-usseto-la-2026-11-03-gt1pt4m,politics,0.0000,0,2026-09-28T14:54:41Z,,,,0.008933,0.142859,0.228,,
2026-09-28,aachc-cfb-wins-2026-11-28-cin-7pt5wins,cfb,0.0000,0,2026-09-28T14:54:41Z,,,,0.000428,7.499947,0.328,,5
2026-09-28,vtc-usseto-ga-2026-11-03-gt4pt4m,politics,0.0000,0,2026-09-28T14:54:41Z,,,,0.000468,0.142855,0.323,,
2026-09-28,vmc-ussemov-mn-2026-11-03-d10-15,politics,0.0000,1,2026-09-28T14:54:41Z,,,,0.000313,0.125003,0.445,,3
2026-09-28,aachc-cfb-wins-2026-11-28-colst-5pt5wins,cfb,0.0154,1,2026-09-28T14:54:41Z,,,,0.056000,7.499878,0.885,,8
2026-09-28,vtc-usgubto-pa-2026-11-03-gt5pt5m,politics,0.0000,0,2026-09-28T15:55:52Z,,,,0.001253,0.166672,0.406,,
2026-09-28,usgubewc-usgub-ne-2026-11-03-dem,politics,0.0000,1,2026-09-28T15:55:52Z,,,,,,,,7
2026-09-28,vtc-usgubto-ct-2026-11-03-gt1pt5m,politics,0.0000,0,2026-09-28T15:55:52Z,,,,0.003775,0.142855,0.762,,3
2026-09-28,vmc-ussemov-tn-2026-11-03-r30-35,politics,0.0044,1,2026-09-28T15:55:52Z,,,,0.296242,0.098404,3.493,,4
2026-09-28,cpoc-ussegubc-ia-2026-11-03-dsweep,politics,0.0000,0,2026-09-28T15:55:52Z,,,,0.000030,2.500900,0.017,,9
2026-09-28,vtc-usseto-il-2026-11-03-gt4pt25m,politics,0.0000,0,2026-09-28T15:55:52Z,,,,0.000426,0.142861,0.406,,
2026-09-28,vtc-usseto-co-2026-11-03-gt2pt4m,politics,0.0000,0,2026-09-28T15:55:52Z,,,,0.000426,0.142853,0.406,,
2026-09-28,vmc-usgubmov-ks-2026-11-03-d0-3,politics,0.0022,0,2026-09-28T15:55:52Z,,,,0.244984,0.100000,2.113,,4
2026-09-28,scc-hrep-rep-2026-11-03-gte185,politics,0.7511,1,2026-09-28T15:55:52Z,,,,0.083716,18.603675,11.401,,6
2026-09-28,aachc-cfb-wins-ou-2026-11-28-utahst,cfb,0.0019,1,2026-09-28T15:55:52Z,,,,0.090717,0.394739,1.252,,8
2026-09-28,aachc-cfb-wins-2026-11-28-gtech-6pt5wins,cfb,0.0001,0,2026-09-28T15:55:52Z,,,,0.000776,6.000127,0.578,,
2026-09-28,vmc-usgubmov-ga-2026-11-03-d3-6,politics,0.0000,0,2026-09-28T15:55:52Z,,,,0.000622,0.100003,0.395,,
2026-09-28,vmc-ussemov-tx-2026-11-03-d0-3,politics,0.0003,0,2026-09-28T15:55:52Z,,,,0.852049,0.083343,0.095,,
2026-09-28,vtc-usseto-co-2026-11-03-gt2pt7m,politics,0.0000,0,2026-09-28T16:57:59Z,,,,0.000426,0.142858,0.373,,
2026-09-28,vtc-usseto-ky-2026-11-03-gt1pt6m,politics,0.0000,0,2026-09-28T16:57:59Z,,,,0.002056,0.142855,0.356,,3
2026-09-28,vmc-ussemov-il-2026-11-03-d30-35,politics,0.0052,1,2026-09-28T16:57:59Z,,,,0.305986,0.109385,3.588,,3
2026-09-28,vmc-usgubmov-tn-2026-11-03-r0-10,politics,0.0018,0,2026-09-28T16:57:59Z,,,,0.226865,0.108836,1.624,,
2026-09-28,vmc-ussemov-me-2026-11-03-d9-12,politics,0.0001,0,2026-09-28T16:57:59Z,,,,0.037535,0.083334,0.762,,4
2026-09-28,vtc-usseto-wv-2026-11-03-gt500k,politics,0.0000,0,2026-09-28T16:57:59Z,,,,0.001278,0.166659,0.234,,
2026-09-28,vmc-ussemov-la-2026-11-03-r15-20,politics,0.0040,1,2026-09-28T16:57:59Z,,,,0.276498,0.109098,3.076,,3
2026-09-28,vmc-ussemov-mi-2026-11-03-r6-9,politics,0.0004,1,2026-09-28T16:57:59Z,,,,0.063907,0.097282,1.224,,3
2026-09-28,vtc-usseto-me-2026-11-03-gt600k,politics,0.0000,0,2026-09-28T16:57:59Z,,,,0.000427,0.142856,0.273,,
2026-09-28,vtc-usseto-me-2026-11-03-gt650k,politics,0.0071,1,2026-09-28T16:57:59Z,,,,0.492742,0.139521,2.386,,3
2026-09-28,vtc-usseto-mi-2026-11-03-gt4pt6m,politics,0.0001,0,2026-09-28T16:57:59Z,,,,0.494613,0.125008,0.056,,
2026-09-28,vmc-ussemov-ma-2026-11-03-d45-50,politics,0.0001,0,2026-09-28T16:57:59Z,,,,0.778678,0.100005,0.044,,3
2026-09-28,vtc-usseto-al-2026-11-03-gt1pt5m,politics,0.0002,0,2026-09-28T16:57:59Z,,,,0.036801,0.142857,0.818,,3
2026-09-28,vmc-ussemov-nh-2026-11-03-d3-6,politics,0.0028,1,2026-09-28T16:57:59Z,,,,0.335741,0.097128,1.941,,3
2026-09-28,aachc-cfb-wins-2026-11-28-colst-4pt5wins,cfb,0.0000,0,2026-09-28T16:57:59Z,,,,0.000306,7.500703,0.134,,
2026-09-28,vtc-usseto-va-2026-11-03-gt2pt75m,politics,0.0000,0,2026-09-28T17:29:11Z,,,,0.000430,0.142855,0.250,,2
2026-09-28,vmc-usgubmov-ny-2026-11-03-d5-10,politics,0.0042,1,2026-09-28T17:29:11Z,,,,0.394479,0.111112,2.330,,5
2026-09-28,ussewc-usse-ks-2026-11-03-dem,politics,0.0000,0,2026-09-28T17:29:11Z,,,,0.000001,5.000029,0.684,,
2026-09-28,vmc-ussemov-va-2026-11-03-d0-5,politics,0.0081,1,2026-09-28T17:29:11Z,,,,0.321378,0.098529,6.046,,3
2026-09-28,vmc-ussemov-sd-2026-11-03-r40-45,politics,0.0018,0,2026-09-28T17:29:11Z,,,,0.350776,0.097320,1.240,,3
2026-09-28,vmc-usgubmov-ri-2026-11-03-d15-20,politics,0.0067,1,2026-09-28T17:29:11Z,,,,0.496453,0.108924,2.831,,4
2026-09-28,aachc-cfb-wins-2026-11-28-missr-7pt5wins,cfb,0.0000,0,2026-09-28T17:29:11Z,,,,0.000068,5.999696,0.172,,6
2026-09-28,ussewc-usse-sc-2026-11-03-dem,politics,0.0000,1,2026-09-28T18:32:22Z,,,,,,,,10
2026-09-28,vmc-usgubmov-ny-2026-11-03-d15-20,politics,0.0027,1,2026-09-28T18:32:22Z,,,,0.288881,0.111112,2.013,,3
2026-09-28,vtc-usseto-co-2026-11-03-gt2pt1m,politics,0.0000,0,2026-09-28T18:32:22Z,,,,0.000426,0.142853,0.206,,
2026-09-28,vmc-usgubmov-ma-2026-11-03-d25-30,politics,0.0000,0,2026-09-28T18:32:22Z,,,,0.000424,0.111115,0.211,,
2026-09-28,vtc-usgubto-hi-2026-11-03-gt310k,politics,0.0000,1,2026-09-28T18:32:22Z,,,,0.000427,0.142854,0.334,,3
2026-09-28,aachc-cfb-wins-2026-11-28-sdst-5pt5wins,cfb,0.0000,0,2026-09-28T18:32:22Z,,,,0.000022,7.500015,0.206,,4
2026-09-28,vmc-ussemov-sd-2026-11-03-r10-15,politics,0.0001,0,2026-09-28T18:32:22Z,,,,0.551465,0.099988,0.033,,
2026-09-28,vmc-usgubmov-ne-2026-11-03-r5-10,politics,0.0003,0,2026-09-28T18:32:22Z,,,,0.523558,0.111107,0.106,,5
2026-09-28,vmc-ussemov-ky-2026-11-03-r15-20,politics,0.0000,0,2026-09-28T18:32:22Z,,,,0.106959,0.099981,0.044,,
2026-09-28,vtc-usgubto-az-2026-11-03-gt2pt3m,politics,0.0000,0,2026-09-28T19:32:26Z,,,,0.000426,0.111107,0.339,,
2026-09-28,vtc-usseto-co-2026-11-03-gt2pt25m,politics,0.0000,0,2026-09-28T19:32:26Z,,,,0.000426,0.142856,0.339,,
2026-09-28,vmc-ussemov-id-2026-11-03-r25-30,politics,0.0035,1,2026-09-28T19:32:26Z,,,,0.288762,0.108680,2.547,,3
2026-09-28,vtc-usseto-or-2026-11-03-gt2pt1m,politics,0.0000,0,2026-09-28T19:32:26Z,,,,0.000428,0.124997,0.323,,
2026-09-28,vtc-usseto-tn-2026-11-03-gt2m,politics,0.0000,0,2026-09-28T19:32:26Z,,,,0.000426,0.166665,0.223,,
2026-09-28,vtc-usgubto-ct-2026-11-03-gt1pt2m,politics,0.0000,0,2026-09-28T19:32:26Z,,,,0.000429,0.142863,0.295,,
2026-09-28,vmc-usgubmov-hi-2026-11-03-d30-35,politics,0.0000,0,2026-09-28T19:32:26Z,,,,0.001253,0.100004,0.256,,
2026-09-28,vmc-usgubmov-sc-2026-11-03-r5-10,politics,0.0005,0,2026-09-28T19:32:26Z,,,,0.953596,0.125017,0.100,,
2026-09-28,vmc-usgubmov-mn-2026-11-03-d10-15,politics,0.0063,1,2026-09-28T19:32:26Z,,,,0.361778,0.122874,3.276,,4
2026-09-28,aachc-cfb-wins-2026-11-28-sdst-8pt5wins,cfb,0.0000,0,2026-09-28T19:32:26Z,,,,0.000017,7.500335,0.189,,
2026-09-28,aachc-cfb-wins-2026-11-28-arzst-8pt5wins,cfb,0.0038,1,2026-09-28T19:32:26Z,,,,0.018786,5.999905,0.818,,5
2026-09-28,vmc-usgubmov-ca-2026-11-03-d15-20,politics,0.0000,0,2026-09-28T19:32:26Z,,,,0.000203,0.111108,0.306,,
2026-09-28,ussewc-usse-ar-2026-11-03-dem,politics,0.0000,1,2026-09-28T20:34:04Z,,,,,,,,8
2026-09-28,vtc-usseto-la-2026-11-03-gt1pt5m,politics,0.0000,0,2026-09-28T20:34:04Z,,,,0.000585,0.142854,0.690,,
2026-09-28,vtc-usgubto-wi-2026-11-03-gt2pt8m,politics,0.0000,0,2026-09-28T20:34:04Z,,,,0.009064,0.166663,0.300,,
2026-09-28,vtc-usseto-nc-2026-11-03-gt4pt1m,politics,0.0000,0,2026-09-28T20:34:04Z,,,,0.000435,0.142857,0.245,,4
2026-09-28,cpoc-ussegubc-tx-2026-11-03-dsweep,politics,0.0000,0,2026-09-28T20:34:04Z,,,,0.000001,2.499978,0.512,,11
2026-09-28,vmc-usgubmov-co-2026-11-03-d15-20,politics,0.0032,1,2026-09-28T21:36:35Z,,,,0.456544,0.111110,1.552,,3
2026-09-28,vmc-usgubmov-ar-2026-11-03-r20-25,politics,0.0024,1,2026-09-28T21:36:35Z,,,,0.337933,0.111111,1.557,,3
2026-09-28,vmc-usgubmov-ne-2026-11-03-r10-15,politics,0.0043,2,2026-09-28T21:36:35Z,,,,0.545696,0.111111,1.702,,5
2026-09-28,vmc-usgubmov-wy-2026-11-03-r30-35,politics,0.0027,1,2026-09-28T21:36:35Z,,,,0.320520,0.097185,1.980,,3
2026-09-28,vmc-usgubmov-or-2026-11-03-d9-12,politics,0.0018,1,2026-09-28T21:36:35Z,,,,0.324645,0.080251,1.507,,3
2026-09-28,vmc-ussemov-ri-2026-11-03-d20-25,politics,0.0000,0,2026-09-28T21:36:35Z,,,,0.001253,0.099999,0.211,,
2026-09-28,vtc-usseto-id-2026-11-03-gt480k,politics,0.0000,0,2026-09-28T21:36:35Z,,,,0.000426,0.142847,0.189,,2
2026-09-28,vtc-usseto-me-2026-11-03-gt700k,politics,0.0008,0,2026-09-28T21:36:35Z,,,,0.403379,0.142857,0.345,,
2026-09-28,vtc-usseto-wy-2026-11-03-gt190k,politics,0.0000,0,2026-09-28T21:36:35Z,,,,0.000429,0.166652,0.161,,
2026-09-28,vmc-ussemov-ri-2026-11-03-dgte45,politics,0.0017,0,2026-09-28T21:36:35Z,,,,0.231744,0.100001,1.718,,
2026-09-28,vmc-ussemov-va-2026-11-03-r0-5,politics,0.0002,0,2026-09-28T21:36:35Z,,,,0.058048,0.099998,0.795,,3
2026-09-28,vtc-usseto-fl-2026-11-03-gt9m,politics,0.0000,0,2026-09-28T21:36:35Z,,,,0.002398,0.111112,0.211,,3
2026-09-28,vmc-usgubmov-id-2026-11-03-r20-25,politics,0.0028,1,2026-09-28T21:36:35Z,,,,0.504477,0.100000,1.352,,3
2026-09-28,vtc-usgubto-nv-2026-11-03-gt1125k,politics,0.0000,0,2026-09-28T21:36:35Z,,,,0.000427,0.142865,0.245,,2
2026-09-28,vtc-usseto-tn-2026-11-03-gt2pt2m,politics,0.0000,0,2026-09-28T21:36:35Z,,,,0.009151,0.166678,0.195,,2
2026-09-28,vmc-ussemov-nm-2026-11-03-d15-20,politics,0.0031,1,2026-09-28T22:36:50Z,,,,0.442234,0.106878,1.463,,4
2026-09-28,vmc-usgubmov-wi-2026-11-03-d0-3,politics,0.0000,0,2026-09-28T22:36:50Z,,,,0.004385,0.099997,0.295,,3
2026-09-28,vtc-usseto-ma-2026-11-03-gt2pt65m,politics,0.0000,0,2026-09-28T22:36:50Z,,,,0.000426,0.142864,0.217,,3
2026-09-28,vtc-usseto-nh-2026-11-03-gt600k,politics,0.0000,0,2026-09-28T22:36:50Z,,,,0.000426,0.142863,0.206,,4
2026-09-28,aachc-cfb-wins-2026-11-28-txam-7pt5wins,cfb,0.0000,1,2026-09-28T22:36:50Z,,,,,,,,6
2026-09-28,cpoc-ussec-tx-me-2026-11-03-rsweep,politics,0.0000,0,2026-09-28T22:36:50Z,,,,0.000004,28.124869,0.801,,
2026-09-28,vmc-ussemov-ne-2026-11-03-r0-5,politics,0.0000,0,2026-09-28T22:36:50Z,,,,0.000424,0.099997,0.278,,
2026-09-28,vmc-ussemov-ne-2026-11-03-r5-10,politics,0.0000,0,2026-09-28T22:36:50Z,,,,0.000423,0.100000,0.295,,
2026-09-28,vtc-usseto-ks-2026-11-03-gt800k,politics,0.0000,0,2026-09-28T22:36:50Z,,,,0.000427,0.200004,0.261,,
2026-09-28,vtc-usseto-sc-2026-11-03-gt1pt4m,politics,0.0000,0,2026-09-28T22:36:50Z,,,,0.000427,0.199996,0.273,,2
2026-09-28,vtc-usseto-ri-2026-11-03-gt350k,politics,0.0000,0,2026-09-28T23:38:39Z,,,,0.000426,0.199989,0.217,,
2026-09-28,aachc-cfb-wins-ou-2026-11-28-okst,cfb,0.0015,1,2026-09-28T23:38:39Z,,,,0.158091,0.394734,0.579,,8
2026-09-28,aachc-cfb-wins-ou-2026-11-28-missr,cfb,0.0000,0,2026-09-28T23:38:39Z,,,,0.000117,0.394767,0.145,,
2026-09-28,aachc-cfb-wins-ou-2026-11-28-minnst,cfb,0.0000,0,2026-09-28T23:38:39Z,,,,0.010728,0.394767,0.145,,
2026-09-28,aachc-cfb-wins-ou-2026-11-28-txtech,cfb,0.0000,0,2026-09-28T23:38:39Z,,,,0.000940,0.394751,0.156,,
2026-09-28,vtc-usseto-sd-2026-11-03-gt325k,politics,0.0000,0,2026-09-28T23:38:39Z,,,,0.000426,0.142867,0.189,,
2026-09-28,aachc-cfb-wins-2026-11-28-nebr-7pt5wins,cfb,0.0000,0,2026-09-28T23:38:39Z,,,,0.000005,5.999876,0.250,,
2026-09-28,vtc-usgubto-wi-2026-11-03-gt2pt6m,politics,0.0000,0,2026-09-29T00:41:15Z,,,,0.000533,0.166661,0.234,,
2026-09-28,vtc-usseto-mn-2026-11-03-gt2pt6m,politics,0.0002,0,2026-09-29T00:41:15Z,,,,0.241166,0.125008,0.133,,
2026-09-28,vmc-usgubmov-pa-2026-11-03-d10-15,politics,0.0016,1,2026-09-29T00:41:15Z,,,,0.496889,0.111111,0.723,,3
2026-09-28,vmc-usgubmov-md-2026-11-03-d20-25,politics,0.0007,1,2026-09-29T00:41:15Z,,,,0.215264,0.092049,0.701,,3
2026-09-28,vmc-ussemov-de-2026-11-03-d25-30,politics,0.0016,1,2026-09-29T00:41:15Z,,,,0.443923,0.093230,0.823,,4
2026-09-28,vtc-usgubto-wi-2026-11-03-gt2pt4m,politics,0.0000,0,2026-09-29T00:41:15Z,,,,0.000427,0.166680,0.145,,
2026-09-28,vmc-ussemov-ms-2026-11-03-dwin,politics,0.0000,0,2026-09-29T01:15:32Z,,,,0.000370,0.125000,0.361,,4
2026-09-28,vmc-ussemov-fl-2026-11-03-r9-12,politics,0.0010,1,2026-09-29T02:17:23Z,,,,0.347673,0.100000,0.656,,5
2026-09-28,vtc-usgubto-ca-2026-11-03-gt12m,politics,0.0018,1,2026-09-29T02:17:23Z,,,,0.541834,0.111111,0.717,,9
2026-09-28,vtc-usseto-ar-2026-11-03-gt750k,politics,0.0000,0,2026-09-29T02:17:23Z,,,,0.000470,0.142857,0.200,,3
2026-09-28,vmc-usgubmov-sc-2026-11-03-r20-25,politics,0.0011,1,2026-09-29T02:17:23Z,,,,0.380920,0.125000,0.534,,4
2026-09-28,vmc-usgubmov-tx-2026-11-03-r6-9,politics,0.0004,0,2026-09-29T02:17:23Z,,,,0.265532,0.090909,0.400,,4
2026-09-28,vmc-ussemov-tn-2026-11-03-rgte45,politics,0.0000,0,2026-09-29T02:17:23Z,,,,0.014283,0.100000,0.284,,4
2026-09-28,vtc-usseto-mi-2026-11-03-gt5m,politics,0.0000,0,2026-09-29T02:17:23Z,,,,0.012541,0.125000,0.228,,5
2026-09-28,vtc-usgubto-md-2026-11-03-gt1pt55m,politics,0.0000,0,2026-09-29T02:17:23Z,,,,0.000426,0.142857,0.228,,2
2026-09-28,aachc-cfb-wins-2026-11-28-mst-4pt5wins,cfb,0.0002,0,2026-09-29T02:17:23Z,,,,0.003194,6.000000,0.217,,7
2026-09-28,aachc-cfb-wins-2026-11-28-wash-7pt5wins,cfb,0.0000,0,2026-09-29T02:17:23Z,,,,0.000056,6.000000,0.167,,5
2026-09-28,aachc-cfb-wins-2026-11-28-okl-7pt5wins,cfb,0.0000,0,2026-09-29T02:17:23Z,,,,0.000139,6.000000,0.211,,9
2026-09-28,vtc-usseto-mt-2026-11-03-gt350k,politics,0.0000,0,2026-09-29T02:17:23Z,,,,0.000424,0.166667,0.217,,3
2026-09-28,vtc-usseto-mn-2026-11-03-gt2pt45m,politics,0.0001,0,2026-09-29T02:17:23Z,,,,0.558408,0.125000,0.050,,4
2026-09-28,aachc-cfb-wins-ou-2026-11-28-hou,cfb,0.0004,0,2026-09-29T02:17:23Z,,,,0.311820,0.394737,0.072,,10
2026-09-28,vmc-usgubmov-hi-2026-11-03-d20-25,politics,0.0006,1,2026-09-29T03:17:28Z,,,,0.365913,0.100000,0.378,,3
2026-09-28,vmc-ussemov-wy-2026-11-03-r35-40,politics,0.0007,1,2026-09-29T03:17:28Z,,,,0.536549,0.100000,0.312,,3
2026-09-28,vmc-ussemov-nc-2026-11-03-d6-9,politics,0.0005,1,2026-09-29T03:17:28Z,,,,0.438195,0.100000,0.295,,5
2026-09-28,vtc-usseto-wy-2026-11-03-gt150k,politics,0.0000,1,2026-09-29T03:17:28Z,,,,0.000426,0.166667,0.167,,3
2026-09-28,vmc-ussemov-me-2026-11-03-d12-15,politics,0.0005,1,2026-09-29T03:17:28Z,,,,0.360048,0.083333,0.367,,3
2026-09-28,ewc-usse-ia-2026-11-03-rep,politics,0.0214,1,2026-09-29T03:17:28Z,,,,0.029889,281.250000,0.061,,11
2026-09-28,aachc-cfb-wins-2026-11-28-arzst-6pt5wins,cfb,0.0016,1,2026-09-29T03:17:28Z,,,,0.039386,6.000000,0.161,,6
2026-09-28,aachc-cfb-wins-2026-11-28-minnst-8pt5wins,cfb,0.0000,1,2026-09-29T03:17:28Z,,,,,,,,4
2026-09-28,aachc-cfb-wins-2026-11-28-cah-4pt5wins,cfb,0.0000,1,2026-09-29T03:17:28Z,,,,0.000008,6.000000,0.067,,7
2026-09-28,vtc-usseto-co-2026-11-03-gt2pt85m,politics,0.0000,0,2026-09-29T03:17:28Z,,,,0.000412,0.142857,0.139,,3
2026-09-28,vmc-ussemov-ga-2026-11-03-dgte21,politics,0.0000,0,2026-09-29T03:17:28Z,,,,0.243899,0.090909,0.033,,3
2026-09-28,usgubewc-usgub-mn-2026-11-03-dem,politics,0.0003,0,2026-09-29T03:17:28Z,,,,0.060772,5.000000,0.022,,5
2026-09-28,aachc-cfb-wins-2026-11-28-ala-10pt5wins,cfb,0.0000,0,2026-09-29T03:17:28Z,,,,0.000127,6.000000,0.161,,6
2026-09-27,ewc-usse-ia-2026-11-03-dem,politics,0.0000,1,2026-09-27T04:03:53Z,,,,,,,,6
2026-09-27,usgubewc-usgub-nm-2026-11-03-dem,politics,0.0003,1,2026-09-27T04:03:53Z,,,,0.072125,5.000000,0.022,,7
2026-09-27,scc-senate-gop-2026-11-03-48,politics,0.0005,1,2026-09-27T04:03:53Z,,,,0.007060,17.307692,0.106,,9
2026-09-27,ewc-usgub-oh-2026-11-03-rep,politics,0.0000,1,2026-09-27T04:03:53Z,,,,,112.500000,0.006,,8
2026-09-27,ewc-usse-ak-2026-11-03-dem,politics,0.0000,1,2026-09-27T04:03:53Z,,,,,,,,8
2026-09-27,scc-senate-gop-2026-11-03-52,politics,0.0000,1,2026-09-27T04:03:53Z,,,,,,,,12
2026-09-27,ussewc-usse-wy-2026-11-03-dem,politics,0.0073,1,2026-09-27T04:03:53Z,,,,0.001586,5.000000,22.085,,4
2026-09-27,ewc-usgub-wi-2026-11-03-rep,politics,0.0000,1,2026-09-27T04:03:53Z,,,,,,,,10
2026-09-27,paccc-balpow-2026-11-03-dsweep,politics,0.0000,1,2026-09-27T04:03:53Z,,,,,,,,9
2026-09-27,usgubewc-usgub-md-2026-11-03-dem,politics,0.0125,2,2026-09-27T04:03:53Z,,,,0.002597,5.000000,23.048,,4
2026-09-27,ewc-usse-nh-2026-11-03-dem,politics,0.2174,1,2026-09-27T04:03:53Z,,,,0.001983,112.500000,23.392,,7
2026-09-27,ussewc-usse-co-2026-11-03-rep,politics,0.1364,1,2026-09-27T04:03:53Z,,,,0.003090,47.500000,22.296,,4
2026-09-27,usgubewc-usgub-ct-2026-11-03-rep,politics,0.0204,0,2026-09-27T04:03:53Z,,,,0.024249,5.000000,4.044,,8
2026-09-27,scc-senate-gop-2026-11-03-54,politics,0.0005,1,2026-09-27T04:03:53Z,,,,0.000053,17.307692,12.421,,10
2026-09-27,ewc-usgub-ia-2026-11-03-dem,politics,0.0023,0,2026-09-27T04:03:53Z,,,,0.000025,112.500000,19.733,,7
2026-09-27,ussewc-usse-il-2026-11-03-rep,politics,0.0003,1,2026-09-27T04:03:53Z,,,,0.000067,5.000000,19.560,,7
2026-09-27,scc-senate-gop-2026-11-03-49,politics,0.0131,0,2026-09-27T04:03:53Z,,,,0.000951,17.307692,19.087,,10
2026-09-27,ushrewc-ushr-nc-01-2026-11-03-rep,politics,0.0046,0,2026-09-27T04:03:53Z,,,,0.000416,47.500000,5.629,,7
2026-09-27,ushrewc-ushr-ca-45-2026-11-03-dem,politics,0.1272,2,2026-09-27T04:03:53Z,,,,0.002852,47.500000,22.536,,9
2026-09-27,ewc-usgub-nv-2026-11-03-rep,politics,0.0000,1,2026-09-27T04:03:53Z,,,,,,,,7
2026-09-27,paccc-balpow-2026-11-03-rsweep,politics,0.0000,1,2026-09-27T04:03:53Z,,,,,,,,7
2026-09-27,ushrewc-ushr-nc-01-2026-11-03-dem,politics,0.0767,1,2026-09-27T04:03:53Z,,,,0.001755,47.500000,22.063,,7
2026-09-27,ushrewc-ushr-ia-01-2026-11-03-dem,politics,0.0018,1,2026-09-27T04:03:53Z,,,,0.000044,47.500000,20.522,,8
2026-09-27,ewc-usgub-az-2026-11-03-rep,politics,0.0477,0,2026-09-27T04:03:53Z,,,,0.000919,112.500000,11.080,,6
2026-09-27,ushrewc-ushr-nj-07-2026-11-03-dem,politics,0.0615,1,2026-09-27T04:03:53Z,,,,0.002379,47.500000,13.055,,9
2026-09-27,usgubewc-usgub-al-2026-11-03-rep,politics,0.0000,2,2026-09-27T04:03:53Z,,,,,5.000000,0.128,,6
2026-09-27,cpoc-ussegubc-me-2026-11-03-dgov-rsen,politics,0.3063,2,2026-09-27T04:03:53Z,,,,0.154678,2.500000,19.010,,12
2026-09-27,ussewc-usse-nm-2026-11-03-rep,politics,0.0110,1,2026-09-27T04:03:53Z,,,,0.002538,5.000000,20.817,,5
2026-09-27,usgubewc-usgub-ct-2026-11-03-dem,politics,0.0035,0,2026-09-27T04:03:53Z,,,,0.001436,5.000000,11.853,,5
2026-09-27,scc-hrep-rep-2026-11-03-gte230,politics,12.4381,1,2026-09-27T04:03:53Z,,,,0.682710,18.750000,23.320,,8
2026-09-27,usgubewc-usgub-ne-2026-11-03-rep,politics,0.0000,5,2026-09-27T04:03:53Z,,,,0.000056,5.000000,0.512,,6
2026-09-27,scc-hrep-rep-2026-11-03-gte225,politics,0.2461,1,2026-09-27T04:03:53Z,,,,0.013669,18.750000,23.042,,8
2026-09-27,ushrewc-ushr-tx-34-2026-11-03-rep,politics,0.0000,1,2026-09-27T04:03:53Z,,,,,,,,9
2026-09-27,vtc-usseto-nm-2026-11-03-gt550k,politics,0.0003,1,2026-09-27T04:03:53Z,,,,0.006623,0.142857,6.709,,2
2026-09-27,ussewc-usse-al-2026-11-03-dem,politics,0.1361,2,2026-09-27T04:03:53Z,,,,0.029196,5.000000,22.375,,6
2026-09-27,cpoc-ussegubc-ia-2026-11-03-rsweep,politics,0.3351,0,2026-09-27T04:03:53Z,,,,0.234688,2.500000,13.706,,9
2026-09-27,cpoc-ussegubc-tx-2026-11-03-dsweep,politics,0.0103,0,2026-09-27T04:03:53Z,,,,0.027369,2.500000,3.615,,8
2026-09-27,vmc-ussemov-wy-2026-11-03-r40-45,politics,0.0038,0,2026-09-27T04:03:53Z,,,,0.316164,0.100000,2.892,,5
2026-09-27,vtc-usseto-la-2026-11-03-gt1pt4m,politics,0.0040,0,2026-09-27T04:03:53Z,,,,0.117693,0.142857,5.769,,3
2026-09-27,vmc-ussemov-mn-2026-11-03-rgte5,politics,0.0230,1,2026-09-27T04:03:53Z,,,,0.499916,0.125000,8.839,,4
2026-09-27,usgubewc-usgub-sc-2026-11-03-dem,politics,0.0041,1,2026-09-27T04:03:53Z,,,,0.000826,5.000000,23.565,,6
2026-09-27,cpoc-ussegubc-ga-2026-11-03-rgov-dsen,politics,0.1870,2,2026-09-27T04:03:53Z,,,,0.082686,2.500000,21.707,,7
2026-09-27,vmc-ussemov-wy-2026-11-03-rgte50,politics,0.0106,1,2026-09-27T04:03:53Z,,,,0.306616,0.100000,8.310,,3
2026-09-27,ewc-usse-mn-2026-11-03-dem,politics,0.0000,1,2026-09-27T04:03:53Z,,,,,,,,6
2026-09-27,usgubewc-usgub-id-2026-11-03-dem,politics,0.0023,1,2026-09-27T04:03:53Z,,,,0.000517,5.000000,21.551,,7
2026-09-27,usgubewc-usgub-me-2026-11-03-rep,politics,0.0459,1,2026-09-27T04:03:53Z,,,,0.010653,5.000000,20.661,,9
2026-09-27,usgubewc-usgub-sd-2026-11-03-dem,politics,0.0329,1,2026-09-27T04:03:53Z,,,,0.006968,5.000000,22.663,,7
2026-09-27,ushrewc-ushr-pa-01-2026-11-03-rep,politics,0.0056,1,2026-09-27T04:03:53Z,,,,0.000126,47.500000,22.497,,7
2026-09-27,vmc-ushrmov-ca-47-2026-11-03-rwin,politics,0.0077,2,2026-09-27T04:03:53Z,,,,0.194745,0.125000,7.548,,5
2026-09-27,usgubewc-usgub-ne-2026-11-03-dem,politics,0.0260,0,2026-09-27T04:03:53Z,,,,0.122408,5.000000,1.018,,7
2026-09-27,vtc-usseto-ri-2026-11-03-gt400k,politics,0.0012,2,2026-09-27T04:03:53Z,,,,0.009817,0.200000,14.952,,6
2026-09-27,vtc-usseto-de-2026-11-03-gt325k,politics,0.0000,1,2026-09-27T04:03:53Z,,,,0.000473,0.111111,7.382,,2
2026-09-27,cpoc-ussegubc-ks-2026-11-03-dgov-rsen,politics,0.7650,2,2026-09-27T04:03:53Z,,,,0.351197,2.500000,20.911,,8
2026-09-27,scc-hrep-rep-2026-11-03-gte235,politics,0.0040,1,2026-09-27T04:03:53Z,,,,0.000929,18.750000,5.501,,7
2026-09-27,vtc-usseto-ar-2026-11-03-gt900k,politics,0.0566,3,2026-09-27T04:03:53Z,,,,0.535665,0.142857,17.752,,5
2026-09-27,usgubewc-usgub-sc-2026-11-03-rep,politics,0.0001,2,2026-09-27T04:03:53Z,,,,0.000022,5.000000,22.647,,6
2026-09-27,vtc-usseto-fl-2026-11-03-gt8m,politics,0.0398,1,2026-09-27T04:03:53Z,,,,1.052740,0.111111,8.172,,3
2026-09-27,usgubewc-usgub-fl-2026-11-03-rep,politics,0.0047,0,2026-09-27T04:03:53Z,,,,0.002714,47.500000,0.873,,8
2026-09-27,ushrewc-ushr-tx-15-2026-11-03-dem,politics,0.2348,1,2026-09-27T04:03:53Z,,,,0.005261,47.500000,22.553,,9
2026-09-27,ushrewc-ushr-ca-47-2026-11-03-dem,politics,0.0474,0,2026-09-27T04:03:53Z,,,,0.041192,1.250000,22.113,,6
2026-09-27,vtc-usgubto-vt-2026-11-03-gt300k,politics,0.0513,2,2026-09-27T04:03:53Z,,,,0.389518,0.166667,18.949,,7
2026-09-27,vtc-usseto-de-2026-11-03-gt475k,politics,0.0145,2,2026-09-27T04:03:53Z,,,,0.395351,0.111111,7.905,,2
2026-09-27,vtc-usseto-la-2026-11-03-gt1pt1m,politics,0.0182,1,2026-09-27T04:03:53Z,,,,0.413224,0.142857,7.398,,4
2026-09-27,vtc-usseto-il-2026-11-03-gt4pt5m,politics,0.0236,1,2026-09-27T04:03:53Z,,,,0.499018,0.142857,7.949,,4
2026-09-27,vtc-usgubto-ct-2026-11-03-gt1pt4m,politics,0.0408,1,2026-09-27T04:03:53Z,,,,0.819866,0.142857,8.361,,3
2026-09-27,vtc-usseto-fl-2026-11-03-gt8pt25m,politics,0.0393,1,2026-09-27T04:03:53Z,,,,1.102995,0.111111,7.693,,4
2026-09-27,vtc-usseto-me-2026-11-03-gt800k,politics,0.0003,1,2026-09-27T04:03:53Z,,,,0.006993,0.142857,7.982,,3
2026-09-27,cpoc-ussegubc-ks-2026-11-03-rgov-dsen,politics,0.1097,0,2026-09-27T04:03:53Z,,,,0.108345,2.500000,9.723,,6
2026-09-27,vtc-usseto-nj-2026-11-03-gt2pt4m,politics,0.0186,1,2026-09-27T04:03:53Z,,,,0.524945,0.125000,6.787,,3
2026-09-27,vtc-usgubto-hi-2026-11-03-gt460k,politics,0.0513,2,2026-09-27T04:03:53Z,,,,0.796514,0.142857,10.814,,3
2026-09-27,vtc-usgubto-md-2026-11-03-gt2pt15m,politics,0.0224,1,2026-09-27T04:03:53Z,,,,0.500145,0.142857,7.526,,3
2026-09-27,vtc-usgubto-ny-2026-11-03-gt5m,politics,0.0259,1,2026-09-27T04:03:53Z,,,,0.498601,0.166667,7.471,,3
2026-09-27,ussewc-usse-nm-2026-11-03-dem,politics,0.0175,0,2026-09-27T04:03:53Z,,,,0.070738,5.000000,1.185,,5
2026-09-27,vtc-usgubto-ct-2026-11-03-gt1pt3m,politics,0.0447,2,2026-09-27T04:03:53Z,,,,0.467484,0.142857,16.056,,4
2026-09-27,vtc-usseto-tx-2026-11-03-gt9pt2m,politics,0.0007,1,2026-09-27T04:03:53Z,,,,0.011466,0.111111,13.162,,6
2026-09-27,vtc-usgubto-pa-2026-11-03-gt6pt5m,politics,0.0279,2,2026-09-27T04:03:53Z,,,,0.309528,0.166667,12.985,,2
2026-09-27,vtc-usgubto-md-2026-11-03-gt2m,politics,0.0274,3,2026-09-27T04:03:53Z,,,,0.532629,0.142857,8.633,,5
2026-09-27,vmc-ussemov-al-2026-11-03-r20-25,politics,0.0145,1,2026-09-27T04:03:53Z,,,,0.410216,0.111111,7.620,,4
2026-09-27,vmc-usgubmov-hi-2026-11-03-d25-30,politics,0.0032,1,2026-09-27T04:03:53Z,,,,0.088085,0.100000,8.638,,4
2026-09-27,ushrewc-ushr-tx-34-2026-11-03-dem,politics,0.0000,1,2026-09-27T04:03:53Z,,,,0.000007,112.500000,0.006,,6
2026-09-27,scc-hrep-demst-2026-11-03-gte235,politics,0.5693,0,2026-09-27T04:03:53Z,,,,0.126120,5.000000,21.668,,5
2026-09-27,ussewc-usse-sd-2026-11-03-rep,politics,0.5445,1,2026-09-27T04:03:53Z,,,,0.117192,5.000000,22.302,,9
2026-09-27,ussewc-usse-al-2026-11-03-rep,politics,0.1355,0,2026-09-27T04:03:53Z,,,,0.089799,5.000000,7.242,,6
2026-09-27,scc-hrep-rep-2026-11-03-gte205,politics,0.9458,1,2026-09-27T04:03:53Z,,,,0.051793,18.750000,23.374,,8
2026-09-27,vmc-usgubmov-il-2026-11-03-d25-30,politics,0.0023,1,2026-09-27T04:03:53Z,,,,0.341764,0.111111,1.424,,3
2026-09-27,vtc-usseto-tx-2026-11-03-gt11pt2m,politics,0.0009,2,2026-09-27T04:03:53Z,,,,0.015055,0.111111,13.595,,7
2026-09-27,vmc-usgubmov-ga-2026-11-03-r0-3,politics,0.0328,1,2026-09-27T04:03:53Z,,,,0.632506,0.100000,12.455,,5
2026-09-27,vtc-usseto-mn-2026-11-03-gt2pt75m,politics,0.0723,1,2026-09-27T04:03:53Z,,,,0.675419,0.125000,20.551,,4
2026-09-27,vmc-ussemov-ky-2026-11-03-r20-25,politics,0.0075,0,2026-09-27T04:03:53Z,,,,0.454988,0.100000,3.944,,5
2026-09-27,vtc-usseto-mi-2026-11-03-gt5pt6m,politics,0.0002,1,2026-09-27T04:03:53Z,,,,0.004171,0.125000,8.800,,5
2026-09-27,vtc-usseto-al-2026-11-03-gt1pt3m,politics,0.0637,0,2026-09-27T04:03:53Z,,,,0.656853,0.142857,16.285,,2
2026-09-27,vtc-usseto-mi-2026-11-03-gt4pt8m,politics,0.0497,2,2026-09-27T04:03:53Z,,,,0.746112,0.125000,12.801,,3
2026-09-27,cpoc-ussec-tx-me-2026-11-03-rtx-dme,politics,1.9692,1,2026-09-27T04:03:53Z,,,,0.073155,28.125000,22.970,,16
2026-09-27,vtc-usseto-wv-2026-11-03-gt550k,politics,0.0271,1,2026-09-27T04:03:53Z,,,,0.622610,0.166667,6.258,,4
2026-09-27,vmc-ussemov-la-2026-11-03-r5-10,politics,0.0146,0,2026-09-27T04:03:53Z,,,,0.446174,0.111111,7.048,,5
2026-09-27,vmc-usgubmov-ks-2026-11-03-r6-9,politics,0.0284,0,2026-09-27T04:03:53Z,,,,0.613729,0.100000,11.123,,4
2026-09-27,vmc-usgubmov-vt-2026-11-03-r20-25,politics,0.0077,0,2026-09-27T04:03:53Z,,,,0.260706,0.125000,5.680,,4
2026-09-27,vtc-usseto-tx-2026-11-03-gt9pt6m,politics,0.0013,2,2026-09-27T04:03:53Z,,,,0.041511,0.111111,6.825,,4
2026-09-27,vmc-ussemov-me-2026-11-03-r0-3,politics,0.0339,1,2026-09-27T04:03:53Z,,,,0.459116,0.083333,21.296,,4
2026-09-27,vtc-usseto-al-2026-11-03-gt1pt2m,politics,0.0764,1,2026-09-27T04:03:53Z,,,,0.602500,0.142857,21.302,,3
2026-09-27,vmc-ussemov-la-2026-11-03-r10-15,politics,0.0627,1,2026-09-27T04:03:53Z,,,,0.640940,0.111111,21.146,,6
2026-09-27,scc-senate-demst-2026-11-03-gte51,politics,0.7291,1,2026-09-27T04:03:53Z,,,,0.164616,5.000000,21.260,,4
2026-09-27,vmc-usgubmov-hi-2026-11-03-d35-40,politics,0.0222,0,2026-09-27T04:03:53Z,,,,0.574495,0.100000,9.264,,5
2026-09-27,vtc-usgubto-hi-2026-11-03-gt490k,politics,0.0024,1,2026-09-27T04:03:53Z,,,,0.039230,0.142857,10.207,,5
2026-09-27,vmc-usgubmov-ga-2026-11-03-r9-12,politics,0.0120,0,2026-09-27T04:03:53Z,,,,0.671359,0.100000,4.284,,3
2026-09-27,vmc-usgubmov-nh-2026-11-03-r9-12,politics,0.0081,1,2026-09-27T04:03:53Z,,,,0.470225,0.100000,4.133,,4
2026-09-27,scc-senate-gop-2026-11-03-50,politics,0.0460,1,2026-09-27T04:03:53Z,,,,0.007317,17.307692,8.719,,13
2026-09-27,vmc-usgubmov-vt-2026-11-03-r5-10,politics,0.0207,1,2026-09-27T04:03:53Z,,,,0.457885,0.125000,8.699,,3
2026-09-27,usgubewc-usgub-ak-2026-11-03-berwil,politics,0.4726,1,2026-09-27T04:03:53Z,,,,0.014975,32.142857,23.565,,7
2026-09-27,vmc-ussemov-wy-2026-11-03-r30-35,politics,0.0062,0,2026-09-27T04:03:53Z,,,,0.465561,0.100000,3.215,,3
2026-09-27,vtc-usseto-ne-2026-11-03-gt700k,politics,0.0836,0,2026-09-27T04:03:53Z,,,,0.670253,0.166667,17.957,,2
2026-09-27,ewc-usgub-wi-2026-11-03-dem,politics,0.0000,1,2026-09-27T04:03:53Z,,,,0.000163,112.500000,0.017,,7
2026-09-27,vmc-usgubmov-vt-2026-11-03-r10-15,politics,0.0216,1,2026-09-27T04:03:53Z,,,,0.463718,0.125000,8.944,,3
2026-09-27,vtc-usseto-al-2026-11-03-gt1pt7m,politics,0.0100,2,2026-09-27T04:03:53Z,,,,0.202604,0.142857,8.322,,5
2026-09-27,vtc-usseto-wv-2026-11-03-gt450k,politics,0.0149,1,2026-09-27T04:03:53Z,,,,0.308106,0.166667,6.959,,3
2026-09-27,vtc-usseto-sd-2026-11-03-gt375k,politics,0.0520,0,2026-09-27T04:03:53Z,,,,0.688088,0.142857,12.700,,4
2026-09-27,vmc-usgubmov-ct-2026-11-03-d20-25,politics,0.0232,1,2026-09-27T04:03:53Z,,,,0.483676,0.125000,9.200,,3
2026-09-27,vmc-usgubmov-id-2026-11-03-r30-35,politics,0.0041,1,2026-09-27T04:03:53Z,,,,0.327721,0.100000,3.032,,4
2026-09-27,vtc-usseto-nc-2026-11-03-gt3pt9m,politics,0.0267,1,2026-09-27T04:03:53Z,,,,0.512619,0.142857,8.756,,6
2026-09-27,vtc-usseto-ne-2026-11-03-gt750k,politics,0.0377,0,2026-09-27T04:03:53Z,,,,0.382440,0.166667,14.180,,3
2026-09-27,vtc-usgubto-ny-2026-11-03-gt6m,politics,0.0141,1,2026-09-27T04:03:53Z,,,,0.201331,0.166667,10.069,,3
2026-09-27,vtc-usseto-mt-2026-11-03-gt400k,politics,0.0194,0,2026-09-27T04:03:53Z,,,,0.328137,0.166667,8.533,,5
2026-09-27,vmc-ussemov-nj-2026-11-03-d15-20,politics,0.0164,1,2026-09-27T04:03:53Z,,,,0.368502,0.111111,9.585,,3
2026-09-27,vmc-ussemov-nj-2026-11-03-d20-25,politics,0.0198,1,2026-09-27T04:03:53Z,,,,0.498965,0.111111,8.550,,3
2026-09-27,vmc-ussemov-mi-2026-11-03-r3-6,politics,0.0125,1,2026-09-27T04:03:53Z,,,,0.331549,0.100000,9.073,,3
2026-09-27,vtc-usgubto-ny-2026-11-03-gt6pt5m,politics,0.0004,1,2026-09-27T04:03:53Z,,,,0.006822,0.166667,7.677,,3
2026-09-27,vmc-usgubmov-me-2026-11-03-d15-20,politics,0.0120,1,2026-09-27T04:03:53Z,,,,0.333312,0.111111,7.759,,3
2026-09-27,ewc-usse-mi-2026-11-03-dem,politics,2.2366,0,2026-09-27T04:03:53Z,,,,0.008788,281.250000,21.718,,7
2026-09-27,ewc-usse-me-2026-11-03-dem,politics,0.0000,1,2026-09-27T04:03:53Z,,,,,,,,9
2026-09-27,vmc-usgubmov-tx-2026-11-03-d0-3,politics,0.0136,1,2026-09-27T04:03:53Z,,,,0.496029,0.090909,7.241,,3
2026-09-27,vtc-usseto-ok-2026-11-03-gt900k,politics,0.0065,1,2026-09-27T04:03:53Z,,,,0.138351,0.166667,6.731,,3
2026-09-27,vmc-usgubmov-tn-2026-11-03-r20-25,politics,0.0086,1,2026-09-27T04:03:53Z,,,,0.492517,0.111111,3.771,,3
2026-09-27,cpoc-ussec-tx-mi-me-2026-11-03-dsweep,politics,0.0067,0,2026-09-27T04:03:53Z,,,,0.001065,14.062500,10.702,,8
2026-09-27,vtc-usseto-mi-2026-11-03-gt4pt6m,politics,0.0000,0,2026-09-27T04:03:53Z,,,,0.003569,0.125000,0.267,,2
2026-09-27,vtc-usseto-ms-2026-11-03-gt1m,politics,0.0114,1,2026-09-27T04:03:53Z,,,,0.239051,0.166667,6.853,,3
2026-09-27,scc-hrep-rep-2026-11-03-gte180,politics,2.7711,1,2026-09-27T04:03:53Z,,,,0.152031,18.750000,23.331,,7
2026-09-27,paccc-usho-midterms-2026-11-03-rep,politics,0.0419,1,2026-09-27T04:03:53Z,,,,0.016908,281.250000,0.211,,20
2026-09-27,scc-hrep-rep-2026-11-03-gte185,politics,3.6863,0,2026-09-27T04:03:53Z,,,,0.293780,18.750000,16.061,,4
2026-09-27,scc-hrep-rep-2026-11-03-gte195,politics,4.1925,1,2026-09-27T04:03:53Z,,,,0.229464,18.750000,23.387,,6
2026-09-27,vmc-usgubmov-il-2026-11-03-d10-15,politics,0.0170,1,2026-09-27T04:03:53Z,,,,0.202752,0.111111,18.153,,4
2026-09-27,vtc-usseto-mn-2026-11-03-gt2pt9m,politics,0.0547,0,2026-09-27T04:03:53Z,,,,0.652703,0.125000,16.085,,3
2026-09-27,scc-hrep-rep-2026-11-03-gte220,politics,0.0065,1,2026-09-27T04:03:53Z,,,,0.093821,18.750000,0.089,,7
2026-09-27,scc-hrep-rep-2026-11-03-gte200,politics,10.1793,1,2026-09-27T04:03:53Z,,,,0.560071,18.750000,23.264,,5
2026-09-27,vtc-usseto-ks-2026-11-03-gt1m,politics,0.0002,1,2026-09-27T04:03:53Z,,,,0.002558,0.200000,8.791,,4
2026-09-27,usgubewc-usgub-tx-2026-11-03-dem,politics,0.6637,1,2026-09-27T04:03:53Z,,,,0.006005,112.500000,23.576,,9
2026-09-27,ushrewc-ushr-va-02-2026-11-03-rep,politics,0.0970,1,2026-09-27T04:03:53Z,,,,0.002105,47.500000,23.292,,5
2026-09-27,cpoc-ussegubc-oh-2026-11-03-dgov-rsen,politics,0.0563,1,2026-09-27T04:03:53Z,,,,0.051277,2.500000,10.535,,7
2026-09-27,usgubewc-usgub-co-2026-11-03-dem,politics,0.0043,1,2026-09-27T04:03:53Z,,,,0.000882,5.000000,23.354,,6
2026-09-27,vmc-ussemov-ky-2026-11-03-dwin,politics,0.0038,1,2026-09-27T04:03:53Z,,,,0.109243,0.100000,8.360,,4
2026-09-27,vtc-usseto-ak-2026-11-03-gt275k,politics,0.0361,1,2026-09-27T04:03:53Z,,,,0.745175,0.142857,8.138,,4
2026-09-27,vtc-usgubto-vt-2026-11-03-gt325k,politics,0.0545,2,2026-09-27T04:03:53Z,,,,0.996261,0.166667,7.882,,4
2026-09-27,ushrewc-ushr-ia-01-2026-11-03-rep,politics,0.2684,1,2026-09-27T04:03:53Z,,,,0.005955,47.500000,22.775,,7
2026-09-27,cpoc-ussegubc-oh-2026-11-03-rgov-dsen,politics,0.0779,0,2026-09-27T04:03:53Z,,,,0.052827,2.500000,14.150,,9
2026-09-27,vmc-usgubmov-md-2026-11-03-d30-35,politics,0.0056,1,2026-09-27T04:03:53Z,,,,0.503388,0.100000,2.659,,4
2026-09-27,vtc-usseto-me-2026-11-03-gt750k,politics,0.0000,0,2026-09-27T04:03:53Z,,,,0.000738,0.142857,0.801,,3
2026-09-27,vtc-usgubto-wi-2026-11-03-gt3m,politics,0.0357,1,2026-09-27T04:03:53Z,,,,0.339288,0.166667,15.166,,5
2026-09-27,cpoc-ussegubc-me-2026-11-03-rsweep,politics,0.3016,0,2026-09-27T04:03:53Z,,,,0.154367,2.500000,18.757,,10
2026-09-27,vmc-usgubmov-ca-2026-11-03-d15-20,politics,0.0000,0,2026-09-27T04:03:53Z,,,,0.000628,0.111111,0.484,,4
2026-09-27,ushrewc-ushr-tx-15-2026-11-03-rep,politics,0.0953,1,2026-09-27T04:03:53Z,,,,0.002146,47.500000,22.435,,11
2026-09-27,vtc-usseto-wy-2026-11-03-gt210k,politics,0.0239,2,2026-09-27T04:03:53Z,,,,0.329039,0.166667,10.469,,5
2026-09-27,usgubewc-usgub-wy-2026-11-03-rep,politics,0.0074,1,2026-09-27T04:03:53Z,,,,0.001559,5.000000,22.892,,4
2026-09-27,vtc-usseto-id-2026-11-03-gt680k,politics,0.0148,1,2026-09-27T04:03:53Z,,,,0.305164,0.142857,8.133,,5
2026-09-27,vmc-ussemov-id-2026-11-03-r20-25,politics,0.0068,1,2026-09-27T04:03:53Z,,,,0.485440,0.111111,3.009,,3
2026-09-27,vtc-usseto-nj-2026-11-03-gt3pt4m,politics,0.0000,0,2026-09-27T04:03:53Z,,,,0.000637,0.125000,0.834,,5
2026-09-27,usgubewc-usgub-me-2026-11-03-dem,politics,0.0778,1,2026-09-27T04:03:53Z,,,,0.016014,5.000000,23.331,,7
2026-09-27,vtc-usgubto-nv-2026-11-03-gt1pt05m,politics,0.0825,1,2026-09-27T04:03:53Z,,,,0.668492,0.142857,20.734,,3
2026-09-27,cpoc-ussegubc-mn-2026-11-03-rgov-dsen,politics,0.5606,1,2026-09-27T04:03:53Z,,,,0.318478,2.500000,16.900,,8
2026-09-27,ushrewc-ushr-ny-17-2026-11-03-dem,politics,1.1090,1,2026-09-27T04:03:53Z,,,,0.024253,47.500000,23.103,,8
2026-09-27,ussewc-usse-ky-2026-11-03-rep,politics,0.0051,1,2026-09-27T04:03:53Z,,,,0.001345,5.000000,18.285,,6
2026-09-27,cpoc-ussec-tx-mi-me-2026-11-03-rsweep,politics,0.0162,0,2026-09-27T04:03:53Z,,,,0.002133,14.062500,12.968,,12
2026-09-27,vtc-usgubto-hi-2026-11-03-gt400k,politics,0.0000,0,2026-09-27T04:03:53Z,,,,0.002901,0.142857,0.851,,3
2026-09-27,usgubewc-usgub-ri-2026-11-03-dem,politics,0.0631,0,2026-09-27T04:03:53Z,,,,0.294037,3.333333,1.546,,6
2026-09-27,vtc-usseto-wy-2026-11-03-gt230k,politics,0.0009,1,2026-09-27T04:03:53Z,,,,0.027298,0.166667,4.628,,5
2026-09-27,vmc-usgubmov-tn-2026-11-03-r0-10,politics,0.0003,1,2026-09-27T04:03:53Z,,,,0.039756,0.111111,1.524,,3
2026-09-27,ushrewc-ushr-wa-03-2026-11-03-rep,politics,0.1397,1,2026-09-27T04:03:53Z,,,,0.003016,47.500000,23.398,,5
2026-09-27,vtc-usseto-de-2026-11-03-gt400k,politics,0.0000,0,2026-09-27T04:03:53Z,,,,0.003095,0.111111,0.551,,4
2026-09-27,vmc-ussemov-ky-2026-11-03-r0-10,politics,0.0643,2,2026-09-27T04:03:53Z,,,,0.763793,0.100000,20.194,,5
2026-09-27,vtc-usseto-ri-2026-11-03-gt300k,politics,0.0000,0,2026-09-27T04:03:53Z,,,,0.000426,0.200000,0.150,,2
2026-09-27,vtc-usseto-va-2026-11-03-gt2pt75m,politics,0.0000,0,2026-09-27T04:03:53Z,,,,0.000430,0.142857,0.495,,3
2026-09-27,usgubewc-usgub-sd-2026-11-03-rep,politics,0.0068,1,2026-09-27T04:03:53Z,,,,0.001420,5.000000,22.909,,8
2026-09-27,vtc-usseto-wy-2026-11-03-gt250k,politics,0.0017,1,2026-09-27T04:03:53Z,,,,0.047931,0.166667,5.190,,5
2026-09-27,vtc-usseto-sc-2026-11-03-gt2m,politics,0.0145,0,2026-09-27T04:03:53Z,,,,0.244100,0.200000,7.137,,5
2026-09-27,usgubewc-usgub-vt-2026-11-03-rep,politics,0.0000,0,2026-09-27T04:03:53Z,,,,,5.000000,0.022,,8
2026-09-27,cpoc-ussegubc-nh-2026-11-03-dsweep,politics,0.1037,1,2026-09-27T04:03:53Z,,,,0.051435,2.500000,19.359,,8
2026-09-27,vmc-ussemov-sc-2026-11-03-r0-5,politics,0.0000,0,2026-09-27T04:03:53Z,,,,0.001169,0.125000,0.696,,3
2026-09-27,vmc-usgubmov-wy-2026-11-03-r35-40,politics,0.0126,1,2026-09-27T04:03:53Z,,,,0.481645,0.100000,6.286,,3
2026-09-27,vmc-ussemov-sc-2026-11-03-r10-15,politics,0.0000,0,2026-09-27T04:03:53Z,,,,0.003267,0.125000,0.779,,4
2026-09-27,vmc-usgubmov-or-2026-11-03-d9-12,politics,0.0027,0,2026-09-27T04:03:53Z,,,,0.316456,0.083333,2.447,,4
2026-09-27,ussewc-usse-fl-2026-11-03-dem,politics,0.0000,1,2026-09-27T04:03:53Z,,,,,,,,8
2026-09-27,vtc-usgubto-vt-2026-11-03-gt225k,politics,0.0404,1,2026-09-27T04:03:53Z,,,,0.552259,0.166667,10.525,,2
2026-09-27,vtc-usgubto-hi-2026-11-03-gt370k,politics,0.0236,1,2026-09-27T04:03:53Z,,,,0.501784,0.142857,7.893,,4
2026-09-27,cpoc-ussegubc-me-2026-11-03-dsweep,politics,0.1610,1,2026-09-27T04:03:53Z,,,,0.075403,2.500000,20.501,,6
2026-09-27,vtc-usseto-ri-2026-11-03-gt250k,politics,0.0000,0,2026-09-27T04:03:53Z,,,,0.000426,0.200000,1.001,,2
2026-09-27,scc-hrep-rep-2026-11-03-gte210,politics,2.2333,1,2026-09-27T04:03:53Z,,,,0.144765,18.750000,19.747,,6
2026-09-27,vmc-ussemov-fl-2026-11-03-r3-6,politics,0.0058,0,2026-09-27T04:03:53Z,,,,0.329035,0.100000,4.195,,4
2026-09-27,vmc-ussemov-or-2026-11-03-d25-30,politics,0.0147,0,2026-09-27T04:03:53Z,,,,0.461372,0.111111,6.898,,4
2026-09-27,vtc-usseto-co-2026-11-03-gt2pt7m,politics,0.0000,0,2026-09-27T04:03:53Z,,,,0.000426,0.142857,0.039,,2
2026-09-27,vmc-ussemov-ok-2026-11-03-r20-25,politics,0.0000,0,2026-09-27T04:03:53Z,,,,0.060069,0.100000,0.039,,3
2026-09-27,vmc-usgubmov-tx-2026-11-03-r3-6,politics,0.0000,0,2026-09-27T05:04:43Z,,,,0.000415,0.090909,0.295,,3
2026-09-27,vtc-usseto-wy-2026-11-03-gt150k,politics,0.0000,0,2026-09-27T05:04:43Z,,,,0.000426,0.166667,0.740,,2
2026-09-27,vmc-ussemov-tx-2026-11-03-d3-6,politics,0.0076,1,2026-09-27T05:04:43Z,,,,0.509988,0.083333,4.277,,4
2026-09-27,ussewc-usse-ar-2026-11-03-dem,politics,0.0000,1,2026-09-27T05:04:43Z,,,,,,,,7
2026-09-27,vmc-ussemov-al-2026-11-03-r10-15,politics,0.0163,1,2026-09-27T05:04:43Z,,,,0.479870,0.111111,7.320,,3
2026-09-27,vtc-usseto-ia-2026-11-03-gt1pt4m,politics,0.0008,0,2026-09-27T05:04:43Z,,,,0.140493,0.111111,1.224,,2
2026-09-27,vmc-ussemov-or-2026-11-03-d10-15,politics,0.0118,1,2026-09-27T06:06:07Z,,,,0.315028,0.111111,8.105,,4
2026-09-27,vmc-ussemov-nc-2026-11-03-d12-15,politics,0.0025,1,2026-09-27T06:06:07Z,,,,0.242018,0.100000,2.487,,3
2026-09-27,vmc-ussemov-ks-2026-11-03-r20-25,politics,0.0075,0,2026-09-27T06:06:07Z,,,,0.285179,0.111111,5.652,,4
2026-09-27,vmc-usgubmov-nm-2026-11-03-d15-20,politics,0.0075,1,2026-09-27T06:06:07Z,,,,0.324973,0.125000,4.405,,3
2026-09-27,usgubewc-usgub-mn-2026-11-03-rep,politics,0.0000,1,2026-09-27T06:06:07Z,,,,,,,,9
2026-09-27,ussewc-usse-ks-2026-11-03-dem,politics,0.0000,0,2026-09-27T06:06:07Z,,,,0.000001,5.000000,0.723,,8
2026-09-27,vtc-usseto-mn-2026-11-03-gt2pt3m,politics,0.0000,0,2026-09-27T06:06:07Z,,,,0.000426,0.125000,0.311,,3
2026-09-27,vmc-usgubmov-nh-2026-11-03-r12-15,politics,0.0037,1,2026-09-27T06:06:07Z,,,,0.463474,0.100000,1.925,,4
2026-09-27,vtc-usgubto-wi-2026-11-03-gt2pt4m,politics,0.0000,0,2026-09-27T06:06:07Z,,,,0.000426,0.166667,0.673,,2
2026-09-27,vmc-ussemov-mt-2026-11-03-r10-15,politics,0.0000,0,2026-09-27T06:06:07Z,,,,0.000424,0.111111,0.345,,3
2026-09-27,vmc-usgubmov-az-2026-11-03-d6-9,politics,0.0015,0,2026-09-27T06:06:07Z,,,,0.348621,0.100000,1.001,,5
2026-09-27,vmc-usgubmov-sd-2026-11-03-r25-30,politics,0.0003,1,2026-09-27T06:06:07Z,,,,0.169002,0.100000,0.434,,4
2026-09-27,vmc-ussemov-ri-2026-11-03-dgte45,politics,0.0001,0,2026-09-27T06:06:07Z,,,,0.054980,0.100000,0.334,,3
2026-09-27,aachc-cfb-wins-2026-11-28-vir-5pt5wins,cfb,0.0002,1,2026-09-27T06:06:07Z,,,,0.000305,6.000000,2.281,,5
2026-09-27,aachc-cfb-wins-2026-11-28-arz-7pt5wins,cfb,0.0233,0,2026-09-27T06:06:07Z,,,,0.070015,6.000000,1.329,,5
2026-09-27,aachc-cfb-wins-2026-11-28-hou-9pt5wins,cfb,0.0006,1,2026-09-27T06:06:07Z,,,,0.000416,6.000000,5.769,,5
2026-09-27,aachc-cfb-wins-2026-11-28-pennst-9pt5wins,cfb,0.0720,1,2026-09-27T06:06:07Z,,,,0.088056,6.000000,3.272,,12
2026-09-27,aachc-cfb-wins-2026-11-28-kan-5pt5wins,cfb,0.0006,1,2026-09-27T06:06:07Z,,,,0.000471,6.000000,5.101,,5
2026-09-27,vtc-usseto-ok-2026-11-03-gt1pt2m,politics,0.0000,0,2026-09-27T06:06:07Z,,,,0.000424,0.166667,0.545,,2
2026-09-27,vtc-usseto-or-2026-11-03-gt2m,politics,0.0000,1,2026-09-27T06:06:07Z,,,,0.009192,0.125000,0.584,,5
2026-09-27,paccc-usse-midterms-2026-11-03-rep,politics,0.0055,0,2026-09-27T06:06:07Z,,,,0.005273,281.250000,0.089,,9
2026-09-27,vmc-ussemov-ar-2026-11-03-r10-15,politics,0.0051,0,2026-09-27T07:06:18Z,,,,0.326845,0.111111,3.388,,4
2026-09-27,vmc-ussemov-ma-2026-11-03-d25-30,politics,0.0066,1,2026-09-27T07:06:18Z,,,,0.282428,0.100000,5.602,,4
2026-09-27,vmc-usgubmov-az-2026-11-03-d9-12,politics,0.0153,1,2026-09-27T07:06:18Z,,,,0.489646,0.100000,7.498,,4
2026-09-27,vmc-usgubmov-ri-2026-11-03-d20-25,politics,0.0016,0,2026-09-27T07:06:18Z,,,,0.354759,0.111111,0.990,,3
2026-09-27,cpoc-ussegubc-ks-2026-11-03-dsweep,politics,0.0000,1,2026-09-27T07:06:18Z,,,,,,,,9
2026-09-27,vtc-usseto-mi-2026-11-03-gt5m,politics,0.0000,0,2026-09-27T07:06:18Z,,,,0.010554,0.125000,0.818,,4
2026-09-27,vtc-usseto-nh-2026-11-03-gt700k,politics,0.0000,0,2026-09-27T07:06:18Z,,,,0.006367,0.142857,0.718,,3
2026-09-27,vtc-usseto-al-2026-11-03-gt1pt5m,politics,0.0484,0,2026-09-27T07:06:18Z,,,,0.516506,0.142857,15.734,,4
2026-09-27,vmc-ussemov-ks-2026-11-03-r25-30,politics,0.0004,0,2026-09-27T07:06:18Z,,,,0.043540,0.111111,1.842,,3
2026-09-27,vmc-ussemov-or-2026-11-03-d20-25,politics,0.0128,1,2026-09-27T07:06:18Z,,,,0.496679,0.111111,5.580,,3
2026-09-27,vmc-ussemov-co-2026-11-03-d10-15,politics,0.0000,0,2026-09-27T07:06:18Z,,,,0.004546,0.111111,0.712,,5
2026-09-27,ussewc-usse-sc-2026-11-03-dem,politics,0.0000,1,2026-09-27T07:06:18Z,,,,,,,,8
2026-09-27,vtc-usseto-va-2026-11-03-gt3m,politics,0.0000,0,2026-09-27T07:06:18Z,,,,0.000426,0.142857,0.301,,2
2026-09-27,aachc-cfb-wins-2026-11-28-minnst-6pt5wins,cfb,0.0040,1,2026-09-27T07:06:18Z,,,,0.030293,6.000000,0.528,,6
2026-09-27,aachc-cfb-wins-2026-11-28-pennst-7pt5wins,cfb,0.1086,1,2026-09-27T07:06:18Z,,,,0.104391,6.000000,4.162,,6
2026-09-27,aachc-cfb-wins-ou-2026-11-28-ucf,cfb,0.0000,0,2026-09-27T07:06:18Z,,,,0.002036,0.394737,0.295,,5
2026-09-27,aachc-cfb-wins-2026-11-28-gtech-7pt5wins,cfb,0.0001,0,2026-09-27T07:06:18Z,,,,0.001233,6.000000,0.256,,4
2026-09-27,vmc-ussemov-ma-2026-11-03-d20-25,politics,0.0027,1,2026-09-27T07:06:18Z,,,,0.284401,0.100000,2.319,,5
2026-09-27,cmovcusg-usgubclose-2026-11-03-ga,politics,0.0000,0,2026-09-27T07:06:18Z,,,,0.001077,0.058824,0.467,,6
2026-09-27,vmc-usgubmov-nm-2026-11-03-d10-15,politics,0.0000,0,2026-09-27T07:06:18Z,,,,0.006359,0.125000,0.601,,4
2026-09-27,vtc-usgubto-pa-2026-11-03-gt4pt5m,politics,0.0000,0,2026-09-27T07:06:18Z,,,,0.000426,0.166667,0.222,,2
2026-09-27,cpoc-ussegubc-ga-2026-11-03-dsweep,politics,0.0000,0,2026-09-27T07:06:18Z,,,,0.000007,2.500000,1.415,,7
2026-09-27,vtc-usgubto-ct-2026-11-03-gt1pt2m,politics,0.0000,0,2026-09-27T07:06:18Z,,,,0.000429,0.142857,0.245,,3
2026-09-27,scc-senate-gop-2026-11-03-lte45,politics,0.1536,0,2026-09-27T07:06:18Z,,,,0.126199,17.307692,1.687,,14
2026-09-27,aachc-cfb-wins-2026-11-28-cin-6pt5wins,cfb,0.0006,0,2026-09-27T07:06:18Z,,,,0.004805,6.885497,0.462,,11
2026-09-27,aachc-cfb-wins-2026-11-28-minnst-5pt5wins,cfb,0.0001,0,2026-09-27T07:06:18Z,,,,0.003020,6.000000,0.161,,5
2026-09-27,vmc-ussemov-fl-2026-11-03-r6-9,politics,0.0024,1,2026-09-27T08:09:43Z,,,,0.338875,0.100000,1.685,,3
2026-09-27,vtc-usgubto-ca-2026-11-03-gt13pt5m,politics,0.0000,0,2026-09-27T08:09:43Z,,,,0.000603,0.111111,0.239,,2
2026-09-27,vmc-ussemov-mi-2026-11-03-d6-9,politics,0.0011,0,2026-09-27T08:09:43Z,,,,0.309123,0.100000,0.862,,3
2026-09-27,vtc-usseto-sc-2026-11-03-gt1pt8m,politics,0.0000,0,2026-09-27T08:09:43Z,,,,0.000426,0.200000,0.595,,2
2026-09-27,vtc-usseto-ks-2026-11-03-gt800k,politics,0.0000,0,2026-09-27T08:09:43Z,,,,0.000426,0.200000,0.967,,2
2026-09-27,vtc-usseto-fl-2026-11-03-gt7pt5m,politics,0.0000,0,2026-09-27T08:09:43Z,,,,0.000416,0.111111,0.389,,2
2026-09-27,vmc-ussemov-mi-2026-11-03-d3-6,politics,0.0106,1,2026-09-27T08:09:43Z,,,,0.326717,0.100000,7.810,,3
2026-09-27,vtc-usseto-ks-2026-11-03-gt1pt1m,politics,0.0000,0,2026-09-27T08:09:43Z,,,,0.000419,0.200000,0.601,,2
2026-09-27,vmc-usgubmov-il-2026-11-03-d0-5,politics,0.0022,1,2026-09-27T08:09:43Z,,,,0.359054,0.111111,1.329,,3
2026-09-27,vmc-usgubmov-al-2026-11-03-r15-20,politics,0.0000,0,2026-09-27T08:09:43Z,,,,0.001253,0.111111,0.590,,4
2026-09-27,vmc-usgubmov-pa-2026-11-03-d10-15,politics,0.0002,0,2026-09-27T08:09:43Z,,,,0.022886,0.111111,1.519,,4
2026-09-27,aachc-cfb-wins-2026-11-28-arz-5pt5wins,cfb,0.0068,0,2026-09-27T08:09:43Z,,,,0.060679,6.000000,0.445,,5
2026-09-27,aachc-cfb-wins-2026-11-28-pur-3pt5wins,cfb,0.0002,0,2026-09-27T08:09:43Z,,,,0.003235,6.000000,0.245,,4
2026-09-27,cpoc-ussec-tx-me-2026-11-03-rsweep,politics,0.0001,0,2026-09-27T08:09:43Z,,,,0.000036,28.125000,1.496,,17
2026-09-27,vmc-ussemov-il-2026-11-03-d20-25,politics,0.0000,0,2026-09-27T08:09:43Z,,,,0.014884,0.111111,0.378,,5
2026-09-27,vtc-usseto-tn-2026-11-03-gt2pt2m,politics,0.0000,0,2026-09-27T08:09:43Z,,,,0.009151,0.166667,0.306,,3
2026-09-27,vmc-ussemov-wv-2026-11-03-r25-30,politics,0.0000,0,2026-09-27T08:09:43Z,,,,0.000422,0.100000,0.261,,4
2026-09-27,vmc-ussemov-me-2026-11-03-r3-6,politics,0.0001,0,2026-09-27T08:09:43Z,,,,0.053367,0.083333,0.356,,4
2026-09-27,usgubewc-usgub-fl-2026-11-03-dem,politics,0.0000,1,2026-09-27T09:10:41Z,,,,,,,,7
2026-09-27,vtc-usseto-co-2026-11-03-gt2pt25m,politics,0.0000,0,2026-09-27T09:10:41Z,,,,0.000426,0.142857,0.584,,2
2026-09-27,vmc-usgubmov-il-2026-11-03-d20-25,politics,0.0076,1,2026-09-27T09:10:41Z,,,,0.420422,0.111111,3.916,,4
2026-09-27,vtc-usseto-co-2026-11-03-gt2pt1m,politics,0.0000,0,2026-09-27T09:10:41Z,,,,0.000426,0.142857,0.323,,2
2026-09-27,vtc-usseto-mt-2026-11-03-gt550k,politics,0.0014,1,2026-09-27T09:10:41Z,,,,0.049847,0.166667,4.116,,2
2026-09-27,usgubewc-usgub-ak-2026-11-03-jonkre,politics,0.9402,0,2026-09-27T09:10:41Z,,,,0.043767,32.142857,16.040,,9
2026-09-27,aachc-cfb-wins-2026-11-28-ore-10pt5wins,cfb,0.0000,0,2026-09-27T09:10:41Z,,,,0.000224,7.500000,0.273,,5
2026-09-27,aachc-cfb-wins-2026-11-28-utahst-6pt5wins,cfb,0.0001,0,2026-09-27T09:10:41Z,,,,0.000451,6.000000,0.523,,4
2026-09-27,aachc-cfb-wins-2026-11-28-okl-7pt5wins,cfb,0.0000,0,2026-09-27T09:10:41Z,,,,0.000297,6.000000,0.211,,9
2026-09-27,vtc-usseto-tx-2026-11-03-gt10pt4m,politics,0.0006,0,2026-09-27T09:10:41Z,,,,0.421371,0.111111,0.300,,3
2026-09-27,vmc-ussemov-mi-2026-11-03-r0-3,politics,0.0001,0,2026-09-27T09:10:41Z,,,,0.024018,0.100000,1.480,,4
2026-09-27,vmc-ussemov-va-2026-11-03-d0-5,politics,0.0001,0,2026-09-27T09:10:41Z,,,,0.037355,0.100000,0.778,,3
2026-09-27,vmc-usgubmov-id-2026-11-03-r35-40,politics,0.0002,0,2026-09-27T09:10:41Z,,,,0.621004,0.100000,0.089,,4
2026-09-27,vmc-ussemov-nj-2026-11-03-d10-15,politics,0.0000,0,2026-09-27T10:10:53Z,,,,0.001169,0.111111,0.707,,3
2026-09-27,ussewc-usse-ms-2026-11-03-dem,politics,0.0000,1,2026-09-27T10:10:53Z,,,,,,,,9
2026-09-27,cpoc-ussec-tx-mi-me-2026-11-03-dtx-rmi-dme,politics,0.0000,1,2026-09-27T10:10:53Z,,,,,,,,10
2026-09-27,vmc-usgubmov-sc-2026-11-03-r10-15,politics,0.0120,1,2026-09-27T10:10:53Z,,,,0.397361,0.125000,5.785,,3
2026-09-27,vtc-usseto-ms-2026-11-03-gt700k,politics,0.0000,0,2026-09-27T10:10:53Z,,,,0.000426,0.166667,0.556,,2
2026-09-27,vtc-usseto-ga-2026-11-03-gt4m,politics,0.0000,0,2026-09-27T10:10:53Z,,,,0.000438,0.142857,0.261,,2
2026-09-27,cpoc-ussec-tx-me-2026-11-03-dsweep,politics,0.0000,1,2026-09-27T10:10:53Z,,,,0.000015,28.125000,1.169,,17
2026-09-27,cpoc-ussegubc-ga-2026-11-03-rsweep,politics,0.0000,1,2026-09-27T10:10:53Z,,,,,,,,6
2026-09-27,vmc-ussemov-ky-2026-11-03-r10-15,politics,0.0141,1,2026-09-27T10:10:53Z,,,,0.471204,0.100000,7.170,,5
2026-09-27,vtc-usgubto-vt-2026-11-03-gt275k,politics,0.0004,1,2026-09-27T10:10:53Z,,,,0.009782,0.166667,5.179,,2
2026-09-27,cpoc-ussegubc-tx-2026-11-03-rsweep,politics,0.0000,0,2026-09-27T10:10:53Z,,,,0.000011,2.500000,0.768,,7
2026-09-27,vtc-usseto-oh-2026-11-03-gt4pt35m,politics,0.0000,0,2026-09-27T10:10:53Z,,,,0.007442,0.111111,0.785,,3
2026-09-27,cpoc-ussec-tx-mi-me-2026-11-03-rtx-rmi-dme,politics,0.0000,1,2026-09-27T10:10:53Z,,,,,,,,13
2026-09-27,vmc-usgubmov-ks-2026-11-03-r9-12,politics,0.0059,1,2026-09-27T10:10:53Z,,,,0.445983,0.100000,3.165,,3
2026-09-27,vmc-usgubmov-ga-2026-11-03-r6-9,politics,0.0001,0,2026-09-27T10:10:53Z,,,,0.034357,0.100000,0.684,,4
2026-09-27,aachc-cfb-wins-2026-11-28-ark-3pt5wins,cfb,0.0000,0,2026-09-27T10:10:53Z,,,,0.000036,6.000000,0.517,,4
2026-09-27,aachc-cfb-wins-2026-11-28-utahst-4pt5wins,cfb,0.0001,0,2026-09-27T10:10:53Z,,,,0.000408,6.000000,0.517,,6
2026-09-27,vmc-ussemov-id-2026-11-03-r15-20,politics,0.0115,1,2026-09-27T10:10:53Z,,,,0.511583,0.111111,4.874,,5
2026-09-27,vmc-usgubmov-tn-2026-11-03-r25-30,politics,0.0000,0,2026-09-27T10:10:53Z,,,,0.001169,0.111111,0.061,,3
2026-09-27,vmc-ussemov-me-2026-11-03-r6-9,politics,0.0002,0,2026-09-27T10:10:53Z,,,,0.028638,0.083333,1.574,,3
2026-09-27,vmc-ussemov-ky-2026-11-03-r25-30,politics,0.0001,0,2026-09-27T10:10:53Z,,,,0.554991,0.100000,0.056,,5
2026-09-27,vtc-usseto-mn-2026-11-03-gt2pt45m,politics,0.0005,0,2026-09-27T10:10:53Z,,,,0.469863,0.125000,0.195,,4
2026-09-27,vmc-ussemov-al-2026-11-03-r25-30,politics,0.0137,1,2026-09-27T11:11:19Z,,,,0.486836,0.111111,6.097,,3
2026-09-27,vtc-usseto-ky-2026-11-03-gt1pt6m,politics,0.0000,0,2026-09-27T11:11:19Z,,,,0.007397,0.142857,0.640,,4
2026-09-27,cpoc-ussegubc-ks-2026-11-03-rsweep,politics,0.0088,0,2026-09-27T11:11:19Z,,,,0.141265,2.500000,0.595,,8
2026-09-27,vmc-usgubmov-sc-2026-11-03-r20-25,politics,0.0097,0,2026-09-27T11:11:19Z,,,,0.468736,0.125000,3.966,,4
2026-09-27,vtc-usseto-ar-2026-11-03-gt825k,politics,0.0000,0,2026-09-27T11:11:19Z,,,,0.000429,0.142857,0.311,,2
2026-09-27,vmc-ussemov-tn-2026-11-03-r25-30,politics,0.0386,1,2026-09-27T11:11:19Z,,,,0.546361,0.100000,16.940,,4
2026-09-27,vmc-ussemov-il-2026-11-03-d25-30,politics,0.0046,0,2026-09-27T11:11:19Z,,,,0.539163,0.111111,1.824,,3
2026-09-27,vmc-ussemov-ar-2026-11-03-r0-10,politics,0.0000,0,2026-09-27T11:11:19Z,,,,0.006351,0.111111,0.345,,3
2026-09-27,vtc-usseto-ak-2026-11-03-gt305k,politics,0.0000,0,2026-09-27T11:11:19Z,,,,0.000277,0.142857,0.395,,3
2026-09-27,vmc-ussemov-id-2026-11-03-rgte40,politics,0.0006,1,2026-09-27T11:11:19Z,,,,0.021034,0.111111,5.763,,6
2026-09-27,usgubewc-usgub-nh-2026-11-03-dem,politics,0.0000,1,2026-09-27T11:11:19Z,,,,,,,,10
2026-09-27,vmc-usgubmov-co-2026-11-03-d15-20,politics,0.0013,0,2026-09-27T11:11:19Z,,,,0.406159,0.111111,0.701,,3
2026-09-27,cpoc-ussec-tx-mi-me-2026-11-03-rtx-dmi-dme,politics,0.0000,0,2026-09-27T11:11:19Z,,,,0.000004,14.062500,1.446,,15
2026-09-27,vtc-usseto-de-2026-11-03-gt350k,politics,0.0000,1,2026-09-27T11:11:19Z,,,,0.000432,0.111111,0.590,,5
2026-09-27,vmc-usgubmov-ct-2026-11-03-d10-15,politics,0.0000,0,2026-09-27T11:11:19Z,,,,0.002455,0.125000,0.345,,4
2026-09-27,ussewc-usse-id-2026-11-03-todach,politics,0.0000,1,2026-09-27T11:11:19Z,,,,,,,,10
2026-09-27,aachc-cfb-wins-2026-11-28-arzst-7pt5wins,cfb,0.0002,0,2026-09-27T11:11:19Z,,,,0.000913,6.000000,0.734,,6
2026-09-27,aachc-cfb-wins-2026-11-28-cah-7pt5wins,cfb,0.0001,0,2026-09-27T11:11:19Z,,,,0.000425,6.000000,0.740,,7
2026-09-27,aachc-cfb-wins-2026-11-28-txtech-11pt5wins,cfb,0.0001,1,2026-09-27T11:11:19Z,,,,0.001223,6.000000,0.467,,5
2026-09-27,aachc-cfb-wins-2026-11-28-kan-6pt5wins,cfb,0.0001,0,2026-09-27T11:11:19Z,,,,0.000608,6.000000,0.662,,6
2026-09-27,aachc-cfb-wins-ou-2026-11-28-txtech,cfb,0.0000,0,2026-09-27T11:11:19Z,,,,0.000477,0.394737,0.245,,5
2026-09-27,aachc-cfb-wins-2026-11-28-lou-8pt5wins,cfb,0.0000,0,2026-09-27T11:11:19Z,,,,0.000098,7.500000,0.545,,7
2026-09-27,vtc-usseto-ky-2026-11-03-gt1pt5m,politics,0.0000,0,2026-09-27T11:11:19Z,,,,0.000429,0.142857,0.300,,2
2026-09-27,vmc-usgubmov-wi-2026-11-03-d3-6,politics,0.0001,0,2026-09-27T11:11:19Z,,,,0.415419,0.100000,0.039,,3
2026-09-27,vmc-ussemov-co-2026-11-03-d25-30,politics,0.0008,0,2026-09-27T11:11:19Z,,,,0.887631,0.111111,0.184,,3
2026-09-27,vmc-ussemov-me-2026-11-03-d0-3,politics,0.0036,0,2026-09-27T11:11:19Z,,,,0.468488,0.083333,2.203,,4
2026-09-27,aachc-cfb-wins-ou-2026-11-28-missr,cfb,0.0000,0,2026-09-27T11:11:19Z,,,,0.000155,0.394737,0.200,,4
2026-09-27,vtc-usseto-ks-2026-11-03-gt900k,politics,0.0000,0,2026-09-27T12:12:03Z,,,,0.000426,0.200000,0.723,,2
2026-09-27,vmc-ussemov-la-2026-11-03-r15-20,politics,0.0000,0,2026-09-27T12:12:03Z,,,,0.001062,0.111111,0.473,,3
2026-09-27,vtc-usseto-wv-2026-11-03-gt500k,politics,0.0000,0,2026-09-27T12:12:03Z,,,,0.001278,0.166667,0.612,,5
2026-09-27,vmc-ussemov-ms-2026-11-03-r10-15,politics,0.0149,1,2026-09-27T12:12:03Z,,,,0.506150,0.125000,5.646,,3
2026-09-27,vmc-usgubmov-fl-2026-11-03-r6-9,politics,0.0072,1,2026-09-27T12:12:03Z,,,,0.337895,0.100000,5.106,,3
2026-09-27,vmc-usgubmov-hi-2026-11-03-dgte45,politics,0.0000,0,2026-09-27T12:12:03Z,,,,0.000471,0.100000,0.406,,3
2026-09-27,vmc-usgubmov-ar-2026-11-03-r15-20,politics,0.0063,0,2026-09-27T12:12:03Z,,,,0.305061,0.111111,4.494,,3
2026-09-27,vmc-usgubmov-ok-2026-11-03-r20-25,politics,0.0046,0,2026-09-27T12:12:03Z,,,,0.268201,0.100000,4.133,,4
2026-09-27,ewc-usgub-ks-2026-11-03-dem,politics,0.0000,1,2026-09-27T12:12:03Z,,,,,,,,10
2026-09-27,vmc-usgubmov-co-2026-11-03-d25-30,politics,0.0117,1,2026-09-27T12:12:03Z,,,,0.478336,0.111111,5.284,,4
2026-09-27,vtc-usseto-tn-2026-11-03-gt1pt8m,politics,0.0000,0,2026-09-27T12:12:03Z,,,,0.000426,0.166667,0.378,,2
2026-09-27,vtc-usgubto-md-2026-11-03-gt1pt7m,politics,0.0073,0,2026-09-27T12:12:03Z,,,,0.712110,0.142857,1.725,,2
2026-09-27,vtc-usseto-va-2026-11-03-gt3pt25m,politics,0.0000,0,2026-09-27T12:12:03Z,,,,0.000426,0.142857,0.400,,2
2026-09-27,cpoc-ussec-tx-me-2026-11-03-dtx-rme,politics,0.0000,1,2026-09-27T12:12:03Z,,,,,,,,11
2026-09-27,vtc-usgubto-wi-2026-11-03-gt3pt2m,politics,0.0183,1,2026-09-27T12:12:03Z,,,,0.396154,0.166667,6.647,,4
2026-09-27,ewc-usse-ne-2026-11-03-danosb,politics,0.0000,0,2026-09-27T12:12:03Z,,,,0.000001,3.333333,0.729,,6
2026-09-27,vtc-usseto-sc-2026-11-03-gt1pt6m,politics,0.0000,0,2026-09-27T12:12:03Z,,,,0.000426,0.200000,0.712,,2
2026-09-27,cmovcuss-usseclose-2026-11-03-ne,politics,0.0000,0,2026-09-27T12:12:03Z,,,,0.000208,0.076923,0.478,,6
2026-09-27,vtc-usgubto-nv-2026-11-03-gt1pt2m,politics,0.0000,0,2026-09-27T12:12:03Z,,,,0.000409,0.142857,0.690,,2
2026-09-27,vmc-usgubmov-ne-2026-11-03-r5-10,politics,0.0015,0,2026-09-27T12:12:03Z,,,,0.375664,0.111111,0.851,,3
2026-09-27,aachc-cfb-wins-2026-11-28-pur-4pt5wins,cfb,0.0001,0,2026-09-27T12:12:03Z,,,,0.001668,6.000000,0.284,,10
2026-09-27,vmc-ussemov-id-2026-11-03-r0-10,politics,0.0000,0,2026-09-27T12:12:03Z,,,,0.001055,0.111111,0.506,,5
2026-09-27,cpoc-ussegubc-mi-2026-11-03-dgov-rsen,politics,0.0000,0,2026-09-27T12:12:03Z,,,,0.000019,2.500000,0.445,,8
2026-09-27,vmc-usgubmov-ma-2026-11-03-d30-35,politics,0.0036,0,2026-09-27T12:12:03Z,,,,0.275520,0.111111,2.842,,4
2026-09-27,vmc-ussemov-me-2026-11-03-d12-15,politics,0.0001,0,2026-09-27T12:12:03Z,,,,0.038586,0.083333,0.790,,3
2026-09-27,vtc-usseto-co-2026-11-03-gt2pt85m,politics,0.0000,0,2026-09-27T12:12:03Z,,,,0.000371,0.142857,0.790,,2
2026-09-27,vmc-usgubmov-wy-2026-11-03-r25-30,politics,0.0000,0,2026-09-27T12:12:03Z,,,,0.001842,0.100000,0.423,,3
2026-09-27,vtc-usseto-id-2026-11-03-gt720k,politics,0.0000,0,2026-09-27T13:12:46Z,,,,0.000347,0.142857,0.340,,3
2026-09-27,vtc-usseto-ms-2026-11-03-gt600k,politics,0.0000,0,2026-09-27T13:12:46Z,,,,0.000426,0.166667,0.645,,2
2026-09-27,vtc-usseto-ga-2026-11-03-gt4pt6m,politics,0.0000,0,2026-09-27T13:12:46Z,,,,0.001681,0.142857,0.339,,2
2026-09-27,vmc-ussemov-mn-2026-11-03-d10-15,politics,0.0000,0,2026-09-27T13:12:46Z,,,,0.000313,0.125000,0.334,,3
2026-09-27,vmc-usgubmov-sc-2026-11-03-r15-20,politics,0.0078,1,2026-09-27T13:12:46Z,,,,0.337518,0.125000,4.444,,3
2026-09-27,vtc-usgubto-ca-2026-11-03-gt13m,politics,0.0000,0,2026-09-27T13:12:46Z,,,,0.031008,0.111111,0.312,,3
2026-09-27,ussewc-usse-ks-2026-11-03-rep,politics,0.0287,1,2026-09-27T13:12:46Z,,,,0.030391,5.000000,4.533,,9
2026-09-27,vmc-usgubmov-al-2026-11-03-r5-10,politics,0.0000,0,2026-09-27T13:12:46Z,,,,0.002659,0.111111,0.284,,3
2026-09-27,vtc-usseto-il-2026-11-03-gt4m,politics,0.0000,0,2026-09-27T13:12:46Z,,,,0.000496,0.142857,0.573,,2
2026-09-27,vtc-usseto-nc-2026-11-03-gt4pt5m,politics,0.0136,1,2026-09-27T13:12:46Z,,,,0.502649,0.142857,4.539,,4
2026-09-27,vtc-usgubto-az-2026-11-03-gt2pt9m,politics,0.0073,1,2026-09-27T13:12:46Z,,,,0.334533,0.111111,4.711,,4
2026-09-27,aachc-cfb-wins-2026-11-28-pitt-9pt5wins,cfb,0.0036,0,2026-09-27T13:12:46Z,,,,0.022078,6.000000,0.657,,5
2026-09-27,aachc-cfb-wins-2026-11-28-duke-7pt5wins,cfb,0.0000,0,2026-09-27T13:12:46Z,,,,0.000024,7.500000,0.606,,4
2026-09-27,aachc-cfb-wins-2026-11-28-ucla-8pt5wins,cfb,0.0320,0,2026-09-27T13:12:46Z,,,,0.090310,6.000000,1.419,,7
2026-09-27,aachc-cfb-wins-2026-11-28-mich-7pt5wins,cfb,0.0008,0,2026-09-27T13:12:46Z,,,,0.010582,6.000000,0.300,,12
2026-09-27,aachc-cfb-wins-2026-11-28-kanst-8pt5wins,cfb,0.0000,0,2026-09-27T13:12:46Z,,,,0.000055,6.000000,0.311,,6
2026-09-27,aachc-cfb-wins-2026-11-28-ark-2pt5wins,cfb,0.0000,0,2026-09-27T13:12:46Z,,,,0.000034,6.000000,0.584,,7
2026-09-27,aachc-cfb-wins-2026-11-28-fl-9pt5wins,cfb,0.0000,0,2026-09-27T13:12:46Z,,,,0.000055,6.000000,0.545,,5
2026-09-27,aachc-cfb-wins-2026-11-28-arzst-6pt5wins,cfb,0.0024,0,2026-09-27T13:12:46Z,,,,0.007500,6.000000,1.274,,6
2026-09-27,aachc-cfb-wins-2026-11-28-txam-6pt5wins,cfb,0.0004,0,2026-09-27T13:12:46Z,,,,0.007106,6.000000,0.223,,6
2026-09-27,vmc-usgubmov-id-2026-11-03-r0-10,politics,0.0001,0,2026-09-27T13:12:46Z,,,,0.027276,0.100000,0.734,,4
2026-09-27,aachc-cfb-wins-2026-11-28-pitt-8pt5wins,cfb,0.0000,0,2026-09-27T13:12:46Z,,,,0.000637,6.000000,0.228,,6
2026-09-27,aachc-cfb-wins-2026-11-28-cah-5pt5wins,cfb,0.0008,0,2026-09-27T13:12:46Z,,,,0.027522,6.000000,0.122,,6
2026-09-27,aachc-cfb-wins-ou-2026-11-28-txam,cfb,0.0001,0,2026-09-27T13:12:46Z,,,,0.165289,0.394737,0.050,,10
2026-09-27,aachc-cfb-wins-2026-11-28-txst-4pt5wins,cfb,0.0001,0,2026-09-27T13:12:46Z,,,,0.008623,6.000000,0.050,,6
2026-09-27,vmc-usgubmov-ct-2026-11-03-d25-30,politics,0.0081,1,2026-09-27T14:13:18Z,,,,0.337224,0.125000,4.595,,3
2026-09-27,vmc-usgubmov-sd-2026-11-03-r15-20,politics,0.0000,0,2026-09-27T14:13:18Z,,,,0.001169,0.100000,0.289,,3
2026-09-27,vmc-ussemov-sc-2026-11-03-dwin,politics,0.0000,0,2026-09-27T14:13:18Z,,,,0.004415,0.125000,0.417,,3
2026-09-27,vmc-ussemov-sd-2026-11-03-r15-20,politics,0.0042,0,2026-09-27T14:13:18Z,,,,0.326163,0.100000,3.121,,4
2026-09-27,vtc-usseto-ak-2026-11-03-gt245k,politics,0.0000,1,2026-09-27T14:13:18Z,,,,0.000444,0.142857,0.601,,3
2026-09-27,vtc-usgubto-ny-2026-11-03-gt5pt5m,politics,0.0076,1,2026-09-27T14:13:18Z,,,,0.277536,0.166667,3.922,,3
2026-09-27,vtc-usseto-nc-2026-11-03-gt4pt3m,politics,0.0000,0,2026-09-27T14:13:18Z,,,,0.008786,0.142857,0.606,,5
2026-09-27,vtc-usseto-ak-2026-11-03-gt290k,politics,0.0000,0,2026-09-27T14:13:18Z,,,,0.007043,0.142857,0.478,,4
2026-09-27,vtc-usgubto-wi-2026-11-03-gt2pt6m,politics,0.0000,0,2026-09-27T14:13:18Z,,,,0.000529,0.166667,0.278,,5
2026-09-27,vmc-usgubmov-tn-2026-11-03-rgte40,politics,0.0001,0,2026-09-27T14:13:18Z,,,,0.019458,0.111111,0.695,,4
2026-09-27,aachc-cfb-wins-2026-11-28-okst-7pt5wins,cfb,0.0001,0,2026-09-27T14:13:18Z,,,,0.001189,6.000000,0.239,,8
2026-09-27,vmc-ussemov-nm-2026-11-03-d10-15,politics,0.0000,0,2026-09-27T14:13:18Z,,,,0.001253,0.111111,0.462,,4
2026-09-27,ewc-usse-me-2026-11-03-rep,politics,0.6359,1,2026-09-27T15:14:50Z,,,,0.025340,112.500000,5.354,,12
2026-09-27,vtc-usgubto-pa-2026-11-03-gt5m,politics,0.0000,0,2026-09-27T15:14:50Z,,,,0.000447,0.166667,0.278,,5
2026-09-27,vtc-usseto-nh-2026-11-03-gt650k,politics,0.0001,0,2026-09-27T15:14:50Z,,,,0.010554,0.142857,0.818,,5
2026-09-27,vmc-ussemov-ia-2026-11-03-r3-6,politics,0.0001,0,2026-09-27T15:14:50Z,,,,0.023530,0.100000,0.745,,4
2026-09-27,vmc-ussemov-mn-2026-11-03-d0-5,politics,0.0001,0,2026-09-27T15:14:50Z,,,,0.015445,0.125000,1.624,,3
2026-09-27,vmc-ussemov-wv-2026-11-03-r35-40,politics,0.0010,0,2026-09-27T15:14:50Z,,,,0.160982,0.100000,1.519,,4
2026-09-27,aachc-cfb-wins-2026-11-28-gtech-5pt5wins,cfb,0.0000,1,2026-09-27T15:14:50Z,,,,,,,,6
2026-09-27,aachc-cfb-wins-2026-11-28-gtech-6pt5wins,cfb,0.0000,0,2026-09-27T15:14:50Z,,,,0.000063,6.000000,0.167,,10
2026-09-27,vmc-usgubmov-sc-2026-11-03-r5-10,politics,0.0001,0,2026-09-27T15:14:50Z,,,,0.962550,0.125000,0.028,,4
2026-09-27,vtc-usseto-ms-2026-11-03-gt800k,politics,0.0000,0,2026-09-27T16:17:50Z,,,,0.000426,0.166667,0.278,,2
2026-09-27,vmc-usgubmov-ca-2026-11-03-d20-25,politics,0.0001,0,2026-09-27T16:17:50Z,,,,0.026272,0.111111,0.768,,4
2026-09-27,vmc-ussemov-me-2026-11-03-d9-12,politics,0.0001,0,2026-09-27T16:17:50Z,,,,0.040305,0.083333,0.795,,4
2026-09-27,ewc-usgub-oh-2026-11-03-dem,politics,0.0086,0,2026-09-27T16:17:50Z,,,,0.008426,112.500000,0.217,,7
2026-09-27,ussewc-usse-de-2026-11-03-dem,politics,0.0004,0,2026-09-27T16:17:50Z,,,,0.034764,5.000000,0.050,,6
2026-09-27,vmc-ussemov-il-2026-11-03-d30-35,politics,0.0001,0,2026-09-27T16:17:50Z,,,,0.355908,0.111111,0.039,,4
2026-09-27,aachc-cfb-wins-2026-11-28-ore-9pt5wins,cfb,0.0000,0,2026-09-27T16:17:50Z,,,,0.000249,7.500000,0.195,,6
2026-09-27,vtc-usseto-sc-2026-11-03-gt1pt4m,politics,0.0000,0,2026-09-27T17:18:23Z,,,,0.000426,0.200000,0.211,,2
2026-09-27,vtc-usseto-ri-2026-11-03-gt350k,politics,0.0000,0,2026-09-27T17:18:23Z,,,,0.000426,0.200000,0.646,,2
2026-09-27,aachc-cfb-wins-2026-11-28-washst-7pt5wins,cfb,0.0000,0,2026-09-27T17:18:23Z,,,,0.000009,6.000000,0.145,,5
2026-09-27,aachc-cfb-wins-ou-2026-11-28-flst,cfb,0.0000,0,2026-09-27T17:18:23Z,,,,0.002226,0.394737,0.273,,6
2026-09-27,vmc-usgubmov-ar-2026-11-03-r10-15,politics,0.0033,0,2026-09-27T18:19:59Z,,,,0.322614,0.111111,2.180,,4
2026-09-27,vtc-usgubto-az-2026-11-03-gt2pt3m,politics,0.0000,0,2026-09-27T18:19:59Z,,,,0.000426,0.111111,0.328,,2
2026-09-27,cpoc-ussec-tx-mi-me-2026-11-03-dtx-dmi-rme,politics,0.0000,1,2026-09-27T18:19:59Z,,,,0.000008,14.062500,0.011,,15
2026-09-27,vtc-usseto-id-2026-11-03-gt640k,politics,0.0000,1,2026-09-27T18:19:59Z,,,,0.000429,0.142857,0.445,,3
2026-09-27,vtc-usseto-nj-2026-11-03-gt3pt6m,politics,0.0000,0,2026-09-27T18:19:59Z,,,,0.000595,0.125000,0.289,,5
2026-09-27,vmc-ussemov-ma-2026-11-03-d45-50,politics,0.0001,0,2026-09-27T18:19:59Z,,,,0.041362,0.100000,0.740,,3
2026-09-27,vmc-ussemov-co-2026-11-03-d5-10,politics,0.0001,0,2026-09-27T18:19:59Z,,,,0.022727,0.111111,0.729,,4
2026-09-27,aachc-cfb-wins-2026-11-28-boise-6pt5wins,cfb,0.0006,0,2026-09-27T18:19:59Z,,,,0.022156,6.000000,0.111,,8
2026-09-27,aachc-cfb-wins-2026-11-28-ga-10pt5wins,cfb,0.0000,0,2026-09-27T18:19:59Z,,,,0.000372,6.000000,0.378,,6
2026-09-27,usgubewc-usgub-tx-2026-11-03-rep,politics,0.0055,0,2026-09-27T18:19:59Z,,,,0.006339,112.500000,0.184,,9
2026-09-27,ewc-usgub-mi-2026-11-03-dem,politics,0.0006,0,2026-09-27T18:19:59Z,,,,0.002224,75.000000,0.084,,6
2026-09-27,vmc-ussemov-tn-2026-11-03-r30-35,politics,0.0004,0,2026-09-27T18:19:59Z,,,,0.606653,0.100000,0.150,,3
2026-09-27,aachc-cfb-wins-2026-11-28-wash-7pt5wins,cfb,0.0000,0,2026-09-27T18:19:59Z,,,,0.001340,6.000000,0.123,,6
2026-09-27,aachc-cfb-wins-2026-11-28-mst-4pt5wins,cfb,0.0001,0,2026-09-27T18:19:59Z,,,,0.002201,6.000000,0.156,,5
2026-09-27,vmc-usgubmov-ne-2026-11-03-r10-15,politics,0.0037,0,2026-09-27T19:21:09Z,,,,0.501580,0.111111,1.580,,4
2026-09-27,vmc-ussemov-nh-2026-11-03-d9-12,politics,0.0023,0,2026-09-27T19:21:09Z,,,,0.313693,0.100000,1.769,,4
2026-09-27,vtc-usgubto-wi-2026-11-03-gt2pt2m,politics,0.0000,1,2026-09-27T19:21:09Z,,,,0.000426,0.166667,0.356,,3
2026-09-27,vtc-usgubto-wi-2026-11-03-gt2pt8m,politics,0.0000,0,2026-09-27T19:21:09Z,,,,0.007849,0.166667,0.323,,5
2026-09-27,vtc-usseto-co-2026-11-03-gt3m,politics,0.0098,0,2026-09-27T19:21:09Z,,,,0.284862,0.142857,5.770,,5
2026-09-27,vtc-usgubto-pa-2026-11-03-gt4m,politics,0.0000,0,2026-09-27T19:21:09Z,,,,0.000426,0.166667,0.217,,2
2026-09-27,vmc-usgubmov-mn-2026-11-03-d15-20,politics,0.0042,1,2026-09-27T19:21:09Z,,,,0.314164,0.125000,2.547,,3
2026-09-27,vmc-ussemov-mn-2026-11-03-d5-10,politics,0.0000,0,2026-09-27T19:21:09Z,,,,0.001167,0.125000,0.836,,4
2026-09-27,vtc-usseto-mt-2026-11-03-gt500k,politics,0.0000,1,2026-09-27T19:21:09Z,,,,0.000413,0.166667,0.411,,4
2026-09-27,aachc-cfb-wins-2026-11-28-byu-9pt5wins,cfb,0.0001,0,2026-09-27T19:21:09Z,,,,0.001008,6.000000,0.217,,6
2026-09-27,aachc-cfb-wins-2026-11-28-ucf-5pt5wins,cfb,0.0000,1,2026-09-27T19:21:09Z,,,,0.000018,6.000000,0.178,,7
2026-09-27,cpoc-ussegubc-me-2026-11-03-rgov-dsen,politics,0.2037,1,2026-09-27T20:22:04Z,,,,0.271852,2.500000,7.194,,9
2026-09-27,vmc-usgubmov-ne-2026-11-03-r15-20,politics,0.0001,0,2026-09-27T20:22:04Z,,,,0.031879,0.111111,0.745,,5
2026-09-27,vmc-usgubmov-vt-2026-11-03-dwin,politics,0.0001,0,2026-09-27T20:22:04Z,,,,0.996144,0.125000,0.022,,5
2026-09-27,vtc-usseto-mn-2026-11-03-gt3pt05m,politics,0.0000,0,2026-09-27T20:22:04Z,,,,0.006960,0.125000,0.239,,2
2026-09-27,scc-senate-gop-2026-11-03-51,politics,0.0006,0,2026-09-27T20:22:04Z,,,,0.151629,17.307692,0.006,,10
2026-09-27,vmc-usgubmov-ia-2026-11-03-d3-6,politics,0.0012,0,2026-09-27T21:25:32Z,,,,0.365035,0.083333,0.968,,4
2026-09-27,vmc-usgubmov-mn-2026-11-03-d0-5,politics,0.0000,0,2026-09-27T21:25:32Z,,,,0.000368,0.125000,0.289,,3
2026-09-27,vmc-usgubmov-md-2026-11-03-d35-40,politics,0.0000,0,2026-09-27T21:25:32Z,,,,0.001240,0.100000,0.278,,3
2026-09-27,vmc-usgubmov-fl-2026-11-03-dgte6,politics,0.0000,0,2026-09-27T21:25:32Z,,,,0.002716,0.100000,0.322,,3
2026-09-27,vtc-usseto-ma-2026-11-03-gt2pt8m,politics,0.0000,0,2026-09-27T21:25:32Z,,,,0.000403,0.142857,0.222,,4
2026-09-27,vtc-usseto-id-2026-11-03-gt560k,politics,0.0007,0,2026-09-27T21:25:32Z,,,,0.331240,0.142857,0.350,,3
2026-09-27,aachc-cfb-wins-2026-11-28-utah-10pt5wins,cfb,0.0001,0,2026-09-27T21:25:32Z,,,,0.001153,6.000000,0.211,,5
2026-09-27,aachc-cfb-wins-2026-11-28-boscol-4pt5wins,cfb,0.0001,0,2026-09-27T21:25:32Z,,,,0.002847,7.500000,0.167,,4
2026-09-27,vmc-ussemov-sd-2026-11-03-r0-10,politics,0.0001,0,2026-09-27T21:25:32Z,,,,0.025394,0.100000,0.696,,6
2026-09-27,usgubewc-usgub-id-2026-11-03-rep,politics,0.0018,0,2026-09-27T21:25:32Z,,,,0.252131,5.000000,0.033,,5
2026-09-27,vtc-usseto-ky-2026-11-03-gt1pt2m,politics,0.0000,0,2026-09-27T21:25:32Z,,,,0.000426,0.142857,0.239,,2
2026-09-27,vmc-usgubmov-nm-2026-11-03-d5-10,politics,0.0000,0,2026-09-27T22:26:30Z,,,,0.001253,0.125000,0.156,,3
2026-09-27,vtc-usgubto-ct-2026-11-03-gt1m,politics,0.0000,0,2026-09-27T22:26:30Z,,,,0.000424,0.142857,0.184,,2
2026-09-27,vtc-usseto-ga-2026-11-03-gt4pt2m,politics,0.0000,0,2026-09-27T22:26:30Z,,,,0.001278,0.142857,0.295,,3
2026-09-27,aachc-cfb-wins-2026-11-28-ill-8pt5wins,cfb,0.0000,0,2026-09-27T22:26:30Z,,,,0.000255,6.000000,0.251,,4
2026-09-27,aachc-cfb-wins-2026-11-28-tenn-7pt5wins,cfb,0.0000,0,2026-09-27T22:26:30Z,,,,0.000123,6.000000,0.173,,5
2026-09-27,ussewc-usse-sd-2026-11-03-briben,politics,0.0000,1,2026-09-27T23:28:32Z,,,,,,,,8
2026-09-27,vmc-usgubmov-ga-2026-11-03-r3-6,politics,0.0024,0,2026-09-27T23:28:32Z,,,,0.348364,0.100000,1.624,,5
2026-09-27,vmc-ussemov-nh-2026-11-03-d3-6,politics,0.0007,0,2026-09-27T23:28:32Z,,,,0.380406,0.100000,0.456,,4
2026-09-27,vmc-usgubmov-pa-2026-11-03-d5-10,politics,0.0000,0,2026-09-27T23:28:32Z,,,,0.002835,0.111111,0.250,,4
2026-09-27,vmc-usgubmov-ri-2026-11-03-d25-30,politics,0.0012,0,2026-09-27T23:28:32Z,,,,0.323840,0.111111,0.790,,5
2026-09-27,vtc-usseto-mi-2026-11-03-gt5pt4m,politics,0.0000,0,2026-09-27T23:28:32Z,,,,0.015748,0.125000,0.200,,2
2026-09-27,vtc-usseto-ar-2026-11-03-gt975k,politics,0.0000,0,2026-09-27T23:28:32Z,,,,0.000408,0.142857,0.239,,3
2026-09-27,vmc-ussemov-me-2026-11-03-d3-6,politics,0.0000,0,2026-09-27T23:28:32Z,,,,0.006959,0.083333,0.367,,4
2026-09-27,aachc-cfb-wins-ou-2026-11-28-mst,cfb,0.0000,0,2026-09-27T23:28:32Z,,,,0.006210,0.394737,0.145,,7
2026-09-27,aachc-cfb-wins-2026-11-28-rutger-3pt5wins,cfb,0.0000,1,2026-09-27T23:28:32Z,,,,,,,,7
2026-09-27,vmc-usgubmov-id-2026-11-03-r25-30,politics,0.0005,0,2026-09-27T23:28:32Z,,,,0.749673,0.100000,0.145,,4
2026-09-27,vmc-ussemov-ms-2026-11-03-r5-10,politics,0.0000,0,2026-09-28T00:31:44Z,,,,0.001253,0.125000,0.534,,4
2026-09-27,vmc-usgubmov-ks-2026-11-03-dgte6,politics,0.0000,0,2026-09-28T00:31:44Z,,,,0.000472,0.100000,0.423,,4
2026-09-27,vmc-usgubmov-il-2026-11-03-d15-20,politics,0.0000,0,2026-09-28T00:31:44Z,,,,0.001278,0.111111,0.434,,4
2026-09-27,vmc-usgubmov-wi-2026-11-03-d0-3,politics,0.0000,0,2026-09-28T00:31:44Z,,,,0.004899,0.100000,0.289,,4
2026-09-27,vmc-usgubmov-ia-2026-11-03-d6-9,politics,0.0004,0,2026-09-28T00:31:44Z,,,,0.173135,0.083333,0.712,,4
2026-09-27,aachc-cfb-wins-2026-11-28-colst-4pt5wins,cfb,0.0001,0,2026-09-28T00:31:44Z,,,,0.001037,7.500000,0.223,,5
2026-09-27,usgubewc-usgub-tn-2026-11-03-rep,politics,0.0012,1,2026-09-28T01:32:19Z,,,,0.328140,5.000000,0.017,,8
2026-09-27,vmc-ussemov-oh-2026-11-03-d3-6,politics,0.0000,0,2026-09-28T01:32:19Z,,,,0.016545,0.083333,0.362,,3
2026-09-27,vmc-ussemov-ne-2026-11-03-i0-5,politics,0.0000,0,2026-09-28T01:32:19Z,,,,0.000402,0.100000,0.373,,3
2026-09-27,vtc-usseto-nc-2026-11-03-gt3pt5m,politics,0.0000,0,2026-09-28T01:32:19Z,,,,0.000426,0.142857,0.295,,2
2026-09-27,vmc-ussemov-id-2026-11-03-r25-30,politics,0.0000,0,2026-09-28T01:32:19Z,,,,0.006575,0.111111,0.273,,3
2026-09-27,vmc-usgubmov-ct-2026-11-03-d5-10,politics,0.0000,0,2026-09-28T01:32:19Z,,,,0.000373,0.125000,0.311,,3
2026-09-27,aachc-cfb-wins-2026-11-28-aubrn-6pt5wins,cfb,0.0000,0,2026-09-28T01:32:19Z,,,,0.000156,6.000000,0.267,,6
2026-09-27,aachc-cfb-wins-2026-11-28-ala-10pt5wins,cfb,0.0001,0,2026-09-28T01:32:19Z,,,,0.001059,6.000000,0.328,,7
2026-09-27,aachc-cfb-wins-2026-11-28-mspst-5pt5wins,cfb,0.0011,0,2026-09-28T01:32:19Z,,,,0.010097,10.000000,0.256,,7
2026-09-27,aachc-cfb-wins-2026-11-28-arz-9pt5wins,cfb,0.0001,0,2026-09-28T01:32:19Z,,,,0.000987,6.000000,0.350,,5
2026-09-27,vmc-ussemov-or-2026-11-03-d15-20,politics,0.0000,0,2026-09-28T01:32:19Z,,,,0.000820,0.111111,0.317,,5
2026-09-27,vtc-usgubto-hi-2026-11-03-gt430k,politics,0.0002,0,2026-09-28T01:32:19Z,,,,0.569860,0.142857,0.050,,6
2026-09-27,vtc-usgubto-nv-2026-11-03-gt975k,politics,0.0000,0,2026-09-28T02:33:19Z,,,,0.000453,0.142857,0.311,,2
2026-09-27,vmc-usgubmov-ma-2026-11-03-d20-25,politics,0.0000,0,2026-09-28T02:33:19Z,,,,0.001355,0.111111,0.323,,4
2026-09-27,vmc-usgubmov-ny-2026-11-03-rwin,politics,0.0000,0,2026-09-28T02:33:19Z,,,,0.000877,0.111111,0.311,,4
2026-09-27,ussewc-usse-la-2026-11-03-dem,politics,0.0000,0,2026-09-28T02:33:19Z,,,,,5.000000,0.022,,6
2026-09-27,vmc-usgubmov-mn-2026-11-03-d10-15,politics,0.0000,0,2026-09-28T02:33:19Z,,,,0.001253,0.125000,0.328,,3
2026-09-27,vtc-usgubto-ca-2026-11-03-gt12m,politics,0.0000,0,2026-09-28T02:33:19Z,,,,0.000330,0.111111,0.389,,5
2026-09-27,aachc-cfb-wins-2026-11-28-frest-6pt5wins,cfb,0.0000,0,2026-09-28T02:33:19Z,,,,0.000035,6.000000,0.206,,4
2026-09-27,aachc-cfb-wins-2026-11-28-sc-5pt5wins,cfb,0.0000,0,2026-09-28T02:33:19Z,,,,0.000042,6.000000,0.200,,6
2026-09-27,aachc-cfb-wins-2026-11-28-nebr-7pt5wins,cfb,0.0000,0,2026-09-28T02:33:19Z,,,,0.000008,6.000000,0.278,,6
2026-09-27,aachc-cfb-wins-2026-11-28-col-4pt5wins,cfb,0.0000,0,2026-09-28T02:33:19Z,,,,0.000136,6.000000,0.239,,5
2026-09-27,aachc-cfb-wins-2026-11-28-cin-7pt5wins,cfb,0.0005,0,2026-09-28T02:33:19Z,,,,0.009078,7.500000,0.167,,5
2026-09-27,usgubewc-usgub-hi-2026-11-03-rep,politics,0.0033,1,2026-09-28T02:33:19Z,,,,0.015895,5.000000,0.996,,7
2026-09-27,aachc-cfb-wins-ou-2026-11-28-usc,cfb,0.0000,0,2026-09-28T02:33:19Z,,,,0.001033,0.394737,0.189,,5
2026-09-27,cpoc-ussegubc-mi-2026-11-03-rsweep,politics,0.0000,1,2026-09-28T03:35:18Z,,,,,,,,7
2026-09-27,vmc-usgubmov-ne-2026-11-03-dwin,politics,0.0000,1,2026-09-28T03:35:18Z,,,,0.001062,0.111111,0.133,,6
2026-09-27,scc-senate-demst-2026-11-03-gte49,politics,0.0053,1,2026-09-28T03:35:18Z,,,,0.416360,5.000000,0.061,,5
2026-09-27,aachc-cfb-wins-2026-11-28-frest-8pt5wins,cfb,0.0000,1,2026-09-28T03:35:18Z,,,,,,,,5
2026-09-27,aachc-cfb-wins-2026-11-28-mia-7pt5wins,cfb,0.0001,1,2026-09-28T03:35:18Z,,,,0.003737,6.000000,0.128,,5
2026-09-27,aachc-cfb-wins-2026-11-28-flst-5pt5wins,cfb,0.0000,1,2026-09-28T03:35:18Z,,,,0.000044,6.000000,0.089,,6
2026-09-27,vtc-usseto-mt-2026-11-03-gt350k,politics,0.0000,0,2026-09-28T03:35:18Z,,,,0.000424,0.166667,0.339,,2
2026-09-27,vmc-usgubmov-pa-2026-11-03-d25-30,politics,0.0003,0,2026-09-28T03:35:18Z,,,,0.557639,0.111111,0.111,,3
2026-09-26,ewc-usgub-wi-2026-11-03-dem,politics,0.0618,1,2026-09-26T04:33:22Z,,,,0.084699,112.500000,0.156,,7
2026-09-26,ewc-usse-ia-2026-11-03-dem,politics,0.0000,1,2026-09-26T04:33:22Z,,,,,,,,8
2026-09-26,usgubewc-usgub-nm-2026-11-03-dem,politics,0.0000,1,2026-09-26T04:33:22Z,,,,,4.999993,9.035,,5
2026-09-26,scc-senate-gop-2026-11-03-48,politics,0.0046,1,2026-09-26T04:33:22Z,,,,0.028693,17.307934,0.223,,9
2026-09-26,ewc-usgub-oh-2026-11-03-rep,politics,0.0382,1,2026-09-26T04:33:22Z,,,,0.034050,112.499064,0.239,,8
2026-09-26,ewc-usse-ak-2026-11-03-dem,politics,0.0000,1,2026-09-26T04:33:22Z,,,,,,,,10
2026-09-26,scc-senate-gop-2026-11-03-52,politics,0.0000,1,2026-09-26T04:33:22Z,,,,,17.316557,0.022,,10
2026-09-26,ussewc-usse-wy-2026-11-03-dem,politics,0.0184,1,2026-09-26T04:33:22Z,,,,0.004729,4.976776,18.542,,4
2026-09-26,ewc-usgub-wi-2026-11-03-rep,politics,0.0000,1,2026-09-26T04:33:22Z,,,,,,,,9
2026-09-26,paccc-balpow-2026-11-03-dsweep,politics,0.0000,1,2026-09-26T04:33:22Z,,,,,140.679285,0.006,,10
2026-09-26,usgubewc-usgub-md-2026-11-03-dem,politics,0.0363,2,2026-09-26T04:33:22Z,,,,0.008572,4.978740,20.255,,4
2026-09-26,usgubewc-usgub-wy-2026-11-03-rep,politics,0.0017,1,2026-09-26T04:33:22Z,,,,0.000737,5.000003,11.255,,4
2026-09-26,ewc-usse-nh-2026-11-03-dem,politics,0.2770,1,2026-09-26T04:33:22Z,,,,0.002663,112.061957,22.117,,7
2026-09-26,ussewc-usse-co-2026-11-03-rep,politics,0.1158,1,2026-09-26T04:33:22Z,,,,0.002651,47.314062,22.001,,3
2026-09-26,usgubewc-usgub-ct-2026-11-03-rep,politics,0.6385,2,2026-09-26T04:33:22Z,,,,0.139986,4.986450,21.857,,8
2026-09-26,scc-senate-gop-2026-11-03-54,politics,0.0008,1,2026-09-26T04:33:22Z,,,,0.000053,17.238571,21.567,,10
2026-09-26,ewc-usgub-ia-2026-11-03-dem,politics,0.0033,1,2026-09-26T04:33:22Z,,,,0.000031,112.067474,22.401,,6
2026-09-26,ussewc-usse-il-2026-11-03-rep,politics,0.0004,1,2026-09-26T04:33:22Z,,,,0.000092,4.977479,19.126,,7
2026-09-26,scc-senate-gop-2026-11-03-49,politics,0.0141,1,2026-09-26T04:33:22Z,,,,0.000901,17.239090,21.728,,10
2026-09-26,ushrewc-ushr-nc-01-2026-11-03-rep,politics,0.1043,1,2026-09-26T04:33:22Z,,,,0.002503,47.305638,21.044,,5
2026-09-26,ushrewc-ushr-ca-45-2026-11-03-dem,politics,0.3267,2,2026-09-26T04:33:22Z,,,,0.007494,47.314063,22.001,,7
2026-09-26,ewc-usgub-nv-2026-11-03-rep,politics,0.0087,1,2026-09-26T04:33:22Z,,,,0.007543,112.501408,0.245,,6
2026-09-26,paccc-balpow-2026-11-03-rsweep,politics,0.0000,1,2026-09-26T04:33:22Z,,,,,,,,9
2026-09-26,ushrewc-ushr-nc-01-2026-11-03-dem,politics,0.0686,1,2026-09-26T04:33:22Z,,,,0.001603,47.309777,21.506,,6
2026-09-26,ewc-usse-mi-2026-11-03-dem,politics,0.6178,1,2026-09-26T04:33:22Z,,,,0.009292,281.250363,5.673,,10
2026-09-26,usgubewc-usgub-tx-2026-11-03-rep,politics,1.2973,0,2026-09-26T04:33:22Z,,,,0.047087,112.499988,5.878,,8
2026-09-26,ushrewc-ushr-ia-01-2026-11-03-dem,politics,0.0025,1,2026-09-26T04:33:22Z,,,,0.000061,47.301542,20.611,,6
2026-09-26,ewc-usgub-az-2026-11-03-rep,politics,0.1556,1,2026-09-26T04:33:22Z,,,,0.001479,112.066415,22.345,,7
2026-09-26,ushrewc-ushr-nj-07-2026-11-03-dem,politics,0.0859,1,2026-09-26T04:33:22Z,,,,0.003249,47.192383,13.299,,7
2026-09-26,usgubewc-usgub-al-2026-11-03-rep,politics,0.0000,2,2026-09-26T04:33:22Z,,,,0.000006,4.999962,0.278,,6
2026-09-26,cpoc-ussegubc-me-2026-11-03-dgov-rsen,politics,0.0018,1,2026-09-26T04:33:22Z,,,,0.001368,2.482532,12.331,,6
2026-09-26,ussewc-usse-nm-2026-11-03-rep,politics,0.0093,1,2026-09-26T04:33:22Z,,,,0.002381,4.976960,18.687,,5
2026-09-26,ushrewc-ushr-tx-15-2026-11-03-dem,politics,0.0517,1,2026-09-26T04:33:22Z,,,,0.001665,47.238007,15.611,,9
2026-09-26,usgubewc-usgub-ct-2026-11-03-dem,politics,0.0192,1,2026-09-26T04:33:22Z,,,,0.004237,4.980087,21.622,,5
2026-09-26,scc-hrep-rep-2026-11-03-gte230,politics,13.1609,1,2026-09-26T04:33:22Z,,,,0.752577,18.677609,22.306,,8
2026-09-26,usgubewc-usgub-sc-2026-11-03-rep,politics,0.0602,2,2026-09-26T04:33:22Z,,,,0.013194,4.993866,21.891,,5
2026-09-26,usgubewc-usgub-ne-2026-11-03-rep,politics,0.0127,6,2026-09-26T04:33:22Z,,,,0.002914,4.979343,20.844,,6
2026-09-26,scc-hrep-rep-2026-11-03-gte225,politics,0.3280,1,2026-09-26T04:33:22Z,,,,0.026695,18.646790,15.650,,8
2026-09-26,ussewc-usse-al-2026-11-03-rep,politics,0.2776,1,2026-09-26T04:33:22Z,,,,0.126669,4.958446,10.362,,5
2026-09-26,usgubewc-usgub-ak-2026-11-03-berwil,politics,0.3079,1,2026-09-26T04:33:22Z,,,,0.010227,32.019402,22.418,,6
2026-09-26,vtc-usgubto-ny-2026-11-03-gt5m,politics,0.0235,1,2026-09-26T04:33:22Z,,,,0.289653,0.165424,11.558,,4
2026-09-26,ushrewc-ushr-tx-34-2026-11-03-rep,politics,0.0000,1,2026-09-26T04:33:22Z,,,,,,,,12
2026-09-26,vtc-usseto-nm-2026-11-03-gt550k,politics,0.0014,1,2026-09-26T04:33:22Z,,,,0.015779,0.142050,15.233,,2
2026-09-26,scc-senate-gop-2026-11-03-50,politics,0.0351,1,2026-09-26T04:33:22Z,,,,0.065306,17.307865,0.745,,13
2026-09-26,cpoc-ussec-tx-mi-me-2026-11-03-dsweep,politics,1.4875,3,2026-09-26T04:33:22Z,,,,0.117025,14.006552,21.639,,11
2026-09-26,usgubewc-usgub-fl-2026-11-03-rep,politics,0.0913,1,2026-09-26T04:33:22Z,,,,0.002459,47.280747,18.658,,10
2026-09-26,ussewc-usse-al-2026-11-03-dem,politics,0.7505,1,2026-09-26T04:33:22Z,,,,0.191641,4.976983,18.714,,7
2026-09-26,ushrewc-ushr-tx-34-2026-11-03-dem,politics,0.0979,1,2026-09-26T04:33:22Z,,,,0.018780,112.500193,1.112,,9
2026-09-26,vtc-usseto-tx-2026-11-03-gt9pt6m,politics,0.0059,2,2026-09-26T04:33:22Z,,,,0.077871,0.110491,15.444,,4
2026-09-26,cpoc-ussegubc-ia-2026-11-03-rsweep,politics,0.5118,3,2026-09-26T04:33:22Z,,,,0.313000,2.499996,15.698,,7
2026-09-26,cpoc-ussegubc-tx-2026-11-03-dsweep,politics,0.0367,1,2026-09-26T04:33:22Z,,,,0.024001,2.499999,14.680,,9
2026-09-26,scc-hrep-rep-2026-11-03-gte180,politics,1.5150,1,2026-09-26T04:33:22Z,,,,0.086884,18.677446,22.256,,8
2026-09-26,vtc-usgubto-pa-2026-11-03-gt6pt5m,politics,0.0168,1,2026-09-26T04:33:22Z,,,,0.180739,0.165593,13.365,,2
2026-09-26,vmc-ussemov-nj-2026-11-03-d15-20,politics,0.0049,1,2026-09-26T04:33:22Z,,,,0.117750,0.111111,9.120,,3
2026-09-26,vtc-usseto-nj-2026-11-03-gt2pt4m,politics,0.0059,1,2026-09-26T04:33:22Z,,,,0.077275,0.124272,14.782,,3
2026-09-26,vmc-ussemov-nj-2026-11-03-d20-25,politics,0.0063,1,2026-09-26T04:33:22Z,,,,0.146860,0.111111,9.437,,3
2026-09-26,ussewc-usse-fl-2026-11-03-rep,politics,0.0005,0,2026-09-26T04:33:22Z,,,,0.001289,4.999986,1.852,,9
2026-09-26,vmc-ussemov-wy-2026-11-03-r40-45,politics,0.0146,1,2026-09-26T04:33:22Z,,,,0.317141,0.099756,10.993,,5
2026-09-26,scc-senate-demst-2026-11-03-gte49,politics,0.0403,0,2026-09-26T04:33:22Z,,,,0.111087,4.999961,1.741,,5
2026-09-26,vtc-usseto-la-2026-11-03-gt1pt4m,politics,0.0101,1,2026-09-26T04:33:22Z,,,,0.111704,0.142044,15.133,,4
2026-09-26,vmc-usgubmov-hi-2026-11-03-d25-30,politics,0.0000,1,2026-09-26T04:33:22Z,,,,0.001434,0.099702,9.024,,4
2026-09-26,vtc-usseto-ak-2026-11-03-gt275k,politics,0.0140,1,2026-09-26T04:33:22Z,,,,0.158250,0.142032,14.921,,4
2026-09-26,usgubewc-usgub-id-2026-11-03-rep,politics,0.3026,0,2026-09-26T04:33:22Z,,,,0.152491,4.999995,9.525,,5
2026-09-26,vtc-usseto-mi-2026-11-03-gt4pt6m,politics,0.0074,1,2026-09-26T04:33:22Z,,,,0.092318,0.124308,15.561,,2
2026-09-26,vmc-ussemov-mn-2026-11-03-rgte5,politics,0.0174,1,2026-09-26T04:33:22Z,,,,0.366379,0.125000,9.109,,4
2026-09-26,usgubewc-usgub-sc-2026-11-03-dem,politics,0.0045,1,2026-09-26T04:33:22Z,,,,0.001013,4.979882,21.406,,6
2026-09-26,ushrewc-ushr-ia-01-2026-11-03-rep,politics,0.2506,1,2026-09-26T04:33:22Z,,,,0.006340,47.294429,19.904,,7
2026-09-26,cpoc-ussegubc-ga-2026-11-03-rgov-dsen,politics,0.0197,2,2026-09-26T04:33:22Z,,,,0.017252,2.500001,10.943,,7
2026-09-26,cpoc-ussegubc-ks-2026-11-03-rgov-dsen,politics,0.0033,1,2026-09-26T04:33:22Z,,,,0.003441,2.500002,9.213,,6
2026-09-26,vmc-ussemov-wy-2026-11-03-rgte50,politics,0.0131,1,2026-09-26T04:33:22Z,,,,0.306615,0.100000,10.254,,4
2026-09-26,ewc-usse-mn-2026-11-03-dem,politics,0.0000,1,2026-09-26T04:33:22Z,,,,,,,,7
2026-09-26,ushrewc-ushr-wa-03-2026-11-03-rep,politics,0.0263,1,2026-09-26T04:33:22Z,,,,0.001487,47.499958,8.919,,5
2026-09-26,cpoc-ussec-tx-me-2026-11-03-dsweep,politics,0.6182,0,2026-09-26T04:33:22Z,,,,0.055577,28.124960,9.492,,11
2026-09-26,cpoc-ussec-tx-me-2026-11-03-rtx-dme,politics,2.3356,1,2026-09-26T04:33:22Z,,,,0.142014,27.950622,13.888,,11
2026-09-26,scc-hrep-demst-2026-11-03-gte235,politics,0.3228,2,2026-09-26T04:33:22Z,,,,0.105224,4.970454,14.576,,6
2026-09-26,usgubewc-usgub-id-2026-11-03-dem,politics,0.0021,1,2026-09-26T04:33:22Z,,,,0.000627,5.000004,16.854,,8
2026-09-26,usgubewc-usgub-me-2026-11-03-rep,politics,0.0232,1,2026-09-26T04:33:22Z,,,,0.005279,4.979565,21.072,,8
2026-09-26,usgubewc-usgub-sd-2026-11-03-dem,politics,0.0423,1,2026-09-26T04:33:22Z,,,,0.010013,4.985349,20.222,,7
2026-09-26,ushrewc-ushr-pa-01-2026-11-03-rep,politics,0.0066,1,2026-09-26T04:33:22Z,,,,0.000156,47.308245,21.333,,6
2026-09-26,vtc-usgubto-nv-2026-11-03-gt1pt05m,politics,0.0064,1,2026-09-26T04:33:22Z,,,,0.099222,0.142075,10.819,,4
2026-09-26,vtc-usgubto-vt-2026-11-03-gt325k,politics,0.0001,1,2026-09-26T04:33:22Z,,,,0.000913,0.165645,14.043,,3
2026-09-26,vmc-ushrmov-ca-47-2026-11-03-rwin,politics,0.0304,1,2026-09-26T04:33:22Z,,,,0.797955,0.125000,7.312,,5
2026-09-26,usgubewc-usgub-ne-2026-11-03-dem,politics,0.9046,1,2026-09-26T04:33:22Z,,,,0.196527,4.980457,22.028,,8
2026-09-26,vtc-usseto-ri-2026-11-03-gt400k,politics,0.0085,2,2026-09-26T04:33:22Z,,,,0.063927,0.198910,15.806,,5
2026-09-26,cpoc-ussegubc-me-2026-11-03-dsweep,politics,0.0144,1,2026-09-26T04:33:22Z,,,,0.012197,2.500000,11.255,,7
2026-09-26,vmc-usgubmov-mn-2026-11-03-d10-15,politics,0.0097,0,2026-09-26T04:33:22Z,,,,0.422493,0.125000,4.382,,3
2026-09-26,vtc-usgubto-hi-2026-11-03-gt490k,politics,0.0003,2,2026-09-26T04:33:22Z,,,,0.004281,0.142116,11.436,,6
2026-09-26,vtc-usseto-wy-2026-11-03-gt250k,politics,0.0021,1,2026-09-26T04:33:22Z,,,,0.017897,0.166096,17.302,,7
2026-09-26,vtc-usseto-tx-2026-11-03-gt10pt8m,politics,0.0049,0,2026-09-26T04:33:22Z,,,,0.856955,0.111112,1.235,,3
2026-09-26,vtc-usseto-tx-2026-11-03-gt10m,politics,0.0194,0,2026-09-26T04:33:22Z,,,,0.487356,0.111111,8.580,,3
2026-09-26,ewc-usse-me-2026-11-03-rep,politics,0.6054,0,2026-09-26T04:33:22Z,,,,0.006343,112.023099,20.316,,11
2026-09-26,vmc-usgubmov-il-2026-11-03-d10-15,politics,0.0019,1,2026-09-26T04:33:22Z,,,,0.066584,0.110629,6.194,,6
2026-09-26,vtc-usseto-de-2026-11-03-gt325k,politics,0.0000,1,2026-09-26T04:33:22Z,,,,0.000468,0.110480,15.177,,2
2026-09-26,ushrewc-ushr-tx-15-2026-11-03-rep,politics,0.0943,1,2026-09-26T04:33:22Z,,,,0.002211,47.309385,21.466,,12
2026-09-26,scc-hrep-rep-2026-11-03-gte185,politics,2.8836,1,2026-09-26T04:33:22Z,,,,0.165641,18.677302,22.212,,4
2026-09-26,scc-hrep-rep-2026-11-03-gte195,politics,2.8650,1,2026-09-26T04:33:22Z,,,,0.162806,18.678112,22.462,,7
2026-09-26,cpoc-ussegubc-nh-2026-11-03-dsweep,politics,0.0135,1,2026-09-26T04:33:22Z,,,,0.013304,2.500001,9.703,,10
2026-09-26,vtc-usgubto-vt-2026-11-03-gt300k,politics,0.0288,1,2026-09-26T04:33:22Z,,,,0.273511,0.165717,15.116,,8
2026-09-26,ussewc-usse-ky-2026-11-03-rep,politics,0.0179,1,2026-09-26T04:33:22Z,,,,0.004362,4.978049,19.615,,6
2026-09-26,vtc-usseto-mi-2026-11-03-gt5pt6m,politics,0.0014,1,2026-09-26T04:33:22Z,,,,0.017166,0.124308,15.572,,6
2026-09-26,vmc-ussemov-or-2026-11-03-d10-15,politics,0.0010,0,2026-09-26T04:33:22Z,,,,0.097157,0.111111,2.180,,4
2026-09-26,vtc-usgubto-hi-2026-11-03-gt460k,politics,0.0199,1,2026-09-26T04:33:22Z,,,,0.323035,0.142037,10.324,,3
2026-09-26,scc-hrep-rep-2026-11-03-gte200,politics,5.5999,2,2026-09-26T04:33:22Z,,,,0.317732,18.678271,22.512,,5
2026-09-26,cpoc-ussegubc-ks-2026-11-03-dgov-rsen,politics,0.1618,1,2026-09-26T04:33:22Z,,,,0.140522,2.480502,11.046,,8
2026-09-26,vtc-usseto-il-2026-11-03-gt3pt25m,politics,0.0000,0,2026-09-26T04:33:22Z,,,,0.000005,0.142863,0.284,,
2026-09-26,vmc-usgubmov-wy-2026-11-03-r20-25,politics,0.0000,0,2026-09-26T04:33:22Z,,,,0.000003,0.099989,0.089,,3
2026-09-26,vtc-usseto-de-2026-11-03-gt475k,politics,0.0055,2,2026-09-26T04:33:22Z,,,,0.079289,0.110478,15.121,,3
2026-09-26,cpoc-ussegubc-oh-2026-11-03-dgov-rsen,politics,0.0621,1,2026-09-26T04:33:22Z,,,,0.057898,2.493430,10.225,,6
2026-09-26,vtc-usseto-nh-2026-11-03-gt700k,politics,0.0000,0,2026-09-26T04:33:22Z,,,,0.005980,0.142859,0.957,,3
2026-09-26,vmc-usgubmov-il-2026-11-03-d25-30,politics,0.0024,1,2026-09-26T04:33:22Z,,,,0.146120,0.111112,3.698,,3
2026-09-26,vmc-usgubmov-il-2026-11-03-d5-10,politics,0.0000,0,2026-09-26T04:33:22Z,,,,0.000001,0.111123,0.111,,3
2026-09-26,usgubewc-usgub-sd-2026-11-03-rep,politics,0.0230,1,2026-09-26T04:33:22Z,,,,0.005085,4.980192,21.745,,8
2026-09-26,vtc-usseto-wy-2026-11-03-gt230k,politics,0.0002,1,2026-09-26T04:33:22Z,,,,0.002189,0.165726,15.260,,7
2026-09-26,vtc-usseto-la-2026-11-03-gt1pt1m,politics,0.0269,1,2026-09-26T04:33:22Z,,,,0.296463,0.142041,15.077,,5
2026-09-26,cpoc-ussegubc-mn-2026-11-03-rgov-dsen,politics,0.2752,1,2026-09-26T04:33:22Z,,,,0.284900,2.492727,9.241,,8
2026-09-26,vmc-usgubmov-ga-2026-11-03-r0-3,politics,0.0170,1,2026-09-26T04:33:22Z,,,,0.677036,0.100000,6.028,,6
2026-09-26,vmc-ussemov-ky-2026-11-03-dwin,politics,0.0031,1,2026-09-26T04:33:22Z,,,,0.101787,0.100000,7.418,,5
2026-09-26,vtc-usseto-ar-2026-11-03-gt975k,politics,0.0000,0,2026-09-26T04:33:22Z,,,,0.000406,0.133617,0.916,,3
2026-09-26,vtc-usseto-ar-2026-11-03-gt900k,politics,0.0526,3,2026-09-26T04:33:22Z,,,,0.558315,0.142076,15.744,,5
2026-09-26,paccc-usho-midterms-2026-11-03-rep,politics,0.7846,1,2026-09-26T04:33:22Z,,,,0.005031,280.681767,13.310,,21
2026-09-26,usgubewc-usgub-me-2026-11-03-dem,politics,0.1254,1,2026-09-26T04:33:22Z,,,,0.027258,4.980465,22.039,,6
2026-09-26,vtc-usseto-or-2026-11-03-gt2pt2m,politics,0.0032,0,2026-09-26T04:33:22Z,,,,0.847836,0.125000,0.723,,
2026-09-26,vtc-usseto-ne-2026-11-03-gt700k,politics,0.0255,1,2026-09-26T04:33:22Z,,,,0.647975,0.166666,5.656,,3
2026-09-26,scc-hrep-rep-2026-11-03-gte235,politics,0.0148,1,2026-09-26T04:33:22Z,,,,0.000891,18.674017,21.250,,7
2026-09-26,scc-hrep-rep-2026-11-03-gte220,politics,0.0204,1,2026-09-26T04:33:22Z,,,,0.204271,18.751814,0.128,,7
2026-09-26,vmc-usgubmov-nm-2026-11-03-d0-5,politics,0.0000,0,2026-09-26T04:33:22Z,,,,0.002164,0.125009,0.156,,3
2026-09-26,vmc-usgubmov-nm-2026-11-03-r0-5,politics,0.0000,0,2026-09-26T04:33:22Z,,,,0.000001,0.125002,0.183,,3
2026-09-26,vmc-usgubmov-nh-2026-11-03-rgte18,politics,0.0000,0,2026-09-26T04:33:22Z,,,,0.024260,0.099997,0.222,,3
2026-09-26,vtc-usseto-ks-2026-11-03-gt1m,politics,0.0123,1,2026-09-26T04:33:22Z,,,,0.093227,0.198915,15.878,,4
2026-09-26,vmc-usgubmov-nm-2026-11-03-d10-15,politics,0.0002,0,2026-09-26T04:33:22Z,,,,0.089868,0.125003,0.501,,4
2026-09-26,vtc-usseto-ak-2026-11-03-gt290k,politics,0.0058,0,2026-09-26T04:33:22Z,,,,0.226213,0.142858,4.287,,5
2026-09-26,ushrewc-ushr-ny-17-2026-11-03-dem,politics,1.1098,1,2026-09-26T04:33:22Z,,,,0.025008,47.316968,22.351,,7
2026-09-26,cpoc-ussegubc-oh-2026-11-03-rsweep,politics,0.0350,0,2026-09-26T04:33:22Z,,,,0.063028,2.499996,5.315,,7
2026-09-26,vmc-ussemov-wy-2026-11-03-r30-35,politics,0.0085,1,2026-09-26T04:33:22Z,,,,0.439139,0.100000,4.638,,3
2026-09-26,vtc-usgubto-md-2026-11-03-gt2m,politics,0.0175,2,2026-09-26T04:33:22Z,,,,0.263572,0.141754,11.152,,5
2026-09-26,vtc-usgubto-az-2026-11-03-gt2pt15m,politics,0.0019,0,2026-09-26T04:33:22Z,,,,0.383161,0.111111,1.045,,2
2026-09-26,vmc-ussemov-wy-2026-11-03-r45-50,politics,0.0000,0,2026-09-26T04:33:22Z,,,,0.000229,0.100006,0.200,,4
2026-09-26,ussewc-usse-id-2026-11-03-todach,politics,0.0000,1,2026-09-26T04:33:22Z,,,,,,,,11
2026-09-26,vtc-usseto-tx-2026-11-03-gt9pt2m,politics,0.0285,1,2026-09-26T04:33:22Z,,,,0.385033,0.110510,15.911,,4
2026-09-26,vtc-usseto-va-2026-11-03-gt3pt5m,politics,0.0133,0,2026-09-26T04:33:22Z,,,,0.487327,0.142857,4.571,,3
2026-09-26,vtc-usgubto-az-2026-11-03-gt2pt3m,politics,0.0022,0,2026-09-26T04:33:22Z,,,,0.576044,0.111110,0.840,,2
2026-09-26,vtc-usseto-oh-2026-11-03-gt4pt2m,politics,0.0000,0,2026-09-26T04:33:22Z,,,,0.000104,0.111113,0.506,,
2026-09-26,usgubewc-usgub-ri-2026-11-03-dem,politics,0.7723,1,2026-09-26T04:33:22Z,,,,0.344792,3.315443,16.045,,6
2026-09-26,cpoc-ussegubc-ga-2026-11-03-dsweep,politics,0.0000,0,2026-09-26T04:33:22Z,,,,0.000010,2.500034,0.450,,8
2026-09-26,vtc-usseto-sc-2026-11-03-gt1pt8m,politics,0.0344,0,2026-09-26T04:33:22Z,,,,0.552900,0.197658,7.354,,2
2026-09-26,vtc-usseto-nc-2026-11-03-gt3pt9m,politics,0.0223,1,2026-09-26T04:33:22Z,,,,0.236425,0.142078,15.794,,4
2026-09-26,vtc-usseto-nh-2026-11-03-gt750k,politics,0.0036,0,2026-09-26T04:33:22Z,,,,0.844754,0.142856,0.717,,3
2026-09-26,paccc-usse-midterms-2026-11-03-dem,politics,0.7960,0,2026-09-26T04:33:22Z,,,,0.004565,279.619425,14.855,,17
2026-09-26,scc-hrep-rep-2026-11-03-gte205,politics,0.6400,1,2026-09-26T04:33:22Z,,,,0.036683,18.677358,22.223,,7
2026-09-26,vmc-usgubmov-me-2026-11-03-d10-15,politics,0.0092,0,2026-09-26T04:33:22Z,,,,0.775601,0.111111,2.575,,3
2026-09-26,ushrewc-ushr-va-02-2026-11-03-rep,politics,0.0075,1,2026-09-26T04:33:22Z,,,,0.000372,47.500012,10.237,,5
2026-09-26,vtc-usseto-il-2026-11-03-gt4pt5m,politics,0.0458,1,2026-09-26T04:33:22Z,,,,0.491650,0.142066,15.561,,5
2026-09-26,vtc-usseto-al-2026-11-03-gt1pt5m,politics,0.0071,0,2026-09-26T04:33:22Z,,,,0.171899,0.142857,6.923,,5
2026-09-26,vtc-usgubto-ca-2026-11-03-gt14m,politics,0.0031,0,2026-09-26T04:33:22Z,,,,0.427408,0.111111,1.557,,4
2026-09-26,vtc-usseto-fl-2026-11-03-gt8pt25m,politics,0.0349,1,2026-09-26T04:33:22Z,,,,0.499468,0.110473,14.994,,4
2026-09-26,vtc-usseto-wv-2026-11-03-gt450k,politics,0.0154,1,2026-09-26T04:33:22Z,,,,0.507931,0.166666,4.366,,3
2026-09-26,paccc-usse-midterms-2026-11-03-rep,politics,1.3205,0,2026-09-26T04:33:22Z,,,,0.020007,281.250709,5.632,,12
2026-09-26,scc-hrep-rep-2026-11-03-gte210,politics,3.3950,1,2026-09-26T04:33:22Z,,,,0.201800,18.674649,21.428,,5
2026-09-26,scc-senate-gop-2026-11-03-lte45,politics,0.2614,0,2026-09-26T04:33:22Z,,,,0.042110,17.307686,8.608,,10
2026-09-26,ushrewc-ushr-ca-47-2026-11-03-dem,politics,0.0421,1,2026-09-26T04:33:22Z,,,,0.096662,1.249999,8.363,,5
2026-09-26,usgubewc-usgub-nm-2026-11-03-rep,politics,0.0016,0,2026-09-26T04:33:22Z,,,,0.067730,5.000231,0.117,,
2026-09-26,vtc-usseto-tx-2026-11-03-gt10pt4m,politics,0.0002,0,2026-09-26T04:33:22Z,,,,0.098252,0.111112,0.495,,3
2026-09-26,vtc-usseto-wy-2026-11-03-gt190k,politics,0.0002,0,2026-09-26T04:33:22Z,,,,0.097494,0.166669,0.278,,5
2026-09-26,scc-hrep-rep-2026-11-03-gte215,politics,0.7731,0,2026-09-26T04:33:22Z,,,,0.282449,18.749954,3.503,,8
2026-09-26,vmc-usgubmov-id-2026-11-03-r20-25,politics,0.0000,0,2026-09-26T04:33:22Z,,,,0.028171,0.100003,0.334,,3
2026-09-26,vmc-usgubmov-pa-2026-11-03-d20-25,politics,0.0000,0,2026-09-26T04:33:22Z,,,,0.000903,0.111113,0.339,,4
2026-09-26,vmc-ussemov-ne-2026-11-03-r0-5,politics,0.0000,0,2026-09-26T04:33:22Z,,,,0.000425,0.100035,0.006,,3
2026-09-26,vmc-ussemov-me-2026-11-03-d3-6,politics,0.0000,0,2026-09-26T05:35:14Z,,,,0.000538,0.083332,0.351,,4
2026-09-26,vtc-usgubto-ct-2026-11-03-gt1pt4m,politics,0.0296,1,2026-09-26T05:35:14Z,,,,0.488683,0.142857,10.193,,3
2026-09-26,vmc-usgubmov-md-2026-11-03-d10-20,politics,0.0018,0,2026-09-26T05:35:14Z,,,,0.444274,0.100001,0.990,,3
2026-09-26,vtc-usseto-ma-2026-11-03-gt2pt5m,politics,0.0048,0,2026-09-26T05:35:14Z,,,,0.563264,0.142856,1.418,,3
2026-09-26,vtc-usseto-id-2026-11-03-gt680k,politics,0.0158,1,2026-09-26T05:35:14Z,,,,0.173371,0.142045,15.155,,5
2026-09-26,vmc-ussemov-tn-2026-11-03-r20-25,politics,0.0000,0,2026-09-26T05:35:14Z,,,,0.001278,0.100002,0.289,,3
2026-09-26,vtc-usseto-fl-2026-11-03-gt8m,politics,0.0681,1,2026-09-26T05:35:14Z,,,,0.990473,0.110462,14.743,,3
2026-09-26,vtc-usseto-ne-2026-11-03-gt800k,politics,0.0001,0,2026-09-26T05:35:14Z,,,,0.008868,0.166667,1.090,,3
2026-09-26,ewc-usse-me-2026-11-03-dem,politics,0.0971,1,2026-09-26T05:35:14Z,,,,0.007759,112.500552,2.669,,9
2026-09-26,vtc-usseto-ok-2026-11-03-gt1pt4m,politics,0.0024,0,2026-09-26T05:35:14Z,,,,0.426606,0.166665,0.801,,3
2026-09-26,ewc-usse-tx-2026-11-03-rep,politics,0.0173,0,2026-09-26T05:35:14Z,,,,0.003096,281.250467,0.478,,10
2026-09-26,ewc-usse-tx-2026-11-03-dem,politics,0.0716,0,2026-09-26T05:35:14Z,,,,0.000654,281.250471,9.341,,8
2026-09-26,vtc-usgubto-az-2026-11-03-gt2pt75m,politics,0.0001,0,2026-09-26T05:35:14Z,,,,0.153807,0.111118,0.150,,2
2026-09-26,usgubewc-usgub-vt-2026-11-03-dem,politics,0.0000,0,2026-09-26T05:35:14Z,,,,0.000005,5.001463,0.011,,7
2026-09-26,vtc-usseto-ak-2026-11-03-gt245k,politics,0.0005,0,2026-09-26T05:35:14Z,,,,0.817973,0.142839,0.106,,3
2026-09-26,vmc-ussemov-mn-2026-11-03-d10-15,politics,0.0000,0,2026-09-26T06:41:39Z,,,,0.000313,0.125002,0.806,,3
2026-09-26,cpoc-ussegubc-me-2026-11-03-rsweep,politics,0.2334,1,2026-09-26T06:41:39Z,,,,0.260513,2.499993,8.602,,8
2026-09-26,vmc-usgubmov-co-2026-11-03-d15-20,politics,0.0003,0,2026-09-26T06:41:39Z,,,,0.130652,0.111111,0.450,,4
2026-09-26,vmc-ussemov-sc-2026-11-03-r0-5,politics,0.0000,0,2026-09-26T06:41:39Z,,,,0.006561,0.125002,0.378,,3
2026-09-26,vtc-usseto-or-2026-11-03-gt2pt1m,politics,0.0103,0,2026-09-26T06:41:39Z,,,,0.377657,0.125000,5.238,,3
2026-09-26,vmc-ussemov-sc-2026-11-03-r10-15,politics,0.0000,0,2026-09-26T06:41:39Z,,,,0.001286,0.125002,0.378,,4
2026-09-26,vtc-usgubto-ny-2026-11-03-gt6pt5m,politics,0.0191,1,2026-09-26T06:41:39Z,,,,0.225495,0.165489,12.191,,3
2026-09-26,vtc-usseto-ga-2026-11-03-gt4pt6m,politics,0.0034,0,2026-09-26T06:41:39Z,,,,0.436195,0.142858,1.323,,3
2026-09-26,vmc-usgubmov-nh-2026-11-03-r9-12,politics,0.0062,1,2026-09-26T06:41:39Z,,,,0.393815,0.100000,3.798,,4
2026-09-26,vmc-ussemov-ks-2026-11-03-d0-5,politics,0.0000,0,2026-09-26T06:41:39Z,,,,0.000370,0.111107,0.645,,3
2026-09-26,vtc-usseto-ne-2026-11-03-gt750k,politics,0.0306,1,2026-09-26T06:41:39Z,,,,0.635871,0.166667,6.935,,4
2026-09-26,vmc-usgubmov-ga-2026-11-03-d3-6,politics,0.0000,0,2026-09-26T06:41:39Z,,,,0.006561,0.099998,0.384,,4
2026-09-26,vmc-usgubmov-ga-2026-11-03-d0-3,politics,0.0000,0,2026-09-26T06:41:39Z,,,,0.004113,0.100000,0.784,,3
2026-09-26,vmc-ussemov-nh-2026-11-03-d6-9,politics,0.0000,0,2026-09-26T06:41:39Z,,,,0.000402,0.099999,0.289,,5
2026-09-26,usgubewc-usgub-co-2026-11-03-dem,politics,0.4128,0,2026-09-26T06:41:39Z,,,,0.163330,4.964497,12.130,,6
2026-09-26,vmc-ussemov-ks-2026-11-03-r5-10,politics,0.0000,0,2026-09-26T06:41:39Z,,,,0.000412,0.111114,0.612,,3
2026-09-26,cpoc-ussegubc-oh-2026-11-03-rgov-dsen,politics,0.0168,2,2026-09-26T06:41:39Z,,,,0.014232,2.494085,11.353,,10
2026-09-26,vmc-ussemov-co-2026-11-03-d25-30,politics,0.0006,0,2026-09-26T06:41:39Z,,,,0.780982,0.111119,0.167,,
2026-09-26,usgubewc-usgub-ak-2026-11-03-jonkre,politics,0.6013,0,2026-09-26T06:41:39Z,,,,0.071141,32.142827,6.311,,9
2026-09-26,usgubewc-usgub-tn-2026-11-03-rep,politics,0.0144,0,2026-09-26T07:42:18Z,,,,0.068109,5.000046,1.017,,6
2026-09-26,ussewc-usse-sd-2026-11-03-rep,politics,0.3576,1,2026-09-26T07:42:18Z,,,,0.155382,4.960665,10.946,,8
2026-09-26,ussewc-usse-nm-2026-11-03-dem,politics,0.3953,1,2026-09-26T07:42:18Z,,,,0.125885,4.971324,15.017,,8
2026-09-26,vmc-usgubmov-tn-2026-11-03-r35-40,politics,0.0002,0,2026-09-26T07:42:18Z,,,,0.095165,0.111110,0.506,,3
2026-09-26,vmc-usgubmov-sd-2026-11-03-rgte45,politics,0.0010,0,2026-09-26T07:42:18Z,,,,0.488402,0.099998,0.472,,3
2026-09-26,vtc-usseto-sc-2026-11-03-gt2m,politics,0.0025,1,2026-09-26T07:42:18Z,,,,0.179615,0.200000,1.679,,5
2026-09-26,vtc-usgubto-ca-2026-11-03-gt14pt5m,politics,0.0018,0,2026-09-26T07:42:18Z,,,,0.367734,0.111112,1.045,,3
2026-09-26,vtc-usseto-ak-2026-11-03-gt260k,politics,0.0022,0,2026-09-26T07:42:18Z,,,,0.236954,0.142858,1.551,,4
2026-09-26,vmc-usgubmov-me-2026-11-03-d5-10,politics,0.0000,0,2026-09-26T07:42:18Z,,,,0.006811,0.111114,0.367,,4
2026-09-26,usgubewc-usgub-tx-2026-11-03-dem,politics,5.1988,1,2026-09-26T07:42:18Z,,,,0.057340,111.998706,19.331,,11
2026-09-26,vtc-usseto-ia-2026-11-03-gt1pt4m,politics,0.0000,0,2026-09-26T07:42:18Z,,,,0.000375,0.111109,0.567,,4
2026-09-26,vtc-usseto-wy-2026-11-03-gt210k,politics,0.0052,1,2026-09-26T07:42:18Z,,,,0.054771,0.165611,13.598,,4
2026-09-26,vmc-usgubmov-nm-2026-11-03-d5-10,politics,0.0001,0,2026-09-26T07:42:18Z,,,,0.020087,0.125000,1.073,,3
2026-09-26,vmc-ussemov-id-2026-11-03-r15-20,politics,0.0004,0,2026-09-26T07:42:18Z,,,,0.180640,0.111113,0.467,,5
2026-09-26,vmc-usgubmov-ne-2026-11-03-rgte35,politics,0.0018,0,2026-09-26T07:42:18Z,,,,0.578610,0.111109,0.661,,3
2026-09-26,vmc-ussemov-il-2026-11-03-dgte35,politics,0.0008,0,2026-09-26T07:42:18Z,,,,0.355555,0.111110,0.500,,3
2026-09-26,vmc-usgubmov-ar-2026-11-03-r5-10,politics,0.0000,0,2026-09-26T07:42:18Z,,,,0.031008,0.111114,0.339,,5
2026-09-26,vtc-usseto-il-2026-11-03-gt4pt25m,politics,0.0000,0,2026-09-26T07:42:18Z,,,,0.000646,0.142861,0.500,,4
2026-09-26,vmc-usgubmov-ks-2026-11-03-r6-9,politics,0.0089,1,2026-09-26T07:42:18Z,,,,0.773674,0.100000,2.747,,4
2026-09-26,vmc-usgubmov-mi-2026-11-03-dgte18,politics,0.0000,0,2026-09-26T07:42:18Z,,,,0.996280,0.100042,0.011,,4
2026-09-26,vmc-usgubmov-mi-2026-11-03-r0-3,politics,0.0001,0,2026-09-26T08:43:45Z,,,,0.061343,0.099997,0.428,,4
2026-09-26,vmc-usgubmov-sd-2026-11-03-r40-45,politics,0.0007,0,2026-09-26T08:43:45Z,,,,0.380174,0.100003,0.411,,3
2026-09-26,vmc-ussemov-al-2026-11-03-r20-25,politics,0.0236,2,2026-09-26T08:43:45Z,,,,0.782539,0.111111,6.517,,5
2026-09-26,vmc-usgubmov-tn-2026-11-03-r25-30,politics,0.0032,0,2026-09-26T08:43:45Z,,,,0.362240,0.111112,1.924,,3
2026-09-26,vmc-ussemov-nc-2026-11-03-d6-9,politics,0.0000,0,2026-09-26T08:43:45Z,,,,0.001212,0.100003,0.322,,3
2026-09-26,vmc-ussemov-nc-2026-11-03-d9-12,politics,0.0000,0,2026-09-26T08:43:45Z,,,,0.000293,0.099998,0.761,,3
2026-09-26,cpoc-ussec-tx-mi-me-2026-11-03-dtx-dmi-rme,politics,0.0000,1,2026-09-26T08:43:45Z,,,,,,,,15
2026-09-26,cpoc-ussec-tx-mi-me-2026-11-03-dtx-rmi-dme,politics,0.0000,0,2026-09-26T08:43:45Z,,,,0.000016,14.067777,0.028,,
2026-09-26,vtc-usgubto-ct-2026-11-03-gt1pt3m,politics,0.0127,1,2026-09-26T08:43:45Z,,,,0.232307,0.142857,9.236,,4
2026-09-26,vmc-ussemov-ne-2026-11-03-i0-5,politics,0.0000,0,2026-09-26T08:43:45Z,,,,0.000402,0.099998,0.250,,3
2026-09-26,vmc-usgubmov-ne-2026-11-03-r10-15,politics,0.0037,0,2026-09-26T08:43:45Z,,,,0.331127,0.111111,2.419,,4
2026-09-26,vtc-usseto-nm-2026-11-03-gt600k,politics,0.0010,0,2026-09-26T08:43:45Z,,,,0.125784,0.142856,1.340,,2
2026-09-26,vtc-usseto-mt-2026-11-03-gt550k,politics,0.0000,0,2026-09-26T08:43:45Z,,,,0.000225,0.166662,0.378,,2
2026-09-26,vmc-usgubmov-mi-2026-11-03-d3-6,politics,0.0000,0,2026-09-26T08:43:45Z,,,,0.007311,0.100005,0.283,,4
2026-09-26,vmc-ussemov-tn-2026-11-03-r15-20,politics,0.0000,0,2026-09-26T08:43:45Z,,,,0.000420,0.100001,0.828,,4
2026-09-26,vmc-usgubmov-oh-2026-11-03-d3-6,politics,0.0006,0,2026-09-26T08:43:45Z,,,,0.177575,0.083334,1.006,,3
2026-09-26,vmc-usgubmov-oh-2026-11-03-d0-3,politics,0.0000,0,2026-09-26T08:43:45Z,,,,0.001034,0.083333,0.378,,3
2026-09-26,vmc-usgubmov-ok-2026-11-03-r25-30,politics,0.0002,0,2026-09-26T09:47:20Z,,,,0.137236,0.100001,0.328,,4
2026-09-26,vmc-usgubmov-tx-2026-11-03-r0-3,politics,0.0000,0,2026-09-26T09:47:20Z,,,,0.000538,0.090908,0.651,,3
2026-09-26,vtc-usseto-me-2026-11-03-gt800k,politics,0.0007,1,2026-09-26T09:47:20Z,,,,0.010635,0.141816,11.819,,3
2026-09-26,vtc-usgubto-wi-2026-11-03-gt2pt8m,politics,0.0000,0,2026-09-26T09:47:20Z,,,,0.003331,0.163159,1.278,,5
2026-09-26,vtc-usgubto-wi-2026-11-03-gt3m,politics,0.0062,1,2026-09-26T09:47:20Z,,,,0.074484,0.165468,11.975,,5
2026-09-26,vtc-usgubto-vt-2026-11-03-gt275k,politics,0.0000,0,2026-09-26T09:47:20Z,,,,0.000432,0.166673,0.350,,
2026-09-26,vtc-usseto-wv-2026-11-03-gt400k,politics,0.0000,0,2026-09-26T09:47:20Z,,,,0.000310,0.166671,0.367,,
2026-09-26,vmc-usgubmov-fl-2026-11-03-d0-3,politics,0.0003,0,2026-09-26T10:52:29Z,,,,0.195561,0.100000,0.334,,3
2026-09-26,cpoc-ussegubc-tx-2026-11-03-rsweep,politics,0.0505,0,2026-09-26T10:52:29Z,,,,0.149736,2.500008,3.236,,7
2026-09-26,vtc-usseto-al-2026-11-03-gt1pt7m,politics,0.0191,1,2026-09-26T10:52:29Z,,,,0.268798,0.141827,11.941,,6
2026-09-26,vtc-usseto-de-2026-11-03-gt350k,politics,0.0074,0,2026-09-26T10:52:29Z,,,,0.583027,0.108699,2.729,,5
2026-09-26,vtc-usseto-oh-2026-11-03-gt4pt95m,politics,0.0029,0,2026-09-26T10:52:29Z,,,,0.495106,0.111111,1.273,,3
2026-09-26,vtc-usgubto-pa-2026-11-03-gt5pt5m,politics,0.0000,0,2026-09-26T10:52:29Z,,,,0.001292,0.156558,0.977,,3
2026-09-26,vtc-usseto-mi-2026-11-03-gt4pt8m,politics,0.0249,1,2026-09-26T10:52:29Z,,,,0.418648,0.124045,11.268,,3
2026-09-26,vmc-ussemov-la-2026-11-03-dwin,politics,0.0000,0,2026-09-26T10:52:29Z,,,,0.000636,0.111111,0.395,,6
2026-09-26,vmc-usgubmov-mn-2026-11-03-d5-10,politics,0.0000,0,2026-09-26T10:52:29Z,,,,0.002303,0.124994,0.245,,4
2026-09-26,vmc-ussemov-wv-2026-11-03-r25-30,politics,0.0000,0,2026-09-26T10:52:29Z,,,,0.000422,0.100003,0.834,,5
2026-09-26,vtc-usseto-tx-2026-11-03-gt11pt2m,politics,0.0017,1,2026-09-26T10:52:29Z,,,,0.034026,0.110232,10.890,,7
2026-09-26,vtc-usseto-al-2026-11-03-gt1pt3m,politics,0.0220,1,2026-09-26T10:52:29Z,,,,0.549411,0.141011,6.665,,3
2026-09-26,scc-senate-gop-2026-11-03-51,politics,0.0028,0,2026-09-26T10:52:29Z,,,,0.015319,17.306796,0.256,,10
2026-09-26,vmc-usgubmov-fl-2026-11-03-r6-9,politics,0.0001,0,2026-09-26T10:52:29Z,,,,0.039353,0.100003,0.439,,3
2026-09-26,vtc-usseto-de-2026-11-03-gt275k,politics,0.0000,0,2026-09-26T10:52:29Z,,,,0.173455,0.111133,0.056,,
2026-09-26,ussewc-usse-sc-2026-11-03-dem,politics,0.0000,0,2026-09-26T10:52:29Z,,,,0.000010,5.001753,0.011,,7
2026-09-26,ussewc-usse-la-2026-11-03-dem,politics,0.3854,0,2026-09-26T11:55:38Z,,,,0.266763,4.937053,6.842,,8
2026-09-26,vtc-usgubto-ca-2026-11-03-gt13m,politics,0.0000,0,2026-09-26T11:55:38Z,,,,0.000582,0.111115,0.284,,6
2026-09-26,vtc-usgubto-md-2026-11-03-gt2pt15m,politics,0.0249,1,2026-09-26T11:55:38Z,,,,0.498466,0.141845,8.367,,3
2026-09-26,vtc-usseto-id-2026-11-03-gt640k,politics,0.0000,0,2026-09-26T11:55:38Z,,,,0.001936,0.142859,1.140,,3
2026-09-26,vtc-usgubto-ny-2026-11-03-gt6m,politics,0.0078,1,2026-09-26T11:55:38Z,,,,0.116634,0.165093,9.122,,3
2026-09-26,vtc-usseto-ky-2026-11-03-gt1pt6m,politics,0.0039,0,2026-09-26T11:55:38Z,,,,0.328655,0.142857,2.013,,3
2026-09-26,vtc-usseto-de-2026-11-03-gt375k,politics,0.0021,0,2026-09-26T11:55:38Z,,,,0.381687,0.111111,1.179,,
2026-09-26,vtc-usseto-il-2026-11-03-gt4m,politics,0.0000,0,2026-09-26T11:55:38Z,,,,0.000496,0.142855,0.478,,2
2026-09-26,ussewc-usse-ar-2026-11-03-dem,politics,0.0000,1,2026-09-26T11:55:38Z,,,,,,,,10
2026-09-26,vmc-usgubmov-ga-2026-11-03-rgte12,politics,0.0003,0,2026-09-26T11:55:38Z,,,,0.167713,0.099997,0.417,,4
2026-09-26,vtc-usseto-ma-2026-11-03-gt2pt8m,politics,0.0000,0,2026-09-26T11:55:38Z,,,,0.000112,0.142856,1.045,,4
2026-09-26,vmc-usgubmov-ga-2026-11-03-dgte12,politics,0.0001,0,2026-09-26T11:55:38Z,,,,0.485522,0.100018,0.061,,3
2026-09-26,vtc-usseto-me-2026-11-03-gt700k,politics,0.0019,0,2026-09-26T11:55:38Z,,,,0.139540,0.142857,2.246,,5
2026-09-26,vmc-ussemov-al-2026-11-03-r25-30,politics,0.0004,0,2026-09-26T11:55:38Z,,,,0.510316,0.111113,0.200,,4
2026-09-26,vtc-usseto-ky-2026-11-03-gt1pt2m,politics,0.0000,0,2026-09-26T11:55:38Z,,,,0.000640,0.142859,0.573,,2
2026-09-26,vmc-ussemov-id-2026-11-03-r10-15,politics,0.0000,0,2026-09-26T12:58:04Z,,,,0.005782,0.111111,0.695,,4
2026-09-26,usgubewc-usgub-mn-2026-11-03-rep,politics,0.0000,1,2026-09-26T12:58:04Z,,,,,,,,10
2026-09-26,ussewc-usse-ks-2026-11-03-dem,politics,0.0000,0,2026-09-26T12:58:04Z,,,,0.000014,5.000008,1.285,,8
2026-09-26,vmc-usgubmov-oh-2026-11-03-r6-9,politics,0.0005,0,2026-09-26T12:58:04Z,,,,0.184991,0.083333,0.717,,5
2026-09-26,ussewc-usse-ms-2026-11-03-dem,politics,0.0000,0,2026-09-26T12:58:04Z,,,,,5.000061,0.601,,8
2026-09-26,vtc-usseto-nc-2026-11-03-gt4pt7m,politics,0.0000,0,2026-09-26T12:58:04Z,,,,0.278072,0.142922,0.028,,2
2026-09-26,vmc-usgubmov-ne-2026-11-03-r30-35,politics,0.0003,0,2026-09-26T12:58:04Z,,,,0.952837,0.111087,0.061,,4
2026-09-26,vtc-usseto-nh-2026-11-03-gt650k,politics,0.0000,0,2026-09-26T13:58:57Z,,,,0.010554,0.142855,0.662,,
2026-09-26,vtc-usseto-mn-2026-11-03-gt2m,politics,0.0000,0,2026-09-26T13:58:57Z,,,,0.000640,0.125000,0.662,,2
2026-09-26,vtc-usseto-mi-2026-11-03-gt5m,politics,0.0000,0,2026-09-26T13:58:57Z,,,,0.010554,0.124999,0.678,,6
2026-09-26,vtc-usseto-ar-2026-11-03-gt825k,politics,0.0000,0,2026-09-26T13:58:57Z,,,,0.000589,0.142855,0.923,,2
2026-09-26,cpoc-ussec-tx-mi-me-2026-11-03-rtx-dmi-rme,politics,0.0000,1,2026-09-26T13:58:57Z,,,,0.000011,14.062507,0.840,,7
2026-09-26,vtc-usseto-ak-2026-11-03-gt305k,politics,0.0058,0,2026-09-26T13:58:57Z,,,,0.510302,0.140848,1.911,,3
2026-09-26,vmc-ussemov-il-2026-11-03-d20-25,politics,0.0011,0,2026-09-26T13:58:57Z,,,,0.331236,0.102189,0.738,,4
2026-09-26,cpoc-ussec-tx-me-2026-11-03-dtx-rme,politics,0.0000,0,2026-09-26T14:39:58Z,,,,0.000003,28.125381,0.651,,13
2026-09-26,cpoc-ussegubc-ia-2026-11-03-dsweep,politics,0.0000,0,2026-09-26T14:39:58Z,,,,0.000002,2.500044,0.384,,9
2026-09-26,cpoc-ussegubc-mi-2026-11-03-dgov-rsen,politics,0.0000,1,2026-09-26T14:39:58Z,,,,0.000018,2.499998,0.712,,8
2026-09-26,vmc-ussemov-id-2026-11-03-r25-30,politics,0.0000,0,2026-09-26T16:19:42Z,,,,0.000121,0.111112,0.528,,4
2026-09-26,vtc-usseto-mn-2026-11-03-gt2pt75m,politics,0.0333,1,2026-09-26T16:19:42Z,,,,0.833953,0.123578,7.571,,4
2026-09-26,vtc-usseto-id-2026-11-03-gt560k,politics,0.0000,0,2026-09-26T16:19:42Z,,,,0.000422,0.142859,0.711,,2
2026-09-26,vmc-usgubmov-pa-2026-11-03-d10-15,politics,0.0000,0,2026-09-26T16:19:42Z,,,,0.028854,0.111123,0.161,,4
2026-09-26,vmc-ussemov-ms-2026-11-03-r10-15,politics,0.0032,1,2026-09-26T16:19:42Z,,,,0.468625,0.125000,1.318,,3
2026-09-26,vmc-ussemov-ri-2026-11-03-d20-25,politics,0.0000,0,2026-09-26T16:19:42Z,,,,0.001253,0.100000,0.467,,3
2026-09-26,vtc-usseto-me-2026-11-03-gt600k,politics,0.0000,0,2026-09-26T16:19:42Z,,,,0.000640,0.142855,0.567,,2
2026-09-26,vtc-usseto-nj-2026-11-03-gt3pt6m,politics,0.0000,0,2026-09-26T16:19:42Z,,,,0.008633,0.125000,1.129,,6
2026-09-26,vtc-usseto-oh-2026-11-03-gt4pt5m,politics,0.0001,0,2026-09-26T16:19:42Z,,,,0.023895,0.111111,0.600,,3
2026-09-26,vmc-usgubmov-ok-2026-11-03-r5-10,politics,0.0000,0,2026-09-26T16:19:42Z,,,,0.000465,0.100003,0.145,,
2026-09-26,vmc-ussemov-oh-2026-11-03-d6-9,politics,0.0000,0,2026-09-26T16:19:42Z,,,,0.001121,0.083337,0.050,,3
2026-09-26,vmc-ussemov-ok-2026-11-03-r20-25,politics,0.0019,1,2026-09-26T16:19:42Z,,,,0.414330,0.100001,1.118,,3
2026-09-26,vmc-usgubmov-ks-2026-11-03-r3-6,politics,0.0000,0,2026-09-26T17:21:50Z,,,,0.002224,0.099999,0.384,,4
2026-09-26,vmc-ussemov-ks-2026-11-03-r0-5,politics,0.0000,0,2026-09-26T17:21:50Z,,,,0.015662,0.111111,0.751,,4
2026-09-26,vtc-usseto-mt-2026-11-03-gt500k,politics,0.0000,0,2026-09-26T17:21:50Z,,,,0.000413,0.166665,1.051,,4
2026-09-26,vtc-usseto-ga-2026-11-03-gt4m,politics,0.0000,0,2026-09-26T17:21:50Z,,,,0.000438,0.142857,0.728,,2
2026-09-26,vtc-usseto-id-2026-11-03-gt600k,politics,0.0000,0,2026-09-26T17:21:50Z,,,,0.000830,0.142858,0.945,,3
2026-09-26,vtc-usseto-ms-2026-11-03-gt700k,politics,0.0000,0,2026-09-26T17:21:50Z,,,,0.000640,0.166664,0.728,,
2026-09-26,vmc-ussemov-ky-2026-11-03-r15-20,politics,0.0000,0,2026-09-26T17:21:50Z,,,,0.033092,0.099999,0.345,,3
2026-09-26,vmc-ussemov-ky-2026-11-03-r35-40,politics,0.0000,0,2026-09-26T17:21:50Z,,,,0.001114,0.093270,0.399,,
2026-09-26,vtc-usseto-or-2026-11-03-gt2m,politics,0.0000,0,2026-09-26T17:21:50Z,,,,0.015854,0.125034,0.033,,
2026-09-26,vmc-usgubmov-sd-2026-11-03-r25-30,politics,0.0002,0,2026-09-26T17:21:50Z,,,,0.091987,0.100002,0.561,,4
2026-09-26,vmc-ussemov-ks-2026-11-03-r15-20,politics,0.0001,0,2026-09-26T17:21:50Z,,,,0.663002,0.111078,0.017,,6
2026-09-26,vmc-ussemov-ky-2026-11-03-r0-10,politics,0.0000,0,2026-09-26T17:21:50Z,,,,0.000355,0.100011,0.111,,4
2026-09-26,vmc-ussemov-ky-2026-11-03-r20-25,politics,0.0087,2,2026-09-26T17:21:50Z,,,,0.574348,0.100000,3.642,,4
2026-09-26,vmc-usgubmov-ct-2026-11-03-d10-15,politics,0.0009,0,2026-09-26T18:01:52Z,,,,0.256359,0.124999,0.712,,4
2026-09-26,vmc-ussemov-tx-2026-11-03-d9-12,politics,0.0000,0,2026-09-26T18:01:52Z,,,,0.126434,0.083344,0.078,,6
2026-09-26,vmc-ussemov-mi-2026-11-03-r6-9,politics,0.0002,0,2026-09-26T18:01:52Z,,,,0.371083,0.100005,0.122,,4
2026-09-26,vmc-usgubmov-vt-2026-11-03-dwin,politics,0.0000,0,2026-09-26T18:01:52Z,,,,0.009475,0.124997,0.350,,7
2026-09-26,vtc-usgubto-wi-2026-11-03-gt3pt2m,politics,0.0005,0,2026-09-26T18:01:52Z,,,,0.109707,0.166667,0.639,,6
2026-09-26,vmc-usgubmov-vt-2026-11-03-r5-10,politics,0.0057,1,2026-09-26T18:01:52Z,,,,0.393362,0.121139,2.789,,3
2026-09-26,vmc-ussemov-la-2026-11-03-r15-20,politics,0.0000,0,2026-09-26T18:46:55Z,,,,0.005305,0.111109,0.567,,4
2026-09-26,vtc-usseto-sd-2026-11-03-gt350k,politics,0.0000,0,2026-09-26T18:46:55Z,,,,0.005287,0.124664,0.465,,3
2026-09-26,vtc-usseto-co-2026-11-03-gt2pt7m,politics,0.0000,0,2026-09-26T18:46:55Z,,,,0.000374,0.126253,0.510,,3
2026-09-26,vtc-usseto-tn-2026-11-03-gt2m,politics,0.0091,0,2026-09-26T18:46:55Z,,,,0.312544,0.164289,4.152,,2
2026-09-26,vtc-usseto-nm-2026-11-03-gt750k,politics,0.0081,0,2026-09-26T18:46:55Z,,,,0.382917,0.140444,3.507,,3
2026-09-26,vtc-usseto-me-2026-11-03-gt750k,politics,0.0000,0,2026-09-26T18:46:55Z,,,,0.000269,0.127586,0.554,,3
2026-09-26,vmc-ussemov-ms-2026-11-03-r5-10,politics,0.0000,0,2026-09-26T18:46:55Z,,,,0.001104,0.110144,0.499,,4
2026-09-26,vtc-usseto-wv-2026-11-03-gt550k,politics,0.0161,1,2026-09-26T18:46:55Z,,,,0.425887,0.164828,5.370,,5
2026-09-26,vmc-usgubmov-ri-2026-11-03-d15-20,politics,0.0005,0,2026-09-26T18:46:55Z,,,,0.196995,0.098052,0.504,,6
2026-09-26,vmc-usgubmov-ca-2026-11-03-d20-25,politics,0.0000,0,2026-09-26T18:46:55Z,,,,0.028684,0.096250,0.443,,4
2026-09-26,vmc-ussemov-sc-2026-11-03-r5-10,politics,0.0000,1,2026-09-26T18:46:55Z,,,,0.005431,0.113778,0.660,,4
2026-09-26,vmc-ussemov-sd-2026-11-03-r0-10,politics,0.0000,0,2026-09-26T18:46:55Z,,,,0.002147,0.087417,0.471,,6
2026-09-26,vmc-ussemov-la-2026-11-03-r5-10,politics,0.0083,1,2026-09-26T18:46:55Z,,,,0.487678,0.111111,3.681,,5
2026-09-26,vmc-usgubmov-vt-2026-11-03-r20-25,politics,0.0056,1,2026-09-26T19:50:18Z,,,,0.420089,0.125000,2.569,,4
2026-09-26,vmc-ussemov-me-2026-11-03-dgte15,politics,0.0001,0,2026-09-26T19:50:18Z,,,,0.054980,0.083333,0.345,,3
2026-09-26,vmc-ussemov-me-2026-11-03-r0-3,politics,0.0083,1,2026-09-26T19:50:18Z,,,,0.615283,0.083333,3.893,,4
2026-09-26,vmc-usgubmov-tx-2026-11-03-r3-6,politics,0.0000,0,2026-09-26T19:50:18Z,,,,0.000415,0.090909,0.417,,4
2026-09-26,vtc-usseto-al-2026-11-03-gt1pt2m,politics,0.0326,2,2026-09-26T19:50:18Z,,,,1.070239,0.142857,5.116,,3
2026-09-26,cpoc-ussegubc-ga-2026-11-03-rsweep,politics,0.0000,1,2026-09-26T19:50:18Z,,,,,,,,7
2026-09-26,vmc-ussemov-la-2026-11-03-r10-15,politics,0.0113,1,2026-09-26T19:50:18Z,,,,0.799216,0.111111,3.053,,6
2026-09-26,vmc-ussemov-tx-2026-11-03-r0-3,politics,0.0000,0,2026-09-26T19:50:18Z,,,,0.000373,0.083333,0.634,,3
2026-09-26,vtc-usseto-wy-2026-11-03-gt150k,politics,0.0000,0,2026-09-26T19:50:18Z,,,,0.000426,0.166667,0.628,,2
2026-09-26,vtc-usseto-ms-2026-11-03-gt1m,politics,0.0061,1,2026-09-26T19:50:18Z,,,,0.804680,0.166667,1.084,,3
2026-09-26,vtc-usseto-nm-2026-11-03-gt650k,politics,0.0000,0,2026-09-26T19:50:18Z,,,,0.002636,0.142857,0.606,,2
2026-09-26,scc-senate-demst-2026-11-03-gte51,politics,0.1116,1,2026-09-26T19:50:18Z,,,,0.222479,5.000000,2.408,,4
2026-09-26,vmc-usgubmov-hi-2026-11-03-d35-40,politics,0.0068,1,2026-09-26T19:50:18Z,,,,0.615341,0.100000,2.658,,5
2026-09-26,vtc-usseto-mi-2026-11-03-gt4pt2m,politics,0.0000,0,2026-09-26T19:50:18Z,,,,0.000436,0.125000,0.595,,2
2026-09-26,usgubewc-usgub-fl-2026-11-03-dem,politics,0.0000,1,2026-09-26T19:50:18Z,,,,,,,,8
2026-09-26,vmc-usgubmov-ga-2026-11-03-r9-12,politics,0.0113,1,2026-09-26T19:50:18Z,,,,1.055088,0.100000,2.575,,4
2026-09-26,vtc-usseto-sc-2026-11-03-gt1pt4m,politics,0.0000,0,2026-09-26T19:50:18Z,,,,0.000426,0.200000,0.534,,2
2026-09-26,vmc-ussemov-ga-2026-11-03-dgte21,politics,0.0001,0,2026-09-26T19:50:18Z,,,,0.054980,0.090909,0.328,,4
2026-09-26,vmc-usgubmov-az-2026-11-03-d6-9,politics,0.0013,0,2026-09-26T20:51:01Z,,,,0.527597,0.100000,0.606,,4
2026-09-26,vmc-usgubmov-ma-2026-11-03-d30-35,politics,0.0023,1,2026-09-26T20:51:01Z,,,,0.338383,0.111111,1.446,,3
2026-09-26,vmc-usgubmov-nm-2026-11-03-d15-20,politics,0.0005,0,2026-09-26T20:51:01Z,,,,0.274392,0.125000,0.378,,3
2026-09-26,vmc-ussemov-ga-2026-11-03-d9-12,politics,0.0013,0,2026-09-26T20:51:01Z,,,,0.321071,0.090909,1.107,,3
2026-09-26,vmc-ussemov-nc-2026-11-03-d12-15,politics,0.0009,0,2026-09-26T20:51:01Z,,,,0.254478,0.100000,0.834,,3
2026-09-26,vtc-usseto-oh-2026-11-03-gt4pt35m,politics,0.0000,0,2026-09-26T20:51:01Z,,,,0.002780,0.111111,0.556,,3
2026-09-26,vtc-usseto-oh-2026-11-03-gt4pt65m,politics,0.0000,0,2026-09-26T20:51:01Z,,,,0.000357,0.111111,0.600,,2
2026-09-26,vtc-usgubto-ct-2026-11-03-gt1m,politics,0.0000,0,2026-09-26T20:51:01Z,,,,0.000424,0.142857,0.567,,2
2026-09-26,vmc-ussemov-or-2026-11-03-d25-30,politics,0.0100,1,2026-09-26T20:51:01Z,,,,0.513473,0.111111,4.215,,3
2026-09-26,vmc-usgubmov-tn-2026-11-03-rgte40,politics,0.0000,0,2026-09-26T20:51:01Z,,,,0.023749,0.111111,0.356,,4
2026-09-26,vtc-usseto-ks-2026-11-03-gt1pt1m,politics,0.0000,0,2026-09-26T20:51:01Z,,,,0.000639,0.200000,0.006,,3
2026-09-26,ewc-usgub-ia-2026-11-03-rep,politics,0.0031,0,2026-09-26T20:51:01Z,,,,0.007887,112.500000,0.083,,7
2026-09-26,vmc-usgubmov-vt-2026-11-03-r10-15,politics,0.0059,1,2026-09-26T21:52:12Z,,,,0.512145,0.125000,2.224,,3
2026-09-26,vmc-usgubmov-ne-2026-11-03-dwin,politics,0.0000,0,2026-09-26T21:52:12Z,,,,0.000746,0.111111,0.334,,6
2026-09-26,vmc-ussemov-ky-2026-11-03-r30-35,politics,0.0001,0,2026-09-26T21:52:12Z,,,,0.054976,0.100000,0.361,,3
2026-09-26,vmc-ussemov-ma-2026-11-03-d45-50,politics,0.0001,0,2026-09-26T21:52:12Z,,,,0.053424,0.100000,0.306,,4
2026-09-26,vtc-usseto-sd-2026-11-03-gt375k,politics,0.0170,2,2026-09-26T22:56:50Z,,,,0.930234,0.142857,3.070,,4
2026-09-26,vmc-usgubmov-co-2026-11-03-d25-30,politics,0.0040,1,2026-09-26T22:56:50Z,,,,0.449458,0.111111,1.941,,4
2026-09-26,vmc-usgubmov-ct-2026-11-03-d20-25,politics,0.0046,1,2026-09-26T22:56:50Z,,,,0.495202,0.125000,1.785,,3
2026-09-26,vmc-usgubmov-ct-2026-11-03-d25-30,politics,0.0013,0,2026-09-26T22:56:50Z,,,,0.357310,0.125000,0.718,,4
2026-09-26,vmc-usgubmov-id-2026-11-03-r30-35,politics,0.0030,1,2026-09-26T22:56:50Z,,,,0.457013,0.100000,1.602,,4
2026-09-26,ewc-usgub-ks-2026-11-03-dem,politics,0.0000,1,2026-09-26T22:56:50Z,,,,,,,,9
2026-09-26,vmc-ussemov-il-2026-11-03-d30-35,politics,0.0010,0,2026-09-26T22:56:50Z,,,,0.296454,0.111111,0.762,,4
2026-09-26,vtc-usseto-co-2026-11-03-gt2pt85m,politics,0.0021,0,2026-09-26T22:56:50Z,,,,0.572770,0.142857,0.623,,3
2026-09-26,vmc-usgubmov-id-2026-11-03-r0-10,politics,0.0001,0,2026-09-26T22:56:50Z,,,,0.037323,0.100000,0.417,,4
2026-09-26,vmc-ussemov-al-2026-11-03-r15-20,politics,0.0000,0,2026-09-26T22:56:50Z,,,,0.002199,0.111111,0.367,,3
2026-09-26,vmc-usgubmov-ct-2026-11-03-d15-20,politics,0.0000,0,2026-09-26T22:56:50Z,,,,0.000229,0.125000,0.311,,3
2026-09-26,cpoc-ussec-tx-me-2026-11-03-rsweep,politics,0.0000,0,2026-09-26T22:56:50Z,,,,0.000010,28.125000,0.795,,13
2026-09-26,vmc-usgubmov-wi-2026-11-03-d3-6,politics,0.0004,0,2026-09-26T22:56:50Z,,,,0.714269,0.100000,0.150,,3
2026-09-26,vtc-usseto-tn-2026-11-03-gt2pt2m,politics,0.0000,0,2026-09-26T23:57:49Z,,,,0.009149,0.166667,0.623,,3
2026-09-26,vmc-ussemov-al-2026-11-03-r10-15,politics,0.0011,0,2026-09-26T23:57:49Z,,,,0.391048,0.111111,0.600,,4
2026-09-26,vtc-usseto-mt-2026-11-03-gt400k,politics,0.0039,1,2026-09-26T23:57:49Z,,,,0.335819,0.166667,1.668,,4
2026-09-26,vmc-ussemov-mi-2026-11-03-r3-6,politics,0.0027,1,2026-09-26T23:57:49Z,,,,0.352650,0.100000,1.813,,3
2026-09-26,vmc-ussemov-tx-2026-11-03-dgte15,politics,0.0001,0,2026-09-26T23:57:49Z,,,,0.054980,0.083333,0.456,,3
2026-09-26,vtc-usseto-nm-2026-11-03-gt700k,politics,0.0000,0,2026-09-26T23:57:49Z,,,,0.000426,0.142857,0.401,,2
2026-09-26,vmc-ussemov-fl-2026-11-03-r6-9,politics,0.0016,1,2026-09-26T23:57:49Z,,,,0.320471,0.100000,1.190,,3
2026-09-26,vmc-ussemov-mi-2026-11-03-d3-6,politics,0.0024,1,2026-09-26T23:57:49Z,,,,0.333153,0.100000,1.724,,3
2026-09-26,vtc-usseto-wy-2026-11-03-gt170k,politics,0.0000,0,2026-09-26T23:57:49Z,,,,0.000425,0.166667,0.306,,4
2026-09-26,vmc-ussemov-id-2026-11-03-r20-25,politics,0.0030,1,2026-09-26T23:57:49Z,,,,0.517937,0.111111,1.268,,3
2026-09-26,vmc-ussemov-tx-2026-11-03-d3-6,politics,0.0013,0,2026-09-26T23:57:49Z,,,,0.564024,0.083333,0.667,,4
2026-09-26,vmc-usgubmov-al-2026-11-03-r5-10,politics,0.0000,0,2026-09-26T23:57:49Z,,,,0.002660,0.111111,0.295,,4
2026-09-26,vtc-usseto-me-2026-11-03-gt650k,politics,0.0000,0,2026-09-26T23:57:49Z,,,,0.000426,0.142857,0.323,,2
2026-09-26,vtc-usseto-mn-2026-11-03-gt2pt6m,politics,0.0000,0,2026-09-26T23:57:49Z,,,,0.029575,0.125000,0.323,,6
2026-09-26,vtc-usseto-ms-2026-11-03-gt600k,politics,0.0000,0,2026-09-26T23:57:49Z,,,,0.000426,0.166667,0.300,,2
2026-09-26,vmc-usgubmov-me-2026-11-03-d15-20,politics,0.0013,1,2026-09-26T23:57:49Z,,,,0.351882,0.111111,0.823,,3
2026-09-26,vtc-usseto-ri-2026-11-03-gt350k,politics,0.0000,0,2026-09-26T23:57:49Z,,,,0.000426,0.200000,0.400,,2
2026-09-26,vmc-usgubmov-wi-2026-11-03-d9-12,politics,0.0000,0,2026-09-27T01:01:21Z,,,,0.000465,0.100000,0.267,,5
2026-09-26,vmc-usgubmov-tx-2026-11-03-d0-3,politics,0.0012,1,2026-09-27T01:01:21Z,,,,0.496029,0.090909,0.645,,3
2026-09-26,vtc-usseto-ok-2026-11-03-gt900k,politics,0.0042,1,2026-09-27T01:01:21Z,,,,0.615383,0.166667,0.990,,3
2026-09-26,vmc-usgubmov-tn-2026-11-03-r20-25,politics,0.0014,1,2026-09-27T01:01:21Z,,,,0.523520,0.111111,0.595,,3
2026-09-26,vtc-usgubto-az-2026-11-03-gt2pt9m,politics,0.0011,1,2026-09-27T02:03:34Z,,,,0.335621,0.111111,0.734,,4
2026-09-26,vmc-usgubmov-md-2026-11-03-d30-35,politics,0.0012,1,2026-09-27T02:03:34Z,,,,0.540636,0.100000,0.512,,4
2026-09-26,vtc-usgubto-wi-2026-11-03-gt2pt2m,politics,0.0000,0,2026-09-27T02:03:34Z,,,,0.000426,0.166667,0.250,,2
2026-09-26,vmc-ussemov-fl-2026-11-03-r3-6,politics,0.0008,1,2026-09-27T02:03:34Z,,,,0.395363,0.100000,0.473,,3
2026-09-26,usgubewc-usgub-nh-2026-11-03-dem,politics,0.0000,1,2026-09-27T02:03:34Z,,,,,,,,7
2026-09-26,vmc-usgubmov-ga-2026-11-03-r6-9,politics,0.0001,0,2026-09-27T02:03:34Z,,,,0.054976,0.100000,0.317,,4
2026-09-26,vmc-ussemov-id-2026-11-03-r0-10,politics,0.0000,1,2026-09-27T03:03:34Z,,,,0.000775,0.111111,0.423,,4
2026-09-26,cpoc-ussec-tx-mi-me-2026-11-03-rsweep,politics,0.0067,1,2026-09-27T03:03:34Z,,,,0.170021,14.062500,0.067,,15
2026-09-26,vtc-usseto-wv-2026-11-03-gt500k,politics,0.0000,1,2026-09-27T03:03:34Z,,,,0.001278,0.166667,0.178,,5
2026-09-26,vtc-usseto-mn-2026-11-03-gt2pt9m,politics,0.0004,1,2026-09-27T03:03:34Z,,,,0.615383,0.125000,0.133,,3
2026-09-26,vtc-usseto-tn-2026-11-03-gt1pt8m,politics,0.0000,1,2026-09-27T03:03:34Z,,,,0.000426,0.166667,0.056,,3
2026-09-26,vtc-usgubto-pa-2026-11-03-gt4m,politics,0.0000,0,2026-09-27T03:03:34Z,,,,0.000426,0.166667,0.345,,2
2026-09-26,ewc-usgub-oh-2026-11-03-dem,politics,0.0009,0,2026-09-27T03:03:34Z,,,,0.002385,112.500000,0.083,,7
2026-09-26,cpoc-ussec-tx-mi-me-2026-11-03-rtx-dmi-dme,politics,0.0000,0,2026-09-27T03:03:34Z,,,,0.000006,14.062500,0.350,,13
2026-09-25,ewc-usgub-ia-2026-11-03-rep,politics,0.1509,0,2026-09-25T04:50:27Z,,,,0.031983,112.500853,1.006,,9
2026-09-25,usgubewc-usgub-al-2026-11-03-rep,politics,0.0277,2,2026-09-25T04:50:27Z,,,,0.047522,4.864804,2.795,,6
2026-09-25,scc-hrep-rep-2026-11-03-gte215,politics,1.6072,1,2026-09-25T04:50:27Z,,,,0.122661,18.686120,16.737,,9
2026-09-25,ewc-usse-ia-2026-11-03-rep,politics,0.0169,0,2026-09-25T04:50:27Z,,,,0.005509,281.243046,0.261,,7
2026-09-25,paccc-balpow-2026-11-03-dsweep,politics,0.0189,1,2026-09-25T04:50:27Z,,,,0.017044,140.627742,0.189,,10
2026-09-25,scc-hrep-rep-2026-11-03-gte235,politics,1.2071,1,2026-09-25T04:50:27Z,,,,0.090422,18.569546,17.033,,8
2026-09-25,ewc-usgub-nv-2026-11-03-dem,politics,0.0610,0,2026-09-25T04:50:27Z,,,,0.000821,111.531730,15.693,,6
2026-09-25,ushrewc-ushr-nj-07-2026-11-03-dem,politics,0.2147,1,2026-09-25T04:50:27Z,,,,0.005408,47.109125,19.919,,7
2026-09-25,ushrewc-ushr-ny-04-2026-11-03-rep,politics,0.0016,0,2026-09-25T04:50:27Z,,,,0.000150,47.499974,5.244,,
2026-09-25,scc-senate-gop-2026-11-03-52,politics,0.0755,1,2026-09-25T04:50:27Z,,,,0.070817,17.307660,1.479,,11
2026-09-25,ushrewc-ushr-ca-45-2026-11-03-dem,politics,0.2761,2,2026-09-25T04:50:27Z,,,,0.007014,47.156727,19.837,,9
2026-09-25,ussewc-usse-nm-2026-11-03-rep,politics,0.0647,1,2026-09-25T04:50:27Z,,,,0.016811,4.955594,18.456,,5
2026-09-25,ewc-usgub-mi-2026-11-03-dem,politics,0.0697,0,2026-09-25T04:50:27Z,,,,0.001514,74.305643,14.592,,5
2026-09-25,ewc-usgub-az-2026-11-03-rep,politics,0.1930,1,2026-09-25T04:50:27Z,,,,0.002865,111.207639,14.269,,6
2026-09-25,usgubewc-usgub-tx-2026-11-03-rep,politics,0.2111,1,2026-09-25T04:50:27Z,,,,0.052611,112.499445,0.856,,8
2026-09-25,ushrewc-ushr-nc-01-2026-11-03-rep,politics,0.2045,1,2026-09-25T04:50:27Z,,,,0.005362,47.094483,19.202,,6
2026-09-25,ewc-usgub-ks-2026-11-03-dem,politics,0.1273,0,2026-09-25T04:50:27Z,,,,0.010763,47.499894,5.978,,9
2026-09-25,scc-senate-gop-2026-11-03-48,politics,0.8616,1,2026-09-25T04:50:27Z,,,,0.162404,17.307746,7.357,,7
2026-09-25,ushrewc-ushr-oh-09-2026-11-03-rep,politics,0.3355,0,2026-09-25T04:50:27Z,,,,0.033867,47.500021,5.005,,
2026-09-25,ushrewc-ushr-pa-01-2026-11-03-rep,politics,0.0020,1,2026-09-25T04:50:27Z,,,,0.000173,47.500042,5.889,,6
2026-09-25,ewc-usse-ak-2026-11-03-dem,politics,0.0000,1,2026-09-25T04:50:27Z,,,,,281.270258,0.111,,9
2026-09-25,ewc-usse-ia-2026-11-03-dem,politics,0.0000,1,2026-09-25T04:50:27Z,,,,,281.245637,0.167,,7
2026-09-25,usgubewc-usgub-me-2026-11-03-dem,politics,0.2263,1,2026-09-25T04:50:27Z,,,,0.099234,4.954669,10.931,,6
2026-09-25,usgubewc-usgub-nm-2026-11-03-dem,politics,0.0259,1,2026-09-25T04:50:27Z,,,,0.025147,4.899750,4.942,,5
2026-09-25,ewc-usse-mi-2026-11-03-dem,politics,0.3681,1,2026-09-25T04:50:27Z,,,,0.044488,281.246153,0.706,,10
2026-09-25,usgubewc-usgub-md-2026-11-03-dem,politics,0.2066,2,2026-09-25T04:50:27Z,,,,0.048445,4.964772,20.208,,5
2026-09-25,scc-senate-gop-2026-11-03-54,politics,0.0332,1,2026-09-25T04:50:27Z,,,,0.003755,17.266985,12.256,,11
2026-09-25,ewc-usgub-ga-2026-11-03-dem,politics,0.3015,0,2026-09-25T04:50:27Z,,,,0.086991,112.501101,0.739,,7
2026-09-25,cpoc-ussegubc-oh-2026-11-03-dgov-rsen,politics,0.2025,2,2026-09-25T04:50:27Z,,,,0.126239,2.476681,15.367,,10
2026-09-25,ewc-usgub-wi-2026-11-03-dem,politics,0.0000,1,2026-09-25T04:50:27Z,,,,,112.533295,0.044,,8
2026-09-25,ushrewc-ushr-tx-15-2026-11-03-dem,politics,0.0372,1,2026-09-25T04:50:27Z,,,,0.001886,47.499976,9.948,,7
2026-09-25,ewc-usgub-oh-2026-11-03-rep,politics,0.0288,1,2026-09-25T04:50:27Z,,,,0.012429,112.498888,0.495,,7
2026-09-25,ewc-usgub-nv-2026-11-03-rep,politics,0.1106,1,2026-09-25T04:50:27Z,,,,0.007887,112.499792,2.991,,8
2026-09-25,ussewc-usse-or-2026-11-03-dem,politics,0.4381,0,2026-09-25T04:50:27Z,,,,0.185228,4.956244,11.325,,6
2026-09-25,usgubewc-usgub-ne-2026-11-03-rep,politics,0.1802,5,2026-09-25T04:50:27Z,,,,0.043180,4.958183,19.602,,6
2026-09-25,ushrewc-ushr-wa-03-2026-11-03-rep,politics,0.1394,1,2026-09-25T04:50:27Z,,,,0.007394,47.122561,9.512,,6
2026-09-25,usgubewc-usgub-ct-2026-11-03-dem,politics,0.2388,2,2026-09-25T04:50:27Z,,,,0.063806,4.965751,17.786,,6
2026-09-25,ewc-usgub-wi-2026-11-03-rep,politics,0.0194,1,2026-09-25T04:50:27Z,,,,0.032444,112.500398,0.128,,10
2026-09-25,ussewc-usse-wy-2026-11-03-dem,politics,0.0467,1,2026-09-25T04:50:27Z,,,,0.011948,4.961727,18.725,,3
2026-09-25,usgubewc-usgub-id-2026-11-03-dem,politics,0.1550,1,2026-09-25T04:50:27Z,,,,0.088916,5.000005,8.363,,8
2026-09-25,usgubewc-usgub-sd-2026-11-03-rep,politics,1.0677,1,2026-09-25T04:50:27Z,,,,0.253364,4.966622,20.229,,9
2026-09-25,scc-hrep-rep-2026-11-03-gte225,politics,0.3120,1,2026-09-25T04:50:27Z,,,,0.019893,18.595790,19.930,,11
2026-09-25,usgubewc-usgub-wy-2026-11-03-rep,politics,0.0002,1,2026-09-25T04:50:27Z,,,,0.000218,4.933984,7.505,,5
2026-09-25,scc-hrep-rep-2026-11-03-gte230,politics,11.0765,1,2026-09-25T04:50:27Z,,,,0.669466,18.603436,20.969,,7
2026-09-25,scc-senate-gop-2026-11-03-50,politics,0.3012,1,2026-09-25T04:50:27Z,,,,0.042524,17.068499,9.776,,12
2026-09-25,paccc-balpow-2026-11-03-rsweep,politics,0.0611,1,2026-09-25T04:50:27Z,,,,0.012758,140.625574,0.817,,8
2026-09-25,ushrewc-ushr-tx-34-2026-11-03-rep,politics,0.9351,1,2026-09-25T04:50:27Z,,,,0.084038,112.500389,2.374,,13
2026-09-25,scc-hrep-rep-2026-11-03-gte220,politics,0.5333,1,2026-09-25T04:50:27Z,,,,0.097435,18.750035,7.007,,6
2026-09-25,cpoc-ussegubc-me-2026-11-03-dgov-rsen,politics,0.1298,1,2026-09-25T04:50:27Z,,,,0.060486,2.480099,20.592,,6
2026-09-25,cpoc-ussegubc-ga-2026-11-03-rgov-dsen,politics,0.1806,1,2026-09-25T04:50:27Z,,,,0.101188,2.475929,17.028,,7
2026-09-25,ussewc-usse-il-2026-11-03-rep,politics,0.0006,1,2026-09-25T04:50:27Z,,,,0.000164,4.964564,19.062,,7
2026-09-25,ushrewc-ushr-tx-34-2026-11-03-dem,politics,0.4605,1,2026-09-25T04:50:27Z,,,,0.024305,112.499857,4.042,,5
2026-09-25,ushrewc-ushr-ia-01-2026-11-03-dem,politics,0.0022,1,2026-09-25T04:50:27Z,,,,0.000060,47.067406,18.000,,6
2026-09-25,ewc-usgub-ia-2026-11-03-dem,politics,0.0113,1,2026-09-25T04:50:27Z,,,,0.000115,111.625865,21.097,,7
2026-09-25,ussewc-usse-fl-2026-11-03-rep,politics,0.1329,2,2026-09-25T04:50:27Z,,,,0.029078,4.969134,20.722,,8
2026-09-25,usgubewc-usgub-fl-2026-11-03-rep,politics,0.2814,1,2026-09-25T04:50:27Z,,,,0.024783,47.500291,5.739,,6
2026-09-25,scc-hrep-rep-2026-11-03-gte180,politics,4.8010,1,2026-09-25T04:50:27Z,,,,0.349367,18.655477,17.519,,7
2026-09-25,usgubewc-usgub-or-2026-11-03-rep,politics,0.0396,0,2026-09-25T04:50:27Z,,,,0.029445,4.999996,6.451,,9
2026-09-25,ewc-usse-nh-2026-11-03-dem,politics,0.3623,1,2026-09-25T04:50:27Z,,,,0.003640,111.626138,21.103,,7
2026-09-25,scc-hrep-rep-2026-11-03-gte200,politics,4.3507,2,2026-09-25T04:50:27Z,,,,0.257353,18.607020,21.498,,5
2026-09-25,scc-hrep-rep-2026-11-03-gte195,politics,3.5210,1,2026-09-25T04:50:27Z,,,,0.213030,18.603488,20.975,,10
2026-09-25,ushrewc-ushr-ia-01-2026-11-03-rep,politics,0.0197,1,2026-09-25T04:50:27Z,,,,0.001723,47.499850,5.806,,8
2026-09-25,cpoc-ussegubc-mi-2026-11-03-dgov-rsen,politics,0.0123,0,2026-09-25T04:50:27Z,,,,0.024906,2.499999,4.727,,
2026-09-25,usgubewc-usgub-ct-2026-11-03-rep,politics,0.0141,1,2026-09-25T04:50:27Z,,,,0.003586,4.956548,18.862,,8
2026-09-25,usgubewc-usgub-md-2026-11-03-rep,politics,0.0034,0,2026-09-25T04:50:27Z,,,,0.002526,4.999999,6.373,,5
2026-09-25,cpoc-ussegubc-ks-2026-11-03-dsweep,politics,0.0389,0,2026-09-25T04:50:27Z,,,,0.075694,2.499999,4.927,,9
2026-09-25,ushrewc-ushr-ny-17-2026-11-03-dem,politics,0.0323,1,2026-09-25T04:50:27Z,,,,0.003014,47.500035,5.405,,7
2026-09-25,cpoc-ussec-tx-mi-me-2026-11-03-dsweep,politics,1.3971,1,2026-09-25T04:50:27Z,,,,0.115304,13.950159,20.519,,10
2026-09-25,ushrewc-ushr-va-02-2026-11-03-rep,politics,0.0093,1,2026-09-25T04:50:27Z,,,,0.000521,47.094035,9.080,,5
2026-09-25,vtc-usseto-nm-2026-11-03-gt550k,politics,0.0104,1,2026-09-25T04:50:27Z,,,,0.130142,0.141881,13.615,,3
2026-09-25,vtc-usseto-wy-2026-11-03-gt230k,politics,0.0050,1,2026-09-25T04:50:27Z,,,,0.045782,0.165355,15.479,,5
2026-09-25,vtc-usgubto-pa-2026-11-03-gt6pt5m,politics,0.0111,2,2026-09-25T04:50:27Z,,,,0.141946,0.165299,11.330,,4
2026-09-25,usgubewc-usgub-ak-2026-11-03-jonkre,politics,1.0262,0,2026-09-25T04:50:27Z,,,,0.094835,32.142781,8.080,,9
2026-09-25,scc-hrep-demst-2026-11-03-gte235,politics,0.4005,2,2026-09-25T04:50:27Z,,,,0.093982,4.959854,20.413,,6
2026-09-25,vtc-usseto-nj-2026-11-03-gt2pt4m,politics,0.0057,1,2026-09-25T04:50:27Z,,,,0.079114,0.124159,13.826,,4
2026-09-25,scc-senate-demst-2026-11-03-gte51,politics,0.5954,1,2026-09-25T04:50:27Z,,,,0.164318,4.967197,17.310,,4
2026-09-25,usgubewc-usgub-nm-2026-11-03-rep,politics,0.2036,1,2026-09-25T04:50:27Z,,,,0.101436,5.000007,9.636,,8
2026-09-25,cpoc-ussegubc-tx-2026-11-03-rgov-dsen,politics,0.2658,0,2026-09-25T04:50:27Z,,,,0.254638,2.480391,10.016,,7
2026-09-25,vtc-usseto-or-2026-11-03-gt1pt5m,politics,0.0030,0,2026-09-25T04:50:27Z,,,,0.061707,0.123622,8.990,,
2026-09-25,ussewc-usse-tn-2026-11-03-dem,politics,0.2339,0,2026-09-25T04:50:27Z,,,,0.182864,4.999995,6.139,,5
2026-09-25,vtc-usgubto-ny-2026-11-03-gt5m,politics,0.0035,1,2026-09-25T04:50:27Z,,,,0.043143,0.164894,10.767,,4
2026-09-25,cpoc-ussec-tx-me-2026-11-03-dsweep,politics,0.9213,1,2026-09-25T04:50:27Z,,,,0.076638,28.033148,10.259,,10
2026-09-25,vtc-usseto-la-2026-11-03-gt1pt1m,politics,0.0034,1,2026-09-25T04:50:27Z,,,,0.045915,0.141802,12.586,,6
2026-09-25,vtc-usseto-ok-2026-11-03-gt1pt1m,politics,0.0235,0,2026-09-25T04:50:27Z,,,,0.681328,0.166666,4.972,,6
2026-09-25,usgubewc-usgub-al-2026-11-03-dem,politics,0.3434,0,2026-09-25T04:50:27Z,,,,0.328207,4.999987,5.022,,7
2026-09-25,ewc-usse-me-2026-11-03-rep,politics,0.5470,1,2026-09-25T04:50:27Z,,,,0.005438,111.636799,21.364,,12
2026-09-25,vtc-usgubto-hi-2026-11-03-gt490k,politics,0.0013,2,2026-09-25T04:50:27Z,,,,0.020221,0.141392,11.073,,7
2026-09-25,ussewc-usse-la-2026-11-03-rep,politics,0.2315,0,2026-09-25T04:50:27Z,,,,0.484842,5.000026,2.292,,5
2026-09-25,cpoc-ussec-tx-me-2026-11-03-dtx-rme,politics,0.0004,0,2026-09-25T04:50:27Z,,,,0.000063,28.124949,6.045,,18
2026-09-25,vmc-ussemov-la-2026-11-03-rgte35,politics,0.0052,0,2026-09-25T04:50:27Z,,,,0.402773,0.111112,2.776,,4
2026-09-25,vtc-usgubto-ct-2026-11-03-gt1pt6m,politics,0.0105,0,2026-09-25T04:50:27Z,,,,0.645720,0.142857,2.725,,3
2026-09-25,paccc-usho-midterms-2026-11-03-rep,politics,2.5625,1,2026-09-25T04:50:27Z,,,,0.019107,279.655313,11.428,,19
2026-09-25,vtc-usseto-il-2026-11-03-gt4pt25m,politics,0.0053,0,2026-09-25T04:50:27Z,,,,0.445670,0.142857,2.008,,4
2026-09-25,vmc-usgubmov-ks-2026-11-03-dgte6,politics,0.0047,0,2026-09-25T04:50:27Z,,,,0.478077,0.099059,2.286,,6
2026-09-25,cpoc-ussegubc-mn-2026-11-03-rgov-dsen,politics,0.0533,1,2026-09-25T04:50:27Z,,,,0.034392,2.484291,14.799,,8
2026-09-25,ussewc-usse-ky-2026-11-03-rep,politics,0.0730,1,2026-09-25T04:50:27Z,,,,0.019069,4.961185,18.340,,6
2026-09-25,vmc-ussemov-ky-2026-11-03-dwin,politics,0.0008,1,2026-09-25T04:50:27Z,,,,0.021752,0.099029,9.573,,5
2026-09-25,cpoc-ussegubc-ga-2026-11-03-dsweep,politics,0.1033,1,2026-09-25T04:50:27Z,,,,0.170903,2.499995,5.800,,8
2026-09-25,cpoc-ussegubc-me-2026-11-03-dsweep,politics,0.0381,1,2026-09-25T04:50:27Z,,,,0.019912,2.477289,18.045,,6
2026-09-25,vtc-usseto-ri-2026-11-03-gt400k,politics,0.0110,2,2026-09-25T04:50:27Z,,,,0.090263,0.198721,14.544,,5
2026-09-25,vtc-usseto-fl-2026-11-03-gt8pt75m,politics,0.0022,0,2026-09-25T04:50:27Z,,,,0.362639,0.111112,1.291,,3
2026-09-25,vmc-ussemov-nc-2026-11-03-rgte6,politics,0.0000,0,2026-09-25T04:50:27Z,,,,0.018193,0.100001,0.552,,
2026-09-25,ushrewc-ushr-nc-01-2026-11-03-dem,politics,0.0184,1,2026-09-25T04:50:27Z,,,,0.000467,47.101738,19.552,,5
2026-09-25,vtc-usgubto-ca-2026-11-03-gt14pt5m,politics,0.0000,0,2026-09-25T04:50:27Z,,,,0.007655,0.111112,0.680,,
2026-09-25,ussewc-usse-al-2026-11-03-dem,politics,0.8207,1,2026-09-25T04:50:27Z,,,,0.247736,4.966195,15.809,,8
2026-09-25,vmc-ussemov-sc-2026-11-03-dwin,politics,0.0000,0,2026-09-25T04:50:27Z,,,,0.001001,0.124999,0.379,,4
2026-09-25,ussewc-usse-co-2026-11-03-rep,politics,0.2617,1,2026-09-25T04:50:27Z,,,,0.006596,47.178893,19.984,,4
2026-09-25,vmc-ussemov-il-2026-11-03-dgte35,politics,0.0000,0,2026-09-25T04:50:27Z,,,,0.002656,0.111107,0.374,,5
2026-09-25,cpoc-ussec-tx-me-2026-11-03-rtx-dme,politics,0.9789,1,2026-09-25T04:50:27Z,,,,0.058401,27.930007,14.300,,12
2026-09-25,ussewc-usse-nj-2026-11-03-dem,politics,0.6468,0,2026-09-25T04:50:27Z,,,,0.386363,5.000000,8.035,,5
2026-09-25,ussewc-usse-la-2026-11-03-dem,politics,0.0161,0,2026-09-25T04:50:27Z,,,,0.034548,4.999988,2.237,,7
2026-09-25,ussewc-usse-ri-2026-11-03-rep,politics,0.3801,0,2026-09-25T04:50:27Z,,,,0.461727,4.954485,3.951,,5
2026-09-25,ushrewc-ushr-tx-15-2026-11-03-rep,politics,0.9990,1,2026-09-25T04:50:27Z,,,,0.025080,47.107242,19.824,,12
2026-09-25,ussewc-usse-id-2026-11-03-rep,politics,0.1524,0,2026-09-25T04:50:27Z,,,,0.373569,4.999996,1.959,,6
2026-09-25,cpoc-ussegubc-ia-2026-11-03-dsweep,politics,0.1468,0,2026-09-25T04:50:27Z,,,,0.293378,2.499997,4.805,,8
2026-09-25,cpoc-ussegubc-ks-2026-11-03-dgov-rsen,politics,0.1482,1,2026-09-25T04:50:27Z,,,,0.197675,2.499998,7.196,,8
2026-09-25,usgubewc-usgub-ri-2026-11-03-dem,politics,1.0544,1,2026-09-25T04:50:27Z,,,,0.373612,3.306128,20.080,,7
2026-09-25,ussewc-usse-mt-2026-11-03-dem,politics,0.0023,0,2026-09-25T04:50:27Z,,,,0.019041,3.333345,0.885,,5
2026-09-25,cpoc-ussegubc-nh-2026-11-03-dsweep,politics,0.4683,1,2026-09-25T04:50:27Z,,,,0.334870,2.469192,13.302,,11
2026-09-25,vtc-usseto-wy-2026-11-03-gt250k,politics,0.0003,1,2026-09-25T04:50:27Z,,,,0.002511,0.165086,17.284,,6
2026-09-25,scc-hrep-rep-2026-11-03-gte210,politics,5.4946,1,2026-09-25T04:50:27Z,,,,0.337134,18.623180,20.757,,6
2026-09-25,scc-hrep-rep-2026-11-03-gte205,politics,3.6057,1,2026-09-25T04:50:27Z,,,,0.213828,18.606825,21.464,,7
2026-09-25,scc-hrep-rep-2026-11-03-gte185,politics,3.6230,1,2026-09-25T04:50:27Z,,,,0.263397,18.595621,17.413,,4
2026-09-25,cpoc-ussegubc-oh-2026-11-03-rsweep,politics,0.4030,1,2026-09-25T04:50:27Z,,,,0.199964,2.482367,19.151,,7
2026-09-25,cpoc-ussegubc-ks-2026-11-03-rgov-dsen,politics,0.0550,1,2026-09-25T04:50:27Z,,,,0.037314,2.474655,14.138,,6
2026-09-25,vmc-usgubmov-nm-2026-11-03-d15-20,politics,0.0000,0,2026-09-25T04:50:27Z,,,,0.002615,0.125001,0.367,,
2026-09-25,vmc-usgubmov-fl-2026-11-03-r12-15,politics,0.0000,0,2026-09-25T04:50:27Z,,,,0.003504,0.099998,0.311,,4
2026-09-25,ussewc-usse-sd-2026-11-03-rep,politics,0.3164,1,2026-09-25T04:50:27Z,,,,0.086019,4.968526,17.451,,9
2026-09-25,vtc-usseto-id-2026-11-03-gt720k,politics,0.0087,0,2026-09-25T04:50:27Z,,,,0.431907,0.142857,3.386,,3
2026-09-25,vtc-usseto-de-2026-11-03-gt475k,politics,0.0023,1,2026-09-25T04:50:27Z,,,,0.046092,0.110293,10.876,,5
2026-09-25,aachc-cfb-wins-2026-11-28-vir-5pt5wins,cfb,0.0524,0,2026-09-25T04:50:27Z,,,,0.033120,6.000012,6.328,,6
2026-09-25,aachc-cfb-wins-ou-2026-11-28-utahst,cfb,0.0000,0,2026-09-25T04:50:27Z,,,,,0.394736,6.301,,6
2026-09-25,aachc-cfb-wins-2026-11-28-arz-7pt5wins,cfb,0.0002,0,2026-09-25T04:50:27Z,,,,0.000135,5.999993,6.228,,7
2026-09-25,aachc-cfb-wins-2026-11-28-arz-5pt5wins,cfb,0.0000,0,2026-09-25T04:50:27Z,,,,0.000200,6.002996,0.022,,8
2026-09-25,scc-senate-demst-2026-11-03-gte49,politics,0.5473,1,2026-09-25T04:50:27Z,,,,0.205991,4.969381,12.745,,3
2026-09-25,cpoc-ussegubc-ia-2026-11-03-dgov-rsen,politics,0.0307,0,2026-09-25T04:50:27Z,,,,0.100095,2.500011,2.941,,5
2026-09-25,vmc-usgubmov-or-2026-11-03-d6-9,politics,0.0000,0,2026-09-25T04:50:27Z,,,,0.001770,0.083333,0.402,,3
2026-09-25,vmc-usgubmov-ok-2026-11-03-r35-40,politics,0.0000,0,2026-09-25T04:50:27Z,,,,0.003504,0.100001,0.352,,3
2026-09-25,cpoc-ussegubc-ia-2026-11-03-rsweep,politics,0.2186,2,2026-09-25T04:50:27Z,,,,0.206601,2.473396,10.042,,7
2026-09-25,vmc-usgubmov-oh-2026-11-03-r6-9,politics,0.0000,0,2026-09-25T04:50:27Z,,,,0.003758,0.083333,1.208,,
2026-09-25,usgubewc-usgub-co-2026-11-03-dem,politics,0.0158,0,2026-09-25T04:50:27Z,,,,0.073486,4.999992,1.034,,6
2026-09-25,vmc-ussemov-ne-2026-11-03-r20-25,politics,0.0000,0,2026-09-25T04:50:27Z,,,,0.004288,0.100055,0.022,,3
2026-09-25,vmc-ussemov-ne-2026-11-03-rgte30,politics,0.0000,0,2026-09-25T04:50:27Z,,,,0.003431,0.100055,0.022,,3
2026-09-25,vmc-usgubmov-al-2026-11-03-dwin,politics,0.0000,0,2026-09-25T04:50:27Z,,,,0.000364,0.111071,0.033,,4
2026-09-25,vmc-ussemov-me-2026-11-03-dgte15,politics,0.0000,0,2026-09-25T04:50:27Z,,,,0.004285,0.083326,0.106,,3
2026-09-25,vmc-ussemov-nc-2026-11-03-r3-6,politics,0.0000,0,2026-09-25T04:50:27Z,,,,0.002674,0.099992,0.106,,
2026-09-25,vtc-usgubto-vt-2026-11-03-gt300k,politics,0.0026,1,2026-09-25T04:50:27Z,,,,0.195285,0.166667,1.901,,7
2026-09-25,vtc-usseto-ok-2026-11-03-gt1pt3m,politics,0.0000,0,2026-09-25T04:50:27Z,,,,0.004286,0.166671,0.273,,3
2026-09-25,vtc-usgubto-wi-2026-11-03-gt3pt2m,politics,0.0000,0,2026-09-25T04:50:27Z,,,,0.004485,0.166672,0.328,,
2026-09-25,vtc-usgubto-vt-2026-11-03-gt325k,politics,0.0000,1,2026-09-25T04:50:27Z,,,,0.005684,0.166667,1.607,,5
2026-09-25,vmc-usgubmov-sc-2026-11-03-dgte5,politics,0.0042,0,2026-09-25T04:50:27Z,,,,0.312050,0.125001,2.598,,5
2026-09-25,usgubewc-usgub-or-2026-11-03-dem,politics,0.0191,0,2026-09-25T04:50:27Z,,,,0.045840,4.999979,2.001,,
2026-09-25,ussewc-usse-wy-2026-11-03-rep,politics,0.0008,0,2026-09-25T04:50:27Z,,,,0.099325,4.998315,0.040,,5
2026-09-25,ussewc-usse-nm-2026-11-03-dem,politics,0.0126,0,2026-09-25T04:50:27Z,,,,0.052590,5.000089,1.145,,7
2026-09-25,cpoc-ussegubc-tx-2026-11-03-dsweep,politics,0.1626,1,2026-09-25T04:50:27Z,,,,0.159897,2.483273,9.689,,8
2026-09-25,ussewc-usse-ky-2026-11-03-dem,politics,0.0569,0,2026-09-25T04:50:27Z,,,,0.225206,4.851188,1.209,,7
2026-09-25,cpoc-ussec-tx-me-2026-11-03-rsweep,politics,0.0000,0,2026-09-25T05:51:37Z,,,,0.000010,28.125074,2.635,,11
2026-09-25,vmc-usgubmov-wi-2026-11-03-r6-9,politics,0.0000,0,2026-09-25T05:51:37Z,,,,0.010531,0.100001,0.278,,
2026-09-25,vtc-usseto-mn-2026-11-03-gt2pt6m,politics,0.0043,0,2026-09-25T05:51:37Z,,,,0.392319,0.125000,2.090,,5
2026-09-25,vtc-usseto-mn-2026-11-03-gt2pt9m,politics,0.0000,0,2026-09-25T05:51:37Z,,,,0.005519,0.125002,0.617,,4
2026-09-25,ussewc-usse-de-2026-11-03-dem,politics,0.3474,0,2026-09-25T05:51:37Z,,,,0.220296,4.976248,7.569,,6
2026-09-25,vtc-usseto-ia-2026-11-03-gt1pt55m,politics,0.0000,0,2026-09-25T05:51:37Z,,,,0.001355,0.111111,0.467,,3
2026-09-25,vtc-usseto-il-2026-11-03-gt4pt5m,politics,0.0031,1,2026-09-25T05:51:37Z,,,,0.241933,0.141421,2.140,,6
2026-09-25,vmc-ussemov-ky-2026-11-03-r0-10,politics,0.0000,0,2026-09-25T05:51:37Z,,,,0.001961,0.100003,0.395,,3
2026-09-25,usgubewc-usgub-ne-2026-11-03-dem,politics,0.2159,1,2026-09-25T05:51:37Z,,,,0.170248,4.999997,6.088,,8
2026-09-25,cpoc-ussegubc-mi-2026-11-03-rsweep,politics,0.2041,0,2026-09-25T05:51:37Z,,,,0.627218,2.500007,3.125,,6
2026-09-25,vmc-usgubmov-al-2026-11-03-r20-25,politics,0.0000,0,2026-09-25T05:51:37Z,,,,0.011187,0.111108,0.384,,3
2026-09-25,cpoc-ussegubc-mn-2026-11-03-rsweep,politics,0.0000,0,2026-09-25T05:51:37Z,,,,0.000172,2.500002,0.133,,7
2026-09-25,scc-senate-gop-2026-11-03-lte45,politics,1.2957,1,2026-09-25T05:51:37Z,,,,0.114873,17.125532,15.575,,15
2026-09-25,vtc-usseto-de-2026-11-03-gt400k,politics,0.0002,0,2026-09-25T06:52:46Z,,,,0.036604,0.111110,1.423,,3
2026-09-25,vmc-usgubmov-vt-2026-11-03-r5-10,politics,0.0000,0,2026-09-25T06:52:46Z,,,,0.004094,0.125004,0.345,,3
2026-09-25,vmc-usgubmov-sc-2026-11-03-rgte25,politics,0.0000,0,2026-09-25T06:52:46Z,,,,0.003121,0.124995,0.356,,3
2026-09-25,vmc-usgubmov-vt-2026-11-03-rgte30,politics,0.0000,0,2026-09-25T06:52:46Z,,,,0.002011,0.125003,0.422,,3
2026-09-25,vmc-ussemov-mn-2026-11-03-d0-5,politics,0.0000,0,2026-09-25T06:52:46Z,,,,0.003910,0.124998,0.384,,4
2026-09-25,vtc-usseto-nh-2026-11-03-gt650k,politics,0.0000,0,2026-09-25T06:52:46Z,,,,0.009203,0.142854,0.517,,3
2026-09-25,vtc-usgubto-wi-2026-11-03-gt3m,politics,0.0000,0,2026-09-25T06:52:46Z,,,,0.005015,0.166668,0.534,,
2026-09-25,vmc-usgubmov-sc-2026-11-03-r10-15,politics,0.0000,0,2026-09-25T06:52:46Z,,,,0.001853,0.124999,0.700,,3
2026-09-25,cpoc-ussegubc-tx-2026-11-03-rsweep,politics,0.0026,0,2026-09-25T06:52:46Z,,,,0.007390,2.472684,3.294,,6
2026-09-25,vtc-usgubto-az-2026-11-03-gt3pt05m,politics,0.0001,0,2026-09-25T06:52:46Z,,,,0.032101,0.111110,0.967,,3
2026-09-25,vmc-usgubmov-ks-2026-11-03-r0-3,politics,0.0000,0,2026-09-25T06:52:46Z,,,,0.002304,0.100003,0.356,,5
2026-09-25,vmc-usgubmov-ks-2026-11-03-r6-9,politics,0.0000,0,2026-09-25T06:52:46Z,,,,0.002304,0.100003,0.356,,5
2026-09-25,vmc-usgubmov-ks-2026-11-03-r9-12,politics,0.0000,0,2026-09-25T06:52:46Z,,,,0.002407,0.100002,0.384,,3
2026-09-25,vtc-usseto-ks-2026-11-03-gt1pt1m,politics,0.0000,0,2026-09-25T06:52:46Z,,,,0.001824,0.200002,1.195,,3
2026-09-25,vtc-usgubto-ct-2026-11-03-gt1pt5m,politics,0.0002,0,2026-09-25T06:52:46Z,,,,0.079896,0.142854,0.428,,
2026-09-25,ussewc-usse-ks-2026-11-03-dem,politics,0.0000,0,2026-09-25T06:52:46Z,,,,0.000004,4.999943,1.079,,8
2026-09-25,ussewc-usse-ms-2026-11-03-dem,politics,0.0000,0,2026-09-25T06:52:46Z,,,,,4.999841,0.222,,6
2026-09-25,vmc-ussemov-il-2026-11-03-d15-20,politics,0.0000,0,2026-09-25T06:52:46Z,,,,0.000799,0.111116,0.245,,4
2026-09-25,cpoc-ussegubc-oh-2026-11-03-dsweep,politics,0.0000,0,2026-09-25T06:52:46Z,,,,0.000119,2.500005,1.073,,5
2026-09-25,paccc-usse-midterms-2026-11-03-rep,politics,3.2749,0,2026-09-25T06:52:46Z,,,,0.023843,277.275565,11.600,,11
2026-09-25,vtc-usseto-nh-2026-11-03-gt800k,politics,0.0000,0,2026-09-25T06:52:46Z,,,,0.006648,0.142854,0.589,,
2026-09-25,vmc-usgubmov-nm-2026-11-03-d0-5,politics,0.0000,0,2026-09-25T06:52:46Z,,,,0.004285,0.124996,0.378,,
2026-09-25,vmc-ussemov-co-2026-11-03-d20-25,politics,0.0000,0,2026-09-25T06:52:46Z,,,,0.001359,0.107971,0.761,,4
2026-09-25,vmc-usgubmov-ma-2026-11-03-d10-15,politics,0.0000,0,2026-09-25T06:52:46Z,,,,0.003504,0.111109,0.367,,3
2026-09-25,usgubewc-usgub-mn-2026-11-03-dem,politics,0.0316,0,2026-09-25T06:52:46Z,,,,0.128021,4.680252,1.182,,6
2026-09-25,vtc-usgubto-ct-2026-11-03-gt1pt4m,politics,0.0062,0,2026-09-25T06:52:46Z,,,,0.948002,0.142858,1.101,,3
2026-09-25,cpoc-ussegubc-mn-2026-11-03-dsweep,politics,0.0764,0,2026-09-25T07:54:12Z,,,,0.244765,2.499995,2.997,,5
2026-09-25,vtc-usseto-oh-2026-11-03-gt5pt1m,politics,0.0000,0,2026-09-25T07:54:12Z,,,,0.004775,0.111109,0.712,,3
2026-09-25,vmc-ussemov-nh-2026-11-03-d12-15,politics,0.0000,0,2026-09-25T07:54:12Z,,,,0.001646,0.100002,0.311,,3
2026-09-25,vmc-ussemov-nh-2026-11-03-d0-3,politics,0.0000,0,2026-09-25T07:54:12Z,,,,0.001670,0.099998,0.367,,3
2026-09-25,vtc-usseto-nc-2026-11-03-gt4pt1m,politics,0.0053,0,2026-09-25T07:54:12Z,,,,0.328935,0.142857,2.713,,6
2026-09-25,vmc-usgubmov-ia-2026-11-03-d3-6,politics,0.0000,0,2026-09-25T07:54:12Z,,,,0.001669,0.083333,0.767,,3
2026-09-25,vmc-usgubmov-nv-2026-11-03-r6-9,politics,0.0000,0,2026-09-25T07:54:12Z,,,,0.001338,0.083335,0.395,,
2026-09-25,vmc-usgubmov-ar-2026-11-03-r0-5,politics,0.0000,0,2026-09-25T07:54:12Z,,,,0.003331,0.111112,0.389,,3
2026-09-25,vmc-usgubmov-ks-2026-11-03-rgte18,politics,0.0000,0,2026-09-25T07:54:12Z,,,,0.016227,0.100000,0.300,,4
2026-09-25,vmc-usgubmov-co-2026-11-03-d10-15,politics,0.0000,0,2026-09-25T07:54:12Z,,,,0.002855,0.111109,0.384,,3
2026-09-25,vmc-usgubmov-nm-2026-11-03-dgte25,politics,0.0000,0,2026-09-25T07:54:12Z,,,,0.003504,0.124999,0.367,,
2026-09-25,vtc-usseto-ar-2026-11-03-gt975k,politics,0.0000,0,2026-09-25T07:54:12Z,,,,0.009203,0.142859,0.651,,3
2026-09-25,vtc-usseto-nm-2026-11-03-gt850k,politics,0.0000,0,2026-09-25T07:54:12Z,,,,0.005053,0.142857,0.695,,5
2026-09-25,vmc-usgubmov-nv-2026-11-03-r0-3,politics,0.0000,0,2026-09-25T07:54:12Z,,,,0.002120,0.083334,0.395,,
2026-09-25,vtc-usseto-al-2026-11-03-gt1pt4m,politics,0.0000,0,2026-09-25T07:54:12Z,,,,0.000419,0.142858,0.183,,
2026-09-25,vtc-usseto-al-2026-11-03-gt1pt7m,politics,0.0064,0,2026-09-25T07:54:12Z,,,,0.720356,0.142857,1.490,,
2026-09-25,vtc-usseto-nc-2026-11-03-gt4pt3m,politics,0.0109,0,2026-09-25T07:54:12Z,,,,0.757721,0.142857,2.407,,6
2026-09-25,vmc-usgubmov-nv-2026-11-03-d3-6,politics,0.0000,0,2026-09-25T07:54:12Z,,,,0.001232,0.083335,0.434,,
2026-09-25,cpoc-ussegubc-mn-2026-11-03-dgov-rsen,politics,0.0000,0,2026-09-25T07:54:12Z,,,,0.000401,2.499971,0.550,,6
2026-09-25,vtc-usgubto-pa-2026-11-03-gt5m,politics,0.0002,0,2026-09-25T07:54:12Z,,,,0.040046,0.166669,0.767,,7
2026-09-25,vmc-usgubmov-ne-2026-11-03-r25-30,politics,0.0000,0,2026-09-25T07:54:12Z,,,,0.000379,0.111110,0.167,,4
2026-09-25,vtc-usgubto-pa-2026-11-03-gt6m,politics,0.0000,0,2026-09-25T07:54:12Z,,,,0.001758,0.166664,0.634,,5
2026-09-25,vmc-usgubmov-nh-2026-11-03-r15-18,politics,0.0000,0,2026-09-25T07:54:12Z,,,,0.003102,0.100000,0.389,,
2026-09-25,vmc-usgubmov-nh-2026-11-03-r6-9,politics,0.0000,0,2026-09-25T07:54:12Z,,,,0.001356,0.099997,0.434,,
2026-09-25,vtc-usseto-tx-2026-11-03-gt11pt2m,politics,0.0000,0,2026-09-25T07:54:12Z,,,,0.005866,0.111111,0.662,,4
2026-09-25,vtc-usgubto-wi-2026-11-03-gt2pt6m,politics,0.0000,0,2026-09-25T07:54:12Z,,,,0.000425,0.166715,0.011,,2
2026-09-25,cpoc-ussegubc-oh-2026-11-03-rgov-dsen,politics,0.0541,0,2026-09-25T08:59:24Z,,,,0.088273,2.500002,5.887,,7
2026-09-25,vtc-usgubto-vt-2026-11-03-gt350k,politics,0.0000,0,2026-09-25T08:59:24Z,,,,0.002057,0.166663,0.545,,3
2026-09-25,vmc-ussemov-il-2026-11-03-d5-10,politics,0.0004,0,2026-09-25T08:59:24Z,,,,0.102716,0.111110,0.890,,5
2026-09-25,vmc-usgubmov-tn-2026-11-03-dwin,politics,0.0000,0,2026-09-25T08:59:24Z,,,,0.000181,0.111114,0.361,,
2026-09-25,vtc-usseto-co-2026-11-03-gt2pt7m,politics,0.0000,0,2026-09-25T08:59:24Z,,,,0.005738,0.142857,0.567,,3
2026-09-25,vtc-usseto-co-2026-11-03-gt3m,politics,0.0000,0,2026-09-25T08:59:24Z,,,,0.003675,0.142856,0.534,,6
2026-09-25,vmc-usgubmov-mn-2026-11-03-d10-15,politics,0.0010,1,2026-09-25T08:59:24Z,,,,0.259387,0.125002,0.767,,3
2026-09-25,vtc-usseto-co-2026-11-03-gt2pt85m,politics,0.0000,0,2026-09-25T08:59:24Z,,,,0.002150,0.142855,0.500,,3
2026-09-25,vtc-usseto-ne-2026-11-03-gt800k,politics,0.0000,0,2026-09-25T08:59:24Z,,,,0.003438,0.163138,0.972,,
2026-09-25,vmc-usgubmov-ar-2026-11-03-r25-30,politics,0.0000,0,2026-09-25T08:59:24Z,,,,0.000601,0.111110,0.256,,4
2026-09-25,vmc-usgubmov-ar-2026-11-03-r30-35,politics,0.0000,0,2026-09-25T08:59:24Z,,,,0.009676,0.111110,0.289,,3
2026-09-25,vtc-usseto-tn-2026-11-03-gt2pt4m,politics,0.0000,0,2026-09-25T08:59:24Z,,,,0.007995,0.166672,0.339,,9
2026-09-25,vtc-usseto-al-2026-11-03-gt1pt8m,politics,0.0000,0,2026-09-25T08:59:24Z,,,,0.006657,0.142859,0.656,,4
2026-09-25,vtc-usseto-wy-2026-11-03-gt210k,politics,0.0000,0,2026-09-25T08:59:24Z,,,,0.003075,0.166665,1.017,,5
2026-09-25,vmc-usgubmov-ny-2026-11-03-d20-25,politics,0.0000,0,2026-09-25T08:59:24Z,,,,0.004094,0.111114,0.411,,
2026-09-25,vmc-usgubmov-ny-2026-11-03-d5-10,politics,0.0000,0,2026-09-25T08:59:24Z,,,,0.001369,0.111110,0.389,,
2026-09-25,usgubewc-usgub-vt-2026-11-03-dem,politics,0.0434,0,2026-09-25T09:59:45Z,,,,0.202566,5.000000,1.029,,6
2026-09-25,vmc-ussemov-id-2026-11-03-r30-35,politics,0.0000,0,2026-09-25T09:59:45Z,,,,0.001750,0.111110,0.384,,5
2026-09-25,vmc-ussemov-ok-2026-11-03-r0-10,politics,0.0000,0,2026-09-25T09:59:45Z,,,,0.002965,0.100002,0.306,,
2026-09-25,vmc-ussemov-nm-2026-11-03-d0-5,politics,0.0000,0,2026-09-25T09:59:45Z,,,,0.002974,0.111114,0.278,,3
2026-09-25,vtc-usseto-ma-2026-11-03-gt2pt95m,politics,0.0000,0,2026-09-25T09:59:45Z,,,,0.002750,0.142863,0.322,,4
2026-09-25,vmc-ussemov-sc-2026-11-03-r10-15,politics,0.0000,0,2026-09-25T09:59:45Z,,,,0.001182,0.125001,0.228,,3
2026-09-25,vmc-usgubmov-hi-2026-11-03-d30-35,politics,0.0011,0,2026-09-25T09:59:45Z,,,,0.383365,0.100002,0.701,,4
2026-09-25,vtc-usseto-mi-2026-11-03-gt4pt8m,politics,0.0000,0,2026-09-25T09:59:45Z,,,,0.002717,0.124998,0.539,,
2026-09-25,vtc-usseto-mi-2026-11-03-gt5pt2m,politics,0.0000,0,2026-09-25T09:59:45Z,,,,0.006462,0.124997,0.128,,
2026-09-25,vtc-usseto-ms-2026-11-03-gt1m,politics,0.0000,0,2026-09-25T09:59:45Z,,,,0.003531,0.166655,0.056,,4
2026-09-25,vtc-usseto-or-2026-11-03-gt2pt1m,politics,0.0000,0,2026-09-25T09:59:45Z,,,,0.011925,0.119517,0.820,,
2026-09-25,vmc-usgubmov-me-2026-11-03-d0-5,politics,0.0000,0,2026-09-25T09:59:45Z,,,,0.003505,0.111147,0.033,,3
2026-09-25,ewc-usse-me-2026-11-03-dem,politics,0.4947,0,2026-09-25T09:59:45Z,,,,0.193640,112.501488,0.545,,7
2026-09-25,vmc-usgubmov-id-2026-11-03-r20-25,politics,0.0000,0,2026-09-25T09:59:45Z,,,,0.000918,0.100002,0.439,,3
2026-09-25,vmc-usgubmov-id-2026-11-03-dwin,politics,0.0000,0,2026-09-25T09:59:45Z,,,,0.000381,0.099998,0.150,,3
2026-09-25,vtc-usseto-id-2026-11-03-gt640k,politics,0.0000,0,2026-09-25T09:59:45Z,,,,0.000408,0.142873,0.100,,3
2026-09-25,usgubewc-usgub-ma-2026-11-03-dem,politics,0.0002,0,2026-09-25T11:48:06Z,,,,0.001686,5.000068,0.428,,5
2026-09-25,vmc-ussemov-sc-2026-11-03-r0-5,politics,0.0000,0,2026-09-25T11:48:06Z,,,,0.002334,0.124997,0.206,,3
2026-09-25,usgubewc-usgub-il-2026-11-03-rep,politics,0.0148,0,2026-09-25T11:48:06Z,,,,0.061063,5.000024,1.168,,7
2026-09-25,usgubewc-usgub-tn-2026-11-03-dem,politics,0.0070,0,2026-09-25T11:48:06Z,,,,0.117655,5.000204,0.284,,6
2026-09-25,scc-senate-gop-2026-11-03-55,politics,0.1551,0,2026-09-25T11:48:06Z,,,,0.214769,17.307804,1.001,,10
2026-09-25,vtc-usseto-mt-2026-11-03-gt550k,politics,0.0000,0,2026-09-25T11:48:06Z,,,,0.001270,0.166666,0.645,,2
2026-09-25,usgubewc-usgub-pa-2026-11-03-dem,politics,0.0171,0,2026-09-25T11:48:06Z,,,,0.307829,4.999972,0.267,,8
2026-09-25,vmc-usgubmov-sc-2026-11-03-d0-5,politics,0.0000,0,2026-09-25T11:48:06Z,,,,0.002329,0.124993,0.134,,
2026-09-25,ewc-usse-tx-2026-11-03-dem,politics,0.0469,0,2026-09-25T11:48:06Z,,,,0.000927,279.716814,4.315,,9
2026-09-25,ewc-usse-nc-2026-11-03-rep,politics,0.0939,0,2026-09-25T11:48:06Z,,,,0.042383,281.264953,0.189,,7
2026-09-25,ewc-usse-tx-2026-11-03-rep,politics,0.0002,0,2026-09-25T11:48:06Z,,,,0.000123,281.258035,0.106,,10
2026-09-25,scc-senate-gop-2026-11-03-51,politics,0.1410,0,2026-09-25T11:48:06Z,,,,0.136325,17.307865,1.434,,10
2026-09-25,usgubewc-usgub-ma-2026-11-03-rep,politics,0.0027,0,2026-09-25T11:48:06Z,,,,0.124086,5.000469,0.106,,6
2026-09-25,cpoc-ussegubc-mi-2026-11-03-rgov-dsen,politics,0.0046,0,2026-09-25T11:48:06Z,,,,1.000082,2.500205,0.044,,7
2026-09-25,ussewc-usse-ok-2026-11-03-rep,politics,0.0168,0,2026-09-25T12:50:43Z,,,,0.083149,5.000027,0.967,,3
2026-09-25,scc-senate-gop-2026-11-03-49,politics,0.0666,1,2026-09-25T12:50:43Z,,,,0.006304,17.113694,14.625,,9
2026-09-25,ewc-usgub-ks-2026-11-03-rep,politics,0.0011,0,2026-09-25T12:50:43Z,,,,0.000791,47.499940,0.723,,8
2026-09-25,usgubewc-usgub-nh-2026-11-03-rep,politics,0.1950,0,2026-09-25T12:50:43Z,,,,0.082421,47.500437,1.195,,8
2026-09-25,ussewc-usse-sd-2026-11-03-briben,politics,0.0000,0,2026-09-25T12:50:43Z,,,,0.000009,5.000083,0.600,,7
2026-09-25,ussewc-usse-id-2026-11-03-todach,politics,0.0000,0,2026-09-25T12:50:43Z,,,,0.000010,4.999868,0.350,,10
2026-09-25,usgubewc-usgub-vt-2026-11-03-rep,politics,0.0012,0,2026-09-25T12:50:43Z,,,,0.003302,4.999945,1.673,,
2026-09-25,usgubewc-usgub-co-2026-11-03-rep,politics,0.0200,0,2026-09-25T12:50:43Z,,,,0.099364,4.999987,0.967,,6
2026-09-25,usgubewc-usgub-me-2026-11-03-rep,politics,0.3134,1,2026-09-25T12:50:43Z,,,,0.164891,4.963959,8.988,,8
2026-09-25,usgubewc-usgub-sc-2026-11-03-rep,politics,0.6723,1,2026-09-25T12:50:43Z,,,,0.217914,4.943881,14.602,,7
2026-09-25,usgubewc-usgub-ok-2026-11-03-rep,politics,0.0013,0,2026-09-25T12:50:43Z,,,,0.029991,4.999663,0.200,,
2026-09-25,usgubewc-usgub-hi-2026-11-03-dem,politics,0.0090,0,2026-09-25T12:50:43Z,,,,0.053467,5.000023,0.806,,4
2026-09-25,usgubewc-usgub-ok-2026-11-03-dem,politics,0.0008,0,2026-09-25T12:50:43Z,,,,0.004476,4.999993,0.845,,8
2026-09-25,usgubewc-usgub-tx-2026-11-03-dem,politics,0.4005,0,2026-09-25T12:50:43Z,,,,0.092018,112.500515,0.928,,9
2026-09-25,usgubewc-usgub-tn-2026-11-03-rep,politics,0.0177,0,2026-09-25T12:50:43Z,,,,0.075022,4.647120,1.071,,4
2026-09-25,vtc-usgubto-ny-2026-11-03-gt5pt5m,politics,0.0000,0,2026-09-25T12:50:43Z,,,,0.000640,0.166664,0.306,,3
2026-09-25,usgubewc-usgub-id-2026-11-03-rep,politics,0.2175,1,2026-09-25T12:50:43Z,,,,0.111281,4.946492,9.261,,4
2026-09-25,vtc-usseto-il-2026-11-03-gt3pt5m,politics,0.0000,0,2026-09-25T12:50:43Z,,,,0.000640,0.142852,0.350,,5
2026-09-25,ussewc-usse-ma-2026-11-03-rep,politics,0.0997,0,2026-09-25T12:50:43Z,,,,0.206277,5.000001,2.318,,5
2026-09-25,vtc-usseto-ks-2026-11-03-gt800k,politics,0.0000,0,2026-09-25T12:50:43Z,,,,0.000640,0.200002,0.361,,2
2026-09-25,vmc-usgubmov-me-2026-11-03-d10-15,politics,0.0003,1,2026-09-25T12:50:43Z,,,,0.153783,0.111108,0.439,,5
2026-09-25,ussewc-usse-de-2026-11-03-rep,politics,0.0392,0,2026-09-25T12:50:43Z,,,,0.639283,4.999797,0.295,,5
2026-09-25,usgubewc-usgub-ak-2026-11-03-berwil,politics,0.8723,1,2026-09-25T12:50:43Z,,,,0.046833,31.811275,13.898,,6
2026-09-25,ewc-usgub-ga-2026-11-03-rep,politics,1.9845,0,2026-09-25T12:50:43Z,,,,0.041340,110.997446,10.115,,7
2026-09-25,usgubewc-usgub-nh-2026-11-03-dem,politics,0.0000,1,2026-09-25T12:50:43Z,,,,,,,,7
2026-09-25,usgubewc-usgub-ar-2026-11-03-rep,politics,0.0352,0,2026-09-25T12:50:43Z,,,,0.172655,4.999954,0.978,,6
2026-09-25,usgubewc-usgub-sc-2026-11-03-dem,politics,0.4167,1,2026-09-25T12:50:43Z,,,,0.140544,4.941633,14.041,,6
2026-09-25,ewc-usgub-oh-2026-11-03-dem,politics,0.3383,0,2026-09-25T12:50:43Z,,,,0.055947,112.499452,1.290,,7
2026-09-25,paccc-balpow-2026-11-03-rhou-dsen,politics,0.0321,0,2026-09-25T12:50:43Z,,,,0.014468,140.622591,0.378,,10
2026-09-25,usgubewc-usgub-ak-2026-11-03-clibis,politics,0.3143,0,2026-09-25T12:50:43Z,,,,0.329738,32.142431,0.712,,5
2026-09-25,usgubewc-usgub-ak-2026-11-03-davbro,politics,0.0411,0,2026-09-25T12:50:43Z,,,,0.157850,32.143876,0.195,,10
2026-09-25,ewc-usse-oh-2026-11-03-dem,politics,0.1563,0,2026-09-25T12:50:43Z,,,,0.027251,281.245585,0.489,,6
2026-09-25,ewc-usse-mn-2026-11-03-dem,politics,0.0065,1,2026-09-25T12:50:43Z,,,,0.008847,112.492807,0.156,,6
2026-09-25,paccc-usse-midterms-2026-11-03-dem,politics,2.7152,1,2026-09-25T12:50:43Z,,,,0.030924,280.166469,7.479,,12
2026-09-25,ewc-usse-mi-2026-11-03-rep,politics,0.0116,0,2026-09-25T12:50:43Z,,,,0.005239,281.259494,0.189,,6
2026-09-25,paccc-usho-midterms-2026-11-03-dem,politics,0.3334,0,2026-09-25T12:50:43Z,,,,0.051686,281.243733,0.550,,14
2026-09-25,paccc-balpow-2026-11-03-dhou-rsen,politics,0.0010,0,2026-09-25T12:50:43Z,,,,0.001102,140.623723,0.161,,9
2026-09-25,cpoc-ussec-tx-mi-me-2026-11-03-dtx-dmi-rme,politics,0.0129,0,2026-09-25T12:50:43Z,,,,0.794037,14.068521,0.028,,13
2026-09-25,usgubewc-usgub-wy-2026-11-03-dem,politics,0.0001,0,2026-09-25T12:50:43Z,,,,0.003791,4.999188,0.078,,6
2026-09-25,cpoc-ussegubc-me-2026-11-03-rgov-dsen,politics,0.0035,0,2026-09-25T13:51:22Z,,,,0.037526,2.500031,0.901,,
2026-09-25,cpoc-ussegubc-tx-2026-11-03-dgov-rsen,politics,0.0407,0,2026-09-25T13:51:22Z,,,,0.363042,2.499982,1.078,,7
2026-09-25,ewc-usse-ne-2026-11-03-danosb,politics,0.0057,0,2026-09-25T13:51:22Z,,,,0.006771,3.278589,6.037,,7
2026-09-25,vtc-usseto-ma-2026-11-03-gt2pt8m,politics,0.0000,0,2026-09-25T13:51:22Z,,,,0.000252,0.142856,0.350,,
2026-09-25,vtc-usseto-ms-2026-11-03-gt800k,politics,0.0000,0,2026-09-25T13:51:22Z,,,,0.000640,0.166662,0.361,,3
2026-09-25,cmovcuss-usseclose-2026-11-03-ia,politics,0.0000,0,2026-09-25T13:51:22Z,,,,0.000101,0.076925,0.495,,8
2026-09-25,vtc-usseto-ne-2026-11-03-gt700k,politics,0.0019,1,2026-09-25T13:51:22Z,,,,0.190707,0.166667,1.429,,4
2026-09-25,vmc-ussemov-or-2026-11-03-d15-20,politics,0.0004,0,2026-09-25T13:51:22Z,,,,0.121749,0.111112,0.673,,5
2026-09-25,ussewc-usse-al-2026-11-03-rep,politics,0.6743,2,2026-09-25T13:51:22Z,,,,0.246348,4.936192,12.845,,7
2026-09-25,ussewc-usse-il-2026-11-03-dem,politics,0.0061,0,2026-09-25T13:51:22Z,,,,0.030577,4.999956,0.951,,4
2026-09-25,vmc-ussemov-la-2026-11-03-dwin,politics,0.0000,0,2026-09-25T13:51:22Z,,,,0.000618,0.111113,0.884,,6
2026-09-25,vtc-usseto-wv-2026-11-03-gt450k,politics,0.0000,0,2026-09-25T13:51:22Z,,,,0.000640,0.166664,0.350,,4
2026-09-25,vtc-usseto-ga-2026-11-03-gt4pt2m,politics,0.0000,0,2026-09-25T13:51:22Z,,,,0.001060,0.136711,0.837,,
2026-09-25,ussewc-usse-wv-2026-11-03-dem,politics,0.0787,0,2026-09-25T13:51:22Z,,,,0.193585,4.999992,1.951,,5
2026-09-25,ussewc-usse-wv-2026-11-03-rep,politics,0.0059,0,2026-09-25T13:51:22Z,,,,0.154548,4.999891,0.183,,6
2026-09-25,usgubewc-usgub-hi-2026-11-03-rep,politics,0.0042,0,2026-09-25T13:51:22Z,,,,0.075593,4.999768,0.267,,8
2026-09-25,vtc-usseto-ok-2026-11-03-gt1m,politics,0.0003,0,2026-09-25T13:51:22Z,,,,0.190954,0.166656,0.222,,4
2026-09-25,vtc-usseto-oh-2026-11-03-gt4pt05m,politics,0.0000,0,2026-09-25T14:51:47Z,,,,0.000640,0.111110,0.372,,3
2026-09-25,vmc-ussemov-de-2026-11-03-d30-35,politics,0.0006,0,2026-09-25T14:51:47Z,,,,0.239606,0.100001,0.600,,3
2026-09-25,vmc-usgubmov-pa-2026-11-03-d15-20,politics,0.0015,0,2026-09-25T14:51:47Z,,,,0.278811,0.111112,1.145,,3
2026-09-25,usgubewc-usgub-il-2026-11-03-dem,politics,0.0115,0,2026-09-25T14:51:47Z,,,,0.064165,5.000046,0.862,,6
2026-09-25,vtc-usseto-nc-2026-11-03-gt3pt5m,politics,0.0000,0,2026-09-25T14:51:47Z,,,,0.000423,0.142854,0.328,,2
2026-09-25,vtc-usseto-wy-2026-11-03-gt150k,politics,0.0000,0,2026-09-25T14:51:47Z,,,,0.000260,0.166664,0.534,,3
2026-09-25,vtc-usseto-co-2026-11-03-gt2pt25m,politics,0.0003,0,2026-09-25T14:51:47Z,,,,0.047489,0.142855,0.873,,3
2026-09-25,vtc-usseto-co-2026-11-03-gt2pt4m,politics,0.0000,0,2026-09-25T14:51:47Z,,,,0.000330,0.142857,0.884,,2
2026-09-25,vtc-usgubto-nv-2026-11-03-gt1pt05m,politics,0.0002,2,2026-09-25T14:51:47Z,,,,0.020034,0.142857,1.529,,2
2026-09-25,cpoc-ussec-tx-mi-me-2026-11-03-dtx-rmi-rme,politics,0.0004,0,2026-09-25T14:51:47Z,,,,0.001040,14.062393,0.728,,17
2026-09-25,vmc-ussemov-ok-2026-11-03-r20-25,politics,0.0000,0,2026-09-25T15:45:43Z,,,,0.000426,0.095414,0.513,,
2026-09-25,vmc-usgubmov-tn-2026-11-03-rgte40,politics,0.0017,0,2026-09-25T15:45:43Z,,,,0.575697,0.100380,0.591,,5
2026-09-25,vtc-usseto-fl-2026-11-03-gt8pt25m,politics,0.0000,0,2026-09-25T15:45:43Z,,,,0.000822,0.111109,0.545,,2
2026-09-25,vtc-usseto-de-2026-11-03-gt375k,politics,0.0000,0,2026-09-25T15:45:43Z,,,,0.000605,0.111112,1.090,,2
2026-09-25,cmovcusg-usgubclose-2026-11-03-ga,politics,0.0000,0,2026-09-25T15:45:43Z,,,,0.000101,0.058822,0.506,,6
2026-09-25,vmc-usgubmov-ma-2026-11-03-d25-30,politics,0.0005,0,2026-09-25T16:33:43Z,,,,0.166243,0.105022,0.612,,4
2026-09-25,vmc-usgubmov-nm-2026-11-03-d5-10,politics,0.0000,0,2026-09-25T16:33:43Z,,,,0.008378,0.115585,0.445,,
2026-09-25,vmc-usgubmov-ny-2026-11-03-d10-15,politics,0.0000,0,2026-09-25T16:33:43Z,,,,0.008114,0.101265,0.378,,
2026-09-25,usgubewc-usgub-sd-2026-11-03-dem,politics,0.3142,1,2026-09-25T16:33:43Z,,,,0.136498,4.933245,10.515,,8
2026-09-25,vtc-usgubto-ct-2026-11-03-gt1pt3m,politics,0.0000,0,2026-09-25T16:33:43Z,,,,0.000605,0.130014,0.373,,
2026-09-25,vmc-ussemov-ms-2026-11-03-r0-5,politics,0.0006,0,2026-09-25T17:09:23Z,,,,0.224135,0.124998,0.534,,3
2026-09-25,vtc-usgubto-ny-2026-11-03-gt4pt5m,politics,0.0000,0,2026-09-25T17:09:23Z,,,,0.000640,0.166681,0.339,,3
2026-09-25,vtc-usgubto-md-2026-11-03-gt2m,politics,0.0000,0,2026-09-25T17:09:23Z,,,,0.000596,0.136423,0.477,,6
2026-09-25,vtc-usseto-oh-2026-11-03-gt4pt5m,politics,0.0009,0,2026-09-25T17:09:23Z,,,,0.160285,0.105432,1.125,,6
2026-09-25,vtc-usseto-ky-2026-11-03-gt1pt4m,politics,0.0020,0,2026-09-25T17:09:23Z,,,,0.636204,0.136839,0.511,,4
2026-09-25,ussewc-usse-ar-2026-11-03-dem,politics,0.0000,1,2026-09-25T17:09:23Z,,,,,,,,10
2026-09-25,vmc-ussemov-sc-2026-11-03-rgte30,politics,0.0005,0,2026-09-25T17:09:23Z,,,,0.150498,0.120547,0.577,,3
2026-09-25,vmc-usgubmov-ri-2026-11-03-rwin,politics,0.0001,0,2026-09-25T17:09:23Z,,,,0.494836,0.111084,0.056,,4
2026-09-25,vmc-usgubmov-ct-2026-11-03-d15-20,politics,0.0002,0,2026-09-25T17:09:23Z,,,,0.788784,0.125021,0.056,,4
2026-09-25,vmc-ussemov-mt-2026-11-03-r5-10,politics,0.0000,0,2026-09-25T17:14:16Z,,,,0.001091,0.111109,0.401,,3
2026-09-25,vmc-ussemov-nm-2026-11-03-dgte35,politics,0.0002,0,2026-09-25T17:14:16Z,,,,0.708435,0.111122,0.067,,3
2026-09-25,vmc-ussemov-al-2026-11-03-r15-20,politics,0.0017,0,2026-09-25T18:15:43Z,,,,0.295114,0.107836,1.221,,
2026-09-25,vmc-usgubmov-ct-2026-11-03-d10-15,politics,0.0003,0,2026-09-25T18:15:43Z,,,,0.110892,0.125000,0.567,,5
2026-09-25,vmc-ussemov-sc-2026-11-03-r5-10,politics,0.0000,0,2026-09-25T18:15:43Z,,,,0.001293,0.125001,0.817,,4
2026-09-25,vtc-usseto-tx-2026-11-03-gt9pt6m,politics,0.0008,2,2026-09-25T18:15:43Z,,,,0.022441,0.110122,7.275,,5
2026-09-25,vmc-ussemov-ks-2026-11-03-r0-5,politics,0.0000,0,2026-09-25T18:15:43Z,,,,0.001201,0.111113,0.434,,3
2026-09-25,vtc-usseto-mi-2026-11-03-gt4pt6m,politics,0.0016,1,2026-09-25T18:15:43Z,,,,0.075316,0.125000,4.242,,2
2026-09-25,vtc-usgubto-az-2026-11-03-gt2pt75m,politics,0.0000,0,2026-09-25T18:15:43Z,,,,0.000919,0.111115,0.406,,4
2026-09-25,vtc-usgubto-vt-2026-11-03-gt275k,politics,0.0002,0,2026-09-25T18:15:43Z,,,,0.075435,0.166670,0.350,,2
2026-09-25,vmc-ussemov-nj-2026-11-03-d15-20,politics,0.0033,1,2026-09-25T18:15:43Z,,,,0.160368,0.110208,4.422,,3
2026-09-25,vtc-usseto-oh-2026-11-03-gt4pt35m,politics,0.0000,1,2026-09-25T18:15:43Z,,,,0.006752,0.111110,0.973,,4
2026-09-25,vmc-ussemov-mt-2026-11-03-igte5,politics,0.0008,0,2026-09-25T18:15:43Z,,,,0.323248,0.111110,0.506,,4
2026-09-25,vmc-ussemov-id-2026-11-03-r10-15,politics,0.0036,0,2026-09-25T18:15:43Z,,,,0.277693,0.108471,2.728,,3
2026-09-25,vmc-ussemov-nj-2026-11-03-d20-25,politics,0.0023,1,2026-09-25T18:15:43Z,,,,0.118049,0.110139,4.111,,3
2026-09-25,vtc-usgubto-md-2026-11-03-gt2pt3m,politics,0.0000,0,2026-09-25T18:15:43Z,,,,0.000406,0.142861,0.356,,5
2026-09-25,vtc-usgubto-ca-2026-11-03-gt12pt5m,politics,0.0000,0,2026-09-25T18:15:43Z,,,,0.000627,0.111114,0.378,,2
2026-09-25,vtc-usseto-nj-2026-11-03-gt3m,politics,0.0000,0,2026-09-25T18:15:43Z,,,,0.000421,0.124998,0.322,,
2026-09-25,vmc-ussemov-ri-2026-11-03-d25-30,politics,0.0000,0,2026-09-25T18:15:43Z,,,,0.000413,0.100004,0.339,,3
2026-09-25,vmc-ussemov-ms-2026-11-03-r5-10,politics,0.0000,0,2026-09-25T18:15:43Z,,,,0.001384,0.125001,0.462,,4
2026-09-25,vtc-usseto-sc-2026-11-03-gt2m,politics,0.0001,0,2026-09-25T18:15:43Z,,,,0.025833,0.200003,0.539,,5
2026-09-25,vtc-usseto-ri-2026-11-03-gt250k,politics,0.0001,0,2026-09-25T18:15:43Z,,,,0.152624,0.200040,0.061,,
2026-09-25,vtc-usseto-wv-2026-11-03-gt500k,politics,0.0071,0,2026-09-25T19:15:54Z,,,,0.551027,0.163371,1.820,,
2026-09-25,vmc-usgubmov-tn-2026-11-03-r15-20,politics,0.0013,0,2026-09-25T19:15:54Z,,,,0.470238,0.111114,0.578,,3
2026-09-25,vmc-usgubmov-sc-2026-11-03-r15-20,politics,0.0008,0,2026-09-25T19:15:54Z,,,,0.199516,0.125001,0.762,,3
2026-09-25,vmc-usgubmov-pa-2026-11-03-d20-25,politics,0.0000,0,2026-09-25T19:15:54Z,,,,0.001176,0.111115,0.300,,
2026-09-25,vmc-ussemov-id-2026-11-03-r0-10,politics,0.0000,0,2026-09-25T19:15:54Z,,,,0.000594,0.111106,0.272,,
2026-09-25,vtc-usseto-me-2026-11-03-gt750k,politics,0.0019,0,2026-09-25T19:15:54Z,,,,0.253155,0.142857,1.251,,3
2026-09-25,vmc-usgubmov-hi-2026-11-03-d25-30,politics,0.0027,1,2026-09-25T19:15:54Z,,,,0.151771,0.099124,4.105,,6
2026-09-25,vmc-ussemov-ne-2026-11-03-i0-5,politics,0.0000,0,2026-09-25T19:15:54Z,,,,0.000402,0.099998,0.500,,3
2026-09-25,vmc-ussemov-oh-2026-11-03-d3-6,politics,0.0000,0,2026-09-25T19:15:54Z,,,,0.000373,0.083331,0.456,,3
2026-09-25,vtc-usseto-va-2026-11-03-gt2pt5m,politics,0.0001,0,2026-09-25T19:15:54Z,,,,0.809117,0.142901,0.022,,3
2026-09-25,ussewc-usse-ok-2026-11-03-dem,politics,0.0317,0,2026-09-25T19:15:54Z,,,,0.203981,4.999969,0.745,,8
2026-09-25,vtc-usseto-wy-2026-11-03-gt170k,politics,0.0000,0,2026-09-25T19:15:54Z,,,,0.000608,0.166665,0.384,,5
2026-09-25,vmc-ussemov-ia-2026-11-03-d0-3,politics,0.0000,0,2026-09-25T19:15:54Z,,,,0.000347,0.100003,0.322,,3
2026-09-25,vtc-usseto-wv-2026-11-03-gt400k,politics,0.0000,0,2026-09-25T19:15:54Z,,,,0.000640,0.166665,0.306,,2
2026-09-25,ewc-usgub-mi-2026-11-03-rep,politics,0.0031,0,2026-09-25T19:15:54Z,,,,0.003032,75.002373,0.322,,6
2026-09-25,vtc-usseto-wy-2026-11-03-gt190k,politics,0.0000,0,2026-09-25T19:15:54Z,,,,0.000646,0.166662,0.295,,4
2026-09-25,vmc-ussemov-ok-2026-11-03-r30-35,politics,0.0000,0,2026-09-25T20:12:58Z,,,,0.000817,0.091312,0.414,,
2026-09-25,usgubewc-usgub-mn-2026-11-03-rep,politics,0.0000,1,2026-09-25T20:12:58Z,,,,,,,,10
2026-09-25,vtc-usseto-ok-2026-11-03-gt900k,politics,0.0000,0,2026-09-25T20:12:58Z,,,,0.000565,0.158005,0.692,,2
2026-09-25,vtc-usseto-ok-2026-11-03-gt1pt2m,politics,0.0000,0,2026-09-25T20:12:58Z,,,,0.002011,0.159254,0.809,,5
2026-09-25,vmc-usgubmov-tx-2026-11-03-r0-3,politics,0.0000,0,2026-09-25T20:12:58Z,,,,0.000496,0.083118,0.420,,
2026-09-25,vmc-usgubmov-tx-2026-11-03-r6-9,politics,0.0000,0,2026-09-25T20:12:58Z,,,,0.000565,0.083315,0.431,,
2026-09-25,ussewc-usse-fl-2026-11-03-dem,politics,0.0000,1,2026-09-25T20:12:58Z,,,,,,,,7
2026-09-25,ussewc-usse-ar-2026-11-03-rep,politics,0.0228,0,2026-09-25T20:12:58Z,,,,0.107280,4.821678,1.009,,5
2026-09-25,vmc-ussemov-oh-2026-11-03-r0-3,politics,0.0000,0,2026-09-25T20:12:58Z,,,,0.000213,0.077438,0.508,,3
2026-09-25,cpoc-ussec-tx-mi-me-2026-11-03-dtx-rmi-dme,politics,0.0000,0,2026-09-25T20:12:58Z,,,,0.000010,14.062625,0.406,,7
2026-09-25,cpoc-ussegubc-ks-2026-11-03-rsweep,politics,0.0000,0,2026-09-25T20:12:58Z,,,,0.000071,2.374095,0.714,,7
2026-09-25,vmc-ussemov-co-2026-11-03-dgte35,politics,0.0014,0,2026-09-25T20:12:58Z,,,,0.393856,0.104938,0.648,,4
2026-09-25,vtc-usseto-nm-2026-11-03-gt600k,politics,0.0000,0,2026-09-25T20:12:58Z,,,,0.000640,0.142857,0.434,,2
2026-09-25,vmc-ussemov-oh-2026-11-03-d0-3,politics,0.0000,0,2026-09-25T20:12:58Z,,,,0.001054,0.083335,0.495,,3
2026-09-25,vmc-usgubmov-co-2026-11-03-d15-20,politics,0.0000,0,2026-09-25T20:12:58Z,,,,0.002365,0.111112,0.489,,3
2026-09-25,vmc-usgubmov-co-2026-11-03-d25-30,politics,0.0000,0,2026-09-25T20:12:58Z,,,,0.000616,0.111108,0.456,,4
2026-09-25,vmc-ussemov-ok-2026-11-03-r15-20,politics,0.0000,0,2026-09-25T20:12:58Z,,,,0.000314,0.090549,0.381,,
2026-09-25,vtc-usseto-or-2026-11-03-gt2m,politics,0.0000,0,2026-09-25T20:12:58Z,,,,0.000646,0.125023,0.061,,
2026-09-25,vtc-usseto-ia-2026-11-03-gt1pt35m,politics,0.0001,0,2026-09-25T20:12:58Z,,,,0.212991,0.111113,0.150,,3
2026-09-25,vmc-ussemov-ma-2026-11-03-d25-30,politics,0.0000,0,2026-09-25T21:15:42Z,,,,0.000412,0.099998,0.489,,
2026-09-25,vmc-ussemov-ma-2026-11-03-d20-25,politics,0.0000,0,2026-09-25T21:15:42Z,,,,0.000621,0.100001,0.467,,
2026-09-25,vmc-usgubmov-ca-2026-11-03-d20-25,politics,0.0000,0,2026-09-25T21:15:42Z,,,,0.001560,0.111112,0.473,,3
2026-09-25,vtc-usseto-nm-2026-11-03-gt750k,politics,0.0000,0,2026-09-25T21:15:42Z,,,,0.001761,0.142862,0.400,,3
2026-09-25,vmc-ussemov-wy-2026-11-03-r40-45,politics,0.0045,1,2026-09-25T21:15:42Z,,,,0.381577,0.100000,2.819,,4
2026-09-25,vmc-usgubmov-pa-2026-11-03-d25-30,politics,0.0046,0,2026-09-25T21:15:42Z,,,,0.400174,0.111112,2.524,,6
2026-09-25,vtc-usseto-ak-2026-11-03-gt275k,politics,0.0011,1,2026-09-25T21:15:42Z,,,,0.054758,0.142857,3.452,,3
2026-09-25,vtc-usseto-tx-2026-11-03-gt10m,politics,0.0010,1,2026-09-25T21:15:42Z,,,,0.244903,0.111111,0.878,,6
2026-09-25,vmc-ussemov-la-2026-11-03-r20-25,politics,0.0003,0,2026-09-25T21:15:42Z,,,,0.894910,0.111123,0.061,,3
2026-09-25,vmc-ussemov-la-2026-11-03-r15-20,politics,0.0000,0,2026-09-25T21:15:42Z,,,,0.004550,0.111112,0.522,,3
2026-09-25,vmc-ussemov-mt-2026-11-03-r0-5,politics,0.0003,0,2026-09-25T21:15:42Z,,,,0.669602,0.111102,0.106,,
2026-09-25,vmc-usgubmov-ca-2026-11-03-d5-10,politics,0.0000,0,2026-09-25T21:15:42Z,,,,0.861860,0.111130,0.006,,3
2026-09-25,vmc-ussemov-sc-2026-11-03-r20-25,politics,0.0004,0,2026-09-25T21:15:42Z,,,,0.699640,0.124991,0.122,,3
2026-09-25,vtc-usseto-ak-2026-11-03-gt290k,politics,0.0011,0,2026-09-25T21:15:42Z,,,,0.186738,0.142855,0.967,,6
2026-09-25,vtc-usseto-al-2026-11-03-gt1pt5m,politics,0.0050,1,2026-09-25T22:18:14Z,,,,0.250505,0.142857,3.380,,6
2026-09-25,vmc-ussemov-ks-2026-11-03-r15-20,politics,0.0034,0,2026-09-25T22:18:14Z,,,,0.319920,0.111111,2.313,,6
2026-09-25,vmc-usgubmov-wy-2026-11-03-rgte50,politics,0.0007,0,2026-09-25T22:18:14Z,,,,0.313222,0.100001,0.512,,4
2026-09-25,vmc-usgubmov-wy-2026-11-03-r45-50,politics,0.0035,0,2026-09-25T22:18:14Z,,,,0.370321,0.100000,2.246,,4
2026-09-25,vtc-usseto-la-2026-11-03-gt1pt4m,politics,0.0028,1,2026-09-25T22:18:14Z,,,,0.127079,0.142857,3.736,,4
2026-09-25,vtc-usseto-va-2026-11-03-gt3m,politics,0.0000,0,2026-09-25T22:18:14Z,,,,0.000640,0.142854,0.634,,2
2026-09-25,vmc-usgubmov-sd-2026-11-03-r0-10,politics,0.0005,0,2026-09-25T22:18:14Z,,,,0.216150,0.100001,0.534,,
2026-09-25,vtc-usseto-tx-2026-11-03-gt9pt2m,politics,0.0079,1,2026-09-25T22:18:14Z,,,,0.541987,0.110082,3.114,,5
2026-09-25,vmc-usgubmov-mn-2026-11-03-d5-10,politics,0.0000,0,2026-09-25T22:18:14Z,,,,0.002436,0.124999,0.395,,3
2026-09-25,vmc-ussemov-ms-2026-11-03-dwin,politics,0.0003,0,2026-09-25T22:18:14Z,,,,0.162967,0.125002,0.400,,3
2026-09-25,vmc-ussemov-mn-2026-11-03-rgte5,politics,0.0044,1,2026-09-25T22:18:14Z,,,,0.334125,0.123547,2.480,,4
2026-09-25,vmc-usgubmov-mi-2026-11-03-d9-12,politics,0.0000,0,2026-09-25T22:18:14Z,,,,0.004653,0.100001,0.317,,
2026-09-25,vmc-usgubmov-wi-2026-11-03-r3-6,politics,0.0010,0,2026-09-25T22:18:14Z,,,,0.493968,0.093767,0.463,,5
2026-09-25,vtc-usseto-tn-2026-11-03-gt1pt8m,politics,0.0000,0,2026-09-25T22:18:14Z,,,,0.000640,0.166665,0.573,,2
2026-09-25,vmc-usgubmov-sc-2026-11-03-r0-5,politics,0.0002,0,2026-09-25T22:18:14Z,,,,0.938761,0.124995,0.039,,4
2026-09-25,vmc-usgubmov-ks-2026-11-03-r3-6,politics,0.0000,0,2026-09-25T22:18:14Z,,,,0.239910,0.100031,0.022,,3
2026-09-25,vmc-usgubmov-sd-2026-11-03-r25-30,politics,0.0002,0,2026-09-25T22:18:14Z,,,,0.917588,0.100017,0.045,,4
2026-09-25,vmc-usgubmov-tn-2026-11-03-r20-25,politics,0.0000,0,2026-09-25T22:48:29Z,,,,0.003143,0.111110,0.484,,4
2026-09-25,vtc-usseto-tx-2026-11-03-gt8pt8m,politics,0.0000,0,2026-09-25T22:48:29Z,,,,0.000037,0.107056,0.790,,6
2026-09-25,vmc-usgubmov-ga-2026-11-03-d3-6,politics,0.0000,0,2026-09-25T22:48:29Z,,,,0.004077,0.093981,0.479,,3
2026-09-25,vmc-usgubmov-ga-2026-11-03-r0-3,politics,0.0000,0,2026-09-25T22:48:29Z,,,,0.000972,0.094055,0.485,,3
2026-09-25,vtc-usseto-nj-2026-11-03-gt3pt8m,politics,0.0009,0,2026-09-25T23:49:21Z,,,,0.188318,0.125000,0.895,,4
2026-09-25,vtc-usseto-id-2026-11-03-gt480k,politics,0.0000,0,2026-09-25T23:49:21Z,,,,0.000426,0.142857,0.345,,2
2026-09-25,vtc-usseto-fl-2026-11-03-gt8m,politics,0.0000,0,2026-09-25T23:49:21Z,,,,0.000640,0.111111,0.350,,2
2026-09-25,vmc-usgubmov-id-2026-11-03-r10-20,politics,0.0000,0,2026-09-25T23:49:21Z,,,,0.003900,0.100000,0.478,,4
2026-09-25,vtc-usseto-or-2026-11-03-gt1pt9m,politics,0.0000,0,2026-09-25T23:49:21Z,,,,0.000640,0.125000,0.595,,2
2026-09-25,vmc-ussemov-wy-2026-11-03-rgte50,politics,0.0018,1,2026-09-25T23:49:21Z,,,,0.313279,0.100000,1.384,,4
2026-09-25,vmc-usgubmov-az-2026-11-03-d9-12,politics,0.0000,0,2026-09-25T23:49:21Z,,,,0.000328,0.100000,0.450,,3
2026-09-25,vmc-usgubmov-hi-2026-11-03-d20-25,politics,0.0000,0,2026-09-25T23:49:21Z,,,,0.005417,0.100000,0.473,,3
2026-09-25,vmc-ussemov-tn-2026-11-03-r15-20,politics,0.0000,0,2026-09-25T23:49:21Z,,,,0.000420,0.100000,0.406,,3
2026-09-25,vmc-ushrmov-ca-47-2026-11-03-rwin,politics,0.0076,1,2026-09-25T23:49:21Z,,,,0.787977,0.125000,1.840,,5
2026-09-25,ushrewc-ushr-ca-47-2026-11-03-dem,politics,0.0160,0,2026-09-25T23:49:21Z,,,,0.099747,1.250000,3.085,,5
2026-09-25,vtc-usseto-oh-2026-11-03-gt4pt2m,politics,0.0014,1,2026-09-26T00:49:58Z,,,,0.301024,0.111111,1.039,,4
2026-09-25,cpoc-ussec-tx-mi-me-2026-11-03-rtx-dmi-dme,politics,0.0000,0,2026-09-26T00:49:58Z,,,,0.000001,14.062500,0.445,,16
2026-09-25,cpoc-ussec-tx-mi-me-2026-11-03-rtx-dmi-rme,politics,0.0000,0,2026-09-26T00:49:58Z,,,,0.000018,14.062500,0.750,,6
2026-09-25,vmc-usgubmov-ok-2026-11-03-r20-25,politics,0.0000,0,2026-09-26T00:49:58Z,,,,0.001828,0.100000,0.417,,3
2026-09-25,vmc-ussemov-mt-2026-11-03-r10-15,politics,0.0000,0,2026-09-26T00:49:58Z,,,,0.000415,0.111111,0.384,,3
2026-09-25,vtc-usgubto-ny-2026-11-03-gt6m,politics,0.0000,0,2026-09-26T00:49:58Z,,,,0.000640,0.166667,0.522,,5
2026-09-25,cpoc-ussegubc-nh-2026-11-03-rsweep,politics,0.0000,1,2026-09-26T00:49:58Z,,,,,,,,8
2026-09-25,vtc-usseto-nm-2026-11-03-gt650k,politics,0.0000,0,2026-09-26T00:49:58Z,,,,0.000589,0.142857,0.761,,3
2026-09-25,vtc-usseto-nj-2026-11-03-gt3pt6m,politics,0.0000,0,2026-09-26T00:49:58Z,,,,0.001062,0.125000,0.756,,8
2026-09-25,vmc-ussemov-ma-2026-11-03-d30-35,politics,0.0001,0,2026-09-26T00:49:58Z,,,,0.029799,0.100000,0.411,,4
2026-09-25,vmc-usgubmov-ri-2026-11-03-d15-20,politics,0.0000,0,2026-09-26T02:06:58Z,,,,0.004403,0.111111,0.467,,3
2026-09-25,vmc-ussemov-tn-2026-11-03-r25-30,politics,0.0000,0,2026-09-26T02:06:58Z,,,,0.001253,0.100000,0.322,,3
2026-09-25,vmc-ussemov-tx-2026-11-03-d0-3,politics,0.0000,0,2026-09-26T02:06:58Z,,,,0.000420,0.083333,0.306,,3
2026-09-25,vtc-usseto-tn-2026-11-03-gt1pt6m,politics,0.0000,0,2026-09-26T02:06:58Z,,,,0.000130,0.166667,0.384,,4
2026-09-25,vtc-usseto-il-2026-11-03-gt3pt25m,politics,0.0000,0,2026-09-26T02:06:58Z,,,,0.000085,0.142857,0.378,,3
2026-09-25,vtc-usseto-ky-2026-11-03-gt1pt6m,politics,0.0030,1,2026-09-26T03:07:15Z,,,,0.691678,0.142857,0.734,,5
2026-09-25,vmc-usgubmov-ne-2026-11-03-dwin,politics,0.0000,1,2026-09-26T03:07:15Z,,,,0.000737,0.111111,0.428,,5
2026-09-25,vmc-usgubmov-mi-2026-11-03-rgte6,politics,0.0016,1,2026-09-26T03:07:15Z,,,,0.941137,0.100000,0.417,,5
2026-09-25,vtc-usseto-mi-2026-11-03-gt5m,politics,0.0000,1,2026-09-26T03:07:15Z,,,,0.010554,0.125000,0.600,,6
2026-09-25,vtc-usseto-id-2026-11-03-gt560k,politics,0.0020,1,2026-09-26T03:07:15Z,,,,0.573830,0.142857,0.578,,4
2026-09-25,vmc-ussemov-or-2026-11-03-d10-15,politics,0.0000,1,2026-09-26T03:07:15Z,,,,0.004446,0.111111,0.361,,4
2026-09-25,cmovcuss-usseclose-2026-11-03-ks,politics,0.0000,1,2026-09-26T03:07:15Z,,,,,,,,7
2026-09-25,vtc-usseto-va-2026-11-03-gt3pt5m,politics,0.0023,1,2026-09-26T03:07:15Z,,,,0.864865,0.142857,0.445,,5
2026-09-25,vtc-usseto-tx-2026-11-03-gt10pt8m,politics,0.0017,1,2026-09-26T03:07:15Z,,,,0.864744,0.111111,0.422,,4
2026-09-25,vtc-usseto-ks-2026-11-03-gt1m,politics,0.0003,1,2026-09-26T03:07:15Z,,,,0.079325,0.200000,0.434,,5
2026-09-25,vmc-usgubmov-ar-2026-11-03-r15-20,politics,0.0000,1,2026-09-26T03:07:15Z,,,,0.006813,0.111111,0.289,,4
2026-09-25,vtc-usgubto-az-2026-11-03-gt2pt3m,politics,0.0012,1,2026-09-26T03:07:15Z,,,,0.864785,0.111111,0.289,,4
2026-09-25,vmc-usgubmov-ma-2026-11-03-d30-35,politics,0.0001,1,2026-09-26T03:07:15Z,,,,0.043838,0.111111,0.311,,4
2026-09-25,vtc-usseto-nh-2026-11-03-gt750k,politics,0.0009,1,2026-09-26T03:07:15Z,,,,0.413122,0.142857,0.372,,5
2026-09-25,vtc-usseto-mi-2026-11-03-gt5pt6m,politics,0.0011,1,2026-09-26T03:07:15Z,,,,0.670640,0.125000,0.322,,4
2026-09-25,vmc-usgubmov-nh-2026-11-03-r0-3,politics,0.0008,1,2026-09-26T03:07:15Z,,,,0.697706,0.100000,0.272,,5
2026-09-25,vmc-usgubmov-il-2026-11-03-d10-15,politics,0.0005,1,2026-09-26T03:07:15Z,,,,0.477710,0.111111,0.245,,4
2026-09-25,vtc-usseto-nj-2026-11-03-gt3pt2m,politics,0.0000,1,2026-09-26T03:07:15Z,,,,0.007010,0.125000,0.111,,4
2026-09-25,vtc-usseto-tx-2026-11-03-gt10pt4m,politics,0.0005,1,2026-09-26T03:07:15Z,,,,0.946851,0.111111,0.122,,5
2026-09-25,vtc-usseto-de-2026-11-03-gt325k,politics,0.0022,1,2026-09-26T03:07:15Z,,,,0.713229,0.111111,0.662,,3
2026-09-25,vtc-usgubto-hi-2026-11-03-gt400k,politics,0.0000,1,2026-09-26T03:07:15Z,,,,0.000532,0.142857,0.095,,4
2026-09-25,vtc-usgubto-hi-2026-11-03-gt340k,politics,0.0005,1,2026-09-26T03:07:15Z,,,,0.864784,0.142857,0.095,,5
2026-09-25,vtc-usgubto-hi-2026-11-03-gt460k,politics,0.0005,1,2026-09-26T03:07:15Z,,,,0.864791,0.142857,0.095,,4
2026-09-25,vtc-usgubto-hi-2026-11-03-gt430k,politics,0.0000,1,2026-09-26T03:07:15Z,,,,0.007253,0.142857,0.078,,6
2026-09-25,vmc-usgubmov-ar-2026-11-03-r20-25,politics,0.0000,1,2026-09-26T03:07:15Z,,,,0.004446,0.111111,0.061,,4
2026-09-25,vmc-usgubmov-ks-2026-11-03-d0-3,politics,0.0002,0,2026-09-26T03:07:15Z,,,,0.346872,0.100000,0.117,,5
2026-09-25,vtc-usseto-va-2026-11-03-gt3pt75m,politics,0.0000,0,2026-09-26T03:07:15Z,,,,0.000630,0.142857,0.645,,4
2026-09-25,vtc-usseto-nh-2026-11-03-gt700k,politics,0.0001,0,2026-09-26T03:07:15Z,,,,0.796142,0.142857,0.011,,4
2026-09-24,usgubewc-usgub-me-2026-11-03-dem,politics,0.3926,2,2026-09-24T04:42:30Z,,,,0.131322,4.949602,14.199,,8
2026-09-24,ushrewc-ushr-ia-01-2026-11-03-dem,politics,0.0091,1,2026-09-24T04:42:30Z,,,,0.000412,47.037409,11.263,,8
2026-09-24,ushrewc-ushr-me-02-2026-11-03-rep,politics,0.1526,0,2026-09-24T04:42:30Z,,,,0.009491,47.055159,8.120,,
2026-09-24,ushrewc-ushr-ca-45-2026-11-03-dem,politics,0.1894,1,2026-09-24T04:42:30Z,,,,0.004618,47.170817,20.654,,6
2026-09-24,ewc-usgub-az-2026-11-03-dem,politics,0.0000,0,2026-09-24T04:42:30Z,,,,0.000002,112.541485,0.017,,6
2026-09-24,ushrewc-ushr-va-02-2026-11-03-rep,politics,0.0141,1,2026-09-24T04:42:30Z,,,,0.000570,47.114332,12.377,,6
2026-09-24,ushrewc-ushr-ia-01-2026-11-03-rep,politics,0.0944,1,2026-09-24T04:42:30Z,,,,0.003751,46.964875,12.704,,10
2026-09-24,ewc-usgub-ks-2026-11-03-dem,politics,0.4174,1,2026-09-24T04:42:30Z,,,,0.009719,47.186063,21.654,,7
2026-09-24,usgubewc-usgub-ne-2026-11-03-rep,politics,0.0333,1,2026-09-24T04:42:30Z,,,,0.009919,4.955679,16.146,,6
2026-09-24,ushrewc-ushr-oh-09-2026-11-03-rep,politics,1.8216,1,2026-09-24T04:42:30Z,,,,0.046243,47.156312,19.781,,7
2026-09-24,scc-hrep-rep-2026-11-03-gte190,politics,0.0128,0,2026-09-24T04:42:30Z,,,,0.002540,18.749968,6.437,,7
2026-09-24,ussewc-usse-co-2026-11-03-rep,politics,0.5409,1,2026-09-24T04:42:30Z,,,,0.013547,47.160545,20.026,,8
2026-09-24,ewc-usgub-oh-2026-11-03-dem,politics,1.0330,0,2026-09-24T04:42:30Z,,,,0.027170,112.499941,8.111,,7
2026-09-24,ushrewc-ushr-nc-01-2026-11-03-rep,politics,0.0353,1,2026-09-24T04:42:30Z,,,,0.000891,47.159270,19.952,,6
2026-09-24,ewc-usgub-ga-2026-11-03-dem,politics,0.4594,1,2026-09-24T04:42:30Z,,,,0.135576,112.498020,0.723,,5
2026-09-24,ewc-usgub-ia-2026-11-03-dem,politics,1.8275,1,2026-09-24T04:42:30Z,,,,0.024933,111.469992,15.635,,9
2026-09-24,ewc-usgub-ia-2026-11-03-rep,politics,0.0000,1,2026-09-24T04:42:30Z,,,,0.000033,112.458211,0.028,,9
2026-09-24,ewc-usgub-nv-2026-11-03-dem,politics,0.5793,1,2026-09-24T04:42:30Z,,,,0.005645,111.764204,21.887,,6
2026-09-24,ewc-usse-mn-2026-11-03-dem,politics,0.2751,0,2026-09-24T04:42:30Z,,,,0.003876,111.934835,15.141,,7
2026-09-24,ewc-usgub-oh-2026-11-03-rep,politics,0.6215,1,2026-09-24T04:42:30Z,,,,0.015489,112.500115,8.561,,8
2026-09-24,ewc-usse-oh-2026-11-03-dem,politics,0.2661,0,2026-09-24T04:42:30Z,,,,0.001412,278.989441,15.753,,7
2026-09-24,ewc-usse-mi-2026-11-03-dem,politics,0.3790,1,2026-09-24T04:42:30Z,,,,0.031107,281.248448,1.040,,10
2026-09-24,ewc-usse-me-2026-11-03-dem,politics,1.2526,0,2026-09-24T04:42:30Z,,,,0.108256,112.500391,2.468,,8
2026-09-24,ewc-usse-me-2026-11-03-rep,politics,1.1534,1,2026-09-24T04:42:30Z,,,,0.028284,111.399035,8.585,,10
2026-09-24,ushrewc-ushr-nj-07-2026-11-03-dem,politics,0.3368,1,2026-09-24T04:42:30Z,,,,0.008732,47.190734,19.446,,8
2026-09-24,scc-hrep-rep-2026-11-03-gte185,politics,3.8368,2,2026-09-24T04:42:30Z,,,,0.244271,18.646316,19.836,,6
2026-09-24,ushrewc-ushr-tx-15-2026-11-03-dem,politics,1.1097,1,2026-09-24T04:42:30Z,,,,0.033206,47.097379,16.885,,10
2026-09-24,scc-hrep-rep-2026-11-03-gte205,politics,1.0186,1,2026-09-24T04:42:30Z,,,,0.060702,18.624372,21.360,,5
2026-09-24,usgubewc-usgub-md-2026-11-03-dem,politics,0.0761,1,2026-09-24T04:42:30Z,,,,0.019190,4.962421,19.047,,7
2026-09-24,usgubewc-usgub-ak-2026-11-03-davbro,politics,0.2899,0,2026-09-24T04:42:30Z,,,,0.030442,32.142861,7.110,,8
2026-09-24,ussewc-usse-la-2026-11-03-rep,politics,0.3293,1,2026-09-24T04:42:30Z,,,,0.083136,4.966653,18.980,,5
2026-09-24,usgubewc-usgub-nm-2026-11-03-dem,politics,0.1150,2,2026-09-24T04:42:30Z,,,,0.047232,4.992900,11.643,,5
2026-09-24,ushrewc-ushr-pa-01-2026-11-03-rep,politics,0.1643,1,2026-09-24T04:42:30Z,,,,0.013495,47.500246,6.150,,8
2026-09-24,ushrewc-ushr-ny-04-2026-11-03-rep,politics,0.0056,1,2026-09-24T04:42:30Z,,,,0.000138,47.163529,20.203,,7
2026-09-24,ushrewc-ushr-tx-34-2026-11-03-rep,politics,2.1234,1,2026-09-24T04:42:30Z,,,,0.059917,112.001014,7.533,,12
2026-09-24,ussewc-usse-nm-2026-11-03-rep,politics,0.0627,1,2026-09-24T04:42:30Z,,,,0.015853,4.966544,18.925,,5
2026-09-24,ushrewc-ushr-ny-17-2026-11-03-dem,politics,0.6810,1,2026-09-24T04:42:30Z,,,,0.018742,47.260333,18.346,,7
2026-09-24,ussewc-usse-or-2026-11-03-dem,politics,0.1967,1,2026-09-24T04:42:30Z,,,,0.051545,4.960726,18.224,,6
2026-09-24,ushrewc-ushr-tx-34-2026-11-03-dem,politics,0.9987,1,2026-09-24T04:42:30Z,,,,0.075155,112.500474,2.835,,11
2026-09-24,scc-senate-gop-2026-11-03-52,politics,0.3662,1,2026-09-24T04:42:30Z,,,,0.056069,17.307671,9.056,,10
2026-09-24,scc-hrep-rep-2026-11-03-gte215,politics,1.4640,2,2026-09-24T04:42:30Z,,,,0.084180,18.628571,22.099,,8
2026-09-24,scc-hrep-rep-2026-11-03-gte210,politics,3.1894,2,2026-09-24T04:42:30Z,,,,0.185932,18.627270,21.866,,8
2026-09-24,scc-senate-gop-2026-11-03-48,politics,0.9816,2,2026-09-24T04:42:30Z,,,,0.062687,17.192370,21.482,,8
2026-09-24,scc-hrep-rep-2026-11-03-gte235,politics,0.0337,1,2026-09-24T04:42:30Z,,,,0.002724,18.670608,15.840,,6
2026-09-24,ewc-usse-nh-2026-11-03-dem,politics,1.5984,1,2026-09-24T04:42:30Z,,,,0.043543,111.534291,7.814,,8
2026-09-24,ewc-usgub-wi-2026-11-03-dem,politics,0.4061,1,2026-09-24T04:42:30Z,,,,0.085621,112.500906,1.012,,7
2026-09-24,ewc-usgub-wi-2026-11-03-rep,politics,0.3464,1,2026-09-24T04:42:30Z,,,,0.036822,112.500673,2.007,,8
2026-09-24,ewc-usse-ak-2026-11-03-dem,politics,0.8770,1,2026-09-24T04:42:30Z,,,,0.039947,281.250017,1.874,,10
2026-09-24,ewc-usse-ia-2026-11-03-dem,politics,0.2211,1,2026-09-24T04:42:30Z,,,,0.022782,281.246016,0.828,,8
2026-09-24,ewc-usse-ia-2026-11-03-rep,politics,0.0000,1,2026-09-24T04:42:30Z,,,,0.000002,281.322550,0.028,,9
2026-09-24,paccc-balpow-2026-11-03-dsweep,politics,0.0000,1,2026-09-24T04:42:30Z,,,,,140.617691,0.206,,9
2026-09-24,paccc-balpow-2026-11-03-rsweep,politics,0.0134,1,2026-09-24T04:42:30Z,,,,0.002358,140.625985,0.967,,8
2026-09-24,paccc-usse-midterms-2026-11-03-dem,politics,1.6531,0,2026-09-24T04:42:30Z,,,,0.021760,279.797937,6.471,,18
2026-09-24,usgubewc-usgub-tx-2026-11-03-rep,politics,1.1161,1,2026-09-24T04:42:30Z,,,,0.549196,112.503260,0.434,,9
2026-09-24,ushrewc-ushr-wa-03-2026-11-03-rep,politics,0.5152,1,2026-09-24T04:42:30Z,,,,0.013845,47.246074,18.794,,9
2026-09-24,ussewc-usse-co-2026-11-03-dem,politics,0.6700,0,2026-09-24T04:42:30Z,,,,0.034020,47.499957,9.951,,7
2026-09-24,ushrewc-ushr-nc-01-2026-11-03-dem,politics,0.0220,1,2026-09-24T04:42:30Z,,,,0.005485,47.500286,2.029,,7
2026-09-24,ushrewc-ushr-me-02-2026-11-03-dem,politics,0.0000,1,2026-09-24T04:42:30Z,,,,,,,,11
2026-09-24,cpoc-ussegubc-oh-2026-11-03-dsweep,politics,0.5578,0,2026-09-24T04:42:30Z,,,,0.531459,2.479055,10.019,,
2026-09-24,cpoc-ussegubc-oh-2026-11-03-rsweep,politics,0.2847,2,2026-09-24T04:42:30Z,,,,0.204220,2.481049,13.255,,7
2026-09-24,usgubewc-usgub-fl-2026-11-03-dem,politics,0.2086,0,2026-09-24T04:42:30Z,,,,0.018642,47.500073,5.653,,
2026-09-24,cpoc-ussegubc-mi-2026-11-03-dsweep,politics,0.3488,0,2026-09-24T04:42:30Z,,,,0.312827,2.470107,10.589,,8
2026-09-24,ussewc-usse-wy-2026-11-03-dem,politics,0.0147,1,2026-09-24T04:42:30Z,,,,0.003961,4.964244,17.706,,6
2026-09-24,cpoc-ussegubc-ia-2026-11-03-dsweep,politics,0.1851,0,2026-09-24T04:42:30Z,,,,0.178619,2.480651,9.827,,
2026-09-24,cpoc-ussegubc-oh-2026-11-03-dgov-rsen,politics,0.0738,2,2026-09-24T04:42:30Z,,,,0.042973,2.480339,16.099,,10
2026-09-24,ussewc-usse-fl-2026-11-03-rep,politics,0.1487,1,2026-09-24T04:42:30Z,,,,0.054297,4.974485,13.150,,8
2026-09-24,paccc-usse-midterms-2026-11-03-rep,politics,3.3625,0,2026-09-24T04:42:30Z,,,,0.013406,279.345343,21.137,,16
2026-09-24,cpoc-ussegubc-mn-2026-11-03-dsweep,politics,0.1127,0,2026-09-24T04:42:30Z,,,,0.275254,2.500008,3.930,,
2026-09-24,cpoc-ussegubc-tx-2026-11-03-rgov-dsen,politics,0.2636,1,2026-09-24T04:42:30Z,,,,0.256305,2.482972,9.848,,8
2026-09-24,cpoc-ussegubc-me-2026-11-03-dgov-rsen,politics,0.2861,1,2026-09-24T04:42:30Z,,,,0.202813,2.481369,13.488,,7
2026-09-24,cpoc-ussegubc-oh-2026-11-03-rgov-dsen,politics,0.1347,0,2026-09-24T04:42:30Z,,,,0.212582,2.478793,5.960,,
2026-09-24,cpoc-ussec-tx-me-2026-11-03-rsweep,politics,0.3019,0,2026-09-24T04:42:30Z,,,,0.042054,28.125008,6.126,,
2026-09-24,usgubewc-usgub-ne-2026-11-03-dem,politics,0.6020,0,2026-09-24T04:42:30Z,,,,0.264106,4.964909,10.838,,
2026-09-24,ushrewc-ushr-tx-15-2026-11-03-rep,politics,0.2944,1,2026-09-24T04:42:30Z,,,,0.030902,46.580439,4.813,,12
2026-09-24,scc-hrep-rep-2026-11-03-gte220,politics,1.1342,2,2026-09-24T04:42:30Z,,,,0.082946,18.594833,17.295,,6
2026-09-24,ushrewc-ushr-nj-07-2026-11-03-rep,politics,0.0181,1,2026-09-24T04:42:30Z,,,,0.008611,47.499452,1.062,,7
2026-09-24,cpoc-ussec-tx-me-2026-11-03-rtx-dme,politics,1.7171,1,2026-09-24T04:42:30Z,,,,0.094957,27.891706,15.266,,9
2026-09-24,cpoc-ussegubc-me-2026-11-03-rsweep,politics,0.4653,0,2026-09-24T04:42:30Z,,,,0.391069,2.492680,11.413,,
2026-09-24,cpoc-ussegubc-tx-2026-11-03-rsweep,politics,0.0694,0,2026-09-24T04:42:30Z,,,,0.050445,2.483987,13.109,,7
2026-09-24,scc-senate-demst-2026-11-03-gte51,politics,0.4299,2,2026-09-24T04:42:30Z,,,,0.118634,4.958813,17.373,,9
2026-09-24,cpoc-ussegubc-ia-2026-11-03-dgov-rsen,politics,0.2809,1,2026-09-24T04:42:30Z,,,,0.203056,2.475925,13.147,,7
2026-09-24,cpoc-ussegubc-mn-2026-11-03-rsweep,politics,0.0692,0,2026-09-24T04:42:30Z,,,,0.046747,2.477743,14.221,,
2026-09-24,cpoc-ussegubc-nh-2026-11-03-dsweep,politics,0.4249,2,2026-09-24T04:42:30Z,,,,0.313172,2.490247,12.961,,6
2026-09-24,cpoc-ussegubc-mn-2026-11-03-rgov-dsen,politics,0.0839,1,2026-09-24T04:42:30Z,,,,0.073216,2.488455,10.942,,7
2026-09-24,cpoc-ussegubc-ks-2026-11-03-rsweep,politics,0.2605,0,2026-09-24T04:42:30Z,,,,0.167393,2.483149,14.906,,8
2026-09-24,cpoc-ussegubc-ia-2026-11-03-rsweep,politics,0.3053,1,2026-09-24T04:42:30Z,,,,0.317847,2.474394,9.100,,6
2026-09-24,cpoc-ussec-tx-mi-me-2026-11-03-rtx-dmi-dme,politics,0.6215,0,2026-09-24T04:42:30Z,,,,0.109345,14.062488,9.701,,12
2026-09-24,cpoc-ussec-tx-mi-me-2026-11-03-dtx-dmi-rme,politics,0.4331,0,2026-09-24T04:42:30Z,,,,0.090032,14.062505,8.211,,10
2026-09-24,usgubewc-usgub-ak-2026-11-03-jonkre,politics,1.9093,1,2026-09-24T04:42:30Z,,,,0.084784,31.868948,16.795,,8
2026-09-24,scc-hrep-demst-2026-11-03-gte235,politics,0.2867,2,2026-09-24T04:42:30Z,,,,0.090559,4.952519,15.072,,7
2026-09-24,ewc-usse-ne-2026-11-03-danosb,politics,0.0000,0,2026-09-24T04:42:30Z,,,,0.000006,3.333333,2.151,,
2026-09-24,scc-hrep-rep-2026-11-03-gte225,politics,1.2389,1,2026-09-24T04:42:30Z,,,,0.075053,18.622851,21.110,,8
2026-09-24,scc-hrep-rep-2026-11-03-gte200,politics,3.1347,1,2026-09-24T04:42:30Z,,,,0.184018,18.625147,21.493,,6
2026-09-24,scc-hrep-rep-2026-11-03-gte195,politics,1.8740,1,2026-09-24T04:42:30Z,,,,0.111722,18.621749,20.926,,9
2026-09-24,ewc-usgub-nv-2026-11-03-rep,politics,0.6290,1,2026-09-24T04:42:30Z,,,,0.016928,112.499856,7.927,,8
2026-09-24,scc-hrep-rep-2026-11-03-gte180,politics,2.8609,2,2026-09-24T04:42:30Z,,,,0.214260,18.628500,16.929,,5
2026-09-24,scc-senate-gop-2026-11-03-51,politics,0.4505,0,2026-09-24T04:42:30Z,,,,0.073408,17.307665,8.511,,9
2026-09-24,usgubewc-usgub-ak-2026-11-03-berwil,politics,0.7221,0,2026-09-24T04:42:30Z,,,,0.034515,31.986384,15.620,,9
2026-09-24,paccc-usho-midterms-2026-11-03-rep,politics,2.6019,1,2026-09-24T04:42:30Z,,,,0.013331,280.398715,16.490,,21
2026-09-24,ussewc-usse-il-2026-11-03-rep,politics,0.2572,1,2026-09-24T04:42:30Z,,,,0.108116,4.950618,11.109,,6
2026-09-24,scc-senate-gop-2026-11-03-50,politics,0.6164,1,2026-09-24T04:42:30Z,,,,0.076831,17.307700,11.124,,9
2026-09-24,aachc-cfb-wins-2026-11-28-vir-5pt5wins,cfb,0.1362,1,2026-09-24T04:42:30Z,,,,0.027064,5.967098,20.009,,4
2026-09-24,aachc-cfb-wins-2026-11-28-kan-5pt5wins,cfb,0.1250,0,2026-09-24T04:42:30Z,,,,0.033549,5.969244,14.835,,7
2026-09-24,aachc-cfb-wins-2026-11-28-arz-5pt5wins,cfb,0.0829,1,2026-09-24T04:42:30Z,,,,0.023113,5.968105,14.302,,
2026-09-24,aachc-cfb-wins-ou-2026-11-28-utahst,cfb,0.0030,1,2026-09-24T04:42:30Z,,,,0.010100,0.391637,18.224,,6
2026-09-24,aachc-cfb-wins-2026-11-28-clmsn-7pt5wins,cfb,0.2278,0,2026-09-24T04:42:30Z,,,,0.080705,5.982226,11.279,,8
2026-09-24,aachc-cfb-wins-2026-11-28-mspst-5pt5wins,cfb,0.2428,0,2026-09-24T04:42:30Z,,,,0.062582,7.479794,12.397,,
2026-09-24,aachc-cfb-wins-2026-11-28-ncst-5pt5wins,cfb,0.1169,0,2026-09-24T04:42:30Z,,,,0.072839,6.000012,6.420,,5
2026-09-24,aachc-cfb-wins-2026-11-28-okst-4pt5wins,cfb,0.0694,0,2026-09-24T04:42:30Z,,,,0.043213,5.999992,6.426,,
2026-09-24,aachc-cfb-wins-2026-11-28-iowast-4pt5wins,cfb,0.0340,0,2026-09-24T04:42:30Z,,,,0.022788,5.999993,5.965,,6
2026-09-24,aachc-cfb-wins-2026-11-28-vand-3pt5wins,cfb,0.0588,0,2026-09-24T04:42:30Z,,,,0.026522,5.999994,8.872,,
2026-09-24,aachc-cfb-wins-2026-11-28-colst-5pt5wins,cfb,0.5550,0,2026-09-24T04:42:30Z,,,,0.148269,7.479063,11.969,,7
2026-09-24,aachc-cfb-wins-2026-11-28-pitt-9pt5wins,cfb,0.0558,0,2026-09-24T04:42:30Z,,,,0.034941,6.000000,6.392,,
2026-09-24,aachc-cfb-wins-2026-11-28-ala-10pt5wins,cfb,0.0869,0,2026-09-24T04:42:30Z,,,,0.054797,5.999996,6.342,,5
2026-09-24,aachc-cfb-wins-2026-11-28-pennst-9pt5wins,cfb,0.5081,0,2026-09-24T04:42:30Z,,,,0.136583,5.969194,14.813,,7
2026-09-24,aachc-cfb-wins-2026-11-28-arzst-6pt5wins,cfb,0.0682,0,2026-09-24T04:42:30Z,,,,0.034772,6.000006,7.849,,
2026-09-24,aachc-cfb-wins-2026-11-28-missr-5pt5wins,cfb,0.0221,0,2026-09-24T04:42:30Z,,,,0.015063,5.999988,5.865,,
2026-09-24,aachc-cfb-wins-2026-11-28-hou-9pt5wins,cfb,0.1051,0,2026-09-24T04:42:30Z,,,,0.028566,5.968731,14.596,,9
2026-09-24,aachc-cfb-wins-2026-11-28-duke-6pt5wins,cfb,0.0673,0,2026-09-24T04:42:30Z,,,,0.075733,6.000015,3.552,,4
2026-09-24,aachc-cfb-wins-2026-11-28-cin-7pt5wins,cfb,0.0012,0,2026-09-24T04:42:30Z,,,,0.006472,6.000025,0.728,,
2026-09-24,usgubewc-usgub-al-2026-11-03-rep,politics,0.0004,2,2026-09-24T04:42:30Z,,,,0.000784,4.963852,2.279,,7
2026-09-24,scc-hrep-rep-2026-11-03-gte230,politics,3.5043,1,2026-09-24T04:42:30Z,,,,0.229067,18.611200,19.336,,10
2026-09-24,usgubewc-usgub-ri-2026-11-03-dem,politics,0.8375,1,2026-09-24T04:42:30Z,,,,0.306817,3.308760,19.413,,9
2026-09-24,scc-senate-gop-2026-11-03-lte45,politics,0.0768,0,2026-09-24T04:42:30Z,,,,0.010774,17.307663,9.895,,9
2026-09-24,usgubewc-usgub-or-2026-11-03-dem,politics,0.6152,0,2026-09-24T04:42:30Z,,,,0.394084,4.999992,7.493,,
2026-09-24,ussewc-usse-ms-2026-11-03-rep,politics,0.1040,0,2026-09-24T04:42:30Z,,,,0.078762,5.000009,6.337,,7
2026-09-24,ewc-usse-ne-2026-11-03-rep,politics,0.0664,0,2026-09-24T04:42:30Z,,,,0.042123,3.323468,11.296,,
2026-09-24,ewc-usse-nc-2026-11-03-dem,politics,0.1287,0,2026-09-24T04:42:30Z,,,,0.012426,281.254291,0.884,,7
2026-09-24,usgubewc-usgub-tx-2026-11-03-dem,politics,1.0293,0,2026-09-24T04:42:30Z,,,,0.211185,112.500098,1.040,,7
2026-09-24,ewc-usse-mi-2026-11-03-rep,politics,0.2521,0,2026-09-24T04:42:30Z,,,,0.020915,281.248066,1.028,,7
2026-09-24,aachc-cfb-wins-2026-11-28-arzst-8pt5wins,cfb,0.1819,0,2026-09-24T04:42:30Z,,,,0.129038,5.964091,5.581,,5
2026-09-24,aachc-cfb-wins-2026-11-28-okl-5pt5wins,cfb,0.0296,0,2026-09-24T04:42:30Z,,,,0.023884,5.999995,4.959,,7
2026-09-24,aachc-cfb-wins-2026-11-28-mst-3pt5wins,cfb,0.0307,0,2026-09-24T04:42:30Z,,,,0.024558,5.959545,4.953,,5
2026-09-24,aachc-cfb-wins-2026-11-28-iowast-2pt5wins,cfb,0.0204,0,2026-09-24T05:43:12Z,,,,0.116378,5.999904,0.700,,
2026-09-24,aachc-cfb-wins-2026-11-28-cin-6pt5wins,cfb,0.0001,0,2026-09-24T05:43:12Z,,,,0.000699,6.000103,0.745,,
2026-09-24,aachc-cfb-wins-2026-11-28-clmsn-8pt5wins,cfb,0.0004,0,2026-09-24T05:43:12Z,,,,0.000450,5.946511,3.747,,
2026-09-24,aachc-cfb-wins-2026-11-28-cin-3pt5wins,cfb,0.0746,0,2026-09-24T05:43:12Z,,,,0.050516,5.965984,5.892,,
2026-09-24,usgubewc-usgub-co-2026-11-03-dem,politics,0.3219,1,2026-09-24T05:43:12Z,,,,0.280756,4.954178,5.448,,7
2026-09-24,scc-senate-gop-2026-11-03-55,politics,0.0249,0,2026-09-24T05:43:12Z,,,,0.167653,17.307035,0.206,,10
2026-09-24,ussewc-usse-al-2026-11-03-dem,politics,0.9454,1,2026-09-24T06:45:19Z,,,,0.383978,4.945647,11.648,,8
2026-09-24,ussewc-usse-wv-2026-11-03-rep,politics,0.0621,0,2026-09-24T06:45:19Z,,,,0.112180,5.000018,2.657,,7
2026-09-24,scc-senate-demst-2026-11-03-gte49,politics,0.2187,1,2026-09-24T06:45:19Z,,,,0.127977,4.943172,8.201,,3
2026-09-24,usgubewc-usgub-or-2026-11-03-rep,politics,0.1238,1,2026-09-24T06:45:19Z,,,,0.058440,4.950361,10.121,,9
2026-09-24,usgubewc-usgub-ok-2026-11-03-dem,politics,0.0116,0,2026-09-24T06:45:19Z,,,,0.154419,5.000002,0.361,,
2026-09-24,aachc-cfb-wins-2026-11-28-fl-9pt5wins,cfb,0.0013,0,2026-09-24T06:45:19Z,,,,0.001479,5.941064,3.402,,5
2026-09-24,aachc-cfb-wins-2026-11-28-duke-7pt5wins,cfb,0.0143,0,2026-09-24T06:45:19Z,,,,0.033253,6.000047,1.718,,
2026-09-24,aachc-cfb-wins-2026-11-28-flst-5pt5wins,cfb,0.0000,0,2026-09-24T06:45:19Z,,,,0.000122,6.000018,0.789,,8
2026-09-24,aachc-cfb-wins-2026-11-28-bayl-7pt5wins,cfb,0.0000,0,2026-09-24T06:45:19Z,,,,0.000043,5.999966,1.129,,6
2026-09-24,aachc-cfb-wins-2026-11-28-aubrn-6pt5wins,cfb,0.0783,0,2026-09-24T06:45:19Z,,,,0.052010,6.000013,6.021,,7
2026-09-24,aachc-cfb-wins-2026-11-28-bayl-5pt5wins,cfb,0.1848,0,2026-09-24T06:45:19Z,,,,0.089271,5.975780,8.278,,6
2026-09-24,aachc-cfb-wins-2026-11-28-aubrn-5pt5wins,cfb,0.0001,0,2026-09-24T06:45:19Z,,,,0.000412,6.000007,1.445,,8
2026-09-24,aachc-cfb-wins-2026-11-28-aubrn-8pt5wins,cfb,0.0195,0,2026-09-24T06:45:19Z,,,,0.037328,6.000013,2.090,,7
2026-09-24,aachc-cfb-wins-2026-11-28-boscol-3pt5wins,cfb,0.0089,0,2026-09-24T06:45:19Z,,,,0.008669,7.499998,3.297,,5
2026-09-24,aachc-cfb-wins-2026-11-28-kanst-10pt5wins,cfb,0.0136,0,2026-09-24T06:45:19Z,,,,0.014079,6.000000,3.875,,7
2026-09-24,aachc-cfb-wins-2026-11-28-ore-9pt5wins,cfb,0.0030,0,2026-09-24T06:45:19Z,,,,0.005492,7.500014,1.734,,
2026-09-24,aachc-cfb-wins-2026-11-28-txam-7pt5wins,cfb,0.0197,0,2026-09-24T06:45:19Z,,,,0.045919,5.999976,1.712,,7
2026-09-24,aachc-cfb-wins-2026-11-28-boscol-4pt5wins,cfb,0.0010,0,2026-09-24T06:45:19Z,,,,0.004421,7.500038,0.695,,7
2026-09-24,aachc-cfb-wins-2026-11-28-utah-10pt5wins,cfb,0.0093,0,2026-09-24T06:45:19Z,,,,0.005401,5.970935,6.893,,
2026-09-24,scc-senate-gop-2026-11-03-54,politics,0.1148,1,2026-09-24T06:45:19Z,,,,0.010046,17.151345,15.846,,12
2026-09-24,aachc-cfb-wins-2026-11-28-gtech-5pt5wins,cfb,0.0299,0,2026-09-24T06:45:19Z,,,,0.034709,6.000003,3.446,,
2026-09-24,cpoc-ussegubc-ks-2026-11-03-dsweep,politics,0.0610,1,2026-09-24T07:45:32Z,,,,0.097342,2.472000,5.989,,8
2026-09-24,cpoc-ussegubc-ia-2026-11-03-rgov-dsen,politics,0.1049,0,2026-09-24T07:45:32Z,,,,0.184372,2.460758,5.349,,
2026-09-24,ussewc-usse-al-2026-11-03-rep,politics,0.0312,0,2026-09-24T07:45:32Z,,,,0.085784,4.999977,1.746,,6
2026-09-24,aachc-cfb-wins-2026-11-28-gtech-6pt5wins,cfb,0.0059,0,2026-09-24T07:45:32Z,,,,0.007735,6.000017,3.058,,
2026-09-24,aachc-cfb-wins-2026-11-28-kan-4pt5wins,cfb,0.0000,0,2026-09-24T07:45:32Z,,,,0.000173,6.000100,0.728,,
2026-09-24,aachc-cfb-wins-2026-11-28-wake-4pt5wins,cfb,0.0189,0,2026-09-24T07:45:32Z,,,,0.088204,6.000060,0.856,,
2026-09-24,aachc-cfb-wins-2026-11-28-nebr-7pt5wins,cfb,0.0002,0,2026-09-24T07:45:32Z,,,,0.000991,6.000022,0.739,,
2026-09-24,aachc-cfb-wins-2026-11-28-ncst-6pt5wins,cfb,0.0000,0,2026-09-24T07:45:32Z,,,,0.000224,5.999959,0.756,,
2026-09-24,aachc-cfb-wins-2026-11-28-ncst-7pt5wins,cfb,0.0152,0,2026-09-24T07:45:32Z,,,,0.034090,5.999965,1.779,,
2026-09-24,aachc-cfb-wins-2026-11-28-ncst-8pt5wins,cfb,0.0000,0,2026-09-24T07:45:32Z,,,,0.000135,6.000037,0.645,,
2026-09-24,aachc-cfb-wins-2026-11-28-nd-11pt5wins,cfb,0.0000,0,2026-09-24T07:45:32Z,,,,0.000163,6.000041,0.756,,
2026-09-24,aachc-cfb-wins-2026-11-28-ncar-6pt5wins,cfb,0.0012,0,2026-09-24T07:45:32Z,,,,0.002460,5.999964,1.979,,5
2026-09-24,aachc-cfb-wins-2026-11-28-nebr-8pt5wins,cfb,0.0001,0,2026-09-24T07:45:32Z,,,,0.000771,6.000090,0.406,,
2026-09-24,aachc-cfb-wins-2026-11-28-nw-6pt5wins,cfb,0.0001,0,2026-09-24T07:45:32Z,,,,0.000656,6.000068,0.745,,
2026-09-24,paccc-balpow-2026-11-03-dhou-rsen,politics,0.3754,0,2026-09-24T07:45:32Z,,,,0.082926,140.627420,0.773,,8
2026-09-24,usgubewc-usgub-wy-2026-11-03-rep,politics,0.2085,1,2026-09-24T07:45:32Z,,,,0.130185,4.989244,7.685,,5
2026-09-24,aachc-cfb-wins-2026-11-28-nd-7pt5wins,cfb,0.0031,0,2026-09-24T07:45:32Z,,,,0.025241,5.999906,0.489,,
2026-09-24,ussewc-usse-sd-2026-11-03-rep,politics,0.7177,1,2026-09-24T08:46:23Z,,,,0.228052,4.952410,15.040,,6
2026-09-24,usgubewc-usgub-sd-2026-11-03-rep,politics,1.4949,2,2026-09-24T08:46:23Z,,,,0.564147,4.942947,12.542,,9
2026-09-24,aachc-cfb-wins-2026-11-28-missr-7pt5wins,cfb,0.2384,0,2026-09-24T08:46:23Z,,,,0.212055,5.999993,4.498,,
2026-09-24,aachc-cfb-wins-2026-11-28-ore-10pt5wins,cfb,0.0000,0,2026-09-24T08:46:23Z,,,,0.000161,7.500015,0.762,,
2026-09-24,aachc-cfb-wins-2026-11-28-okst-7pt5wins,cfb,0.0001,0,2026-09-24T08:46:23Z,,,,0.000515,6.000091,0.739,,
2026-09-24,aachc-cfb-wins-2026-11-28-okl-8pt5wins,cfb,0.0008,0,2026-09-24T08:46:23Z,,,,0.004402,6.000085,0.706,,
2026-09-24,aachc-cfb-wins-2026-11-28-okst-6pt5wins,cfb,0.0011,0,2026-09-24T08:46:23Z,,,,0.001223,5.941266,3.413,,
2026-09-24,aachc-cfb-wins-2026-11-28-oregst-5pt5wins,cfb,0.0001,0,2026-09-24T08:46:23Z,,,,0.000552,6.000085,0.762,,
2026-09-24,aachc-cfb-wins-2026-11-28-pennst-10pt5wins,cfb,0.0003,0,2026-09-24T08:46:23Z,,,,0.001637,5.999954,0.750,,
2026-09-24,aachc-cfb-wins-2026-11-28-pennst-7pt5wins,cfb,0.0068,0,2026-09-24T08:46:23Z,,,,0.015370,6.000009,1.779,,
2026-09-24,aachc-cfb-wins-2026-11-28-pennst-11pt5wins,cfb,0.0000,0,2026-09-24T08:46:23Z,,,,0.000227,5.999968,0.750,,
2026-09-24,ewc-usse-nh-2026-11-03-rep,politics,0.1117,0,2026-09-24T08:46:23Z,,,,0.021768,112.500603,1.095,,5
2026-09-24,aachc-cfb-wins-2026-11-28-kan-7pt5wins,cfb,0.0000,0,2026-09-24T08:46:23Z,,,,0.000165,5.999926,0.751,,
2026-09-24,aachc-cfb-wins-2026-11-28-okl-7pt5wins,cfb,0.0005,0,2026-09-24T08:46:23Z,,,,0.001388,6.000056,1.462,,
2026-09-24,usgubewc-usgub-ct-2026-11-03-rep,politics,0.7464,2,2026-09-24T09:46:32Z,,,,0.285055,4.942211,12.382,,11
2026-09-24,aachc-cfb-wins-2026-11-28-rutger-3pt5wins,cfb,0.0001,0,2026-09-24T09:46:32Z,,,,0.000728,5.999994,0.739,,
2026-09-24,aachc-cfb-wins-2026-11-28-sc-6pt5wins,cfb,0.0000,1,2026-09-24T09:46:32Z,,,,,,,,7
2026-09-24,aachc-cfb-wins-2026-11-28-sc-5pt5wins,cfb,0.0005,0,2026-09-24T09:46:32Z,,,,0.002802,6.000027,0.745,,
2026-09-24,aachc-cfb-wins-2026-11-28-ncar-5pt5wins,cfb,0.0371,0,2026-09-24T09:46:32Z,,,,0.046108,6.000014,3.219,,5
2026-09-24,aachc-cfb-wins-2026-11-28-ncar-4pt5wins,cfb,0.0030,0,2026-09-24T09:46:32Z,,,,0.016026,6.000004,0.750,,7
2026-09-24,aachc-cfb-wins-2026-11-28-mst-6pt5wins,cfb,0.0008,0,2026-09-24T09:46:32Z,,,,0.003164,6.000127,1.034,,8
2026-09-24,usgubewc-usgub-il-2026-11-03-rep,politics,0.0000,0,2026-09-24T09:46:32Z,,,,0.001918,5.000521,0.067,,5
2026-09-24,ussewc-usse-ma-2026-11-03-dem,politics,0.0013,0,2026-09-24T09:46:32Z,,,,0.028583,4.999965,0.222,,7
2026-09-24,scc-senate-gop-2026-11-03-49,politics,0.0159,0,2026-09-24T09:46:32Z,,,,0.113679,17.308216,0.195,,10
2026-09-24,aachc-cfb-wins-2026-11-28-pur-2pt5wins,cfb,0.0000,0,2026-09-24T09:46:32Z,,,,0.000227,6.000043,0.762,,9
2026-09-24,aachc-cfb-wins-2026-11-28-rutger-2pt5wins,cfb,0.0002,0,2026-09-24T09:46:32Z,,,,0.001333,5.999967,0.734,,
2026-09-24,aachc-cfb-wins-2026-11-28-pur-3pt5wins,cfb,0.0001,0,2026-09-24T09:46:32Z,,,,0.000808,5.999974,0.739,,
2026-09-24,ussewc-usse-sc-2026-11-03-dem,politics,0.0097,0,2026-09-24T12:00:24Z,,,,0.226774,5.000285,0.206,,6
2026-09-24,ussewc-usse-ar-2026-11-03-dem,politics,0.0000,1,2026-09-24T12:00:24Z,,,,,,,,8
2026-09-24,ussewc-usse-ks-2026-11-03-dem,politics,0.1116,0,2026-09-24T12:00:24Z,,,,0.344020,5.000001,1.557,,7
2026-09-24,usgubewc-usgub-mn-2026-11-03-rep,politics,0.0000,1,2026-09-24T12:00:24Z,,,,,,,,2
2026-09-24,ussewc-usse-la-2026-11-03-dem,politics,0.3078,1,2026-09-24T12:00:24Z,,,,0.201096,4.965278,7.286,,7
2026-09-24,aachc-cfb-wins-2026-11-28-ohiost-10pt5wins,cfb,0.0020,0,2026-09-24T12:00:24Z,,,,0.019283,7.499818,0.334,,
2026-09-24,aachc-cfb-wins-2026-11-28-tcu-6pt5wins,cfb,0.0000,0,2026-09-24T12:00:24Z,,,,0.000197,5.999957,0.423,,8
2026-09-24,aachc-cfb-wins-2026-11-28-tcu-8pt5wins,cfb,0.0000,0,2026-09-24T12:00:24Z,,,,0.000039,6.000204,0.378,,6
2026-09-24,aachc-cfb-wins-2026-11-28-tcu-9pt5wins,cfb,0.0000,0,2026-09-24T12:00:24Z,,,,0.000076,6.000093,0.361,,6
2026-09-24,aachc-cfb-wins-2026-11-28-sc-8pt5wins,cfb,0.0056,0,2026-09-24T12:00:24Z,,,,0.006470,5.941108,3.402,,
2026-09-24,aachc-cfb-wins-2026-11-28-bayl-6pt5wins,cfb,0.0119,0,2026-09-24T12:00:24Z,,,,0.190263,6.000094,0.250,,9
2026-09-24,aachc-cfb-wins-2026-11-28-aubrn-7pt5wins,cfb,0.0000,1,2026-09-24T12:00:24Z,,,,,,,,7
2026-09-24,ewc-usse-tx-2026-11-03-dem,politics,0.0200,0,2026-09-24T13:01:10Z,,,,0.000513,281.250824,3.330,,8
2026-09-24,ewc-usgub-mi-2026-11-03-dem,politics,0.1133,1,2026-09-24T13:01:10Z,,,,0.002334,74.306761,15.484,,5
2026-09-24,ussewc-usse-id-2026-11-03-todach,politics,0.0000,0,2026-09-24T13:01:10Z,,,,,4.999937,0.217,,5
2026-09-24,cpoc-ussec-tx-mi-me-2026-11-03-dsweep,politics,0.9559,1,2026-09-24T13:01:10Z,,,,0.182999,13.956363,8.887,,9
2026-09-24,ewc-usgub-az-2026-11-03-rep,politics,0.1794,1,2026-09-24T13:01:10Z,,,,0.765012,112.502830,0.050,,6
2026-09-24,ussewc-usse-va-2026-11-03-dem,politics,0.0116,0,2026-09-24T13:01:10Z,,,,0.005968,47.500256,0.979,,8
2026-09-24,usgubewc-usgub-vt-2026-11-03-rep,politics,0.0238,0,2026-09-24T13:01:10Z,,,,0.119266,4.999945,0.956,,
2026-09-24,cpoc-ussec-tx-mi-me-2026-11-03-rtx-dmi-rme,politics,0.0502,0,2026-09-24T13:01:10Z,,,,0.016665,13.971026,5.137,,6
2026-09-24,usgubewc-usgub-ct-2026-11-03-dem,politics,0.0327,1,2026-09-24T13:01:10Z,,,,0.011889,4.961908,13.190,,6
2026-09-24,ussewc-usse-nm-2026-11-03-dem,politics,0.0000,0,2026-09-24T13:01:10Z,,,,,4.999922,0.361,,9
2026-09-24,usgubewc-usgub-hi-2026-11-03-rep,politics,0.0260,0,2026-09-24T13:01:10Z,,,,0.141073,4.999940,0.884,,8
2026-09-24,usgubewc-usgub-il-2026-11-03-dem,politics,0.0209,0,2026-09-24T13:01:10Z,,,,0.123529,5.000062,0.812,,6
2026-09-24,ussewc-usse-ri-2026-11-03-dem,politics,0.0000,0,2026-09-24T13:01:10Z,,,,0.000001,4.999347,0.084,,6
2026-09-24,usgubewc-usgub-id-2026-11-03-dem,politics,0.8239,1,2026-09-24T13:01:10Z,,,,0.337637,4.956571,11.572,,9
2026-09-24,ussewc-usse-tn-2026-11-03-dem,politics,0.3590,1,2026-09-24T13:01:10Z,,,,0.230239,4.943170,7.385,,5
2026-09-24,ussewc-usse-tn-2026-11-03-rep,politics,0.1498,0,2026-09-24T13:01:10Z,,,,0.165787,4.910318,4.240,,6
2026-09-24,usgubewc-usgub-tn-2026-11-03-dem,politics,0.0618,0,2026-09-24T13:01:10Z,,,,0.299565,4.999968,0.990,,5
2026-09-24,ussewc-usse-ar-2026-11-03-rep,politics,0.0005,0,2026-09-24T13:01:10Z,,,,0.002573,5.000062,0.973,,
2026-09-24,usgubewc-usgub-ak-2026-11-03-clibis,politics,0.3551,0,2026-09-24T13:01:10Z,,,,0.150431,32.142809,1.763,,8
2026-09-24,ewc-usgub-ga-2026-11-03-rep,politics,1.0041,0,2026-09-24T13:01:10Z,,,,0.092622,112.499474,2.313,,6
2026-09-24,usgubewc-usgub-ma-2026-11-03-dem,politics,0.0001,0,2026-09-24T13:01:10Z,,,,0.002424,5.000077,0.150,,4
2026-09-24,usgubewc-usgub-me-2026-11-03-rep,politics,0.1198,0,2026-09-24T13:01:10Z,,,,0.145132,4.957568,3.936,,10
2026-09-24,ussewc-usse-ri-2026-11-03-rep,politics,0.0000,0,2026-09-24T13:01:10Z,,,,,5.000480,0.133,,6
2026-09-24,cpoc-ussec-tx-me-2026-11-03-dtx-rme,politics,0.0539,1,2026-09-24T13:01:10Z,,,,0.006396,27.862015,7.175,,13
2026-09-24,ussewc-usse-id-2026-11-03-rep,politics,0.0414,1,2026-09-24T13:01:10Z,,,,0.019115,4.930462,10.292,,5
2026-09-24,usgubewc-usgub-sd-2026-11-03-dem,politics,0.0018,0,2026-09-24T13:01:10Z,,,,0.075667,4.999626,0.117,,7
2026-09-24,usgubewc-usgub-sc-2026-11-03-dem,politics,0.0000,0,2026-09-24T13:01:10Z,,,,,4.999813,0.200,,
2026-09-24,ussewc-usse-ky-2026-11-03-dem,politics,0.0000,0,2026-09-24T13:01:10Z,,,,,4.999951,0.956,,4
2026-09-24,ussewc-usse-ma-2026-11-03-rep,politics,0.0208,0,2026-09-24T13:01:10Z,,,,0.095568,4.999962,1.045,,5
2026-09-24,ussewc-usse-nj-2026-11-03-rep,politics,0.0000,0,2026-09-24T13:01:10Z,,,,,5.000053,1.034,,6
2026-09-24,aachc-cfb-wins-2026-11-28-lou-8pt5wins,cfb,0.0011,0,2026-09-24T13:01:10Z,,,,0.001839,5.999975,2.396,,6
2026-09-24,aachc-cfb-wins-2026-11-28-ucf-6pt5wins,cfb,0.0003,0,2026-09-24T13:01:10Z,,,,0.002663,6.000155,0.412,,
2026-09-24,aachc-cfb-wins-2026-11-28-col-6pt5wins,cfb,0.0025,0,2026-09-24T13:01:10Z,,,,0.020633,5.999977,0.489,,
2026-09-24,aachc-cfb-wins-2026-11-28-hou-7pt5wins,cfb,0.0000,0,2026-09-24T13:01:10Z,,,,0.000088,6.000126,0.634,,4
2026-09-24,aachc-cfb-wins-2026-11-28-mich-9pt5wins,cfb,0.0001,0,2026-09-24T13:01:10Z,,,,0.000899,5.999816,0.400,,
2026-09-24,aachc-cfb-wins-2026-11-28-minnst-4pt5wins,cfb,0.2861,0,2026-09-24T13:01:10Z,,,,0.146343,5.900005,7.598,,6
2026-09-24,aachc-cfb-wins-2026-11-28-frest-7pt5wins,cfb,0.0126,0,2026-09-24T13:01:10Z,,,,0.035659,5.999986,1.418,,7
2026-09-24,aachc-cfb-wins-2026-11-28-tenn-9pt5wins,cfb,0.0000,1,2026-09-24T13:01:10Z,,,,,,,,5
2026-09-24,aachc-cfb-wins-2026-11-28-txst-6pt5wins,cfb,0.0006,0,2026-09-24T13:01:10Z,,,,0.003720,6.000067,0.612,,
2026-09-24,aachc-cfb-wins-2026-11-28-ore-8pt5wins,cfb,0.0279,0,2026-09-24T13:01:10Z,,,,0.063051,7.500033,1.418,,
2026-09-24,aachc-cfb-wins-2026-11-28-wvir-7pt5wins,cfb,0.0015,0,2026-09-24T13:01:10Z,,,,0.008259,6.000086,0.723,,
2026-09-24,aachc-cfb-wins-2026-11-28-txtech-10pt5wins,cfb,0.0000,0,2026-09-24T13:01:10Z,,,,,6.000011,0.951,,6
2026-09-24,aachc-cfb-wins-2026-11-28-tx-9pt5wins,cfb,0.0003,0,2026-09-24T13:01:10Z,,,,0.001770,5.999962,0.712,,6
2026-09-24,aachc-cfb-wins-2026-11-28-vand-4pt5wins,cfb,0.0062,0,2026-09-24T13:01:10Z,,,,0.007422,5.938659,3.269,,
2026-09-24,aachc-cfb-wins-2026-11-28-wash-7pt5wins,cfb,0.0000,0,2026-09-24T13:01:10Z,,,,0.000041,6.000109,0.756,,
2026-09-24,aachc-cfb-wins-2026-11-28-vand-5pt5wins,cfb,0.0036,0,2026-09-24T13:01:10Z,,,,0.018591,5.999966,0.779,,
2026-09-24,aachc-cfb-wins-2026-11-28-usc-8pt5wins,cfb,0.0015,0,2026-09-24T13:01:10Z,,,,0.016611,5.999915,0.350,,5
2026-09-24,aachc-cfb-wins-2026-11-28-tenn-7pt5wins,cfb,0.0015,0,2026-09-24T13:01:10Z,,,,0.006351,6.000020,0.973,,5
2026-09-24,aachc-cfb-wins-ou-2026-11-28-utah,cfb,0.0016,0,2026-09-24T13:01:10Z,,,,0.095860,0.394732,1.029,,
2026-09-24,paccc-balpow-2026-11-03-rhou-dsen,politics,0.0026,0,2026-09-24T13:01:10Z,,,,0.002327,140.615743,0.189,,11
2026-09-24,ewc-usgub-mi-2026-11-03-rep,politics,0.0065,0,2026-09-24T13:01:10Z,,,,0.003649,72.836974,0.573,,9
2026-09-24,ewc-usse-ga-2026-11-03-rep,politics,0.1484,0,2026-09-24T13:01:10Z,,,,0.019805,281.251078,0.639,,9
2026-09-24,ewc-usse-nc-2026-11-03-rep,politics,0.1056,0,2026-09-24T13:01:10Z,,,,0.019070,281.257643,0.472,,5
2026-09-24,ewc-usse-tx-2026-11-03-rep,politics,0.0329,0,2026-09-24T13:01:10Z,,,,0.004109,281.246544,0.684,,7
2026-09-24,ussewc-usse-wy-2026-11-03-rep,politics,0.0073,0,2026-09-24T13:01:10Z,,,,0.372132,4.999842,0.095,,6
2026-09-24,usgubewc-usgub-wy-2026-11-03-dem,politics,0.0426,0,2026-09-24T13:01:10Z,,,,0.153100,5.000015,1.334,,6
2026-09-24,usgubewc-usgub-md-2026-11-03-rep,politics,0.0537,2,2026-09-24T13:01:10Z,,,,0.044981,4.985583,5.723,,8
2026-09-24,aachc-cfb-wins-2026-11-28-frest-8pt5wins,cfb,0.0000,0,2026-09-24T13:01:10Z,,,,0.001675,6.001835,0.006,,
2026-09-24,aachc-cfb-wins-2026-11-28-utahst-3pt5wins,cfb,0.0089,0,2026-09-24T13:01:10Z,,,,0.014696,6.000023,2.424,,
2026-09-24,aachc-cfb-wins-2026-11-28-ohiost-9pt5wins,cfb,0.0052,0,2026-09-24T13:01:10Z,,,,0.750154,7.498437,0.022,,
2026-09-24,aachc-cfb-wins-2026-11-28-mspst-6pt5wins,cfb,0.0003,0,2026-09-24T13:01:10Z,,,,0.052150,7.502757,0.017,,
2026-09-24,aachc-cfb-wins-2026-11-28-minnst-5pt5wins,cfb,0.0017,0,2026-09-24T13:01:10Z,,,,0.025264,5.999940,0.267,,
2026-09-24,aachc-cfb-wins-2026-11-28-mich-6pt5wins,cfb,0.0001,0,2026-09-24T13:01:10Z,,,,0.050165,6.001795,0.006,,
2026-09-24,aachc-cfb-wins-2026-11-28-cah-8pt5wins,cfb,0.0000,0,2026-09-24T13:01:10Z,,,,,5.999499,0.095,,
2026-09-24,aachc-cfb-wins-2026-11-28-uk-6pt5wins,cfb,0.0000,0,2026-09-24T13:01:10Z,,,,0.000010,5.999945,0.334,,
2026-09-24,aachc-cfb-wins-ou-2026-11-28-miss,cfb,0.0002,0,2026-09-24T13:01:10Z,,,,0.173665,0.394775,0.056,,5
2026-09-24,aachc-cfb-wins-2026-11-28-kanst-9pt5wins,cfb,0.0000,0,2026-09-24T13:01:10Z,,,,0.006716,5.998350,0.028,,7
2026-09-24,ussewc-usse-ky-2026-11-03-rep,politics,0.0060,1,2026-09-24T14:02:25Z,,,,0.009099,4.999990,3.175,,7
2026-09-24,usgubewc-usgub-mn-2026-11-03-dem,politics,0.0049,0,2026-09-24T14:02:25Z,,,,0.162170,5.000160,0.145,,6
2026-09-24,cpoc-ussegubc-ga-2026-11-03-rsweep,politics,0.0207,0,2026-09-24T14:02:25Z,,,,0.237148,2.500027,0.839,,
2026-09-24,cpoc-ussegubc-me-2026-11-03-rgov-dsen,politics,0.0113,0,2026-09-24T14:02:25Z,,,,0.166388,2.499986,0.650,,
2026-09-24,cpoc-ussegubc-ga-2026-11-03-rgov-dsen,politics,0.1399,1,2026-09-24T14:02:25Z,,,,0.226430,2.478651,5.917,,10
2026-09-24,cpoc-ussegubc-nh-2026-11-03-rsweep,politics,0.0050,0,2026-09-24T14:02:25Z,,,,0.009131,2.484164,5.276,,
2026-09-24,cpoc-ussegubc-tx-2026-11-03-dgov-rsen,politics,0.0002,0,2026-09-24T14:02:25Z,,,,0.001982,2.499966,0.928,,6
2026-09-24,ussewc-usse-il-2026-11-03-dem,politics,0.0653,0,2026-09-24T14:02:25Z,,,,0.277631,4.999948,1.128,,7
2026-09-24,cpoc-ussegubc-nh-2026-11-03-rgov-dsen,politics,0.0702,0,2026-09-24T14:02:25Z,,,,0.178072,2.477620,3.730,,
2026-09-24,usgubewc-usgub-hi-2026-11-03-dem,politics,0.0072,0,2026-09-24T14:02:25Z,,,,0.387510,5.000682,0.089,,7
2026-09-24,aachc-cfb-wins-2026-11-28-mst-5pt5wins,cfb,0.0004,0,2026-09-24T14:02:25Z,,,,0.000964,5.999950,1.562,,
2026-09-24,aachc-cfb-wins-2026-11-28-ucla-8pt5wins,cfb,0.0000,1,2026-09-24T14:02:25Z,,,,,,,,6
2026-09-24,aachc-cfb-wins-2026-11-28-cin-5pt5wins,cfb,0.0334,0,2026-09-24T14:02:25Z,,,,0.102798,5.999971,1.301,,
2026-09-24,aachc-cfb-wins-2026-11-28-clmsn-6pt5wins,cfb,0.0054,0,2026-09-24T14:02:25Z,,,,0.004937,5.954139,4.369,,
2026-09-24,aachc-cfb-wins-2026-11-28-cah-4pt5wins,cfb,0.0063,0,2026-09-24T14:02:25Z,,,,0.028322,6.000074,0.889,,
2026-09-24,aachc-cfb-wins-2026-11-28-mst-4pt5wins,cfb,0.0012,0,2026-09-24T14:02:25Z,,,,0.004503,6.000066,1.073,,
2026-09-24,ussewc-usse-nj-2026-11-03-dem,politics,0.4255,1,2026-09-24T14:02:25Z,,,,0.394457,4.983981,5.162,,7
2026-09-24,cpoc-ussegubc-mi-2026-11-03-dgov-rsen,politics,0.0938,1,2026-09-24T14:02:25Z,,,,0.107535,2.484480,8.141,,6
2026-09-24,cpoc-ussegubc-ks-2026-11-03-dgov-rsen,politics,0.0280,0,2026-09-24T14:02:25Z,,,,0.057095,2.459556,4.702,,
2026-09-24,cpoc-ussegubc-me-2026-11-03-dsweep,politics,0.0477,1,2026-09-24T14:02:25Z,,,,0.067604,2.446486,6.688,,7
2026-09-24,cpoc-ussegubc-ks-2026-11-03-rgov-dsen,politics,0.1845,1,2026-09-24T14:02:25Z,,,,0.192263,2.472216,9.042,,8
2026-09-24,paccc-usho-midterms-2026-11-03-dem,politics,0.1671,0,2026-09-24T14:02:25Z,,,,0.022117,281.253260,0.645,,18
2026-09-24,aachc-cfb-wins-ou-2026-11-28-mspst,cfb,0.0000,0,2026-09-24T14:02:25Z,,,,0.102800,0.394930,0.011,,5
2026-09-24,aachc-cfb-wins-2026-11-28-wake-6pt5wins,cfb,0.0071,0,2026-09-24T14:02:25Z,,,,0.062029,5.999850,0.456,,5
2026-09-24,aachc-cfb-wins-2026-11-28-ncar-2pt5wins,cfb,0.0000,0,2026-09-24T14:02:25Z,,,,0.007083,6.003449,0.022,,3
2026-09-24,usgubewc-usgub-id-2026-11-03-rep,politics,0.0296,0,2026-09-24T15:04:01Z,,,,0.141307,5.000007,1.006,,7
2026-09-24,aachc-cfb-wins-2026-11-28-tcu-5pt5wins,cfb,0.0000,0,2026-09-24T15:04:01Z,,,,0.002385,6.002035,0.006,,6
2026-09-24,usgubewc-usgub-co-2026-11-03-rep,politics,0.0966,0,2026-09-24T16:04:55Z,,,,0.159049,5.000019,2.914,,6
2026-09-24,aachc-cfb-wins-2026-11-28-arz-7pt5wins,cfb,0.0017,1,2026-09-24T16:04:55Z,,,,0.000550,5.928558,12.021,,9
2026-09-24,aachc-cfb-wins-2026-11-28-arz-6pt5wins,cfb,0.0002,0,2026-09-24T16:04:55Z,,,,0.001363,5.999915,0.717,,
2026-09-24,aachc-cfb-wins-2026-11-28-boise-9pt5wins,cfb,0.1152,0,2026-09-24T16:04:55Z,,,,0.114131,5.949828,3.997,,6
2026-09-24,aachc-cfb-wins-2026-11-28-boise-6pt5wins,cfb,0.0208,0,2026-09-24T16:04:55Z,,,,0.023271,5.943283,3.536,,4
2026-09-24,aachc-cfb-wins-2026-11-28-boise-8pt5wins,cfb,0.0000,0,2026-09-24T16:04:55Z,,,,0.000059,6.000091,0.778,,6
2026-09-24,aachc-cfb-wins-2026-11-28-boise-7pt5wins,cfb,0.0002,0,2026-09-24T16:04:55Z,,,,0.003147,5.999672,0.234,,4
2026-09-24,cpoc-ussec-tx-mi-me-2026-11-03-rsweep,politics,0.0000,0,2026-09-24T17:05:17Z,,,,0.000005,13.909614,3.074,,9
2026-09-24,ussewc-usse-ok-2026-11-03-rep,politics,0.0287,0,2026-09-24T17:05:17Z,,,,0.047106,4.942104,2.885,,6
2026-09-24,vtc-usseto-la-2026-11-03-gt1pt1m,politics,0.0018,1,2026-09-24T17:05:17Z,,,,0.062232,0.142375,4.883,,8
2026-09-24,vmc-ussemov-ia-2026-11-03-r0-3,politics,0.0026,0,2026-09-24T17:05:17Z,,,,0.275385,0.100000,2.308,,
2026-09-24,aachc-cfb-wins-2026-11-28-syra-2pt5wins,cfb,0.0050,0,2026-09-24T17:05:17Z,,,,0.006022,5.938680,3.269,,8
2026-09-24,aachc-cfb-wins-2026-11-28-hou-10pt5wins,cfb,0.0024,0,2026-09-24T17:05:17Z,,,,0.002858,5.940203,3.352,,
2026-09-24,aachc-cfb-wins-2026-11-28-kan-6pt5wins,cfb,0.0050,0,2026-09-24T17:05:17Z,,,,0.005963,5.939836,3.330,,
2026-09-24,aachc-cfb-wins-2026-11-28-frest-5pt5wins,cfb,0.0043,0,2026-09-24T17:05:17Z,,,,0.006558,5.922617,2.591,,9
2026-09-24,aachc-cfb-wins-2026-11-28-smu-8pt5wins,cfb,0.0103,0,2026-09-24T17:05:17Z,,,,0.014346,5.930077,2.868,,
2026-09-24,aachc-cfb-wins-2026-11-28-lsu-10pt5wins,cfb,0.1175,0,2026-09-24T17:05:17Z,,,,0.147294,5.936335,3.146,,
2026-09-24,aachc-cfb-wins-2026-11-28-lsu-7pt5wins,cfb,0.0044,0,2026-09-24T17:05:17Z,,,,0.005736,5.934593,3.063,,
2026-09-24,aachc-cfb-wins-2026-11-28-lou-9pt5wins,cfb,0.0366,0,2026-09-24T17:05:17Z,,,,0.044185,5.938744,3.274,,
2026-09-24,aachc-cfb-wins-2026-11-28-minnst-7pt5wins,cfb,0.0002,0,2026-09-24T17:05:17Z,,,,0.000315,5.935819,3.124,,
2026-09-24,aachc-cfb-wins-ou-2026-11-28-txam,cfb,0.0016,0,2026-09-24T17:05:17Z,,,,0.030064,0.390408,3.046,,
2026-09-24,aachc-cfb-wins-ou-2026-11-28-frest,cfb,0.0012,0,2026-09-24T17:05:17Z,,,,0.028861,0.389370,2.457,,5
2026-09-24,aachc-cfb-wins-ou-2026-11-28-ark,cfb,0.0047,0,2026-09-24T17:05:17Z,,,,0.093028,0.390425,3.057,,
2026-09-24,aachc-cfb-wins-ou-2026-11-28-cah,cfb,0.0046,0,2026-09-24T17:05:17Z,,,,0.117539,0.394737,2.385,,
2026-09-24,aachc-cfb-wins-2026-11-28-byu-10pt5wins,cfb,0.0000,0,2026-09-24T17:05:17Z,,,,0.000005,5.930237,2.874,,6
2026-09-24,aachc-cfb-wins-2026-11-28-utah-8pt5wins,cfb,0.0000,0,2026-09-24T17:05:17Z,,,,0.000012,5.921239,2.546,,
2026-09-24,aachc-cfb-wins-2026-11-28-pitt-7pt5wins,cfb,0.0227,0,2026-09-24T17:05:17Z,,,,0.033186,5.925517,2.690,,
2026-09-24,aachc-cfb-wins-ou-2026-11-28-vir,cfb,0.0054,0,2026-09-24T17:05:17Z,,,,0.133820,0.394736,2.463,,
2026-09-24,aachc-cfb-wins-2026-11-28-tenn-8pt5wins,cfb,0.0001,0,2026-09-24T17:05:17Z,,,,0.000487,6.000056,0.756,,6
2026-09-24,aachc-cfb-wins-2026-11-28-vtech-4pt5wins,cfb,0.0000,0,2026-09-24T17:05:17Z,,,,0.005225,6.002155,0.006,,
2026-09-24,aachc-cfb-wins-ou-2026-11-28-ucf,cfb,0.0001,0,2026-09-24T17:05:17Z,,,,0.068356,0.394761,0.083,,6
2026-09-24,aachc-cfb-wins-ou-2026-11-28-txtech,cfb,0.0001,0,2026-09-24T17:05:17Z,,,,0.074632,0.394763,0.044,,5
2026-09-24,aachc-cfb-wins-ou-2026-11-28-smu,cfb,0.0000,0,2026-09-24T17:05:17Z,,,,0.364585,0.395035,0.006,,5
2026-09-24,ussewc-usse-ks-2026-11-03-rep,politics,0.0663,0,2026-09-24T20:17:38Z,,,,0.181269,4.713723,1.628,,9
2026-09-24,usgubewc-usgub-fl-2026-11-03-rep,politics,0.3478,2,2026-09-24T20:17:38Z,,,,0.027096,46.686294,6.405,,10
2026-09-24,cpoc-ussec-tx-me-2026-11-03-dsweep,politics,0.2629,1,2026-09-24T20:17:38Z,,,,0.111128,28.125199,2.019,,11
2026-09-24,vtc-usseto-ri-2026-11-03-gt400k,politics,0.0103,2,2026-09-24T20:17:38Z,,,,0.167963,0.196900,7.078,,9
2026-09-24,vmc-ussemov-ar-2026-11-03-r25-30,politics,0.0057,0,2026-09-24T20:17:38Z,,,,0.521858,0.111112,2.365,,5
2026-09-24,cpoc-ussegubc-mi-2026-11-03-rsweep,politics,0.1816,1,2026-09-24T20:17:38Z,,,,0.544183,2.500003,3.203,,6
2026-09-24,vtc-usseto-mi-2026-11-03-gt4pt4m,politics,0.0001,0,2026-09-24T20:17:38Z,,,,0.910685,0.125040,0.011,,
2026-09-24,vtc-usseto-ok-2026-11-03-gt1pt1m,politics,0.0061,1,2026-09-24T20:28:03Z,,,,0.546675,0.161819,1.466,,7
2026-09-24,vtc-usseto-ky-2026-11-03-gt1pt3m,politics,0.0013,0,2026-09-24T20:28:03Z,,,,0.841709,0.142858,0.250,,4
2026-09-24,vtc-usseto-ks-2026-11-03-gt900k,politics,0.0051,0,2026-09-24T21:24:26Z,,,,0.312559,0.194776,1.935,,5
2026-09-24,vtc-usseto-wy-2026-11-03-gt230k,politics,0.0187,1,2026-09-24T21:24:26Z,,,,0.387485,0.165020,6.791,,5
2026-09-24,vtc-usseto-ri-2026-11-03-gt350k,politics,0.0000,0,2026-09-24T21:24:26Z,,,,0.000086,0.186118,0.729,,5
2026-09-24,vmc-ussemov-de-2026-11-03-d10-15,politics,0.0000,0,2026-09-24T21:24:26Z,,,,0.008330,0.090334,0.523,,
2026-09-24,vtc-usgubto-ct-2026-11-03-gt1pt5m,politics,0.0004,0,2026-09-24T21:24:26Z,,,,0.082169,0.132791,0.718,,4
2026-09-24,vtc-usseto-nm-2026-11-03-gt800k,politics,0.0192,0,2026-09-24T21:24:26Z,,,,1.613196,0.139145,1.947,,
2026-09-24,vtc-usseto-sc-2026-11-03-gt2m,politics,0.0096,0,2026-09-24T21:24:26Z,,,,0.787778,0.192868,1.418,,
2026-09-24,vtc-usseto-ia-2026-11-03-gt1pt4m,politics,0.0085,0,2026-09-24T21:24:26Z,,,,0.697983,0.108925,2.569,,
2026-09-24,vtc-usseto-fl-2026-11-03-gt8pt75m,politics,0.0038,0,2026-09-24T21:24:26Z,,,,0.651392,0.106435,1.201,,7
2026-09-24,vtc-usseto-nc-2026-11-03-gt4pt3m,politics,0.0121,0,2026-09-24T21:24:26Z,,,,0.637414,0.139861,3.199,,8
2026-09-24,vtc-usseto-wv-2026-11-03-gt600k,politics,0.0096,0,2026-09-24T21:24:26Z,,,,0.554055,0.163059,2.336,,4
2026-09-24,vtc-usseto-ok-2026-11-03-gt1pt4m,politics,0.0000,0,2026-09-24T21:24:26Z,,,,0.005265,0.156365,0.818,,
2026-09-24,vtc-usseto-wv-2026-11-03-gt500k,politics,0.0173,0,2026-09-24T21:24:26Z,,,,1.488767,0.161443,1.613,,
2026-09-24,vmc-ussemov-ia-2026-11-03-d9-12,politics,0.0006,0,2026-09-24T21:24:26Z,,,,0.211056,0.092100,0.640,,5
2026-09-24,vmc-usgubmov-ny-2026-11-03-d30-35,politics,0.0020,0,2026-09-24T21:24:26Z,,,,0.336781,0.106522,1.224,,
2026-09-24,vmc-ussemov-ks-2026-11-03-r15-20,politics,0.0000,0,2026-09-24T21:24:26Z,,,,0.001655,0.111111,0.706,,6
2026-09-24,vtc-usgubto-vt-2026-11-03-gt325k,politics,0.0017,1,2026-09-24T21:24:26Z,,,,0.320248,0.166668,0.751,,8
2026-09-24,vtc-usgubto-pa-2026-11-03-gt6pt5m,politics,0.0072,1,2026-09-24T21:24:26Z,,,,0.181782,0.166188,5.756,,5
2026-09-24,vmc-usgubmov-ar-2026-11-03-r20-25,politics,0.0004,0,2026-09-24T21:24:26Z,,,,0.196845,0.111112,0.439,,
2026-09-24,vtc-usseto-wv-2026-11-03-gt400k,politics,0.0032,0,2026-09-24T21:24:26Z,,,,0.206573,0.166667,2.180,,5
2026-09-24,vmc-ussemov-id-2026-11-03-r10-15,politics,0.0000,0,2026-09-24T21:24:26Z,,,,0.011256,0.100914,0.551,,
2026-09-24,vmc-ussemov-ia-2026-11-03-r6-9,politics,0.0014,0,2026-09-24T21:24:26Z,,,,0.349437,0.099999,0.934,,4
2026-09-24,vtc-usgubto-az-2026-11-03-gt2m,politics,0.0008,0,2026-09-24T21:24:26Z,,,,0.613381,0.111111,0.284,,
2026-09-24,vtc-usseto-de-2026-11-03-gt350k,politics,0.0018,0,2026-09-24T22:25:36Z,,,,0.470671,0.111112,0.806,,6
2026-09-24,vmc-ussemov-wy-2026-11-03-r0-10,politics,0.0094,0,2026-09-24T22:25:36Z,,,,0.872976,0.100000,2.592,,
2026-09-24,vmc-ussemov-de-2026-11-03-d15-20,politics,0.0045,0,2026-09-24T22:25:36Z,,,,0.527907,0.100000,2.030,,
2026-09-24,vtc-usseto-ms-2026-11-03-gt700k,politics,0.0110,0,2026-09-24T22:25:36Z,,,,0.934005,0.166667,1.690,,6
2026-09-24,vmc-ussemov-co-2026-11-03-dgte35,politics,0.0112,0,2026-09-24T22:25:36Z,,,,0.850668,0.111111,2.854,,
2026-09-24,vmc-usgubmov-mn-2026-11-03-d0-5,politics,0.0000,0,2026-09-24T22:25:36Z,,,,0.002664,0.124998,0.539,,4
2026-09-24,vtc-usseto-de-2026-11-03-gt375k,politics,0.0012,0,2026-09-24T22:25:36Z,,,,0.396509,0.111109,0.656,,4
2026-09-24,vtc-usseto-fl-2026-11-03-gt8m,politics,0.0009,0,2026-09-24T22:25:36Z,,,,0.251764,0.111111,0.767,,5
2026-09-24,vmc-ussemov-il-2026-11-03-d20-25,politics,0.0059,0,2026-09-24T22:25:36Z,,,,0.516818,0.111111,2.453,,
2026-09-24,vmc-ussemov-tx-2026-11-03-rgte15,politics,0.0079,0,2026-09-24T22:25:36Z,,,,0.702747,0.083334,3.243,,
2026-09-24,vtc-usseto-ks-2026-11-03-gt1pt2m,politics,0.0001,0,2026-09-24T22:25:36Z,,,,0.018919,0.200000,0.740,,4
2026-09-24,vmc-ussemov-sd-2026-11-03-r25-30,politics,0.0002,0,2026-09-24T22:25:36Z,,,,0.079666,0.100001,0.495,,3
2026-09-24,vtc-usseto-de-2026-11-03-gt475k,politics,0.0030,0,2026-09-24T22:25:36Z,,,,0.864853,0.111110,0.740,,
2026-09-24,vmc-ussemov-il-2026-11-03-d5-10,politics,0.0039,0,2026-09-24T22:25:36Z,,,,0.465502,0.111111,1.824,,
2026-09-24,vtc-usseto-mt-2026-11-03-gt550k,politics,0.0000,0,2026-09-24T22:25:36Z,,,,0.003922,0.166664,0.734,,
2026-09-24,cpoc-ussegubc-tx-2026-11-03-dsweep,politics,0.0368,0,2026-09-24T22:25:36Z,,,,0.205112,2.499998,1.724,,
2026-09-24,vmc-usgubmov-mn-2026-11-03-d5-10,politics,0.0026,1,2026-09-24T22:25:36Z,,,,0.402521,0.125000,1.229,,5
2026-09-24,vtc-usseto-mt-2026-11-03-gt600k,politics,0.0012,0,2026-09-24T22:25:36Z,,,,0.217685,0.166665,0.767,,4
2026-09-24,vtc-usseto-wv-2026-11-03-gt550k,politics,0.0000,0,2026-09-24T22:25:36Z,,,,0.002757,0.166665,0.773,,4
2026-09-24,vtc-usseto-ok-2026-11-03-gt1pt2m,politics,0.0017,0,2026-09-24T22:25:36Z,,,,0.247500,0.166666,1.018,,7
2026-09-24,vmc-usgubmov-il-2026-11-03-dgte35,politics,0.0056,0,2026-09-24T22:25:36Z,,,,0.504016,0.111111,2.403,,
2026-09-24,vtc-usseto-la-2026-11-03-gt1pt6m,politics,0.0001,0,2026-09-24T22:25:36Z,,,,0.022541,0.142859,0.762,,6
2026-09-24,vtc-usseto-ks-2026-11-03-gt1pt1m,politics,0.0000,0,2026-09-24T22:25:36Z,,,,0.000206,0.199998,0.762,,6
2026-09-24,vtc-usgubto-vt-2026-11-03-gt300k,politics,0.0032,1,2026-09-24T22:25:36Z,,,,0.333873,0.166666,1.385,,12
2026-09-24,vtc-usgubto-wi-2026-11-03-gt2pt6m,politics,0.0000,0,2026-09-24T22:25:36Z,,,,0.004343,0.166669,0.779,,4
2026-09-24,vtc-usgubto-vt-2026-11-03-gt250k,politics,0.0006,0,2026-09-24T22:25:36Z,,,,0.907147,0.166670,0.089,,6
2026-09-24,vtc-usgubto-wi-2026-11-03-gt3m,politics,0.0032,0,2026-09-24T22:25:36Z,,,,0.192881,0.165498,2.358,,5
2026-09-24,vtc-usgubto-hi-2026-11-03-gt460k,politics,0.0046,0,2026-09-24T22:25:36Z,,,,0.521696,0.142857,1.496,,4
2026-09-24,vmc-usgubmov-il-2026-11-03-d20-25,politics,0.0000,0,2026-09-24T22:25:36Z,,,,0.002450,0.111109,0.473,,
2026-09-24,vtc-usseto-me-2026-11-03-gt750k,politics,0.0000,0,2026-09-24T22:25:36Z,,,,0.004843,0.142857,0.695,,
2026-09-24,vmc-ussemov-il-2026-11-03-d15-20,politics,0.0033,0,2026-09-24T22:25:36Z,,,,1.265570,0.111113,0.567,,7
2026-09-24,vmc-usgubmov-mn-2026-11-03-d15-20,politics,0.0003,0,2026-09-24T22:25:36Z,,,,0.999919,0.124990,0.056,,
2026-09-24,vtc-usgubto-hi-2026-11-03-gt430k,politics,0.0013,0,2026-09-24T22:25:36Z,,,,1.329619,0.142851,0.161,,7
2026-09-24,vmc-ussemov-sc-2026-11-03-r20-25,politics,0.0003,0,2026-09-24T22:25:36Z,,,,0.774586,0.124989,0.083,,4
2026-09-24,vmc-usgubmov-ne-2026-11-03-r0-5,politics,0.0007,0,2026-09-24T22:25:36Z,,,,1.609222,0.111099,0.089,,4
2026-09-24,vtc-usseto-ma-2026-11-03-gt2pt65m,politics,0.0015,0,2026-09-24T23:25:40Z,,,,0.266666,0.142856,0.973,,
2026-09-24,vmc-ussemov-wv-2026-11-03-r40-45,politics,0.0048,0,2026-09-24T23:25:40Z,,,,0.764566,0.100000,1.507,,
2026-09-24,vtc-usseto-ar-2026-11-03-gt750k,politics,0.0014,0,2026-09-24T23:25:40Z,,,,0.230115,0.142857,1.056,,5
2026-09-24,vmc-usgubmov-ne-2026-11-03-r10-15,politics,0.0000,0,2026-09-24T23:25:40Z,,,,0.003580,0.111113,0.662,,6
2026-09-24,vtc-usseto-la-2026-11-03-gt1pt5m,politics,0.0007,0,2026-09-24T23:25:40Z,,,,0.070366,0.142857,1.779,,
2026-09-24,vmc-usgubmov-me-2026-11-03-d15-20,politics,0.0072,0,2026-09-24T23:25:40Z,,,,1.312644,0.111112,1.184,,4
2026-09-24,vmc-usgubmov-id-2026-11-03-r30-35,politics,0.0020,0,2026-09-24T23:25:40Z,,,,0.293301,0.100000,1.635,,
2026-09-24,vtc-usgubto-az-2026-11-03-gt3pt2m,politics,0.0001,0,2026-09-24T23:25:40Z,,,,0.031378,0.111110,0.756,,6
2026-09-24,vmc-usgubmov-nm-2026-11-03-dgte25,politics,0.0000,0,2026-09-24T23:25:40Z,,,,0.003707,0.125002,0.795,,
2026-09-24,vmc-usgubmov-nm-2026-11-03-d5-10,politics,0.0000,0,2026-09-24T23:25:40Z,,,,0.003172,0.124998,0.662,,
2026-09-24,vmc-ussemov-de-2026-11-03-d35-40,politics,0.0004,0,2026-09-24T23:25:40Z,,,,0.094924,0.099999,0.890,,6
2026-09-24,vmc-ussemov-ms-2026-11-03-r5-10,politics,0.0119,0,2026-09-24T23:25:40Z,,,,0.683583,0.124378,3.321,,4
2026-09-24,vmc-usgubmov-vt-2026-11-03-r10-15,politics,0.0005,0,2026-09-24T23:25:40Z,,,,0.121460,0.124998,0.828,,4
2026-09-24,vmc-usgubmov-nm-2026-11-03-d20-25,politics,0.0004,0,2026-09-24T23:25:40Z,,,,0.093616,0.125000,0.845,,3
2026-09-24,vtc-usgubto-ny-2026-11-03-gt6pt5m,politics,0.0001,0,2026-09-24T23:25:40Z,,,,0.010331,0.166665,0.706,,10
2026-09-24,vtc-usgubto-ny-2026-11-03-gt7m,politics,0.0015,0,2026-09-24T23:25:40Z,,,,0.080971,0.165664,2.748,,6
2026-09-24,vmc-ussemov-id-2026-11-03-iwin,politics,0.0023,0,2026-09-24T23:25:40Z,,,,0.191947,0.110410,2.620,,4
2026-09-24,vmc-ussemov-ms-2026-11-03-r15-20,politics,0.0000,0,2026-09-24T23:25:40Z,,,,0.002341,0.125001,0.795,,4
2026-09-24,vmc-usgubmov-me-2026-11-03-rgte5,politics,0.0024,0,2026-09-24T23:25:40Z,,,,0.508371,0.111112,1.012,,
2026-09-24,vtc-usseto-ia-2026-11-03-gt1pt5m,politics,0.0017,0,2026-09-24T23:25:40Z,,,,0.504519,0.111111,0.734,,
2026-09-24,vtc-usseto-ia-2026-11-03-gt1pt25m,politics,0.0024,0,2026-09-24T23:25:40Z,,,,0.492164,0.111111,1.045,,
2026-09-24,vtc-usseto-ar-2026-11-03-gt1pt05m,politics,0.0002,0,2026-09-24T23:25:40Z,,,,0.049322,0.142858,0.728,,
2026-09-24,vmc-ussemov-id-2026-11-03-r20-25,politics,0.0056,0,2026-09-24T23:25:40Z,,,,0.889854,0.111111,1.357,,
2026-09-24,vtc-usseto-oh-2026-11-03-gt4pt5m,politics,0.0000,0,2026-09-24T23:25:40Z,,,,0.006116,0.111112,0.728,,
2026-09-24,vmc-ussemov-nm-2026-11-03-d25-30,politics,0.0020,0,2026-09-24T23:25:40Z,,,,0.239446,0.111111,1.825,,
2026-09-24,vmc-usgubmov-az-2026-11-03-d9-12,politics,0.0006,0,2026-09-24T23:25:40Z,,,,0.184058,0.099999,0.767,,6
2026-09-24,vmc-usgubmov-fl-2026-11-03-rgte18,politics,0.0038,0,2026-09-24T23:25:40Z,,,,0.939093,0.099999,0.973,,
2026-09-24,vtc-usgubto-ct-2026-11-03-gt1pt6m,politics,0.0093,1,2026-09-24T23:25:40Z,,,,0.620591,0.142858,2.509,,7
2026-09-24,vmc-ussemov-ms-2026-11-03-r0-5,politics,0.0030,0,2026-09-24T23:25:40Z,,,,0.231214,0.125000,2.515,,4
2026-09-24,vmc-usgubmov-wy-2026-11-03-r30-35,politics,0.0025,0,2026-09-24T23:25:40Z,,,,0.582126,0.099999,1.018,,
2026-09-24,vtc-usseto-me-2026-11-03-gt700k,politics,0.0000,0,2026-09-24T23:25:40Z,,,,0.004147,0.142858,0.806,,
2026-09-24,vtc-usgubto-hi-2026-11-03-gt490k,politics,0.0003,1,2026-09-24T23:25:40Z,,,,0.014632,0.142245,3.855,,9
2026-09-24,vmc-ussemov-il-2026-11-03-d25-30,politics,0.0000,0,2026-09-24T23:25:40Z,,,,0.003666,0.111110,0.823,,4
2026-09-24,vmc-usgubmov-ia-2026-11-03-d6-9,politics,0.0019,0,2026-09-24T23:25:40Z,,,,0.396334,0.083334,1.391,,
2026-09-24,vmc-usgubmov-or-2026-11-03-d12-15,politics,0.0030,0,2026-09-24T23:25:40Z,,,,0.571834,0.083333,1.519,,
2026-09-24,vtc-usgubto-vt-2026-11-03-gt350k,politics,0.0000,0,2026-09-24T23:25:40Z,,,,0.004093,0.166666,0.801,,
2026-09-24,vtc-usseto-co-2026-11-03-gt2pt4m,politics,0.0012,0,2026-09-24T23:25:40Z,,,,0.191040,0.142855,1.012,,
2026-09-24,vtc-usseto-ar-2026-11-03-gt675k,politics,0.0002,0,2026-09-24T23:25:40Z,,,,0.432006,0.142871,0.089,,5
2026-09-24,vmc-ussemov-tx-2026-11-03-d0-3,politics,0.0010,0,2026-09-24T23:25:40Z,,,,0.375130,0.083333,0.778,,
2026-09-24,vtc-usseto-nj-2026-11-03-gt2pt4m,politics,0.0059,1,2026-09-24T23:25:40Z,,,,0.288163,0.124477,3.949,,4
2026-09-24,vmc-usgubmov-il-2026-11-03-d25-30,politics,0.0008,0,2026-09-24T23:25:40Z,,,,0.117698,0.111110,1.436,,
2026-09-24,vmc-usgubmov-oh-2026-11-03-r6-9,politics,0.0002,0,2026-09-24T23:25:40Z,,,,0.013262,0.082971,3.805,,7
2026-09-24,vmc-usgubmov-oh-2026-11-03-r3-6,politics,0.0014,0,2026-09-24T23:25:40Z,,,,0.401449,0.083333,0.979,,
2026-09-24,vtc-usseto-ok-2026-11-03-gt900k,politics,0.0026,0,2026-09-24T23:25:40Z,,,,0.512336,0.166669,0.717,,
2026-09-24,vtc-usgubto-hi-2026-11-03-gt400k,politics,0.0001,0,2026-09-24T23:25:40Z,,,,0.026928,0.142855,0.751,,6
2026-09-24,vtc-usseto-nm-2026-11-03-gt750k,politics,0.0004,0,2026-09-24T23:25:40Z,,,,0.084658,0.142858,0.734,,7
2026-09-24,vtc-usgubto-hi-2026-11-03-gt370k,politics,0.0002,0,2026-09-24T23:25:40Z,,,,0.896741,0.142873,0.033,,6
2026-09-24,vtc-usseto-sc-2026-11-03-gt2pt2m,politics,0.0038,0,2026-09-24T23:25:40Z,,,,0.402906,0.200002,1.140,,
2026-09-24,vmc-ussemov-ms-2026-11-03-r10-15,politics,0.0007,0,2026-09-24T23:25:40Z,,,,0.837329,0.125008,0.150,,4
2026-09-24,vmc-usgubmov-mn-2026-11-03-d20-25,politics,0.0004,0,2026-09-24T23:25:40Z,,,,1.444103,0.124990,0.056,,4
2026-09-24,vmc-ussemov-id-2026-11-03-r25-30,politics,0.0025,0,2026-09-24T23:25:40Z,,,,0.458780,0.109549,1.174,,5
2026-09-24,vmc-usgubmov-co-2026-11-03-d20-25,politics,0.0005,0,2026-09-24T23:25:40Z,,,,0.913863,0.111104,0.111,,3
2026-09-24,vmc-usgubmov-nv-2026-11-03-r6-9,politics,0.0003,0,2026-09-24T23:25:40Z,,,,0.817835,0.083338,0.100,,6
2026-09-24,vmc-usgubmov-ia-2026-11-03-d3-6,politics,0.0002,0,2026-09-24T23:25:40Z,,,,0.407633,0.083331,0.172,,4
2026-09-24,vmc-usgubmov-ca-2026-11-03-d10-15,politics,0.0006,0,2026-09-24T23:25:40Z,,,,0.803862,0.111107,0.150,,
2026-09-24,vtc-usseto-me-2026-11-03-gt800k,politics,0.0000,0,2026-09-24T23:25:40Z,,,,0.003710,0.142930,0.011,,
2026-09-24,vtc-usgubto-az-2026-11-03-gt2pt9m,politics,0.0015,0,2026-09-24T23:25:40Z,,,,0.311173,0.111111,1.069,,
2026-09-24,vmc-ussemov-fl-2026-11-03-r18-21,politics,0.0001,0,2026-09-24T23:25:40Z,,,,0.708536,0.099974,0.039,,
2026-09-24,vmc-usgubmov-nv-2026-11-03-r0-3,politics,0.0003,0,2026-09-24T23:25:40Z,,,,0.810244,0.083330,0.106,,
2026-09-24,vmc-usgubmov-al-2026-11-03-r25-30,politics,0.0005,0,2026-09-25T00:26:28Z,,,,0.083613,0.111111,1.419,,
2026-09-24,vmc-usgubmov-nh-2026-11-03-rgte18,politics,0.0015,0,2026-09-25T00:26:28Z,,,,0.572335,0.100002,0.640,,
2026-09-24,vmc-usgubmov-ne-2026-11-03-r5-10,politics,0.0020,0,2026-09-25T00:26:28Z,,,,0.624603,0.111113,0.690,,
2026-09-24,vtc-usseto-wy-2026-11-03-gt170k,politics,0.0110,0,2026-09-25T00:26:28Z,,,,1.526319,0.166668,1.035,,
2026-09-24,vmc-usgubmov-al-2026-11-03-r10-15,politics,0.0011,0,2026-09-25T00:26:28Z,,,,0.275901,0.111111,0.829,,
2026-09-24,vtc-usseto-nm-2026-11-03-gt550k,politics,0.0003,1,2026-09-25T00:26:28Z,,,,0.013354,0.142249,3.877,,4
2026-09-24,vmc-ussemov-ia-2026-11-03-d6-9,politics,0.0008,0,2026-09-25T00:26:28Z,,,,0.232645,0.100000,0.774,,
2026-09-24,vmc-ussemov-de-2026-11-03-d30-35,politics,0.0007,0,2026-09-25T00:26:28Z,,,,0.096392,0.100001,1.619,,8
2026-09-24,vtc-usseto-ky-2026-11-03-gt1pt8m,politics,0.0000,0,2026-09-25T00:26:28Z,,,,0.002932,0.142856,0.746,,
2026-09-24,vtc-usseto-ms-2026-11-03-gt1pt1m,politics,0.0001,0,2026-09-25T00:26:28Z,,,,0.017178,0.166669,0.668,,
2026-09-24,vtc-usseto-ga-2026-11-03-gt4pt2m,politics,0.0001,0,2026-09-25T00:26:28Z,,,,0.034314,0.142858,0.718,,
2026-09-24,usgubewc-usgub-nm-2026-11-03-rep,politics,0.0768,1,2026-09-25T00:26:28Z,,,,0.104502,4.976476,3.510,,7
2026-09-24,cpoc-ussegubc-ga-2026-11-03-dsweep,politics,0.0572,1,2026-09-25T00:26:28Z,,,,0.283871,2.500012,1.935,,9
2026-09-24,vtc-usseto-ma-2026-11-03-gt2pt8m,politics,0.0000,0,2026-09-25T00:26:28Z,,,,0.004808,0.142859,0.768,,
2026-09-24,vtc-usseto-ak-2026-11-03-gt290k,politics,0.0000,0,2026-09-25T00:26:28Z,,,,0.000491,0.142858,0.735,,
2026-09-24,vtc-usseto-al-2026-11-03-gt1pt7m,politics,0.0000,0,2026-09-25T00:26:28Z,,,,0.000385,0.142855,0.752,,
2026-09-24,vmc-usgubmov-wy-2026-11-03-r35-40,politics,0.0008,0,2026-09-25T00:26:28Z,,,,0.872547,0.099995,0.211,,
2026-09-24,vtc-usseto-or-2026-11-03-gt2pt2m,politics,0.0001,0,2026-09-25T00:26:28Z,,,,0.015398,0.124998,0.791,,
2026-09-24,vtc-usseto-ms-2026-11-03-gt1m,politics,0.0000,0,2026-09-25T00:26:28Z,,,,0.007037,0.166665,0.757,,
2026-09-24,vtc-usseto-wy-2026-11-03-gt250k,politics,0.0090,1,2026-09-25T00:26:28Z,,,,0.569577,0.166667,2.275,,8
2026-09-24,vtc-usseto-or-2026-11-03-gt2pt1m,politics,0.0002,0,2026-09-25T00:26:28Z,,,,0.049037,0.125002,0.812,,
2026-09-24,vmc-usgubmov-mn-2026-11-03-d25-30,politics,0.0000,0,2026-09-25T00:26:28Z,,,,0.003707,0.124999,0.562,,
2026-09-24,vmc-usgubmov-il-2026-11-03-d15-20,politics,0.0002,0,2026-09-25T00:26:28Z,,,,0.820570,0.111078,0.044,,
2026-09-24,vmc-ussemov-nc-2026-11-03-rgte6,politics,0.0018,1,2026-09-25T00:26:28Z,,,,0.544362,0.100001,0.806,,7
2026-09-24,vmc-usgubmov-mn-2026-11-03-d10-15,politics,0.0000,0,2026-09-25T00:26:28Z,,,,0.002999,0.124999,0.539,,
2026-09-24,vmc-usgubmov-ok-2026-11-03-r20-25,politics,0.0005,0,2026-09-25T00:26:28Z,,,,0.164926,0.100000,0.784,,4
2026-09-24,vtc-usseto-ne-2026-11-03-gt800k,politics,0.0000,0,2026-09-25T00:26:28Z,,,,0.008664,0.166669,0.723,,
2026-09-24,vtc-usseto-wv-2026-11-03-gt650k,politics,0.0006,0,2026-09-25T00:26:28Z,,,,0.105961,0.166668,0.751,,
2026-09-24,vmc-ussemov-ri-2026-11-03-dgte45,politics,0.0023,0,2026-09-25T00:26:28Z,,,,0.486651,0.099999,1.140,,5
2026-09-24,vmc-ussemov-wy-2026-11-03-r30-35,politics,0.0000,0,2026-09-25T00:26:28Z,,,,0.001326,0.100007,0.056,,5
2026-09-24,vmc-usgubmov-sc-2026-11-03-r15-20,politics,0.0007,0,2026-09-25T00:26:28Z,,,,0.725487,0.125004,0.195,,
2026-09-24,vmc-ussemov-tn-2026-11-03-rgte45,politics,0.0021,0,2026-09-25T01:29:17Z,,,,0.442025,0.100001,1.141,,
2026-09-24,vtc-usgubto-ct-2026-11-03-gt1pt4m,politics,0.0041,0,2026-09-25T01:29:17Z,,,,0.414594,0.142857,1.636,,7
2026-09-24,vtc-usgubto-ny-2026-11-03-gt5m,politics,0.0008,1,2026-09-25T01:29:17Z,,,,0.044820,0.165634,2.665,,6
2026-09-24,vmc-ussemov-ia-2026-11-03-r3-6,politics,0.0013,0,2026-09-25T01:29:17Z,,,,0.372233,0.100001,0.863,,4
2026-09-24,vmc-ussemov-la-2026-11-03-dwin,politics,0.0000,0,2026-09-25T01:29:17Z,,,,0.000607,0.111112,0.840,,
2026-09-24,vmc-ussemov-ky-2026-11-03-r40-45,politics,0.0010,0,2026-09-25T01:29:17Z,,,,0.244103,0.098367,1.012,,5
2026-09-24,vmc-ussemov-nh-2026-11-03-rgte6,politics,0.0011,0,2026-09-25T01:29:17Z,,,,0.241804,0.098437,1.056,,4
2026-09-24,vmc-ussemov-la-2026-11-03-r0-5,politics,0.0000,0,2026-09-25T01:29:17Z,,,,0.004496,0.111111,0.795,,
2026-09-24,vmc-ussemov-tx-2026-11-03-dgte15,politics,0.0024,0,2026-09-25T01:29:17Z,,,,0.675087,0.082002,1.034,,5
2026-09-24,vmc-ussemov-ky-2026-11-03-dwin,politics,0.0032,1,2026-09-25T01:29:17Z,,,,0.499587,0.098946,1.568,,6
2026-09-24,vtc-usseto-mn-2026-11-03-gt2pt75m,politics,0.0000,0,2026-09-25T01:29:17Z,,,,0.005345,0.125001,0.834,,
2026-09-24,vtc-usseto-co-2026-11-03-gt2pt85m,politics,0.0000,0,2026-09-25T01:29:17Z,,,,0.002233,0.142857,0.834,,
2026-09-24,vmc-usgubmov-ga-2026-11-03-r9-12,politics,0.0007,0,2026-09-25T01:29:17Z,,,,0.267154,0.099999,0.601,,3
2026-09-24,vmc-usgubmov-az-2026-11-03-rgte6,politics,0.0006,0,2026-09-25T01:29:17Z,,,,0.258204,0.100002,0.595,,3
2026-09-24,vmc-usgubmov-az-2026-11-03-d0-3,politics,0.0003,0,2026-09-25T01:29:17Z,,,,0.125314,0.100001,0.534,,4
2026-09-24,vmc-usgubmov-tn-2026-11-03-r25-30,politics,0.0003,0,2026-09-25T01:29:17Z,,,,0.121532,0.111114,0.535,,4
2026-09-24,vmc-ussemov-oh-2026-11-03-d0-3,politics,0.0000,0,2026-09-25T01:29:17Z,,,,0.004634,0.081577,0.784,,4
2026-09-24,vmc-ussemov-tx-2026-11-03-d3-6,politics,0.0000,0,2026-09-25T01:29:17Z,,,,0.001570,0.081578,0.784,,5
2026-09-24,vmc-usgubmov-me-2026-11-03-d10-15,politics,0.0008,0,2026-09-25T01:29:17Z,,,,0.271320,0.111113,0.623,,6
2026-09-24,vmc-ussemov-la-2026-11-03-r15-20,politics,0.0000,0,2026-09-25T01:29:17Z,,,,0.001935,0.108511,0.706,,5
2026-09-24,vmc-ussemov-al-2026-11-03-r15-20,politics,0.0007,0,2026-09-25T01:29:17Z,,,,0.303362,0.111114,0.523,,5
2026-09-24,vmc-usgubmov-ks-2026-11-03-dgte6,politics,0.0024,1,2026-09-25T01:29:17Z,,,,0.360322,0.099999,1.652,,6
2026-09-24,vtc-usseto-or-2026-11-03-gt1pt5m,politics,0.0015,1,2026-09-25T01:29:17Z,,,,0.100715,0.124293,2.921,,6
2026-09-24,vtc-usseto-ma-2026-11-03-gt3pt1m,politics,0.0000,0,2026-09-25T01:29:17Z,,,,0.003653,0.138960,0.606,,5
2026-09-24,vtc-usseto-id-2026-11-03-gt720k,politics,0.0023,0,2026-09-25T01:29:17Z,,,,0.370081,0.140501,1.001,,4
2026-09-24,vmc-usgubmov-nh-2026-11-03-d3-6,politics,0.0001,0,2026-09-25T01:29:17Z,,,,0.123515,0.100004,0.261,,5
2026-09-24,vtc-usseto-nc-2026-11-03-gt4pt1m,politics,0.0032,0,2026-09-25T01:29:17Z,,,,0.657117,0.142855,0.830,,
2026-09-24,vtc-usseto-ma-2026-11-03-gt2pt95m,politics,0.0000,0,2026-09-25T01:29:17Z,,,,0.005486,0.142856,0.852,,
2026-09-24,vmc-usgubmov-tn-2026-11-03-r35-40,politics,0.0000,0,2026-09-25T01:29:17Z,,,,0.003707,0.111110,0.663,,3
2026-09-24,vtc-usseto-or-2026-11-03-gt2m,politics,0.0000,0,2026-09-25T01:29:17Z,,,,0.000639,0.125002,0.796,,
2026-09-24,vtc-usseto-tn-2026-11-03-gt2pt2m,politics,0.0000,0,2026-09-25T01:29:17Z,,,,0.006671,0.166664,0.757,,
2026-09-24,vmc-ussemov-id-2026-11-03-rgte40,politics,0.0003,0,2026-09-25T01:29:17Z,,,,0.724542,0.111114,0.083,,5
2026-09-24,vmc-ussemov-nh-2026-11-03-dgte18,politics,0.0006,0,2026-09-25T01:29:17Z,,,,0.532449,0.100003,0.278,,
2026-09-24,vmc-ussemov-tx-2026-11-03-r3-6,politics,0.0003,0,2026-09-25T01:29:17Z,,,,0.356773,0.083335,0.278,,
2026-09-24,vmc-ussemov-tx-2026-11-03-d9-12,politics,0.0006,0,2026-09-25T01:29:17Z,,,,0.418369,0.083331,0.395,,
2026-09-24,vtc-usseto-nj-2026-11-03-gt2pt6m,politics,0.0005,0,2026-09-25T01:29:17Z,,,,0.253970,0.124996,0.395,,
2026-09-24,vmc-usgubmov-sc-2026-11-03-rgte25,politics,0.0010,0,2026-09-25T01:29:17Z,,,,0.959303,0.125005,0.200,,5
2026-09-24,vmc-usgubmov-ok-2026-11-03-r0-5,politics,0.0004,0,2026-09-25T01:29:17Z,,,,0.334266,0.100004,0.278,,
2026-09-24,vmc-usgubmov-ok-2026-11-03-rgte40,politics,0.0003,0,2026-09-25T01:29:17Z,,,,0.318726,0.099999,0.261,,
2026-09-24,vmc-usgubmov-oh-2026-11-03-rgte15,politics,0.0002,0,2026-09-25T01:29:17Z,,,,0.196162,0.083336,0.328,,
2026-09-24,vmc-usgubmov-ri-2026-11-03-d0-5,politics,0.0000,0,2026-09-25T01:46:25Z,,,,0.003530,0.111107,0.389,,3
2026-09-24,usgubewc-usgub-nh-2026-11-03-dem,politics,0.0000,1,2026-09-25T01:46:25Z,,,,,,,,6
2026-09-24,vtc-usgubto-pa-2026-11-03-gt5pt5m,politics,0.0000,0,2026-09-25T01:46:25Z,,,,0.005296,0.166667,0.506,,6
2026-09-24,vtc-usseto-ia-2026-11-03-gt1pt6m,politics,0.0032,0,2026-09-25T01:46:25Z,,,,0.447259,0.111111,1.568,,6
2026-09-24,vmc-usgubmov-fl-2026-11-03-dgte6,politics,0.0008,0,2026-09-25T02:47:55Z,,,,0.191171,0.100000,1.012,,4
2026-09-24,vmc-usgubmov-ar-2026-11-03-rgte35,politics,0.0000,0,2026-09-25T02:47:55Z,,,,0.001012,0.111111,0.334,,5
2026-09-24,vmc-usgubmov-vt-2026-11-03-dwin,politics,0.0000,0,2026-09-25T02:47:55Z,,,,0.003215,0.125000,0.401,,6
2026-09-24,vmc-usgubmov-vt-2026-11-03-r25-30,politics,0.0000,0,2026-09-25T02:47:55Z,,,,0.002011,0.125000,0.345,,5
2026-09-24,vmc-usgubmov-vt-2026-11-03-r0-5,politics,0.0000,0,2026-09-25T02:47:55Z,,,,0.004094,0.125000,0.362,,3
2026-09-24,vmc-ussemov-ms-2026-11-03-r25-30,politics,0.0000,0,2026-09-25T02:47:55Z,,,,0.003119,0.125000,0.317,,4
2026-09-24,vtc-usseto-il-2026-11-03-gt4pt25m,politics,0.0053,1,2026-09-25T02:47:55Z,,,,0.716164,0.142857,1.246,,10
2026-09-24,usgubewc-usgub-al-2026-11-03-dem,politics,0.0686,1,2026-09-25T02:47:55Z,,,,0.272915,5.000000,1.207,,7
2026-09-24,vmc-usgubmov-mn-2026-11-03-dgte30,politics,0.0000,0,2026-09-25T02:47:55Z,,,,0.003504,0.125000,0.489,,3
2026-09-24,vtc-usseto-ga-2026-11-03-gt4pt4m,politics,0.0000,0,2026-09-25T02:47:55Z,,,,0.007990,0.142857,0.701,,6
2026-09-24,vtc-usseto-tn-2026-11-03-gt2pt6m,politics,0.0003,0,2026-09-25T02:47:55Z,,,,0.061352,0.166667,0.689,,6
2026-09-24,vtc-usgubto-nv-2026-11-03-gt975k,politics,0.0011,0,2026-09-25T02:47:55Z,,,,0.179989,0.142857,0.990,,5
2026-09-24,vtc-usgubto-az-2026-11-03-gt2pt45m,politics,0.0004,0,2026-09-25T02:47:55Z,,,,0.910154,0.111111,0.100,,4
2026-09-24,vtc-usseto-ne-2026-11-03-gt900k,politics,0.0000,0,2026-09-25T02:47:55Z,,,,0.004300,0.166667,0.640,,5
2026-09-24,vmc-usgubmov-ct-2026-11-03-d10-15,politics,0.0000,0,2026-09-25T02:47:55Z,,,,0.002428,0.125000,0.451,,6
2026-09-24,vtc-usseto-id-2026-11-03-gt680k,politics,0.0000,0,2026-09-25T02:47:55Z,,,,0.012530,0.142857,0.645,,5
2026-09-24,cpoc-ussec-tx-mi-me-2026-11-03-dtx-rmi-dme,politics,0.0000,0,2026-09-25T02:47:55Z,,,,0.000001,14.062500,0.679,,10
2026-09-24,vmc-usgubmov-me-2026-11-03-d0-5,politics,0.0000,0,2026-09-25T02:47:55Z,,,,0.003504,0.111111,0.351,,3
2026-09-24,vmc-usgubmov-ks-2026-11-03-d3-6,politics,0.0000,0,2026-09-25T02:47:55Z,,,,0.010836,0.100000,0.356,,5
2026-09-24,vmc-usgubmov-ny-2026-11-03-d15-20,politics,0.0000,1,2026-09-25T03:48:54Z,,,,0.003100,0.111111,0.367,,4
2026-09-24,vmc-usgubmov-hi-2026-11-03-d15-20,politics,0.0000,1,2026-09-25T03:48:54Z,,,,0.026600,0.100000,0.345,,5
2026-09-24,vmc-ussemov-ne-2026-11-03-r20-25,politics,0.0000,1,2026-09-25T03:48:54Z,,,,0.004286,0.100000,0.417,,4
2026-09-24,vmc-ussemov-ne-2026-11-03-rgte30,politics,0.0000,1,2026-09-25T03:48:54Z,,,,0.003429,0.100000,0.400,,4
2026-09-24,vmc-usgubmov-al-2026-11-03-dwin,politics,0.0000,1,2026-09-25T03:48:54Z,,,,0.000365,0.111111,0.317,,6
2026-09-24,vmc-ussemov-me-2026-11-03-dgte15,politics,0.0000,1,2026-09-25T03:48:54Z,,,,0.004286,0.083333,0.311,,4
2026-09-24,vmc-ussemov-nc-2026-11-03-r3-6,politics,0.0000,1,2026-09-25T03:48:54Z,,,,0.002212,0.100000,0.295,,4
2026-09-24,vmc-ussemov-la-2026-11-03-rgte35,politics,0.0014,1,2026-09-25T03:48:54Z,,,,0.811662,0.111111,0.367,,6
2026-09-24,vtc-usseto-ok-2026-11-03-gt1pt3m,politics,0.0000,1,2026-09-25T03:48:54Z,,,,0.004286,0.166667,0.167,,6
2026-09-24,vtc-usgubto-wi-2026-11-03-gt3pt2m,politics,0.0000,1,2026-09-25T03:48:54Z,,,,0.004485,0.166667,0.145,,7
2026-09-24,vmc-usgubmov-il-2026-11-03-d5-10,politics,0.0000,0,2026-09-25T03:48:54Z,,,,0.001981,0.111111,0.456,,4
2026-09-24,vtc-usseto-nc-2026-11-03-gt4pt5m,politics,0.0000,0,2026-09-25T03:48:54Z,,,,0.003885,0.142857,0.667,,5
2026-09-23,ussewc-usse-co-2026-11-03-rep,politics,0.2226,1,2026-09-23T04:53:25Z,,,,0.003766,61.664791,22.831,,6
2026-09-23,usgubewc-usgub-ak-2026-11-03-davbro,politics,0.9582,1,2026-09-23T04:53:25Z,,,,0.023801,42.257777,22.987,,9
2026-09-23,ewc-usgub-nv-2026-11-03-dem,politics,1.9935,1,2026-09-23T04:53:25Z,,,,0.013963,147.902602,22.992,,9
2026-09-23,paccc-balpow-2026-11-03-rsweep,politics,0.0000,1,2026-09-23T04:53:25Z,,,,0.000465,187.599390,0.006,,13
2026-09-23,scc-hrep-rep-2026-11-03-gte185,politics,2.0852,1,2026-09-23T04:53:25Z,,,,0.088030,24.648973,22.898,,8
2026-09-23,scc-hrep-rep-2026-11-03-gte205,politics,0.9411,1,2026-09-23T04:53:25Z,,,,0.040113,24.640417,22.742,,10
2026-09-23,scc-hrep-rep-2026-11-03-gte210,politics,3.7291,2,2026-09-23T04:53:25Z,,,,0.157120,24.649513,22.931,,9
2026-09-23,ushrewc-ushr-tx-15-2026-11-03-rep,politics,0.0252,1,2026-09-23T04:53:25Z,,,,0.027617,62.499088,0.350,,16
2026-09-23,ewc-usse-mn-2026-11-03-dem,politics,0.1779,1,2026-09-23T04:53:25Z,,,,0.001240,147.903651,23.003,,7
2026-09-23,ushrewc-ushr-ia-01-2026-11-03-rep,politics,0.0042,1,2026-09-23T04:53:25Z,,,,0.002256,53.389119,0.751,,8
2026-09-23,usgubewc-usgub-ak-2026-11-03-jonkre,politics,0.5699,2,2026-09-23T04:53:25Z,,,,0.018185,42.231637,18.312,,15
2026-09-23,usgubewc-usgub-me-2026-11-03-dem,politics,0.0000,1,2026-09-23T04:53:25Z,,,,,5.096241,0.072,,5
2026-09-23,usgubewc-usgub-md-2026-11-03-dem,politics,0.0438,1,2026-09-23T04:53:25Z,,,,0.007383,6.175744,22.964,,6
2026-09-23,ussewc-usse-la-2026-11-03-rep,politics,0.0604,1,2026-09-23T04:53:25Z,,,,0.011157,6.182491,21.237,,5
2026-09-23,usgubewc-usgub-nm-2026-11-03-dem,politics,0.0000,1,2026-09-23T04:53:25Z,,,,,6.176256,22.559,,5
2026-09-23,ussewc-usse-nm-2026-11-03-rep,politics,0.0249,1,2026-09-23T04:53:25Z,,,,0.004781,6.166984,20.207,,6
2026-09-23,ussewc-usse-or-2026-11-03-dem,politics,0.0626,1,2026-09-23T04:53:25Z,,,,0.011475,6.173218,20.941,,9
2026-09-23,cpoc-ussec-tx-me-2026-11-03-rsweep,politics,0.0699,1,2026-09-23T04:53:25Z,,,,0.032697,4.567950,9.923,,13
2026-09-23,ushrewc-ushr-wa-03-2026-11-03-rep,politics,0.4951,1,2026-09-23T04:53:25Z,,,,0.008339,61.664267,23.014,,6
2026-09-23,ushrewc-ushr-oh-09-2026-11-03-rep,politics,1.2559,1,2026-09-23T04:53:25Z,,,,0.021239,61.644221,22.964,,10
2026-09-23,ussewc-usse-co-2026-11-03-dem,politics,0.7313,1,2026-09-23T04:53:25Z,,,,0.012385,61.663639,22.998,,10
2026-09-23,ushrewc-ushr-nc-01-2026-11-03-dem,politics,0.0160,1,2026-09-23T04:53:25Z,,,,0.000277,62.277398,21.958,,8
2026-09-23,ushrewc-ushr-nj-07-2026-11-03-rep,politics,0.0051,1,2026-09-23T04:53:25Z,,,,0.004398,62.502748,0.450,,8
2026-09-23,ushrewc-ushr-tx-15-2026-11-03-dem,politics,0.0076,1,2026-09-23T04:53:25Z,,,,0.005912,57.168413,0.500,,8
2026-09-23,ewc-usgub-wi-2026-11-03-rep,politics,0.0000,1,2026-09-23T04:53:25Z,,,,,,,,9
2026-09-23,ushrewc-ushr-me-02-2026-11-03-rep,politics,0.1468,1,2026-09-23T04:53:25Z,,,,0.019305,62.500045,2.919,,8
2026-09-23,scc-hrep-rep-2026-11-03-gte215,politics,0.8174,1,2026-09-23T04:53:25Z,,,,0.034547,24.650001,22.964,,12
2026-09-23,scc-hrep-rep-2026-11-03-gte220,politics,0.8029,2,2026-09-23T04:53:25Z,,,,0.035223,24.650865,23.020,,14
2026-09-23,ewc-usgub-ia-2026-11-03-rep,politics,0.0000,1,2026-09-23T04:53:25Z,,,,0.000032,150.060210,0.017,,10
2026-09-23,ewc-usse-ak-2026-11-03-dem,politics,0.0000,1,2026-09-23T04:53:25Z,,,,,281.250000,0.589,,14
2026-09-23,ewc-usgub-oh-2026-11-03-dem,politics,0.0069,1,2026-09-23T04:53:25Z,,,,0.000573,132.482981,2.107,,8
2026-09-23,ewc-usse-ia-2026-11-03-rep,politics,0.0016,1,2026-09-23T04:53:25Z,,,,0.005987,375.135732,0.017,,12
2026-09-23,ewc-usse-ia-2026-11-03-dem,politics,0.0000,1,2026-09-23T04:53:25Z,,,,,,,,13
2026-09-23,usgubewc-usgub-ne-2026-11-03-rep,politics,0.0000,1,2026-09-23T04:53:25Z,,,,0.000003,6.174821,15.749,,5
2026-09-23,ushrewc-ushr-tx-34-2026-11-03-dem,politics,0.0000,1,2026-09-23T04:53:25Z,,,,,,,,10
2026-09-23,ewc-usgub-oh-2026-11-03-rep,politics,0.6669,1,2026-09-23T04:53:25Z,,,,0.004674,147.906239,23.031,,7
2026-09-23,ewc-usse-nh-2026-11-03-dem,politics,0.0146,1,2026-09-23T04:53:25Z,,,,0.000117,149.410114,19.884,,7
2026-09-23,paccc-balpow-2026-11-03-dsweep,politics,0.0332,1,2026-09-23T04:53:25Z,,,,0.000949,187.499530,4.481,,11
2026-09-23,ewc-usse-me-2026-11-03-dem,politics,0.0000,1,2026-09-23T04:53:25Z,,,,,,,,10
2026-09-23,ewc-usgub-ia-2026-11-03-dem,politics,0.0092,1,2026-09-23T04:53:25Z,,,,0.000676,150.000162,2.174,,8
2026-09-23,ewc-usgub-wi-2026-11-03-dem,politics,0.0067,1,2026-09-23T04:53:25Z,,,,0.048050,150.077961,0.022,,9
2026-09-23,cpoc-ussegubc-oh-2026-11-03-dsweep,politics,0.1572,1,2026-09-23T04:53:25Z,,,,0.074883,3.099775,16.156,,6
2026-09-23,ushrewc-ushr-ny-04-2026-11-03-rep,politics,0.0025,1,2026-09-23T04:53:25Z,,,,0.000176,59.522857,5.632,,6
2026-09-23,ewc-usse-mi-2026-11-03-dem,politics,0.4264,1,2026-09-23T04:53:25Z,,,,0.002798,373.328235,9.744,,14
2026-09-23,cpoc-ussegubc-ia-2026-11-03-dsweep,politics,0.3713,1,2026-09-23T04:53:25Z,,,,0.166849,3.088986,17.016,,12
2026-09-23,cpoc-ussegubc-ga-2026-11-03-rgov-dsen,politics,0.4413,1,2026-09-23T04:53:25Z,,,,0.282381,3.082961,11.929,,7
2026-09-23,cpoc-ussegubc-me-2026-11-03-dgov-rsen,politics,0.5082,1,2026-09-23T04:53:25Z,,,,0.189238,3.087894,20.824,,8
2026-09-23,ushrewc-ushr-me-02-2026-11-03-dem,politics,3.7274,1,2026-09-23T04:53:25Z,,,,0.070415,62.365874,20.244,,9
2026-09-23,ushrewc-ushr-nj-07-2026-11-03-dem,politics,0.1742,1,2026-09-23T04:53:25Z,,,,0.003016,61.653369,23.014,,8
2026-09-23,scc-hrep-rep-2026-11-03-gte235,politics,0.0424,1,2026-09-23T04:53:25Z,,,,0.002514,24.690995,16.200,,8
2026-09-23,ushrewc-ushr-ia-01-2026-11-03-dem,politics,0.0181,1,2026-09-23T04:53:25Z,,,,0.011034,62.502634,0.628,,8
2026-09-23,cpoc-ussegubc-mn-2026-11-03-dgov-rsen,politics,0.0116,0,2026-09-23T04:53:25Z,,,,0.008480,3.125003,10.501,,7
2026-09-23,cpoc-ussegubc-me-2026-11-03-rsweep,politics,1.1801,1,2026-09-23T04:53:25Z,,,,0.458822,3.084499,19.679,,11
2026-09-23,usgubewc-usgub-tx-2026-11-03-dem,politics,0.2552,0,2026-09-23T04:53:25Z,,,,0.019752,149.999062,2.068,,13
2026-09-23,cpoc-ussegubc-ia-2026-11-03-rgov-dsen,politics,0.1776,0,2026-09-23T04:53:25Z,,,,0.245311,3.100266,5.491,,10
2026-09-23,cpoc-ussegubc-mi-2026-11-03-dsweep,politics,0.5581,1,2026-09-23T04:53:25Z,,,,0.273486,3.108817,15.676,,8
2026-09-23,cpoc-ussegubc-ks-2026-11-03-rsweep,politics,0.3718,1,2026-09-23T04:53:25Z,,,,0.184652,3.087284,15.420,,9
2026-09-23,paccc-usse-midterms-2026-11-03-rep,politics,4.1174,2,2026-09-23T04:53:25Z,,,,0.012362,370.697725,21.358,,24
2026-09-23,scc-hrep-demst-2026-11-03-gte218,politics,0.0090,0,2026-09-23T04:53:25Z,,,,0.006809,6.250001,5.109,,4
2026-09-23,ushrewc-ushr-ca-45-2026-11-03-dem,politics,0.0655,1,2026-09-23T04:53:25Z,,,,0.003848,60.287962,7.656,,7
2026-09-23,usgubewc-usgub-ri-2026-11-03-dem,politics,0.7090,0,2026-09-23T04:53:25Z,,,,0.178089,4.116139,22.870,,9
2026-09-23,scc-senate-demst-2026-11-03-gte49,politics,0.8981,0,2026-09-23T04:53:25Z,,,,0.222925,6.235963,15.467,,3
2026-09-23,scc-senate-demst-2026-11-03-gte51,politics,0.6392,2,2026-09-23T04:53:25Z,,,,0.142334,6.168438,17.324,,10
2026-09-23,ewc-usse-oh-2026-11-03-dem,politics,0.3063,1,2026-09-23T04:53:25Z,,,,0.000850,369.765599,23.031,,16
2026-09-23,paccc-usho-midterms-2026-11-03-rep,politics,0.8692,0,2026-09-23T04:53:25Z,,,,0.003938,373.846481,14.119,,34
2026-09-23,ewc-usse-me-2026-11-03-rep,politics,0.0000,1,2026-09-23T04:53:25Z,,,,,,,,11
2026-09-23,cpoc-ussec-tx-me-2026-11-03-rtx-dme,politics,0.0271,2,2026-09-23T04:53:25Z,,,,0.006682,4.221774,18.028,,14
2026-09-23,cpoc-ussegubc-oh-2026-11-03-rsweep,politics,1.0369,1,2026-09-23T04:53:25Z,,,,0.431344,3.104351,18.385,,13
2026-09-23,ushrewc-ushr-tx-34-2026-11-03-rep,politics,0.0000,1,2026-09-23T04:53:25Z,,,,,,,,13
2026-09-23,cpoc-ussegubc-tx-2026-11-03-rsweep,politics,0.0144,2,2026-09-23T04:53:25Z,,,,0.005365,3.094612,20.731,,9
2026-09-23,cpoc-ussegubc-ga-2026-11-03-dsweep,politics,0.5306,0,2026-09-23T04:53:25Z,,,,0.351037,3.098725,11.552,,9
2026-09-23,cpoc-ussegubc-nh-2026-11-03-dsweep,politics,0.0038,2,2026-09-23T04:53:25Z,,,,0.001569,3.096212,18.628,,9
2026-09-23,ushrewc-ushr-ny-17-2026-11-03-dem,politics,0.7601,1,2026-09-23T04:53:25Z,,,,0.025539,61.041764,11.386,,9
2026-09-23,ushrewc-ushr-nc-01-2026-11-03-rep,politics,0.0078,1,2026-09-23T04:53:25Z,,,,0.001292,56.368327,2.408,,7
2026-09-23,ushrewc-ushr-pa-01-2026-11-03-rep,politics,0.0016,1,2026-09-23T04:53:25Z,,,,0.000160,62.354526,4.019,,6
2026-09-23,ushrewc-ushr-va-02-2026-11-03-rep,politics,0.0073,1,2026-09-23T04:53:25Z,,,,0.000935,62.499985,3.024,,7
2026-09-23,cpoc-ussegubc-nh-2026-11-03-rgov-dsen,politics,0.1053,0,2026-09-23T04:53:25Z,,,,0.097853,3.125000,8.261,,6
2026-09-23,scc-hrep-demst-2026-11-03-gte235,politics,0.9783,1,2026-09-23T04:53:25Z,,,,0.232658,6.181774,16.123,,6
2026-09-23,cpoc-ussegubc-mn-2026-11-03-rgov-dsen,politics,0.0052,1,2026-09-23T04:53:25Z,,,,0.003104,3.092229,13.176,,8
2026-09-23,cpoc-ussegubc-mi-2026-11-03-rsweep,politics,0.0000,1,2026-09-23T04:53:25Z,,,,,,,,6
2026-09-23,cpoc-ussegubc-tx-2026-11-03-dsweep,politics,0.3525,0,2026-09-23T04:53:25Z,,,,0.324711,3.124995,8.338,,9
2026-09-23,cpoc-ussegubc-mn-2026-11-03-rsweep,politics,0.0256,1,2026-09-23T04:53:25Z,,,,0.015403,3.086516,12.754,,8
2026-09-23,ussewc-usse-sd-2026-11-03-briben,politics,0.0000,1,2026-09-23T04:53:25Z,,,,,,,,6
2026-09-23,paccc-usse-midterms-2026-11-03-dem,politics,4.9690,1,2026-09-23T04:53:25Z,,,,0.016112,373.513271,19.723,,22
2026-09-23,cpoc-ussec-tx-mi-me-2026-11-03-rsweep,politics,0.0000,1,2026-09-23T04:53:25Z,,,,,,,,10
2026-09-23,cpoc-ussec-tx-mi-me-2026-11-03-rtx-dmi-dme,politics,0.0262,1,2026-09-23T04:53:25Z,,,,0.012274,2.113332,19.212,,18
2026-09-23,scc-hrep-rep-2026-11-03-gte200,politics,3.1001,1,2026-09-23T04:53:25Z,,,,0.131367,24.687912,22.748,,6
2026-09-23,scc-hrep-rep-2026-11-03-gte195,politics,4.5254,1,2026-09-23T04:53:25Z,,,,0.193057,24.684589,22.508,,7
2026-09-23,scc-hrep-rep-2026-11-03-gte180,politics,0.8277,1,2026-09-23T04:53:25Z,,,,0.034775,24.689437,22.859,,9
2026-09-23,scc-senate-gop-2026-11-03-51,politics,1.1079,1,2026-09-23T04:53:25Z,,,,0.050591,22.790122,22.848,,11
2026-09-23,ushrewc-ushr-ca-13-2026-11-03-rep,politics,1.4749,0,2026-09-23T04:53:25Z,,,,0.026152,62.273294,21.569,,6
2026-09-23,scc-hrep-rep-2026-11-03-gte225,politics,2.3070,2,2026-09-23T04:53:25Z,,,,0.098777,24.644354,22.992,,8
2026-09-23,scc-senate-gop-2026-11-03-lte45,politics,0.5800,0,2026-09-23T04:53:25Z,,,,0.029459,22.707045,20.408,,15
2026-09-23,paccc-balpow-2026-11-03-dhou-rsen,politics,3.7074,0,2026-09-23T04:53:25Z,,,,0.022301,186.808354,21.208,,10
2026-09-23,ewc-usse-mi-2026-11-03-rep,politics,3.4009,1,2026-09-23T04:53:25Z,,,,0.010074,370.081960,21.652,,9
2026-09-23,scc-senate-gop-2026-11-03-50,politics,3.6264,1,2026-09-23T04:53:25Z,,,,0.164958,22.748302,22.970,,13
2026-09-23,ewc-usse-nh-2026-11-03-rep,politics,0.1799,0,2026-09-23T04:53:25Z,,,,0.002466,149.440625,11.651,,5
2026-09-23,usgubewc-usgub-tx-2026-11-03-rep,politics,0.2829,1,2026-09-23T04:53:25Z,,,,0.028873,150.000256,1.568,,12
2026-09-23,aachc-cfb-wins-2026-11-28-pennst-9pt5wins,cfb,0.0733,2,2026-09-23T04:53:25Z,,,,0.012513,5.973354,23.324,,9
2026-09-23,aachc-cfb-wins-2026-11-28-vir-5pt5wins,cfb,0.0092,1,2026-09-23T04:53:25Z,,,,0.001543,5.973765,23.680,,5
2026-09-23,aachc-cfb-wins-2026-11-28-oregst-5pt5wins,cfb,0.0944,0,2026-09-23T04:53:25Z,,,,0.022873,5.987287,16.400,,8
2026-09-23,aachc-cfb-wins-2026-11-28-kan-5pt5wins,cfb,0.0208,1,2026-09-23T04:53:25Z,,,,0.003489,5.973753,23.669,,6
2026-09-23,aachc-cfb-wins-2026-11-28-arz-5pt5wins,cfb,0.0470,1,2026-09-23T04:53:25Z,,,,0.007971,5.973597,23.535,,8
2026-09-23,aachc-cfb-wins-2026-11-28-mspst-5pt5wins,cfb,0.2992,1,2026-09-23T04:53:25Z,,,,0.042281,7.465589,22.574,,6
2026-09-23,aachc-cfb-wins-ou-2026-11-28-utahst,cfb,0.0052,1,2026-09-23T04:53:25Z,,,,0.015949,0.393519,19.490,,6
2026-09-23,aachc-cfb-wins-2026-11-28-clmsn-7pt5wins,cfb,0.1718,1,2026-09-23T04:53:25Z,,,,0.029115,5.973566,23.502,,8
2026-09-23,aachc-cfb-wins-2026-11-28-okst-4pt5wins,cfb,0.0842,1,2026-09-23T04:53:25Z,,,,0.014865,5.972433,22.540,,8
2026-09-23,aachc-cfb-wins-2026-11-28-minnst-4pt5wins,cfb,0.0394,0,2026-09-23T04:53:25Z,,,,0.016053,5.973367,9.788,,7
2026-09-23,aachc-cfb-wins-2026-11-28-kanst-10pt5wins,cfb,0.0159,0,2026-09-23T04:53:25Z,,,,0.007548,5.974996,8.345,,8
2026-09-23,aachc-cfb-wins-2026-11-28-ncst-5pt5wins,cfb,0.1564,2,2026-09-23T04:53:25Z,,,,0.028867,5.971228,21.595,,7
2026-09-23,aachc-cfb-wins-2026-11-28-arzst-6pt5wins,cfb,0.2139,0,2026-09-23T04:53:25Z,,,,0.043986,5.967883,19.349,,7
2026-09-23,aachc-cfb-wins-2026-11-28-ala-10pt5wins,cfb,0.0871,2,2026-09-23T04:53:25Z,,,,0.014795,5.973521,23.463,,9
2026-09-23,aachc-cfb-wins-2026-11-28-vand-3pt5wins,cfb,0.0812,1,2026-09-23T04:53:25Z,,,,0.013897,5.973292,23.263,,5
2026-09-23,aachc-cfb-wins-2026-11-28-arzst-4pt5wins,cfb,0.0590,0,2026-09-23T04:53:25Z,,,,0.024379,5.999993,9.667,,5
2026-09-23,aachc-cfb-wins-ou-2026-11-28-kanst,cfb,0.0030,0,2026-09-23T04:53:25Z,,,,0.172430,0.394738,1.073,,6
2026-09-23,aachc-cfb-wins-2026-11-28-iowast-4pt5wins,cfb,0.1083,1,2026-09-23T04:53:25Z,,,,0.029040,5.989798,14.903,,6
2026-09-23,aachc-cfb-wins-2026-11-28-bayl-7pt5wins,cfb,0.0000,0,2026-09-23T04:53:25Z,,,,0.000031,5.999962,1.384,,7
2026-09-23,aachc-cfb-wins-2026-11-28-ore-10pt5wins,cfb,0.0014,0,2026-09-23T04:53:25Z,,,,0.001895,7.499980,2.424,,8
2026-09-23,aachc-cfb-wins-2026-11-28-boscol-4pt5wins,cfb,0.0002,0,2026-09-23T04:53:25Z,,,,0.000507,7.499999,1.490,,11
2026-09-23,aachc-cfb-wins-2026-11-28-minnst-6pt5wins,cfb,0.0000,0,2026-09-23T04:53:25Z,,,,0.000069,5.862704,1.519,,6
2026-09-23,aachc-cfb-wins-2026-11-28-boscol-3pt5wins,cfb,0.0001,0,2026-09-23T04:53:25Z,,,,0.000413,7.499896,0.679,,6
2026-09-23,aachc-cfb-wins-2026-11-28-byu-9pt5wins,cfb,0.0000,0,2026-09-23T04:53:25Z,,,,0.000077,6.000020,1.473,,6
2026-09-23,aachc-cfb-wins-2026-11-28-aubrn-8pt5wins,cfb,0.0067,1,2026-09-23T04:53:25Z,,,,0.005343,5.969587,5.002,,8
2026-09-23,aachc-cfb-wins-2026-11-28-wake-4pt5wins,cfb,0.1090,0,2026-09-23T04:53:25Z,,,,0.046882,5.983616,9.282,,6
2026-09-23,aachc-cfb-wins-2026-11-28-wisc-8pt5wins,cfb,0.0000,0,2026-09-23T04:53:25Z,,,,0.000072,5.931249,2.211,,7
2026-09-23,aachc-cfb-wins-2026-11-28-wvir-7pt5wins,cfb,0.0005,0,2026-09-23T04:53:25Z,,,,0.000972,5.931718,2.228,,8
2026-09-23,aachc-cfb-wins-2026-11-28-wash-7pt5wins,cfb,0.0001,0,2026-09-23T04:53:25Z,,,,0.000536,5.999960,0.751,,6
2026-09-23,aachc-cfb-wins-2026-11-28-washst-5pt5wins,cfb,0.0006,0,2026-09-23T04:53:25Z,,,,0.003486,5.999997,0.740,,7
2026-09-23,aachc-cfb-wins-2026-11-28-wash-8pt5wins,cfb,0.0002,0,2026-09-23T04:53:25Z,,,,0.001232,5.999892,0.762,,6
2026-09-23,aachc-cfb-wins-2026-11-28-duke-6pt5wins,cfb,0.0951,1,2026-09-23T04:53:25Z,,,,0.037368,5.964409,10.134,,5
2026-09-23,aachc-cfb-wins-2026-11-28-sdst-5pt5wins,cfb,0.0001,0,2026-09-23T04:53:25Z,,,,0.000618,5.999931,0.751,,6
2026-09-23,ewc-usse-ne-2026-11-03-rep,politics,0.0366,0,2026-09-23T04:53:25Z,,,,0.010491,4.120527,20.214,,9
2026-09-23,scc-senate-gop-2026-11-03-48,politics,0.0494,1,2026-09-23T04:53:25Z,,,,0.002844,22.730475,18.058,,10
2026-09-23,scc-hrep-rep-2026-11-03-gte230,politics,0.1034,0,2026-09-23T04:53:25Z,,,,0.004557,24.631226,22.175,,7
2026-09-23,scc-senate-gop-2026-11-03-52,politics,3.2430,1,2026-09-23T04:53:25Z,,,,0.147756,22.747418,22.909,,14
2026-09-23,cpoc-ussegubc-mi-2026-11-03-dgov-rsen,politics,0.0000,0,2026-09-23T04:53:25Z,,,,0.000001,3.125016,0.701,,6
2026-09-23,ewc-usse-tx-2026-11-03-rep,politics,0.0922,0,2026-09-23T04:53:25Z,,,,0.003648,374.997761,1.618,,14
2026-09-23,ushrewc-ushr-mi-07-2026-11-03-dem,politics,0.1373,0,2026-09-23T04:53:25Z,,,,0.101901,62.501473,0.517,,8
2026-09-23,usgubewc-usgub-al-2026-11-03-rep,politics,0.0000,0,2026-09-23T04:53:25Z,,,,,5.809548,0.584,,8
2026-09-23,aachc-cfb-wins-2026-11-28-gtech-7pt5wins,cfb,0.3117,0,2026-09-23T04:53:25Z,,,,0.065208,5.975329,19.028,,8
2026-09-23,aachc-cfb-wins-2026-11-28-colst-5pt5wins,cfb,0.2889,1,2026-09-23T04:53:25Z,,,,0.103354,7.449158,8.867,,7
2026-09-23,aachc-cfb-wins-2026-11-28-stan-5pt5wins,cfb,0.0000,0,2026-09-23T04:53:25Z,,,,0.000006,5.999636,0.178,,8
2026-09-23,aachc-cfb-wins-2026-11-28-gtech-5pt5wins,cfb,0.0084,0,2026-09-23T04:53:25Z,,,,0.010732,5.950985,3.105,,8
2026-09-23,aachc-cfb-wins-2026-11-28-ark-5pt5wins,cfb,0.0000,0,2026-09-23T04:53:25Z,,,,0.000251,6.000118,0.217,,7
2026-09-23,aachc-cfb-wins-2026-11-28-ark-3pt5wins,cfb,0.0000,0,2026-09-23T04:53:25Z,,,,0.000259,5.999770,0.250,,8
2026-09-23,aachc-cfb-wins-2026-11-28-lsu-9pt5wins,cfb,0.0005,0,2026-09-23T04:53:25Z,,,,0.000827,5.999997,1.785,,9
2026-09-23,aachc-cfb-wins-2026-11-28-flst-8pt5wins,cfb,0.0001,0,2026-09-23T04:53:25Z,,,,0.001053,6.000126,0.534,,7
2026-09-23,aachc-cfb-wins-2026-11-28-uk-5pt5wins,cfb,0.0000,0,2026-09-23T04:53:25Z,,,,0.000007,6.000092,0.589,,11
2026-09-23,aachc-cfb-wins-ou-2026-11-28-wash,cfb,0.0000,0,2026-09-23T04:53:25Z,,,,0.000627,0.394741,0.562,,12
2026-09-23,aachc-cfb-wins-ou-2026-11-28-ncst,cfb,0.0000,0,2026-09-23T04:53:25Z,,,,0.000578,0.394731,0.601,,8
2026-09-23,aachc-cfb-wins-ou-2026-11-28-nd,cfb,0.0000,0,2026-09-23T04:53:25Z,,,,0.000511,0.394738,0.617,,7
2026-09-23,aachc-cfb-wins-2026-11-28-lsu-8pt5wins,cfb,0.0002,0,2026-09-23T04:53:25Z,,,,0.001717,6.000200,0.367,,8
2026-09-23,aachc-cfb-wins-2026-11-28-aubrn-6pt5wins,cfb,0.0067,0,2026-09-23T04:53:25Z,,,,0.006417,5.963731,4.196,,7
2026-09-23,ussewc-usse-al-2026-11-03-rep,politics,0.0148,0,2026-09-23T05:53:44Z,,,,0.053334,6.249965,1.067,,5
2026-09-23,cpoc-ussegubc-nh-2026-11-03-dgov-rsen,politics,0.1758,0,2026-09-23T05:53:44Z,,,,0.136713,3.114008,9.880,,7
2026-09-23,aachc-cfb-wins-ou-2026-11-28-ohiost,cfb,0.0000,0,2026-09-23T05:53:44Z,,,,0.002579,0.394738,0.734,,6
2026-09-23,aachc-cfb-wins-ou-2026-11-28-stan,cfb,0.0000,0,2026-09-23T05:53:44Z,,,,0.002464,0.394742,0.756,,8
2026-09-23,aachc-cfb-wins-ou-2026-11-28-sdst,cfb,0.0000,0,2026-09-23T05:53:44Z,,,,0.000112,0.394740,0.645,,14
2026-09-23,aachc-cfb-wins-2026-11-28-duke-7pt5wins,cfb,0.0000,0,2026-09-23T05:53:44Z,,,,0.000023,5.999922,0.767,,8
2026-09-23,aachc-cfb-wins-ou-2026-11-28-pur,cfb,0.0000,0,2026-09-23T05:53:44Z,,,,0.000477,0.394738,0.711,,11
2026-09-23,aachc-cfb-wins-ou-2026-11-28-txam,cfb,0.0000,0,2026-09-23T05:53:44Z,,,,0.000163,0.394732,0.711,,10
2026-09-23,aachc-cfb-wins-ou-2026-11-28-wake,cfb,0.0000,0,2026-09-23T05:53:44Z,,,,0.000083,0.394729,0.700,,6
2026-09-23,aachc-cfb-wins-ou-2026-11-28-tcu,cfb,0.0000,0,2026-09-23T05:53:44Z,,,,0.000106,0.394739,0.745,,9
2026-09-23,ewc-usse-tx-2026-11-03-dem,politics,0.0802,0,2026-09-23T05:53:44Z,,,,0.004351,363.797094,1.163,,13
2026-09-23,ushrewc-ushr-oh-09-2026-11-03-dem,politics,0.0848,0,2026-09-23T05:53:44Z,,,,0.015543,62.500659,2.096,,6
2026-09-23,ushrewc-ushr-ny-17-2026-11-03-rep,politics,0.0931,0,2026-09-23T05:53:44Z,,,,0.008474,62.500166,4.219,,7
2026-09-23,usgubewc-usgub-fl-2026-11-03-dem,politics,0.6349,1,2026-09-23T05:53:44Z,,,,0.035018,60.243659,6.989,,12
2026-09-23,scc-senate-gop-2026-11-03-49,politics,0.0077,0,2026-09-23T05:53:44Z,,,,0.013524,23.077043,0.595,,9
2026-09-23,usgubewc-usgub-fl-2026-11-03-rep,politics,1.7403,0,2026-09-23T05:53:44Z,,,,0.084242,62.225517,7.912,,10
2026-09-23,ushrewc-ushr-wa-03-2026-11-03-dem,politics,0.0033,0,2026-09-23T05:53:44Z,,,,0.002965,62.500404,0.423,,8
2026-09-23,ewc-usgub-ga-2026-11-03-dem,politics,1.4951,1,2026-09-23T06:54:24Z,,,,0.014978,149.263569,15.932,,9
2026-09-23,aachc-cfb-wins-2026-11-28-pitt-9pt5wins,cfb,0.0069,1,2026-09-23T06:54:24Z,,,,0.011909,5.934218,2.311,,8
2026-09-23,aachc-cfb-wins-2026-11-28-ohiost-10pt5wins,cfb,0.0028,0,2026-09-23T06:54:24Z,,,,0.004096,7.500038,2.207,,8
2026-09-23,aachc-cfb-wins-2026-11-28-ohiost-9pt5wins,cfb,0.0004,1,2026-09-23T06:54:24Z,,,,0.000603,7.499975,1.802,,8
2026-09-23,aachc-cfb-wins-2026-11-28-ore-9pt5wins,cfb,0.0000,0,2026-09-23T06:54:24Z,,,,0.000085,7.499946,1.490,,8
2026-09-23,ewc-usgub-ga-2026-11-03-rep,politics,0.0880,0,2026-09-23T06:54:24Z,,,,0.009340,149.999502,1.506,,9
2026-09-23,ushrewc-ushr-ne-02-2026-11-03-dem,politics,0.0005,0,2026-09-23T06:54:24Z,,,,0.001228,62.503723,0.156,,6
2026-09-23,ewc-usgub-nv-2026-11-03-rep,politics,1.0169,1,2026-09-23T06:54:24Z,,,,0.025919,144.342835,6.377,,7
2026-09-23,ewc-usgub-mi-2026-11-03-rep,politics,0.0012,0,2026-09-23T06:54:24Z,,,,0.002968,100.001322,0.100,,9
2026-09-23,aachc-cfb-wins-2026-11-28-ncst-6pt5wins,cfb,0.0000,0,2026-09-23T06:54:24Z,,,,0.000210,5.999998,1.485,,9
2026-09-23,aachc-cfb-wins-2026-11-28-ncst-7pt5wins,cfb,0.0001,0,2026-09-23T06:54:24Z,,,,0.000226,5.999953,1.512,,7
2026-09-23,aachc-cfb-wins-2026-11-28-ncar-5pt5wins,cfb,0.0000,0,2026-09-23T06:54:24Z,,,,0.000062,5.999933,0.745,,8
2026-09-23,cpoc-ussegubc-ks-2026-11-03-rgov-dsen,politics,0.0000,0,2026-09-23T07:55:15Z,,,,0.000003,3.124963,1.223,,9
2026-09-23,aachc-cfb-wins-2026-11-28-kan-6pt5wins,cfb,0.0000,0,2026-09-23T07:55:15Z,,,,0.000079,6.000033,0.751,,10
2026-09-23,aachc-cfb-wins-ou-2026-11-28-cah,cfb,0.0000,0,2026-09-23T07:55:15Z,,,,0.001836,0.394739,0.751,,7
2026-09-23,aachc-cfb-wins-2026-11-28-kan-7pt5wins,cfb,0.0000,0,2026-09-23T07:55:15Z,,,,0.000094,6.000015,1.495,,7
2026-09-23,aachc-cfb-wins-2026-11-28-lou-8pt5wins,cfb,0.0002,0,2026-09-23T07:55:15Z,,,,0.000321,5.999906,1.429,,7
2026-09-23,aachc-cfb-wins-2026-11-28-kanst-9pt5wins,cfb,0.0000,0,2026-09-23T07:55:15Z,,,,0.000183,5.999908,0.740,,6
2026-09-23,aachc-cfb-wins-2026-11-28-kan-4pt5wins,cfb,0.0000,0,2026-09-23T07:55:15Z,,,,0.000125,6.000019,1.501,,7
2026-09-23,aachc-cfb-wins-2026-11-28-minnst-5pt5wins,cfb,0.0000,0,2026-09-23T07:55:15Z,,,,0.000050,5.861679,1.508,,8
2026-09-23,aachc-cfb-wins-2026-11-28-miss-9pt5wins,cfb,0.0003,0,2026-09-23T07:55:15Z,,,,0.000698,5.861771,1.508,,8
2026-09-23,aachc-cfb-wins-2026-11-28-missr-5pt5wins,cfb,0.0897,1,2026-09-23T07:55:15Z,,,,0.023924,5.958139,14.846,,6
2026-09-23,aachc-cfb-wins-2026-11-28-minnst-7pt5wins,cfb,0.0001,0,2026-09-23T07:55:15Z,,,,0.000415,6.000023,1.473,,7
2026-09-23,cpoc-ussegubc-ks-2026-11-03-dgov-rsen,politics,0.0000,1,2026-09-23T07:55:15Z,,,,0.000004,3.004808,1.301,,8
2026-09-23,cpoc-ussegubc-ks-2026-11-03-dsweep,politics,0.0000,0,2026-09-23T07:55:15Z,,,,0.000006,3.124976,0.889,,8
2026-09-23,usgubewc-usgub-vt-2026-11-03-dem,politics,0.0000,0,2026-09-23T07:55:15Z,,,,0.000001,6.250191,0.300,,7
2026-09-23,cpoc-ussegubc-ia-2026-11-03-rsweep,politics,0.0785,2,2026-09-23T07:55:15Z,,,,0.141704,2.996848,4.475,,8
2026-09-23,cpoc-ussegubc-oh-2026-11-03-dgov-rsen,politics,0.3562,1,2026-09-23T07:55:15Z,,,,0.404773,3.073864,6.744,,7
2026-09-23,cpoc-ussegubc-ia-2026-11-03-dgov-rsen,politics,0.0080,1,2026-09-23T07:55:15Z,,,,0.067774,2.772657,1.134,,6
2026-09-23,aachc-cfb-wins-2026-11-28-hou-10pt5wins,cfb,0.0001,0,2026-09-23T07:55:15Z,,,,0.000362,5.999972,1.517,,9
2026-09-23,ewc-usse-ne-2026-11-03-danosb,politics,0.0000,1,2026-09-23T08:56:02Z,,,,,,,,7
2026-09-23,cpoc-ussec-tx-mi-me-2026-11-03-dtx-rmi-dme,politics,0.0000,0,2026-09-23T08:56:02Z,,,,0.000002,1.562541,0.522,,14
2026-09-23,cpoc-ussegubc-tx-2026-11-03-rgov-dsen,politics,0.2081,1,2026-09-23T08:56:02Z,,,,0.140761,3.079124,11.536,,8
2026-09-23,cpoc-ussegubc-nh-2026-11-03-rsweep,politics,0.2730,0,2026-09-23T08:56:02Z,,,,0.167857,3.116268,12.436,,10
2026-09-23,ussewc-usse-sc-2026-11-03-dem,politics,0.0000,1,2026-09-23T08:56:02Z,,,,,,,,13
2026-09-23,ussewc-usse-mt-2026-11-03-setbod,politics,0.0000,1,2026-09-23T08:56:02Z,,,,,,,,8
2026-09-23,aachc-cfb-wins-2026-11-28-ala-9pt5wins,cfb,0.0000,0,2026-09-23T08:56:02Z,,,,0.000023,5.965346,7.531,,7
2026-09-23,aachc-cfb-wins-2026-11-28-arzst-8pt5wins,cfb,0.0307,1,2026-09-23T08:56:02Z,,,,0.010731,5.963586,11.332,,6
2026-09-23,aachc-cfb-wins-2026-11-28-utah-10pt5wins,cfb,0.0004,0,2026-09-23T08:56:02Z,,,,0.000200,5.964827,7.414,,9
2026-09-23,aachc-cfb-wins-2026-11-28-mia-11pt5wins,cfb,0.0000,0,2026-09-23T08:56:02Z,,,,0.000004,5.963186,7.086,,7
2026-09-23,aachc-cfb-wins-2026-11-28-mia-7pt5wins,cfb,0.0359,0,2026-09-23T08:56:02Z,,,,0.015071,5.950531,9.489,,5
2026-09-23,aachc-cfb-wins-2026-11-28-boscol-5pt5wins,cfb,0.0000,0,2026-09-23T08:56:02Z,,,,0.000007,7.503210,0.028,,6
2026-09-23,aachc-cfb-wins-2026-11-28-missr-7pt5wins,cfb,0.0011,0,2026-09-23T08:56:02Z,,,,0.000739,5.958361,6.263,,9
2026-09-23,aachc-cfb-wins-2026-11-28-missr-6pt5wins,cfb,0.0002,0,2026-09-23T08:56:02Z,,,,0.000165,5.958140,6.230,,8
2026-09-23,aachc-cfb-wins-2026-11-28-wash-6pt5wins,cfb,0.0000,0,2026-09-23T08:56:02Z,,,,0.000027,5.962595,6.975,,6
2026-09-23,aachc-cfb-wins-2026-11-28-vand-7pt5wins,cfb,0.0000,0,2026-09-23T08:56:02Z,,,,0.000297,5.999897,0.850,,10
2026-09-23,aachc-cfb-wins-2026-11-28-txst-6pt5wins,cfb,0.0000,0,2026-09-23T08:56:02Z,,,,0.000040,5.999983,4.574,,5
2026-09-23,aachc-cfb-wins-2026-11-28-tx-11pt5wins,cfb,0.0012,0,2026-09-23T08:56:02Z,,,,0.000667,5.963290,7.102,,10
2026-09-23,aachc-cfb-wins-2026-11-28-iowast-2pt5wins,cfb,0.0932,1,2026-09-23T08:56:02Z,,,,0.036463,5.959368,10.159,,5
2026-09-23,ussewc-usse-nj-2026-11-03-dem,politics,0.0580,0,2026-09-23T14:53:44Z,,,,0.194480,6.249948,1.145,,6
2026-09-23,ussewc-usse-il-2026-11-03-dem,politics,0.0012,0,2026-09-23T14:53:44Z,,,,0.050703,6.250751,0.089,,7
2026-09-23,cpoc-ussec-tx-me-2026-11-03-dtx-rme,politics,0.0000,1,2026-09-23T15:54:01Z,,,,,,,,9
2026-09-23,ussewc-usse-il-2026-11-03-rep,politics,0.0707,0,2026-09-23T15:54:01Z,,,,0.138639,6.249974,1.957,,9
2026-09-23,aachc-cfb-wins-2026-11-28-cin-7pt5wins,cfb,0.0356,1,2026-09-23T15:54:01Z,,,,0.012014,5.969483,11.812,,7
2026-09-23,aachc-cfb-wins-2026-11-28-arz-7pt5wins,cfb,0.0138,0,2026-09-23T15:54:01Z,,,,0.009513,5.973590,5.757,,8
2026-09-23,aachc-cfb-wins-2026-11-28-frest-7pt5wins,cfb,0.0000,0,2026-09-23T15:54:01Z,,,,0.000148,6.000102,1.323,,8
2026-09-23,aachc-cfb-wins-2026-11-28-bayl-5pt5wins,cfb,0.0067,0,2026-09-23T15:54:01Z,,,,0.008144,5.952830,3.222,,7
2026-09-23,aachc-cfb-wins-2026-11-28-cin-3pt5wins,cfb,0.0113,1,2026-09-23T15:54:01Z,,,,0.013995,6.000009,3.214,,6
2026-09-23,aachc-cfb-wins-2026-11-28-arz-8pt5wins,cfb,0.0000,0,2026-09-23T15:54:01Z,,,,0.000085,6.000058,0.723,,8
2026-09-23,aachc-cfb-wins-2026-11-28-arz-9pt5wins,cfb,0.0000,1,2026-09-23T15:54:01Z,,,,,,,,9
2026-09-23,aachc-cfb-wins-2026-11-28-ark-4pt5wins,cfb,0.0000,0,2026-09-23T15:54:01Z,,,,0.000096,5.999939,1.479,,7
2026-09-23,aachc-cfb-wins-2026-11-28-hou-9pt5wins,cfb,0.1967,1,2026-09-23T15:54:01Z,,,,0.071386,5.967142,10.979,,8
2026-09-23,aachc-cfb-wins-2026-11-28-flst-4pt5wins,cfb,0.0000,0,2026-09-23T15:54:01Z,,,,0.000007,5.999986,0.734,,8
2026-09-23,aachc-cfb-wins-2026-11-28-wake-6pt5wins,cfb,0.0000,0,2026-09-23T15:54:01Z,,,,0.000200,6.000001,0.745,,8
2026-09-23,aachc-cfb-wins-2026-11-28-uk-6pt5wins,cfb,0.0000,0,2026-09-23T15:54:01Z,,,,0.000076,5.999957,1.490,,6
2026-09-23,aachc-cfb-wins-2026-11-28-utahst-4pt5wins,cfb,0.0000,0,2026-09-23T15:54:01Z,,,,0.000010,6.000036,1.395,,6
2026-09-23,ussewc-usse-wv-2026-11-03-rep,politics,0.1597,0,2026-09-23T16:54:21Z,,,,0.115243,6.208953,5.293,,7
2026-09-23,ussewc-usse-wy-2026-11-03-dem,politics,0.1357,1,2026-09-23T16:54:21Z,,,,0.104276,6.026311,5.003,,4
2026-09-23,cpoc-ussec-tx-me-2026-11-03-dsweep,politics,0.0000,1,2026-09-23T17:54:37Z,,,,,,,,15
2026-09-23,cpoc-ussec-tx-mi-me-2026-11-03-dsweep,politics,0.0000,1,2026-09-23T17:54:37Z,,,,,,,,10
2026-09-23,cpoc-ussegubc-oh-2026-11-03-rgov-dsen,politics,0.0088,1,2026-09-23T17:54:37Z,,,,0.103586,2.500000,0.817,,8
2026-09-23,aachc-cfb-wins-2026-11-28-wisc-7pt5wins,cfb,0.0000,0,2026-09-23T17:54:37Z,,,,0.000133,5.892195,1.410,,7
2026-09-23,aachc-cfb-wins-2026-11-28-wvir-6pt5wins,cfb,0.0001,0,2026-09-23T17:54:37Z,,,,0.000388,5.999948,0.745,,9
2026-09-23,aachc-cfb-wins-ou-2026-11-28-col,cfb,0.0000,0,2026-09-23T17:54:37Z,,,,0.000128,0.387411,1.366,,9
2026-09-23,aachc-cfb-wins-ou-2026-11-28-cin,cfb,0.0000,0,2026-09-23T17:54:37Z,,,,0.000129,0.394728,0.573,,7
2026-09-23,usgubewc-usgub-ne-2026-11-03-dem,politics,0.0000,1,2026-09-23T18:56:11Z,,,,,,,,12
2026-09-23,aachc-cfb-wins-2026-11-28-minnst-8pt5wins,cfb,0.0000,0,2026-09-23T18:56:11Z,,,,0.000023,6.000027,0.762,,8
2026-09-23,aachc-cfb-wins-2026-11-28-mich-9pt5wins,cfb,0.0001,0,2026-09-23T18:56:11Z,,,,0.000292,6.000091,0.762,,11
2026-09-23,aachc-cfb-wins-2026-11-28-mst-3pt5wins,cfb,0.0263,1,2026-09-23T18:56:11Z,,,,0.018374,5.963464,5.706,,6
2026-09-23,aachc-cfb-wins-2026-11-28-mst-4pt5wins,cfb,0.0000,0,2026-09-23T18:56:11Z,,,,0.000207,5.999952,1.513,,8
2026-09-23,cpoc-ussegubc-mn-2026-11-03-dsweep,politics,0.3609,1,2026-09-23T19:56:54Z,,,,0.409866,3.035431,6.839,,7
2026-09-23,aachc-cfb-wins-2026-11-28-ore-8pt5wins,cfb,0.0010,1,2026-09-23T19:56:54Z,,,,0.001705,7.500015,1.824,,8
2026-09-23,aachc-cfb-wins-2026-11-28-txtech-10pt5wins,cfb,0.0000,0,2026-09-23T19:56:54Z,,,,0.000035,5.999996,0.734,,7
2026-09-23,aachc-cfb-wins-2026-11-28-flst-5pt5wins,cfb,0.0000,0,2026-09-23T19:56:54Z,,,,0.000211,6.000017,0.706,,8
2026-09-23,usgubewc-usgub-ak-2026-11-03-berwil,politics,0.0967,1,2026-09-23T19:56:54Z,,,,0.046029,42.154680,1.190,,12
2026-09-23,aachc-cfb-wins-2026-11-28-ucf-6pt5wins,cfb,0.0000,0,2026-09-23T19:56:54Z,,,,0.000176,5.999960,0.734,,9
2026-09-23,ussewc-usse-de-2026-11-03-dem,politics,0.0227,0,2026-09-23T20:57:07Z,,,,0.085180,6.034266,1.007,,6
2026-09-23,aachc-cfb-wins-2026-11-28-ind-10pt5wins,cfb,0.0000,0,2026-09-23T20:57:07Z,,,,0.000036,6.000098,0.750,,8
2026-09-23,aachc-cfb-wins-2026-11-28-ind-9pt5wins,cfb,0.0010,0,2026-09-23T20:57:07Z,,,,0.004164,5.791824,1.002,,6
2026-09-23,aachc-cfb-wins-2026-11-28-iowa-8pt5wins,cfb,0.0000,0,2026-09-23T20:57:07Z,,,,0.000074,6.000087,0.756,,7
2026-09-23,aachc-cfb-wins-2026-11-28-mary-7pt5wins,cfb,0.0000,1,2026-09-23T20:57:07Z,,,,,,,,8
2026-09-23,aachc-cfb-wins-2026-11-28-mich-7pt5wins,cfb,0.0000,0,2026-09-23T20:57:07Z,,,,0.000041,5.724498,0.757,,6
2026-09-23,aachc-cfb-wins-2026-11-28-mary-6pt5wins,cfb,0.0000,0,2026-09-23T20:57:07Z,,,,0.000039,5.724481,0.757,,9
2026-09-23,aachc-cfb-wins-2026-11-28-mia-10pt5wins,cfb,0.0001,0,2026-09-23T20:57:07Z,,,,0.000496,5.716345,0.735,,8
2026-09-23,aachc-cfb-wins-2026-11-28-gtech-4pt5wins,cfb,0.0002,0,2026-09-23T20:57:07Z,,,,0.001152,6.000070,0.756,,11
2026-09-23,aachc-cfb-wins-2026-11-28-gtech-6pt5wins,cfb,0.0001,0,2026-09-23T20:57:07Z,,,,0.000375,6.000063,0.750,,7
2026-09-23,usgubewc-usgub-md-2026-11-03-rep,politics,0.0028,0,2026-09-23T21:09:52Z,,,,0.647550,6.252352,0.017,,4
2026-09-23,ussewc-usse-sd-2026-11-03-rep,politics,0.2945,0,2026-09-23T22:10:05Z,,,,0.300991,6.249985,3.757,,8
2026-09-23,aachc-cfb-wins-2026-11-28-smu-10pt5wins,cfb,0.0000,1,2026-09-23T22:10:05Z,,,,,,,,8
2026-09-23,aachc-cfb-wins-2026-11-28-sdst-8pt5wins,cfb,0.0000,0,2026-09-23T22:10:05Z,,,,0.000009,5.999949,0.689,,7
2026-09-23,paccc-usho-midterms-2026-11-03-dem,politics,0.0198,0,2026-09-23T22:10:05Z,,,,0.015224,375.016858,0.083,,17
2026-09-23,aachc-cfb-wins-2026-11-28-mich-8pt5wins,cfb,0.0001,0,2026-09-23T22:10:05Z,,,,0.000570,6.000024,0.628,,8
2026-09-23,ussewc-usse-id-2026-11-03-todach,politics,0.0000,1,2026-09-23T23:10:05Z,,,,,,,,7
2026-09-23,usgubewc-usgub-mn-2026-11-03-rep,politics,0.0000,1,2026-09-23T23:10:05Z,,,,,,,,9
2026-09-23,aachc-cfb-wins-2026-11-28-ncst-9pt5wins,cfb,0.0006,0,2026-09-23T23:10:05Z,,,,0.009042,6.000022,0.250,,7
2026-09-23,aachc-cfb-wins-2026-11-28-ncst-8pt5wins,cfb,0.0000,0,2026-09-23T23:10:05Z,,,,0.000152,5.999919,0.756,,7
2026-09-23,aachc-cfb-wins-2026-11-28-pennst-10pt5wins,cfb,0.0000,0,2026-09-23T23:10:05Z,,,,0.002688,6.002391,0.028,,7
2026-09-23,aachc-cfb-wins-2026-11-28-wash-10pt5wins,cfb,0.0000,0,2026-09-23T23:10:05Z,,,,0.000069,5.999965,0.723,,8
2026-09-23,aachc-cfb-wins-2026-11-28-txam-7pt5wins,cfb,0.0000,0,2026-09-23T23:10:05Z,,,,0.000113,5.999933,0.767,,9
2026-09-23,aachc-cfb-wins-2026-11-28-washst-4pt5wins,cfb,0.0000,0,2026-09-23T23:10:05Z,,,,0.000076,6.000015,0.750,,6
2026-09-23,ussewc-usse-al-2026-11-03-dem,politics,0.0117,0,2026-09-23T23:10:05Z,,,,0.043799,6.250055,1.023,,5
2026-09-23,usgubewc-usgub-ma-2026-11-03-dem,politics,0.0451,0,2026-09-24T00:10:31Z,,,,0.113289,6.250039,1.528,,5
2026-09-23,aachc-cfb-wins-2026-11-28-smu-9pt5wins,cfb,0.0000,0,2026-09-24T00:10:31Z,,,,0.000044,5.999897,0.745,,8
2026-09-23,aachc-cfb-wins-ou-2026-11-28-txtech,cfb,0.0000,0,2026-09-24T00:10:31Z,,,,0.000380,0.394741,0.634,,7
2026-09-23,aachc-cfb-wins-ou-2026-11-28-missr,cfb,0.0000,0,2026-09-24T00:10:31Z,,,,0.000131,0.394741,0.711,,6
2026-09-23,aachc-cfb-wins-2026-11-28-kanst-8pt5wins,cfb,0.0025,0,2026-09-24T00:10:31Z,,,,0.009257,5.999992,1.067,,9
2026-09-23,aachc-cfb-wins-2026-11-28-gtech-8pt5wins,cfb,0.0000,0,2026-09-24T00:10:31Z,,,,0.000185,6.000027,0.745,,9
2026-09-23,aachc-cfb-wins-ou-2026-11-28-nebr,cfb,0.0000,0,2026-09-24T00:10:31Z,,,,0.000990,0.394734,0.728,,7
2026-09-23,usgubewc-usgub-id-2026-11-03-dem,politics,0.0427,0,2026-09-24T00:10:31Z,,,,0.144567,6.249954,1.134,,9
2026-09-23,aachc-cfb-wins-2026-11-28-tenn-9pt5wins,cfb,0.0000,0,2026-09-24T00:10:31Z,,,,0.000005,5.999946,0.745,,9
2026-09-23,aachc-cfb-wins-2026-11-28-ucf-7pt5wins,cfb,0.0000,0,2026-09-24T01:11:09Z,,,,0.000012,5.999967,0.745,,7
2026-09-23,aachc-cfb-wins-2026-11-28-ucf-5pt5wins,cfb,0.0001,0,2026-09-24T01:11:09Z,,,,0.000389,5.999997,0.756,,8
2026-09-23,aachc-cfb-wins-2026-11-28-utahst-2pt5wins,cfb,0.0000,0,2026-09-24T01:11:09Z,,,,0.000058,5.999918,0.756,,5
2026-09-23,aachc-cfb-wins-2026-11-28-utahst-3pt5wins,cfb,0.0000,0,2026-09-24T01:11:09Z,,,,0.000028,5.999928,0.734,,7
2026-09-23,aachc-cfb-wins-2026-11-28-vand-6pt5wins,cfb,0.0001,0,2026-09-24T01:11:09Z,,,,0.000416,6.000052,0.784,,8
2026-09-23,aachc-cfb-wins-2026-11-28-iowa-9pt5wins,cfb,0.0001,0,2026-09-24T01:11:09Z,,,,0.000402,5.999993,0.723,,7
2026-09-23,scc-senate-gop-2026-11-03-46,politics,0.0003,0,2026-09-24T02:14:35Z,,,,0.004704,23.076923,0.067,,9
2026-09-23,scc-senate-gop-2026-11-03-47,politics,0.0002,0,2026-09-24T02:14:35Z,,,,0.002389,23.076923,0.067,,10
2026-09-23,aachc-cfb-wins-2026-11-28-wisc-6pt5wins,cfb,0.0000,0,2026-09-24T02:14:35Z,,,,0.000149,5.796877,0.749,,6
2026-09-23,aachc-cfb-wins-2026-11-28-sc-6pt5wins,cfb,0.0001,0,2026-09-24T02:14:35Z,,,,0.000757,5.793945,0.738,,8
2026-09-23,aachc-cfb-wins-2026-11-28-sc-5pt5wins,cfb,0.0000,0,2026-09-24T02:14:35Z,,,,0.000029,5.799975,0.760,,5
2026-09-23,aachc-cfb-wins-ou-2026-11-28-flst,cfb,0.0000,0,2026-09-24T02:14:35Z,,,,0.003071,0.381768,0.771,,13
2026-09-23,ussewc-usse-ma-2026-11-03-rep,politics,0.0008,0,2026-09-24T02:14:35Z,,,,0.053287,6.249240,0.061,,4
2026-09-23,aachc-cfb-wins-2026-11-28-miss-8pt5wins,cfb,0.0001,0,2026-09-24T02:14:35Z,,,,0.000720,5.999907,0.740,,7
2026-09-23,ewc-usgub-az-2026-11-03-dem,politics,0.0000,1,2026-09-24T03:42:30Z,,,,,,,,10
2026-09-23,ewc-usgub-ks-2026-11-03-dem,politics,0.0025,2,2026-09-24T03:42:30Z,,,,0.001269,47.500000,0.984,,8
2026-09-23,scc-hrep-rep-2026-11-03-gte190,politics,0.0019,1,2026-09-24T03:42:30Z,,,,0.002476,18.750000,0.984,,8
2026-09-23,ussewc-usse-fl-2026-11-03-rep,politics,0.0293,1,2026-09-24T03:42:30Z,,,,0.128437,5.066371,1.051,,7
2026-09-23,cpoc-ussec-tx-mi-me-2026-11-03-dtx-dmi-rme,politics,0.0864,1,2026-09-24T03:42:30Z,,,,0.165776,14.062500,0.890,,15
2026-09-23,aachc-cfb-wins-2026-11-28-okl-5pt5wins,cfb,0.0034,1,2026-09-24T03:42:30Z,,,,0.009312,6.000000,1.441,,7
2026-09-23,ussewc-usse-ms-2026-11-03-rep,politics,0.0123,0,2026-09-24T03:42:30Z,,,,0.055457,5.066371,1.051,,6
2026-09-23,ussewc-usse-mt-2026-11-03-rep,politics,0.0008,0,2026-09-24T03:42:30Z,,,,0.096385,4.166667,0.050,,7
2026-09-23,ussewc-usse-ar-2026-11-03-dem,politics,0.0000,0,2026-09-24T03:42:30Z,,,,,6.250000,0.017,,6
2026-09-23,ussewc-usse-ks-2026-11-03-dem,politics,0.0000,0,2026-09-24T03:42:30Z,,,,0.000073,6.250000,0.011,,9
2026-09-23,usgubewc-usgub-or-2026-11-03-dem,politics,0.0225,0,2026-09-24T03:42:30Z,,,,0.108346,5.000000,0.995,,6
2026-09-23,aachc-cfb-wins-2026-11-28-ind-11pt5wins,cfb,0.0002,0,2026-09-24T03:42:30Z,,,,0.075122,6.000000,0.011,,6
2026-09-23,aachc-cfb-wins-2026-11-28-colst-4pt5wins,cfb,0.0000,0,2026-09-24T03:42:30Z,,,,0.000155,7.500000,0.756,,8
2026-09-22,paccc-balpow-2026-11-03-dhou-rsen,politics,0.7268,1,2026-09-22T04:12:57Z,,,,0.004585,186.722819,20.200,,11
2026-09-22,ushrewc-ushr-ca-45-2026-11-03-dem,politics,0.0343,1,2026-09-22T04:12:57Z,,,,0.003264,62.499903,4.035,,6
2026-09-22,ussewc-usse-co-2026-11-03-rep,politics,0.4111,1,2026-09-22T04:12:57Z,,,,0.006710,62.176743,23.411,,5
2026-09-22,ushrewc-ushr-ny-04-2026-11-03-rep,politics,0.0144,1,2026-09-22T04:12:57Z,,,,0.000569,62.500106,9.737,,6
2026-09-22,ewc-usse-me-2026-11-03-dem,politics,3.5694,1,2026-09-22T04:12:57Z,,,,0.054391,149.461620,10.410,,10
2026-09-22,ewc-usse-nh-2026-11-03-dem,politics,0.1011,1,2026-09-22T04:12:57Z,,,,0.001138,149.116423,14.091,,7
2026-09-22,usgubewc-usgub-ak-2026-11-03-davbro,politics,0.9257,1,2026-09-22T04:12:57Z,,,,0.022179,42.634086,23.267,,10
2026-09-22,ewc-usgub-nv-2026-11-03-dem,politics,0.8729,1,2026-09-22T04:12:57Z,,,,0.005905,149.224361,23.417,,7
2026-09-22,usgubewc-usgub-ny-2026-11-03-dem,politics,0.5124,0,2026-09-22T04:12:57Z,,,,0.012666,62.160450,15.412,,8
2026-09-22,paccc-balpow-2026-11-03-rsweep,politics,0.0000,1,2026-09-22T04:12:57Z,,,,,,,,10
2026-09-22,ewc-usgub-ca-2026-11-03-xavbec,politics,0.0000,1,2026-09-22T04:12:57Z,,,,,,,,10
2026-09-22,ewc-usse-mi-2026-11-03-dem,politics,4.2469,1,2026-09-22T04:12:57Z,,,,0.013207,372.791700,20.560,,9
2026-09-22,ewc-usgub-wi-2026-11-03-rep,politics,0.0022,1,2026-09-22T04:12:57Z,,,,0.015980,150.041346,0.022,,10
2026-09-22,ushrewc-ushr-nc-01-2026-11-03-rep,politics,0.0024,0,2026-09-22T04:12:57Z,,,,0.000698,62.500358,1.317,,7
2026-09-22,ushrewc-ushr-ia-01-2026-11-03-dem,politics,0.0031,1,2026-09-22T04:12:57Z,,,,0.000301,62.500162,3.974,,7
2026-09-22,ushrewc-ushr-tx-34-2026-11-03-rep,politics,1.0664,1,2026-09-22T04:12:57Z,,,,0.014874,150.000028,11.472,,14
2026-09-22,ushrewc-ushr-ny-17-2026-11-03-dem,politics,0.0042,1,2026-09-22T04:12:57Z,,,,0.003317,62.500000,0.489,,9
2026-09-22,scc-hrep-rep-2026-11-03-gte220,politics,1.1023,1,2026-09-22T04:12:57Z,,,,0.044558,24.872124,23.672,,5
2026-09-22,ushrewc-ushr-nj-07-2026-11-03-dem,politics,0.1980,1,2026-09-22T04:12:57Z,,,,0.003242,62.175112,23.294,,9
2026-09-22,ewc-usse-ak-2026-11-03-dem,politics,0.6469,1,2026-09-22T04:12:57Z,,,,0.029304,362.877408,1.413,,13
2026-09-22,scc-hrep-rep-2026-11-03-gte185,politics,8.9705,1,2026-09-22T04:12:57Z,,,,0.378249,24.916999,22.715,,7
2026-09-22,cpoc-ussec-tx-me-2026-11-03-dtx-rme,politics,0.1487,0,2026-09-22T04:12:57Z,,,,0.061985,3.110745,18.352,,10
2026-09-22,scc-hrep-rep-2026-11-03-gte215,politics,1.1012,1,2026-09-22T04:12:57Z,,,,0.045052,24.870408,23.361,,10
2026-09-22,scc-hrep-rep-2026-11-03-gte205,politics,1.1974,1,2026-09-22T04:12:57Z,,,,0.051062,24.864919,22.411,,10
2026-09-22,scc-hrep-rep-2026-11-03-gte210,politics,5.3210,1,2026-09-22T04:12:57Z,,,,0.220578,24.868663,23.050,,7
2026-09-22,ewc-usgub-ga-2026-11-03-rep,politics,0.6476,0,2026-09-22T04:12:57Z,,,,0.009970,149.340227,10.378,,7
2026-09-22,cpoc-ussec-tx-mi-me-2026-11-03-rsweep,politics,0.0243,0,2026-09-22T04:12:57Z,,,,0.026118,1.553316,14.245,,10
2026-09-22,cpoc-ussec-tx-mi-me-2026-11-03-rtx-dmi-rme,politics,0.0125,0,2026-09-22T04:12:57Z,,,,0.024434,1.562500,7.909,,6
2026-09-22,cpoc-ussec-tx-mi-me-2026-11-03-dtx-dmi-rme,politics,0.0485,0,2026-09-22T04:12:57Z,,,,0.049362,1.553799,15.034,,7
2026-09-22,ushrewc-ushr-tx-15-2026-11-03-rep,politics,0.0024,1,2026-09-22T04:12:57Z,,,,0.002707,62.498230,0.345,,11
2026-09-22,usgubewc-usgub-fl-2026-11-03-rep,politics,1.7168,0,2026-09-22T04:12:57Z,,,,0.073624,61.639068,8.791,,13
2026-09-22,cpoc-ussec-tx-mi-me-2026-11-03-dtx-rmi-rme,politics,0.0515,0,2026-09-22T04:12:57Z,,,,0.050551,1.554108,15.584,,6
2026-09-22,ewc-usse-mn-2026-11-03-dem,politics,0.2601,1,2026-09-22T04:12:57Z,,,,0.001764,149.227306,23.500,,7
2026-09-22,usgubewc-usgub-tx-2026-11-03-rep,politics,0.2122,1,2026-09-22T04:12:57Z,,,,0.023866,149.999706,1.423,,14
2026-09-22,ewc-usgub-ia-2026-11-03-dem,politics,1.2519,1,2026-09-22T04:12:57Z,,,,0.022166,150.000214,9.037,,6
2026-09-22,ushrewc-ushr-ia-01-2026-11-03-rep,politics,0.0020,1,2026-09-22T04:12:57Z,,,,0.001083,62.498255,0.684,,9
2026-09-22,ewc-usse-oh-2026-11-03-dem,politics,7.6826,1,2026-09-22T04:12:57Z,,,,0.021168,373.030889,23.055,,15
2026-09-22,ushrewc-ushr-tx-34-2026-11-03-dem,politics,0.8051,1,2026-09-22T04:12:57Z,,,,0.011268,149.999748,11.433,,12
2026-09-22,usgubewc-usgub-ak-2026-11-03-jonkre,politics,0.0152,1,2026-09-22T04:12:57Z,,,,0.000365,42.634385,23.294,,10
2026-09-22,ewc-usgub-oh-2026-11-03-dem,politics,0.0205,1,2026-09-22T04:12:57Z,,,,0.011326,149.997947,0.289,,7
2026-09-22,cpoc-ussec-tx-mi-me-2026-11-03-dtx-rmi-dme,politics,0.0396,0,2026-09-22T04:12:57Z,,,,0.086847,1.562498,7.008,,12
2026-09-22,cpoc-ussec-tx-mi-me-2026-11-03-dsweep,politics,0.0150,0,2026-09-22T04:12:57Z,,,,0.157933,1.562503,1.462,,11
2026-09-22,cpoc-ussec-tx-me-2026-11-03-rtx-dme,politics,0.2245,1,2026-09-22T04:12:57Z,,,,0.072973,3.108979,23.617,,10
2026-09-22,usgubewc-usgub-me-2026-11-03-dem,politics,0.0000,1,2026-09-22T04:12:57Z,,,,,,,,5
2026-09-22,usgubewc-usgub-ne-2026-11-03-rep,politics,0.0000,1,2026-09-22T04:12:57Z,,,,0.000003,6.217778,23.483,,6
2026-09-22,usgubewc-usgub-ok-2026-11-03-dem,politics,0.2663,0,2026-09-22T04:12:57Z,,,,0.095732,6.249997,10.682,,8
2026-09-22,usgubewc-usgub-md-2026-11-03-dem,politics,0.0601,1,2026-09-22T04:12:57Z,,,,0.009675,6.218164,23.767,,6
2026-09-22,ussewc-usse-la-2026-11-03-rep,politics,0.1441,1,2026-09-22T04:12:57Z,,,,0.024933,6.228657,22.093,,5
2026-09-22,usgubewc-usgub-nm-2026-11-03-dem,politics,0.0000,1,2026-09-22T04:12:57Z,,,,,6.216156,22.361,,5
2026-09-22,ussewc-usse-nm-2026-11-03-rep,politics,0.0214,1,2026-09-22T04:12:57Z,,,,0.004303,6.210269,19.048,,6
2026-09-22,ussewc-usse-or-2026-11-03-dem,politics,0.0778,1,2026-09-22T04:12:57Z,,,,0.014966,6.212029,19.932,,9
2026-09-22,cpoc-ussec-tx-me-2026-11-03-rsweep,politics,0.1620,1,2026-09-22T04:12:57Z,,,,0.064736,3.111295,19.094,,11
2026-09-22,ushrewc-ushr-nj-07-2026-11-03-rep,politics,0.0047,1,2026-09-22T04:12:57Z,,,,0.003466,62.501492,0.522,,8
2026-09-22,ushrewc-ushr-va-02-2026-11-03-rep,politics,0.0238,1,2026-09-22T04:12:57Z,,,,0.001723,61.961919,5.303,,7
2026-09-22,ushrewc-ushr-me-02-2026-11-03-rep,politics,0.0462,1,2026-09-22T04:12:57Z,,,,0.005562,62.500044,3.190,,7
2026-09-22,ushrewc-ushr-pa-01-2026-11-03-rep,politics,0.0058,0,2026-09-22T04:12:57Z,,,,0.000273,62.149690,8.149,,8
2026-09-22,ushrewc-ushr-tx-15-2026-11-03-dem,politics,0.0200,1,2026-09-22T04:12:57Z,,,,0.015318,62.501120,0.500,,10
2026-09-22,ewc-usgub-oh-2026-11-03-rep,politics,0.1364,1,2026-09-22T04:12:57Z,,,,0.000911,149.238592,23.856,,8
2026-09-22,ushrewc-ushr-wa-03-2026-11-03-rep,politics,0.3020,1,2026-09-22T04:12:57Z,,,,0.004913,62.178215,23.517,,7
2026-09-22,ushrewc-ushr-oh-09-2026-11-03-rep,politics,1.1743,1,2026-09-22T04:12:57Z,,,,0.019157,62.176303,23.378,,9
2026-09-22,scc-hrep-rep-2026-11-03-gte180,politics,6.8799,1,2026-09-22T04:12:57Z,,,,0.276714,24.873096,23.856,,10
2026-09-22,scc-hrep-rep-2026-11-03-gte225,politics,3.1405,1,2026-09-22T04:12:57Z,,,,0.127893,24.871181,23.494,,8
2026-09-22,scc-hrep-rep-2026-11-03-gte200,politics,3.7732,1,2026-09-22T04:12:57Z,,,,0.154276,24.870490,23.372,,6
2026-09-22,scc-hrep-rep-2026-11-03-gte195,politics,5.5427,2,2026-09-22T04:12:57Z,,,,0.237448,24.864334,22.311,,8
2026-09-22,scc-hrep-rep-2026-11-03-gte235,politics,1.2332,1,2026-09-22T04:12:57Z,,,,0.050029,24.871439,23.544,,8
2026-09-22,ewc-usgub-ia-2026-11-03-rep,politics,10.2643,1,2026-09-22T04:12:57Z,,,,0.231210,150.000258,7.103,,10
2026-09-22,ewc-usse-tx-2026-11-03-rep,politics,0.9382,1,2026-09-22T04:12:57Z,,,,0.006968,373.011318,8.610,,14
2026-09-22,paccc-usse-midterms-2026-11-03-rep,politics,13.5772,1,2026-09-22T04:12:57Z,,,,0.037289,373.047709,23.261,,24
2026-09-22,scc-senate-gop-2026-11-03-lte45,politics,1.3619,1,2026-09-22T04:12:57Z,,,,0.061278,22.955534,23.022,,11
2026-09-22,ussewc-usse-co-2026-11-03-dem,politics,1.2810,1,2026-09-22T04:12:57Z,,,,0.020721,62.179580,23.617,,7
2026-09-22,ushrewc-ushr-me-02-2026-11-03-dem,politics,4.1187,2,2026-09-22T04:12:57Z,,,,0.073746,62.255506,21.398,,9
2026-09-22,ewc-usse-ne-2026-11-03-rep,politics,0.0643,0,2026-09-22T04:12:57Z,,,,0.018336,4.151057,20.136,,8
2026-09-22,usgubewc-usgub-pa-2026-11-03-dem,politics,0.0852,0,2026-09-22T04:12:57Z,,,,0.025916,6.208247,12.533,,7
2026-09-22,cpoc-ussec-tx-mi-me-2026-11-03-rtx-dmi-dme,politics,0.0144,1,2026-09-22T04:12:57Z,,,,0.013330,1.558900,16.525,,12
2026-09-22,paccc-usse-midterms-2026-11-03-dem,politics,51.4198,1,2026-09-22T04:12:57Z,,,,0.137085,373.096441,23.856,,22
2026-09-22,ewc-usse-ia-2026-11-03-dem,politics,4.2088,1,2026-09-22T04:12:57Z,,,,0.022852,373.538225,11.711,,14
2026-09-22,ewc-usse-nh-2026-11-03-rep,politics,0.1807,1,2026-09-22T04:12:57Z,,,,0.003461,149.326628,8.318,,7
2026-09-22,aachc-cfb-wins-2026-11-28-arz-5pt5wins,cfb,0.0529,1,2026-09-22T04:12:57Z,,,,0.007301,7.262422,23.489,,8
2026-09-22,aachc-cfb-wins-2026-11-28-kan-5pt5wins,cfb,0.1071,1,2026-09-22T04:12:57Z,,,,0.014649,7.261686,23.416,,7
2026-09-22,aachc-cfb-wins-2026-11-28-pennst-9pt5wins,cfb,0.0170,1,2026-09-22T04:12:57Z,,,,0.002450,7.263801,23.450,,6
2026-09-22,aachc-cfb-wins-2026-11-28-vir-5pt5wins,cfb,0.0128,1,2026-09-22T04:12:57Z,,,,0.001789,7.259997,23.216,,6
2026-09-22,aachc-cfb-wins-2026-11-28-clmsn-7pt5wins,cfb,0.2760,1,2026-09-22T04:12:57Z,,,,0.037568,7.264494,23.483,,7
2026-09-22,aachc-cfb-wins-2026-11-28-oregst-5pt5wins,cfb,0.0654,2,2026-09-22T04:12:57Z,,,,0.009610,7.250681,22.316,,7
2026-09-22,aachc-cfb-wins-ou-2026-11-28-utahst,cfb,0.0785,1,2026-09-22T04:12:57Z,,,,0.203003,0.476637,18.704,,6
2026-09-22,scc-senate-gop-2026-11-03-52,politics,2.3363,0,2026-09-22T04:12:57Z,,,,0.118845,22.991695,20.420,,14
2026-09-22,ushrewc-ushr-wa-03-2026-11-03-dem,politics,0.0137,0,2026-09-22T05:12:58Z,,,,0.007340,62.499928,0.717,,8
2026-09-22,ussewc-usse-va-2026-11-03-rep,politics,0.0136,0,2026-09-22T05:12:58Z,,,,0.009574,62.499020,0.545,,9
2026-09-22,ewc-usgub-ga-2026-11-03-dem,politics,1.5400,0,2026-09-22T05:12:58Z,,,,0.018360,149.060344,13.367,,7
2026-09-22,usgubewc-usgub-fl-2026-11-03-dem,politics,0.2379,0,2026-09-22T05:12:58Z,,,,0.005524,62.182463,16.479,,12
2026-09-22,ushrewc-ushr-oh-09-2026-11-03-dem,politics,0.0859,0,2026-09-22T05:12:58Z,,,,0.011218,62.500270,2.940,,7
2026-09-22,ushrewc-ushr-ca-13-2026-11-03-rep,politics,1.8808,1,2026-09-22T05:12:58Z,,,,0.044908,62.026603,15.986,,7
2026-09-22,scc-senate-gop-2026-11-03-51,politics,1.1027,1,2026-09-22T05:12:58Z,,,,0.061076,22.926458,18.570,,10
2026-09-22,paccc-usho-midterms-2026-11-03-rep,politics,3.6395,2,2026-09-22T05:12:58Z,,,,0.014090,374.152469,16.530,,25
2026-09-22,ewc-usse-ia-2026-11-03-rep,politics,0.7700,1,2026-09-22T05:12:58Z,,,,0.004417,373.457895,11.100,,11
2026-09-22,ewc-usse-nc-2026-11-03-dem,politics,0.1057,0,2026-09-22T05:12:58Z,,,,0.014839,374.995032,0.456,,6
2026-09-22,ushrewc-ushr-mi-07-2026-11-03-dem,politics,0.0559,0,2026-09-22T05:12:58Z,,,,0.011401,62.499727,1.884,,7
2026-09-22,scc-senate-gop-2026-11-03-48,politics,0.1572,0,2026-09-22T06:13:24Z,,,,0.011834,22.872562,13.674,,10
2026-09-22,scc-senate-gop-2026-11-03-49,politics,0.3227,0,2026-09-22T06:13:24Z,,,,0.149475,23.076896,2.245,,9
2026-09-22,ushrewc-ushr-nc-01-2026-11-03-dem,politics,0.2778,1,2026-09-22T07:13:24Z,,,,0.005006,62.144846,21.305,,8
2026-09-22,usgubewc-usgub-ny-2026-11-03-rep,politics,0.0196,0,2026-09-22T07:13:24Z,,,,0.033819,62.502987,0.222,,10
2026-09-22,ewc-usgub-mi-2026-11-03-rep,politics,0.1654,0,2026-09-22T07:13:24Z,,,,0.003805,99.999950,10.432,,8
2026-09-22,ewc-usgub-mi-2026-11-03-dem,politics,0.1487,0,2026-09-22T07:13:24Z,,,,0.003233,99.240269,11.022,,7
2026-09-22,scc-senate-gop-2026-11-03-50,politics,1.6725,1,2026-09-22T07:13:24Z,,,,0.106076,23.024252,16.364,,11
2026-09-22,usgubewc-usgub-al-2026-11-03-rep,politics,0.0000,0,2026-09-22T07:13:24Z,,,,,6.249755,0.233,,7
2026-09-22,scc-hrep-rep-2026-11-03-gte230,politics,0.1481,0,2026-09-22T07:13:24Z,,,,0.012395,24.835082,11.432,,8
2026-09-22,usgubewc-usgub-tx-2026-11-03-dem,politics,0.1334,1,2026-09-22T07:13:24Z,,,,0.006576,150.000138,3.246,,13
2026-09-22,ewc-usse-ga-2026-11-03-rep,politics,0.1145,0,2026-09-22T07:13:24Z,,,,0.019681,374.997635,0.372,,9
2026-09-22,ewc-usgub-nv-2026-11-03-rep,politics,0.9651,0,2026-09-22T07:13:24Z,,,,0.015479,148.739291,9.960,,8
2026-09-22,usgubewc-usgub-nh-2026-11-03-rep,politics,0.8110,0,2026-09-22T07:13:24Z,,,,0.105054,61.524412,2.925,,7
2026-09-22,ewc-usse-tx-2026-11-03-dem,politics,0.5636,0,2026-09-22T09:13:24Z,,,,0.003923,373.132138,9.169,,13
2026-09-22,paccc-balpow-2026-11-03-dsweep,politics,0.1894,1,2026-09-22T11:13:25Z,,,,0.001789,185.813808,13.463,,10
2026-09-22,ewc-usgub-wi-2026-11-03-dem,politics,0.3154,1,2026-09-22T11:13:25Z,,,,0.022307,150.000286,2.262,,9
2026-09-22,ewc-usse-me-2026-11-03-rep,politics,0.4299,1,2026-09-22T11:13:25Z,,,,0.019450,148.061244,3.533,,11
2026-09-22,ewc-usgub-az-2026-11-03-rep,politics,0.0593,0,2026-09-22T11:13:25Z,,,,0.015118,149.999676,0.628,,5
2026-09-22,ewc-usse-mi-2026-11-03-rep,politics,1.0747,1,2026-09-22T17:13:26Z,,,,0.011247,369.854273,6.049,,11
2026-09-22,usgubewc-usgub-ak-2026-11-03-berwil,politics,0.0056,0,2026-09-22T17:13:26Z,,,,0.022531,42.857460,0.139,,12
2026-09-22,cpoc-ussegubc-oh-2026-11-03-rsweep,politics,0.0697,0,2026-09-22T23:50:02Z,,,,0.173304,3.125000,3.091,,9
2026-09-22,cpoc-ussegubc-ga-2026-11-03-rgov-dsen,politics,0.1474,1,2026-09-22T23:50:02Z,,,,0.253805,3.125000,4.460,,7
2026-09-22,cpoc-ussegubc-ks-2026-11-03-rsweep,politics,0.0998,1,2026-09-22T23:50:02Z,,,,0.260825,3.125000,2.937,,6
2026-09-22,cpoc-ussegubc-ga-2026-11-03-dsweep,politics,0.1893,1,2026-09-22T23:50:02Z,,,,0.323072,3.125000,4.499,,7
2026-09-22,cpoc-ussegubc-ia-2026-11-03-dsweep,politics,0.1391,1,2026-09-22T23:50:02Z,,,,0.217074,3.125000,4.922,,8
2026-09-22,cpoc-ussegubc-ia-2026-11-03-rsweep,politics,0.0465,0,2026-09-22T23:50:02Z,,,,0.252034,3.125000,1.418,,7
2026-09-22,cpoc-ussegubc-mn-2026-11-03-rgov-dsen,politics,0.0740,1,2026-09-22T23:50:02Z,,,,0.151691,3.125000,3.749,,7
2026-09-22,cpoc-ussegubc-me-2026-11-03-rsweep,politics,0.1605,1,2026-09-22T23:50:02Z,,,,0.268279,3.125000,4.594,,10
2026-09-22,cpoc-ussegubc-me-2026-11-03-dgov-rsen,politics,0.1124,1,2026-09-22T23:50:02Z,,,,0.190230,3.125000,4.538,,9
2026-09-22,cpoc-ussegubc-mn-2026-11-03-dgov-rsen,politics,0.0426,1,2026-09-22T23:50:02Z,,,,0.073966,3.125000,4.427,,7
2026-09-22,cpoc-ussegubc-tx-2026-11-03-rsweep,politics,0.0057,1,2026-09-22T23:50:02Z,,,,0.009341,3.125000,4.688,,10
2026-09-22,usgubewc-usgub-ri-2026-11-03-dem,politics,0.2259,1,2026-09-22T23:50:02Z,,,,0.291773,4.166667,4.460,,9
2026-09-22,cpoc-ussegubc-mn-2026-11-03-dsweep,politics,0.0176,0,2026-09-22T23:50:02Z,,,,0.281982,3.125000,0.478,,5
2026-09-22,cpoc-ussegubc-oh-2026-11-03-rgov-dsen,politics,0.0495,0,2026-09-22T23:50:02Z,,,,0.240105,3.125000,1.584,,9
2026-09-22,cpoc-ussegubc-tx-2026-11-03-dgov-rsen,politics,0.0499,0,2026-09-22T23:50:02Z,,,,0.130110,3.125000,2.943,,7
2026-09-22,cpoc-ussegubc-ia-2026-11-03-rgov-dsen,politics,0.0868,1,2026-09-22T23:50:02Z,,,,0.177283,3.125000,3.760,,10
2026-09-22,cpoc-ussegubc-mi-2026-11-03-rgov-dsen,politics,0.0080,0,2026-09-22T23:50:02Z,,,,0.185219,3.125000,0.334,,7
2026-09-22,aachc-cfb-wins-2026-11-28-mspst-5pt5wins,cfb,0.0438,2,2026-09-22T23:50:02Z,,,,0.025946,8.216901,5.016,,7
2026-09-22,aachc-cfb-wins-2026-11-28-ncst-5pt5wins,cfb,0.0491,2,2026-09-22T23:50:02Z,,,,0.035930,6.568535,5.016,,7
2026-09-22,aachc-cfb-wins-2026-11-28-vand-3pt5wins,cfb,0.0120,1,2026-09-22T23:50:02Z,,,,0.008764,6.565839,5.011,,5
2026-09-22,aachc-cfb-wins-2026-11-28-kanst-10pt5wins,cfb,0.0107,1,2026-09-22T23:50:02Z,,,,0.008033,6.550437,4.833,,8
2026-09-22,aachc-cfb-wins-2026-11-28-minnst-4pt5wins,cfb,0.0183,1,2026-09-22T23:50:02Z,,,,0.017304,6.604759,3.875,,7
2026-09-22,aachc-cfb-wins-2026-11-28-arzst-6pt5wins,cfb,0.0327,1,2026-09-22T23:50:02Z,,,,0.041452,6.560320,2.887,,7
2026-09-22,aachc-cfb-wins-ou-2026-11-28-mspst,cfb,0.0029,0,2026-09-22T23:50:02Z,,,,0.162432,0.493421,0.873,,6
2026-09-22,aachc-cfb-wins-2026-11-28-arzst-4pt5wins,cfb,0.0058,0,2026-09-22T23:50:02Z,,,,0.014420,7.500000,1.284,,5
2026-09-22,aachc-cfb-wins-2026-11-28-iowast-4pt5wins,cfb,0.0106,0,2026-09-22T23:50:02Z,,,,0.034801,7.500000,0.973,,7
2026-09-22,aachc-cfb-wins-2026-11-28-duke-6pt5wins,cfb,0.0065,0,2026-09-22T23:50:02Z,,,,0.012118,7.500000,1.718,,4
2026-09-22,aachc-cfb-wins-2026-11-28-oregst-1pt5wins,cfb,0.0021,0,2026-09-22T23:50:02Z,,,,0.007587,7.500000,0.878,,3
2026-09-22,aachc-cfb-wins-2026-11-28-ore-10pt5wins,cfb,0.0033,0,2026-09-22T23:50:02Z,,,,0.007145,9.375000,1.195,,8
2026-09-22,aachc-cfb-wins-2026-11-28-mich-10pt5wins,cfb,0.0026,0,2026-09-22T23:50:02Z,,,,0.008519,7.500000,0.978,,7
2026-09-22,aachc-cfb-wins-2026-11-28-iowast-5pt5wins,cfb,0.0000,0,2026-09-22T23:50:02Z,,,,0.000034,7.500000,0.734,,7
2026-09-22,aachc-cfb-wins-2026-11-28-mia-11pt5wins,cfb,0.0000,0,2026-09-22T23:50:02Z,,,,0.000004,7.500000,0.745,,7
2026-09-22,aachc-cfb-wins-2026-11-28-mary-7pt5wins,cfb,0.0000,1,2026-09-22T23:50:02Z,,,,,,,,9
2026-09-22,aachc-cfb-wins-2026-11-28-smu-10pt5wins,cfb,0.0000,1,2026-09-22T23:50:02Z,,,,,,,,7
2026-09-22,aachc-cfb-wins-2026-11-28-smu-8pt5wins,cfb,0.0000,0,2026-09-22T23:50:02Z,,,,0.000117,7.500000,0.773,,8
2026-09-22,aachc-cfb-wins-2026-11-28-ala-9pt5wins,cfb,0.0000,0,2026-09-22T23:50:02Z,,,,0.000013,7.500000,0.734,,7
2026-09-22,aachc-cfb-wins-2026-11-28-ala-10pt5wins,cfb,0.0088,1,2026-09-22T23:50:02Z,,,,0.007705,6.420003,4.249,,9
2026-09-22,aachc-cfb-wins-2026-11-28-iowast-2pt5wins,cfb,0.0019,0,2026-09-22T23:50:02Z,,,,0.008032,7.500000,0.756,,4
2026-09-22,aachc-cfb-wins-2026-11-28-aubrn-8pt5wins,cfb,0.0155,0,2026-09-22T23:50:02Z,,,,0.019605,6.619251,2.976,,8
2026-09-22,aachc-cfb-wins-ou-2026-11-28-sc,cfb,0.0003,0,2026-09-22T23:50:02Z,,,,0.015070,0.493421,0.906,,10
2026-09-22,aachc-cfb-wins-2026-11-28-frest-7pt5wins,cfb,0.0000,0,2026-09-22T23:50:02Z,,,,0.000166,7.500000,0.767,,7
2026-09-22,aachc-cfb-wins-2026-11-28-cin-7pt5wins,cfb,0.0000,1,2026-09-22T23:50:02Z,,,,,,,,7
2026-09-22,cpoc-ussegubc-nh-2026-11-03-rgov-dsen,politics,0.0004,0,2026-09-22T23:50:02Z,,,,0.261712,3.125000,0.011,,5
2026-09-22,cpoc-ussegubc-ia-2026-11-03-dgov-rsen,politics,0.0000,0,2026-09-22T23:50:02Z,,,,0.000006,3.125000,0.278,,6
2026-09-22,ushrewc-ushr-ne-02-2026-11-03-rep,politics,0.2893,0,2026-09-22T23:50:02Z,,,,0.043217,62.500000,2.570,,6
2026-09-22,aachc-cfb-wins-2026-11-28-flst-4pt5wins,cfb,0.0000,0,2026-09-22T23:50:02Z,,,,0.000018,7.500000,0.611,,6
2026-09-22,aachc-cfb-wins-2026-11-28-gtech-7pt5wins,cfb,0.0250,1,2026-09-22T23:50:02Z,,,,0.019356,6.561622,4.766,,9
2026-09-22,aachc-cfb-wins-2026-11-28-flst-5pt5wins,cfb,0.0000,0,2026-09-22T23:50:02Z,,,,0.000203,7.500000,0.728,,7
2026-09-22,aachc-cfb-wins-2026-11-28-mst-3pt5wins,cfb,0.0047,0,2026-09-22T23:50:02Z,,,,0.008027,6.548195,2.114,,5
2026-09-22,cpoc-ussegubc-nh-2026-11-03-dgov-rsen,politics,0.0547,0,2026-09-23T00:50:40Z,,,,0.354916,3.125000,1.184,,6
2026-09-22,cpoc-ussegubc-mi-2026-11-03-dsweep,politics,0.2301,2,2026-09-23T00:50:40Z,,,,0.525937,3.125000,3.360,,8
2026-09-22,scc-senate-demst-2026-11-03-gte49,politics,0.0649,1,2026-09-23T00:50:40Z,,,,0.078386,6.250000,3.182,,3
2026-09-22,scc-hrep-demst-2026-11-03-gte235,politics,0.1745,0,2026-09-23T00:50:40Z,,,,0.347949,6.250000,1.925,,8
2026-09-22,cpoc-ussegubc-nh-2026-11-03-rsweep,politics,0.0045,0,2026-09-23T00:50:40Z,,,,0.022348,3.125000,1.536,,6
2026-09-22,cpoc-ussegubc-oh-2026-11-03-dsweep,politics,0.0956,1,2026-09-23T00:50:40Z,,,,0.185963,3.125000,3.949,,7
2026-09-22,cpoc-ussegubc-mn-2026-11-03-rsweep,politics,0.0114,1,2026-09-23T00:50:40Z,,,,0.030263,3.125000,2.904,,8
2026-09-22,cpoc-ussegubc-nh-2026-11-03-dsweep,politics,0.0329,1,2026-09-23T00:50:40Z,,,,0.070931,3.125000,3.565,,9
2026-09-22,cpoc-ussegubc-ks-2026-11-03-dgov-rsen,politics,0.0000,0,2026-09-23T00:50:40Z,,,,0.000003,3.125000,0.339,,6
2026-09-22,cpoc-ussegubc-ks-2026-11-03-rgov-dsen,politics,0.0005,0,2026-09-23T00:50:40Z,,,,0.011047,3.125000,0.350,,8
2026-09-22,cpoc-ussegubc-ks-2026-11-03-dsweep,politics,0.0001,0,2026-09-23T00:50:40Z,,,,0.002611,3.125000,0.300,,7
2026-09-22,ussewc-usse-wy-2026-11-03-dem,politics,0.1489,0,2026-09-23T00:50:40Z,,,,0.274777,6.250000,2.081,,7
2026-09-22,ussewc-usse-wv-2026-11-03-rep,politics,0.0647,0,2026-09-23T00:50:40Z,,,,0.169094,6.250000,1.469,,7
2026-09-22,ussewc-usse-ks-2026-11-03-dem,politics,0.0049,0,2026-09-23T00:50:40Z,,,,0.090653,6.250000,0.206,,10
2026-09-22,aachc-cfb-wins-2026-11-28-boscol-5pt5wins,cfb,0.0000,1,2026-09-23T00:50:40Z,,,,,,,,6
2026-09-22,aachc-cfb-wins-2026-11-28-arzst-8pt5wins,cfb,0.0020,0,2026-09-23T00:50:40Z,,,,0.004056,6.326665,1.940,,7
2026-09-22,aachc-cfb-wins-2026-11-28-mich-9pt5wins,cfb,0.0000,0,2026-09-23T00:50:40Z,,,,0.000032,6.074988,0.111,,9
2026-09-22,aachc-cfb-wins-2026-11-28-missr-5pt5wins,cfb,0.0086,0,2026-09-23T00:50:40Z,,,,0.014737,6.199599,2.298,,5
2026-09-22,aachc-cfb-wins-2026-11-28-mst-4pt5wins,cfb,0.0000,0,2026-09-23T00:50:40Z,,,,0.000211,6.591684,0.747,,7
2026-09-22,aachc-cfb-wins-2026-11-28-ncst-8pt5wins,cfb,0.0000,0,2026-09-23T00:50:40Z,,,,0.000181,6.558200,0.747,,8
2026-09-22,aachc-cfb-wins-2026-11-28-vir-9pt5wins,cfb,0.0014,0,2026-09-23T00:50:40Z,,,,0.007132,6.464672,0.736,,9
2026-09-22,aachc-cfb-wins-2026-11-28-txam-7pt5wins,cfb,0.0000,0,2026-09-23T00:50:40Z,,,,0.000006,6.432221,0.753,,8
2026-09-22,aachc-cfb-wins-2026-11-28-tenn-9pt5wins,cfb,0.0000,0,2026-09-23T00:50:40Z,,,,0.000174,6.368474,0.747,,7
2026-09-22,aachc-cfb-wins-2026-11-28-ore-8pt5wins,cfb,0.0004,0,2026-09-23T00:50:40Z,,,,0.001598,7.840001,0.736,,9
2026-09-22,aachc-cfb-wins-2026-11-28-okst-4pt5wins,cfb,0.0081,1,2026-09-23T00:50:40Z,,,,0.010018,6.062251,3.215,,6
2026-09-22,aachc-cfb-wins-2026-11-28-wash-6pt5wins,cfb,0.0000,0,2026-09-23T00:50:40Z,,,,0.000020,6.281846,0.769,,7
2026-09-22,cpoc-ussegubc-tx-2026-11-03-dsweep,politics,0.0028,0,2026-09-23T00:50:40Z,,,,0.103236,3.125000,0.206,,7
2026-09-22,scc-senate-demst-2026-11-03-gte51,politics,0.2373,1,2026-09-23T00:50:40Z,,,,0.317730,6.250000,2.868,,7
2026-09-22,usgubewc-usgub-vt-2026-11-03-dem,politics,0.0000,0,2026-09-23T00:50:40Z,,,,0.000001,6.250000,0.200,,6
2026-09-22,ussewc-usse-fl-2026-11-03-dem,politics,0.0000,0,2026-09-23T00:50:40Z,,,,0.000002,6.250000,0.161,,9
2026-09-22,cpoc-ussegubc-tx-2026-11-03-rgov-dsen,politics,0.0000,0,2026-09-23T00:50:40Z,,,,0.000011,3.125000,0.061,,8
2026-09-22,usgubewc-usgub-sd-2026-11-03-rep,politics,0.0015,0,2026-09-23T00:50:40Z,,,,0.067916,6.250000,0.083,,8
2026-09-22,aachc-cfb-wins-ou-2026-11-28-mich,cfb,0.0000,0,2026-09-23T00:50:40Z,,,,0.000118,0.493421,0.745,,8
2026-09-22,aachc-cfb-wins-ou-2026-11-28-nw,cfb,0.0001,0,2026-09-23T00:50:40Z,,,,0.006580,0.493421,0.739,,6
2026-09-22,scc-hrep-demst-2026-11-03-gte218,politics,0.0037,1,2026-09-23T01:51:08Z,,,,0.006251,6.250000,2.268,,5
2026-09-22,aachc-cfb-wins-2026-11-28-colst-5pt5wins,cfb,0.0374,1,2026-09-23T01:51:08Z,,,,0.041139,7.525120,2.904,,6
2026-09-22,aachc-cfb-wins-2026-11-28-tcu-6pt5wins,cfb,0.0000,0,2026-09-23T01:51:08Z,,,,0.000084,6.000000,0.739,,8
2026-09-22,aachc-cfb-wins-2026-11-28-fl-7pt5wins,cfb,0.0000,0,2026-09-23T01:51:08Z,,,,0.000007,6.000000,0.756,,6
2026-09-22,aachc-cfb-wins-ou-2026-11-28-ala,cfb,0.0000,0,2026-09-23T01:51:08Z,,,,0.001692,0.394737,0.745,,9
2026-09-22,aachc-cfb-wins-2026-11-28-sdst-8pt5wins,cfb,0.0000,1,2026-09-23T01:51:08Z,,,,,,,,7
2026-09-22,aachc-cfb-wins-2026-11-28-smu-9pt5wins,cfb,0.0000,0,2026-09-23T01:51:08Z,,,,0.000242,6.000000,0.750,,9
2026-09-22,aachc-cfb-wins-2026-11-28-minnst-7pt5wins,cfb,0.0001,0,2026-09-23T01:51:08Z,,,,0.000590,6.000000,0.762,,8
2026-09-22,aachc-cfb-wins-2026-11-28-utah-10pt5wins,cfb,0.0000,0,2026-09-23T01:51:08Z,,,,0.000126,6.000000,0.756,,7
2026-09-22,aachc-cfb-wins-2026-11-28-usc-10pt5wins,cfb,0.0005,0,2026-09-23T01:51:08Z,,,,0.002771,6.000000,0.756,,7
2026-09-22,ushrewc-ushr-ny-17-2026-11-03-rep,politics,0.0050,1,2026-09-23T01:51:08Z,,,,0.015743,62.500000,0.122,,8
2026-09-22,aachc-cfb-wins-ou-2026-11-28-frest,cfb,0.0000,0,2026-09-23T02:51:54Z,,,,0.000626,0.394737,0.717,,5
2026-09-22,aachc-cfb-wins-2026-11-28-gtech-6pt5wins,cfb,0.0001,0,2026-09-23T02:51:54Z,,,,0.000291,6.000000,0.745,,6
2026-09-22,aachc-cfb-wins-2026-11-28-utahst-3pt5wins,cfb,0.0000,0,2026-09-23T02:51:54Z,,,,0.000028,6.000000,0.728,,7
2026-09-22,aachc-cfb-wins-ou-2026-11-28-col,cfb,0.0000,0,2026-09-23T02:51:54Z,,,,0.000451,0.394737,0.673,,11
2026-09-22,aachc-cfb-wins-2026-11-28-bayl-5pt5wins,cfb,0.0000,0,2026-09-23T02:51:54Z,,,,0.000072,6.000000,0.745,,6
2026-09-22,aachc-cfb-wins-2026-11-28-aubrn-7pt5wins,cfb,0.0000,0,2026-09-23T02:51:54Z,,,,0.000004,6.000000,0.300,,7
2026-09-22,aachc-cfb-wins-2026-11-28-fl-9pt5wins,cfb,0.0000,0,2026-09-23T02:51:54Z,,,,0.000004,6.000000,0.784,,7
2026-09-22,aachc-cfb-wins-2026-11-28-flst-7pt5wins,cfb,0.0000,1,2026-09-23T02:51:54Z,,,,,,,,9
2026-09-22,aachc-cfb-wins-ou-2026-11-28-flst,cfb,0.0011,0,2026-09-23T02:51:54Z,,,,0.094297,0.394737,0.723,,13
2026-09-22,aachc-cfb-wins-ou-2026-11-28-clmsn,cfb,0.0000,0,2026-09-23T02:51:54Z,,,,0.000414,0.394737,0.756,,10
2026-09-22,ussewc-usse-id-2026-11-03-todach,politics,0.0000,1,2026-09-23T03:52:07Z,,,,,,,,7
2026-09-22,ussewc-usse-la-2026-11-03-dem,politics,0.0000,1,2026-09-23T03:52:07Z,,,,,,,,6
2026-09-22,ussewc-usse-ms-2026-11-03-dem,politics,0.0000,1,2026-09-23T03:52:07Z,,,,,,,,7
2026-09-22,usgubewc-usgub-or-2026-11-03-rep,politics,0.0000,1,2026-09-23T03:52:07Z,,,,,,,,8
2026-09-22,usgubewc-usgub-sc-2026-11-03-dem,politics,0.0000,1,2026-09-23T03:52:07Z,,,,,,,,9
2026-09-22,cpoc-ussegubc-mi-2026-11-03-dgov-rsen,politics,0.0000,1,2026-09-23T03:52:07Z,,,,0.000001,3.125000,0.389,,7
2026-09-22,aachc-cfb-wins-2026-11-28-stan-5pt5wins,cfb,0.0000,1,2026-09-23T03:52:07Z,,,,0.000008,6.000000,0.467,,8
2026-09-22,aachc-cfb-wins-2026-11-28-gtech-5pt5wins,cfb,0.0000,1,2026-09-23T03:52:07Z,,,,0.000108,6.000000,0.450,,7
2026-09-22,aachc-cfb-wins-2026-11-28-ark-5pt5wins,cfb,0.0000,1,2026-09-23T03:52:07Z,,,,0.000284,6.000000,0.406,,7
2026-09-22,aachc-cfb-wins-2026-11-28-ark-3pt5wins,cfb,0.0000,1,2026-09-23T03:52:07Z,,,,0.000241,6.000000,0.384,,8
2026-09-22,aachc-cfb-wins-2026-11-28-lsu-9pt5wins,cfb,0.0001,1,2026-09-23T03:52:07Z,,,,0.000865,6.000000,0.300,,10
2026-09-22,aachc-cfb-wins-2026-11-28-lsu-8pt5wins,cfb,0.0001,1,2026-09-23T03:52:07Z,,,,0.001907,6.000000,0.239,,7
2026-09-22,aachc-cfb-wins-2026-11-28-flst-8pt5wins,cfb,0.0001,1,2026-09-23T03:52:07Z,,,,0.004503,6.000000,0.078,,8
2026-09-22,aachc-cfb-wins-2026-11-28-uk-5pt5wins,cfb,0.0000,1,2026-09-23T03:52:07Z,,,,0.000018,6.000000,0.061,,7
2026-09-22,aachc-cfb-wins-ou-2026-11-28-wash,cfb,0.0000,1,2026-09-23T03:52:07Z,,,,0.000651,0.394737,0.056,,11
2026-09-22,aachc-cfb-wins-ou-2026-11-28-ncst,cfb,0.0000,1,2026-09-23T03:52:07Z,,,,0.000578,0.394737,0.006,,8
2026-09-22,aachc-cfb-wins-2026-11-28-gtech-4pt5wins,cfb,0.0002,0,2026-09-23T03:52:07Z,,,,0.001160,6.000000,0.673,,11
2026-09-22,aachc-cfb-wins-2026-11-28-tenn-8pt5wins,cfb,0.0003,0,2026-09-23T03:52:07Z,,,,0.001432,6.000000,0.728,,6
2026-09-22,aachc-cfb-wins-2026-11-28-ill-5pt5wins,cfb,0.0001,0,2026-09-23T03:52:07Z,,,,0.000279,6.000000,0.734,,9
2026-09-21,ewc-usgub-ia-2026-11-03-dem,politics,0.2739,1,2026-09-21T04:00:34Z,,,,0.001953,149.708523,22.364,,5
2026-09-21,paccc-balpow-2026-11-03-dhou-rsen,politics,0.1086,1,2026-09-21T04:00:34Z,,,,0.000634,187.127452,21.880,,10
2026-09-21,ewc-usse-mi-2026-11-03-rep,politics,0.9555,0,2026-09-21T04:00:34Z,,,,0.003769,374.632518,16.211,,10
2026-09-21,ushrewc-ushr-ca-45-2026-11-03-dem,politics,0.0522,1,2026-09-21T04:00:34Z,,,,0.000906,62.376948,22.075,,6
2026-09-21,ushrewc-ushr-ne-02-2026-11-03-rep,politics,1.1054,0,2026-09-21T04:00:34Z,,,,0.020461,62.368718,20.696,,7
2026-09-21,ussewc-usse-co-2026-11-03-rep,politics,1.1008,1,2026-09-21T04:00:34Z,,,,0.019171,62.376682,22.019,,6
2026-09-21,ussewc-usse-la-2026-11-03-rep,politics,0.1318,1,2026-09-21T04:00:34Z,,,,0.022877,6.245513,22.103,,5
2026-09-21,ushrewc-ushr-ny-04-2026-11-03-rep,politics,0.0040,1,2026-09-21T04:00:34Z,,,,0.000069,62.376541,21.991,,6
2026-09-21,ewc-usse-mn-2026-11-03-dem,politics,0.2704,1,2026-09-21T04:00:34Z,,,,0.001865,149.717203,23.058,,8
2026-09-21,usgubewc-usgub-md-2026-11-03-dem,politics,0.0463,1,2026-09-21T04:00:34Z,,,,0.007946,6.245557,22.336,,7
2026-09-21,ewc-usse-me-2026-11-03-dem,politics,0.0370,1,2026-09-21T04:00:34Z,,,,0.007204,149.999398,0.823,,10
2026-09-21,ussewc-usse-nm-2026-11-03-rep,politics,0.1666,1,2026-09-21T04:00:34Z,,,,0.033375,6.244811,19.141,,6
2026-09-21,ewc-usgub-ia-2026-11-03-rep,politics,0.1306,1,2026-09-21T04:00:34Z,,,,0.018169,150.000000,1.150,,8
2026-09-21,ewc-usse-nh-2026-11-03-dem,politics,0.0505,2,2026-09-21T04:00:34Z,,,,0.001351,150.000000,5.980,,9
2026-09-21,usgubewc-usgub-fl-2026-11-03-rep,politics,0.7772,1,2026-09-21T04:00:34Z,,,,0.033474,62.500068,8.915,,9
2026-09-21,cpoc-ussec-tx-me-2026-11-03-rsweep,politics,1.7151,1,2026-09-21T04:00:34Z,,,,0.061551,32.310750,20.196,,11
2026-09-21,cpoc-ussec-tx-me-2026-11-03-dtx-rme,politics,2.5196,1,2026-09-21T04:00:34Z,,,,0.090554,31.563695,20.518,,8
2026-09-21,ewc-usgub-oh-2026-11-03-rep,politics,0.0387,1,2026-09-21T04:00:34Z,,,,0.000775,150.000127,7.987,,6
2026-09-21,ewc-usgub-wi-2026-11-03-dem,politics,0.0428,0,2026-09-21T04:00:34Z,,,,0.000346,149.670289,19.780,,7
2026-09-21,usgubewc-usgub-ak-2026-11-03-davbro,politics,1.0278,1,2026-09-21T04:00:34Z,,,,0.026903,42.769909,21.352,,10
2026-09-21,ewc-usgub-nv-2026-11-03-dem,politics,0.1834,1,2026-09-21T04:00:34Z,,,,0.001309,149.708803,22.392,,8
2026-09-21,ussewc-usse-la-2026-11-03-dem,politics,0.0534,0,2026-09-21T04:00:34Z,,,,0.015708,6.242397,13.055,,6
2026-09-21,usgubewc-usgub-tx-2026-11-03-rep,politics,0.2881,1,2026-09-21T04:00:34Z,,,,0.033040,150.001203,1.395,,8
2026-09-21,usgubewc-usgub-ny-2026-11-03-dem,politics,1.1545,1,2026-09-21T04:00:34Z,,,,0.019228,62.381962,23.025,,7
2026-09-21,paccc-balpow-2026-11-03-rsweep,politics,0.0000,1,2026-09-21T04:00:34Z,,,,,,,,8
2026-09-21,ussewc-usse-co-2026-11-03-dem,politics,4.4986,1,2026-09-21T04:00:34Z,,,,0.090960,62.447716,18.985,,6
2026-09-21,ushrewc-ushr-tx-15-2026-11-03-rep,politics,0.0013,1,2026-09-21T04:00:34Z,,,,0.000593,62.500819,0.850,,10
2026-09-21,ewc-usse-ia-2026-11-03-dem,politics,0.0000,1,2026-09-21T04:00:34Z,,,,,,,,9
2026-09-21,ussewc-usse-or-2026-11-03-dem,politics,0.0696,1,2026-09-21T04:00:34Z,,,,0.014046,6.244780,19.007,,9
2026-09-21,ushrewc-ushr-nj-07-2026-11-03-rep,politics,0.0056,1,2026-09-21T04:00:34Z,,,,0.002255,61.448682,0.944,,7
2026-09-21,ushrewc-ushr-ia-01-2026-11-03-rep,politics,0.0063,1,2026-09-21T04:00:34Z,,,,0.002428,61.500029,0.994,,7
2026-09-21,ewc-usgub-ca-2026-11-03-xavbec,politics,0.0000,1,2026-09-21T04:00:34Z,,,,,,,,12
2026-09-21,usgubewc-usgub-ok-2026-11-03-dem,politics,0.1945,1,2026-09-21T04:00:34Z,,,,0.033564,6.245538,22.258,,6
2026-09-21,ewc-usgub-oh-2026-11-03-dem,politics,0.0008,1,2026-09-21T04:00:34Z,,,,0.005554,150.000000,0.022,,8
2026-09-21,ewc-usse-tx-2026-11-03-rep,politics,1.4049,2,2026-09-21T04:00:34Z,,,,0.004819,374.680322,18.646,,13
2026-09-21,ushrewc-ushr-tx-34-2026-11-03-dem,politics,1.1832,1,2026-09-21T04:00:34Z,,,,0.008604,149.702897,21.947,,7
2026-09-21,ewc-usse-mi-2026-11-03-dem,politics,0.0000,1,2026-09-21T04:00:34Z,,,,,,,,11
2026-09-21,ewc-usgub-wi-2026-11-03-rep,politics,0.0000,1,2026-09-21T04:00:34Z,,,,,,,,10
2026-09-21,ushrewc-ushr-nc-01-2026-11-03-rep,politics,0.0016,1,2026-09-21T04:00:34Z,,,,0.004898,62.500000,0.128,,6
2026-09-21,ewc-usgub-ga-2026-11-03-rep,politics,0.0653,1,2026-09-21T04:00:34Z,,,,0.000520,149.675261,20.079,,8
2026-09-21,ushrewc-ushr-ia-01-2026-11-03-dem,politics,0.0142,1,2026-09-21T04:00:34Z,,,,0.000248,62.375753,21.858,,9
2026-09-21,ushrewc-ushr-va-02-2026-11-03-rep,politics,0.0079,1,2026-09-21T04:00:34Z,,,,0.000344,62.387817,8.853,,6
2026-09-21,ushrewc-ushr-me-02-2026-11-03-rep,politics,0.0920,1,2026-09-21T04:00:34Z,,,,0.001558,62.376379,21.980,,8
2026-09-21,ushrewc-ushr-oh-09-2026-11-03-rep,politics,0.2845,1,2026-09-21T04:00:34Z,,,,0.011718,62.500104,9.321,,7
2026-09-21,ushrewc-ushr-tx-15-2026-11-03-dem,politics,0.0041,1,2026-09-21T04:00:34Z,,,,0.000143,62.499911,11.160,,10
2026-09-21,usgubewc-usgub-or-2026-11-03-dem,politics,0.1883,0,2026-09-21T04:00:34Z,,,,0.435085,6.250025,1.662,,10
2026-09-21,cpoc-ussec-tx-mi-me-2026-11-03-rsweep,politics,1.0830,1,2026-09-21T04:00:34Z,,,,0.071159,15.693481,20.802,,13
2026-09-21,ushrewc-ushr-tx-34-2026-11-03-rep,politics,5.7978,1,2026-09-21T04:00:34Z,,,,0.041829,149.705743,22.158,,9
2026-09-21,cpoc-ussec-tx-mi-me-2026-11-03-dtx-dmi-rme,politics,2.8020,1,2026-09-21T04:00:34Z,,,,0.183585,15.567921,20.491,,7
2026-09-21,ushrewc-ushr-ny-17-2026-11-03-dem,politics,0.0000,1,2026-09-21T04:00:34Z,,,,,,,,9
2026-09-21,cpoc-ussec-tx-mi-me-2026-11-03-dsweep,politics,2.5551,2,2026-09-21T04:00:34Z,,,,0.196915,15.205754,20.597,,11
2026-09-21,scc-senate-gop-2026-11-03-48,politics,1.8890,0,2026-09-21T04:00:34Z,,,,0.129087,23.052828,15.216,,10
2026-09-21,cpoc-ussec-tx-me-2026-11-03-rtx-dme,politics,5.0225,2,2026-09-21T04:00:34Z,,,,0.215139,31.271356,21.275,,9
2026-09-21,scc-senate-gop-2026-11-03-50,politics,1.2803,0,2026-09-21T04:00:34Z,,,,0.103442,23.076913,12.872,,13
2026-09-21,scc-senate-gop-2026-11-03-54,politics,0.0630,0,2026-09-21T04:00:34Z,,,,0.018789,23.076952,3.485,,15
2026-09-21,scc-hrep-rep-2026-11-03-gte220,politics,0.2608,1,2026-09-21T04:00:34Z,,,,0.011177,24.951426,22.364,,7
2026-09-21,cpoc-ussec-tx-mi-me-2026-11-03-rtx-dmi-dme,politics,0.1956,1,2026-09-21T04:00:34Z,,,,0.015298,15.912333,18.668,,11
2026-09-21,usgubewc-usgub-fl-2026-11-03-dem,politics,0.2805,0,2026-09-21T04:00:34Z,,,,0.012341,62.386090,8.720,,8
2026-09-21,ushrewc-ushr-wa-03-2026-11-03-dem,politics,2.0240,0,2026-09-21T04:00:34Z,,,,0.041769,62.446606,18.585,,8
2026-09-21,ushrewc-ushr-nj-07-2026-11-03-dem,politics,0.1483,1,2026-09-21T04:00:34Z,,,,0.002643,62.373659,21.497,,9
2026-09-21,paccc-usse-midterms-2026-11-03-dem,politics,3.8183,1,2026-09-21T04:00:34Z,,,,0.013053,374.122351,18.573,,22
2026-09-21,ewc-usse-ak-2026-11-03-dem,politics,0.0000,1,2026-09-21T04:00:34Z,,,,,,,,9
2026-09-21,scc-hrep-rep-2026-11-03-gte185,politics,11.2516,2,2026-09-21T04:00:34Z,,,,0.469862,24.952673,22.958,,9
2026-09-21,usgubewc-usgub-pa-2026-11-03-dem,politics,0.0371,1,2026-09-21T04:00:34Z,,,,0.007182,6.245004,19.841,,7
2026-09-21,usgubewc-usgub-ok-2026-11-03-rep,politics,0.8184,0,2026-09-21T04:00:34Z,,,,0.273568,6.250001,11.488,,7
2026-09-21,scc-senate-gop-2026-11-03-51,politics,0.8131,0,2026-09-21T04:00:34Z,,,,0.061177,23.004220,13.799,,11
2026-09-21,ushrewc-ushr-pa-01-2026-11-03-rep,politics,0.0274,1,2026-09-21T04:00:34Z,,,,0.000480,62.375670,21.841,,8
2026-09-21,scc-hrep-rep-2026-11-03-gte180,politics,10.2933,2,2026-09-21T04:00:34Z,,,,0.426497,24.952971,23.109,,10
2026-09-21,ushrewc-ushr-nc-01-2026-11-03-dem,politics,4.6996,0,2026-09-21T04:00:34Z,,,,0.113582,62.391408,15.862,,8
2026-09-21,ushrewc-ushr-wa-03-2026-11-03-rep,politics,4.3890,1,2026-09-21T04:00:34Z,,,,0.095527,62.402243,17.630,,7
2026-09-21,cpoc-ussec-tx-mi-me-2026-11-03-dtx-rmi-dme,politics,2.6832,2,2026-09-21T04:00:34Z,,,,0.254347,14.724233,21.724,,10
2026-09-21,cpoc-ussec-tx-me-2026-11-03-dsweep,politics,4.6711,0,2026-09-21T04:00:34Z,,,,0.213973,37.457361,13.966,,10
2026-09-21,scc-senate-gop-2026-11-03-49,politics,0.1473,0,2026-09-21T04:00:34Z,,,,0.052993,23.077022,2.890,,10
2026-09-21,paccc-usho-midterms-2026-11-03-rep,politics,10.3851,0,2026-09-21T04:00:34Z,,,,0.032208,374.209591,20.630,,27
2026-09-21,scc-senate-gop-2026-11-03-lte45,politics,1.6361,1,2026-09-21T04:00:34Z,,,,0.075644,23.032266,22.464,,13
2026-09-21,usgubewc-usgub-ak-2026-11-03-jonkre,politics,1.7497,1,2026-09-21T04:00:34Z,,,,0.044508,42.772434,21.997,,11
2026-09-21,ewc-usse-ne-2026-11-03-rep,politics,0.0000,1,2026-09-21T04:00:34Z,,,,,4.166671,13.289,,8
2026-09-21,ussewc-usse-il-2026-11-03-dem,politics,0.0032,0,2026-09-21T04:00:34Z,,,,0.002593,6.250028,4.730,,8
2026-09-21,usgubewc-usgub-al-2026-11-03-rep,politics,0.0000,0,2026-09-21T04:00:34Z,,,,,6.249969,1.612,,7
2026-09-21,usgubewc-usgub-ne-2026-11-03-rep,politics,0.0000,1,2026-09-21T04:00:34Z,,,,,6.250003,13.828,,6
2026-09-21,usgubewc-usgub-nm-2026-11-03-dem,politics,0.0000,1,2026-09-21T04:00:34Z,,,,,6.249998,11.905,,7
2026-09-21,scc-hrep-rep-2026-11-03-gte205,politics,1.2476,1,2026-09-21T04:00:34Z,,,,0.057051,24.948132,20.947,,12
2026-09-21,cpoc-ussec-tx-mi-me-2026-11-03-rtx-rmi-dme,politics,2.7831,0,2026-09-21T04:00:34Z,,,,0.202942,16.545957,17.791,,8
2026-09-21,scc-hrep-rep-2026-11-03-gte210,politics,7.2641,2,2026-09-21T04:00:34Z,,,,0.307531,24.952027,22.647,,29
2026-09-21,scc-hrep-rep-2026-11-03-gte195,politics,3.5500,2,2026-09-21T04:00:34Z,,,,0.164044,24.947628,20.747,,8
2026-09-21,scc-hrep-rep-2026-11-03-gte235,politics,1.3316,1,2026-09-21T04:00:34Z,,,,0.056068,24.952253,22.764,,9
2026-09-21,scc-hrep-rep-2026-11-03-gte215,politics,1.4558,1,2026-09-21T04:00:34Z,,,,0.061500,24.952106,22.692,,12
2026-09-21,cpoc-ussec-tx-mi-me-2026-11-03-dtx-rmi-rme,politics,1.3989,1,2026-09-21T04:00:34Z,,,,0.093534,14.980766,21.658,,5
2026-09-21,ushrewc-ushr-ca-13-2026-11-03-rep,politics,1.6568,0,2026-09-21T04:00:34Z,,,,0.034263,62.406940,18.530,,7
2026-09-21,scc-hrep-rep-2026-11-03-gte200,politics,3.3301,1,2026-09-21T04:00:34Z,,,,0.143228,24.951244,22.280,,6
2026-09-21,aachc-cfb-wins-2026-11-28-arz-5pt5wins,cfb,0.0341,1,2026-09-21T04:00:34Z,,,,0.004814,7.485569,22.586,,7
2026-09-21,aachc-cfb-wins-2026-11-28-vir-7pt5wins,cfb,0.0063,0,2026-09-21T04:00:34Z,,,,0.017226,7.500024,1.173,,
2026-09-21,aachc-cfb-wins-2026-11-28-oregst-5pt5wins,cfb,0.0862,1,2026-09-21T04:00:34Z,,,,0.012338,7.485410,22.341,,8
2026-09-21,aachc-cfb-wins-2026-11-28-clmsn-7pt5wins,cfb,0.0782,1,2026-09-21T04:00:34Z,,,,0.010902,7.485772,22.903,,7
2026-09-21,aachc-cfb-wins-2026-11-28-kan-5pt5wins,cfb,0.1961,1,2026-09-21T04:00:34Z,,,,0.027508,7.485688,22.775,,7
2026-09-21,aachc-cfb-wins-2026-11-28-col-2pt5wins,cfb,0.0001,0,2026-09-21T04:00:34Z,,,,0.000314,7.499912,0.778,,10
2026-09-21,aachc-cfb-wins-2026-11-28-pennst-9pt5wins,cfb,0.0853,1,2026-09-21T04:00:34Z,,,,0.012361,7.485239,22.086,,7
2026-09-21,aachc-cfb-wins-2026-11-28-vir-5pt5wins,cfb,0.0171,1,2026-09-21T04:00:34Z,,,,0.002440,7.485476,22.441,,16
2026-09-21,aachc-cfb-wins-ou-2026-11-28-utahst,cfb,0.0309,1,2026-09-21T04:00:34Z,,,,0.076730,0.492324,19.557,,7
2026-09-21,scc-senate-gop-2026-11-03-52,politics,0.2377,0,2026-09-21T05:00:35Z,,,,0.054565,22.936045,4.518,,14
2026-09-21,ushrewc-ushr-ne-02-2026-11-03-dem,politics,0.0383,0,2026-09-21T05:00:35Z,,,,0.018502,62.499243,0.795,,4
2026-09-21,cpoc-ussec-tx-mi-me-2026-11-03-rtx-dmi-rme,politics,1.3264,1,2026-09-21T06:00:47Z,,,,0.102317,16.351617,17.228,,6
2026-09-21,usgubewc-usgub-nh-2026-11-03-rep,politics,0.0296,0,2026-09-21T07:01:08Z,,,,0.024653,62.499391,0.461,,6
2026-09-21,ushrewc-ushr-oh-09-2026-11-03-dem,politics,0.0497,0,2026-09-21T07:01:08Z,,,,0.012759,61.833075,1.489,,6
2026-09-21,ewc-usgub-ga-2026-11-03-dem,politics,0.0070,0,2026-09-21T09:01:47Z,,,,0.005414,150.007819,0.206,,9
2026-09-21,ushrewc-ushr-mi-07-2026-11-03-dem,politics,0.0476,0,2026-09-21T09:01:47Z,,,,0.010114,61.949400,1.805,,5
2026-09-21,scc-senate-gop-2026-11-03-55,politics,0.0347,0,2026-09-21T10:02:24Z,,,,0.011364,23.076873,3.173,,14
2026-09-21,paccc-usse-midterms-2026-11-03-rep,politics,2.9031,1,2026-09-21T13:03:06Z,,,,0.022162,373.048804,8.353,,20
2026-09-21,ushrewc-ushr-me-02-2026-11-03-dem,politics,0.3999,1,2026-09-21T14:03:06Z,,,,0.048566,62.500201,3.162,,8
2026-09-21,paccc-usho-midterms-2026-11-03-dem,politics,1.5713,0,2026-09-21T14:03:06Z,,,,0.028625,373.297032,3.495,,23
2026-09-21,ushrewc-ushr-ny-17-2026-11-03-rep,politics,0.0224,0,2026-09-21T16:03:24Z,,,,0.036930,62.498274,0.234,,6
2026-09-21,usgubewc-usgub-me-2026-11-03-dem,politics,0.0000,1,2026-09-21T16:51:06Z,,,,,,,,6
2026-09-21,ewc-usse-oh-2026-11-03-dem,politics,0.7049,1,2026-09-21T19:52:18Z,,,,0.005610,373.710741,8.025,,13
2026-09-21,scc-hrep-rep-2026-11-03-gte225,politics,0.6451,2,2026-09-21T21:12:29Z,,,,0.103357,25.000000,5.992,,8
2026-09-21,ewc-usse-nc-2026-11-03-rep,politics,0.1494,0,2026-09-21T22:12:44Z,,,,0.003668,375.000000,2.607,,8
2026-09-21,ussewc-usse-va-2026-11-03-rep,politics,0.0052,0,2026-09-21T22:12:44Z,,,,0.009624,62.500000,0.206,,9
2026-09-21,ewc-usse-nh-2026-11-03-rep,politics,0.0310,1,2026-09-21T22:12:44Z,,,,0.000951,150.000000,5.213,,7
2026-09-20,ewc-usgub-ia-2026-11-03-dem,politics,0.8214,1,2026-09-20T04:56:12Z,,,,0.005748,150.000000,22.866,,5
2026-09-20,paccc-balpow-2026-11-03-dhou-rsen,politics,0.2312,1,2026-09-20T04:56:12Z,,,,0.001362,187.500000,21.726,,9
2026-09-20,ewc-usse-mi-2026-11-03-rep,politics,1.4229,1,2026-09-20T04:56:12Z,,,,0.003958,375.000000,23.010,,8
2026-09-20,usgubewc-usgub-ny-2026-11-03-rep,politics,0.5483,0,2026-09-20T04:56:12Z,,,,0.014837,62.500000,14.191,,8
2026-09-20,ushrewc-ushr-ca-45-2026-11-03-dem,politics,0.0508,1,2026-09-20T04:56:12Z,,,,0.000878,62.500000,22.227,,5
2026-09-20,ushrewc-ushr-ne-02-2026-11-03-rep,politics,2.7035,1,2026-09-20T04:56:12Z,,,,0.046895,62.500000,22.138,,5
2026-09-20,ussewc-usse-co-2026-11-03-rep,politics,3.8460,1,2026-09-20T04:56:12Z,,,,0.066595,62.500000,22.177,,4
2026-09-20,ussewc-usse-sc-2026-11-03-dem,politics,0.0135,0,2026-09-20T04:56:12Z,,,,0.003070,6.250000,16.875,,11
2026-09-20,ussewc-usse-la-2026-11-03-rep,politics,0.2143,1,2026-09-20T04:56:12Z,,,,0.036439,6.250000,22.588,,4
2026-09-20,scc-hrep-rep-2026-11-03-gte220,politics,0.1335,1,2026-09-20T04:56:12Z,,,,0.005765,25.000000,22.238,,7
2026-09-20,ushrewc-ushr-ny-04-2026-11-03-rep,politics,0.0419,1,2026-09-20T04:56:12Z,,,,0.000717,62.500000,22.427,,5
2026-09-20,ewc-usse-mn-2026-11-03-dem,politics,0.7763,1,2026-09-20T04:56:12Z,,,,0.005433,150.000000,22.860,,5
2026-09-20,usgubewc-usgub-md-2026-11-03-dem,politics,0.0065,2,2026-09-20T04:56:12Z,,,,0.001089,6.250000,22.788,,6
2026-09-20,ushrewc-ushr-tx-34-2026-11-03-rep,politics,10.2227,1,2026-09-20T04:56:12Z,,,,0.072128,150.000000,22.677,,10
2026-09-20,ushrewc-ushr-nj-07-2026-11-03-dem,politics,0.0356,1,2026-09-20T04:56:12Z,,,,0.002197,62.500000,6.219,,8
2026-09-20,ewc-usgub-wi-2026-11-03-rep,politics,2.2395,1,2026-09-20T04:56:12Z,,,,0.069919,150.000000,5.125,,10
2026-09-20,ewc-usse-me-2026-11-03-dem,politics,1.4259,1,2026-09-20T04:56:12Z,,,,0.039695,150.000000,5.747,,8
2026-09-20,ussewc-usse-ar-2026-11-03-rep,politics,0.0674,0,2026-09-20T04:56:12Z,,,,0.022539,6.250000,11.478,,6
2026-09-20,ussewc-usse-nm-2026-11-03-rep,politics,0.3064,1,2026-09-20T04:56:12Z,,,,0.057831,6.250000,20.348,,5
2026-09-20,scc-hrep-rep-2026-11-03-gte210,politics,11.1950,2,2026-09-20T04:56:12Z,,,,0.495168,25.000000,21.704,,28
2026-09-20,ewc-usgub-ia-2026-11-03-rep,politics,0.0000,1,2026-09-20T04:56:12Z,,,,,,,,7
2026-09-20,ewc-usse-nh-2026-11-03-dem,politics,0.0074,1,2026-09-20T04:56:12Z,,,,0.000495,150.000000,2.401,,9
2026-09-20,cpoc-ussec-tx-mi-me-2026-11-03-dtx-dmi-rme,politics,1.7444,1,2026-09-20T04:56:12Z,,,,0.106139,18.750000,21.037,,6
2026-09-20,usgubewc-usgub-fl-2026-11-03-rep,politics,4.4391,1,2026-09-20T04:56:12Z,,,,0.076084,62.500000,22.404,,7
2026-09-20,cpoc-ussec-tx-me-2026-11-03-rsweep,politics,6.1405,2,2026-09-20T04:56:12Z,,,,0.185926,37.500000,21.137,,9
2026-09-20,cpoc-ussec-tx-me-2026-11-03-dtx-rme,politics,0.3832,1,2026-09-20T04:56:12Z,,,,0.011593,37.500000,21.154,,9
2026-09-20,ewc-usgub-oh-2026-11-03-rep,politics,0.4021,1,2026-09-20T04:56:12Z,,,,0.002796,150.000000,23.010,,7
2026-09-20,ewc-usgub-wi-2026-11-03-dem,politics,0.2752,1,2026-09-20T04:56:12Z,,,,0.001929,150.000000,22.821,,7
2026-09-20,usgubewc-usgub-ak-2026-11-03-davbro,politics,10.5592,1,2026-09-20T04:56:12Z,,,,0.272722,42.857143,21.682,,8
2026-09-20,ewc-usgub-nv-2026-11-03-dem,politics,1.5717,1,2026-09-20T04:56:12Z,,,,0.011006,150.000000,22.849,,7
2026-09-20,ussewc-usse-la-2026-11-03-dem,politics,0.1269,1,2026-09-20T04:56:12Z,,,,0.021393,6.250000,22.771,,4
2026-09-20,usgubewc-usgub-tx-2026-11-03-rep,politics,0.9385,1,2026-09-20T04:56:12Z,,,,0.012895,150.000000,11.645,,7
2026-09-20,ushrewc-ushr-tx-34-2026-11-03-dem,politics,0.2263,1,2026-09-20T04:56:12Z,,,,0.001623,150.000000,22.316,,6
2026-09-20,cpoc-ussec-tx-mi-me-2026-11-03-rtx-rmi-dme,politics,5.8525,1,2026-09-20T04:56:12Z,,,,0.342171,18.750000,21.893,,7
2026-09-20,usgubewc-usgub-ny-2026-11-03-dem,politics,2.2288,1,2026-09-20T04:56:12Z,,,,0.037267,62.500000,22.966,,7
2026-09-20,paccc-balpow-2026-11-03-rsweep,politics,0.0000,1,2026-09-20T04:56:12Z,,,,,,,,8
2026-09-20,ussewc-usse-co-2026-11-03-dem,politics,6.1957,1,2026-09-20T04:56:12Z,,,,0.103947,62.500000,22.888,,7
2026-09-20,ewc-usgub-ga-2026-11-03-rep,politics,0.3140,1,2026-09-20T04:56:12Z,,,,0.004681,150.000000,10.733,,8
2026-09-20,ushrewc-ushr-tx-15-2026-11-03-rep,politics,0.0000,1,2026-09-20T04:56:12Z,,,,,62.500000,5.831,,8
2026-09-20,ewc-usse-ia-2026-11-03-dem,politics,0.0000,1,2026-09-20T04:56:12Z,,,,,,,,9
2026-09-20,cpoc-ussec-tx-mi-me-2026-11-03-dsweep,politics,2.1566,1,2026-09-20T04:56:12Z,,,,0.131185,18.750000,21.043,,10
2026-09-20,usgubewc-usgub-ak-2026-11-03-jonkre,politics,5.1057,2,2026-09-20T04:56:12Z,,,,0.132514,42.857143,21.576,,11
2026-09-20,ushrewc-ushr-ia-01-2026-11-03-dem,politics,0.0180,1,2026-09-20T04:56:12Z,,,,0.000312,62.500000,22.216,,7
2026-09-20,ussewc-usse-or-2026-11-03-dem,politics,0.1249,1,2026-09-20T04:56:12Z,,,,0.021324,6.250000,22.493,,8
2026-09-20,ushrewc-ushr-nj-07-2026-11-03-rep,politics,0.0000,1,2026-09-20T04:56:12Z,,,,0.000002,62.500000,5.041,,7
2026-09-20,ushrewc-ushr-ia-01-2026-11-03-rep,politics,0.0004,1,2026-09-20T04:56:12Z,,,,0.000031,62.500000,5.002,,5
2026-09-20,usgubewc-usgub-fl-2026-11-03-dem,politics,1.1190,1,2026-09-20T04:56:12Z,,,,0.021100,62.500000,20.365,,9
2026-09-20,ushrewc-ushr-tx-15-2026-11-03-dem,politics,0.7504,1,2026-09-20T04:56:12Z,,,,0.013061,62.500000,22.060,,11
2026-09-20,ushrewc-ushr-nc-01-2026-11-03-rep,politics,0.0430,1,2026-09-20T04:56:12Z,,,,0.002913,62.500000,5.675,,5
2026-09-20,ushrewc-ushr-wa-03-2026-11-03-rep,politics,0.7351,1,2026-09-20T04:56:12Z,,,,0.012627,62.500000,22.355,,5
2026-09-20,usgubewc-usgub-tn-2026-11-03-dem,politics,0.1113,0,2026-09-20T04:56:12Z,,,,0.033774,6.250000,12.656,,7
2026-09-20,cpoc-ussec-tx-me-2026-11-03-rtx-dme,politics,13.2837,2,2026-09-20T04:56:12Z,,,,0.397400,37.500000,21.393,,8
2026-09-20,scc-senate-gop-2026-11-03-lte45,politics,1.0637,0,2026-09-20T04:56:12Z,,,,0.062099,23.076923,17.814,,15
2026-09-20,scc-senate-gop-2026-11-03-50,politics,1.3390,1,2026-09-20T04:56:12Z,,,,0.060622,23.076923,22.971,,11
2026-09-20,scc-senate-gop-2026-11-03-49,politics,0.9910,0,2026-09-20T04:56:12Z,,,,0.057003,23.076923,18.081,,11
2026-09-20,ewc-usgub-ca-2026-11-03-xavbec,politics,0.0009,1,2026-09-20T04:56:12Z,,,,0.003393,62.500000,0.106,,9
2026-09-20,usgubewc-usgub-ok-2026-11-03-dem,politics,0.0436,1,2026-09-20T04:56:12Z,,,,0.007380,6.250000,22.688,,7
2026-09-20,usgubewc-usgub-or-2026-11-03-dem,politics,1.2093,1,2026-09-20T04:56:12Z,,,,0.216059,6.250000,21.493,,6
2026-09-20,ushrewc-ushr-va-02-2026-11-03-rep,politics,0.1229,1,2026-09-20T04:56:12Z,,,,0.006094,62.500000,7.743,,6
2026-09-20,scc-hrep-rep-2026-11-03-gte185,politics,4.8592,2,2026-09-20T04:56:12Z,,,,0.209298,25.000000,22.288,,9
2026-09-20,ushrewc-ushr-wa-03-2026-11-03-dem,politics,4.1619,1,2026-09-20T04:56:12Z,,,,0.069979,62.500000,22.838,,9
2026-09-20,ushrewc-ushr-ny-17-2026-11-03-dem,politics,2.9090,1,2026-09-20T04:56:12Z,,,,0.071954,62.500000,15.525,,7
2026-09-20,cpoc-ussec-tx-mi-me-2026-11-03-rsweep,politics,3.8321,1,2026-09-20T04:56:12Z,,,,0.229227,18.750000,21.399,,13
2026-09-20,scc-senate-gop-2026-11-03-51,politics,1.2949,1,2026-09-20T04:56:12Z,,,,0.064339,23.076923,20.932,,12
2026-09-20,usgubewc-usgub-ak-2026-11-03-clibis,politics,3.3938,0,2026-09-20T04:56:12Z,,,,0.135308,42.857143,14.046,,6
2026-09-20,usgubewc-usgub-ak-2026-11-03-berwil,politics,3.4621,0,2026-09-20T04:56:12Z,,,,0.169898,42.857143,11.411,,10
2026-09-20,ewc-usgub-nv-2026-11-03-rep,politics,1.0834,0,2026-09-20T04:56:12Z,,,,0.015609,150.000000,11.106,,7
2026-09-20,cpoc-ussec-tx-mi-me-2026-11-03-dtx-rmi-dme,politics,8.3536,1,2026-09-20T04:56:12Z,,,,0.504536,18.750000,21.193,,8
2026-09-20,scc-senate-gop-2026-11-03-48,politics,1.1546,1,2026-09-20T04:56:12Z,,,,0.053609,23.076923,22.399,,7
2026-09-20,cpoc-ussec-tx-me-2026-11-03-dsweep,politics,6.7914,1,2026-09-20T04:56:12Z,,,,0.206120,37.500000,21.087,,8
2026-09-20,paccc-usho-midterms-2026-11-03-rep,politics,3.6383,1,2026-09-20T04:56:12Z,,,,0.020811,375.000000,11.189,,21
2026-09-20,cpoc-ussec-tx-mi-me-2026-11-03-rtx-dmi-rme,politics,4.4715,0,2026-09-20T04:56:12Z,,,,0.278016,18.750000,20.587,,6
2026-09-20,ushrewc-ushr-ca-13-2026-11-03-rep,politics,4.8255,1,2026-09-20T04:56:12Z,,,,0.083139,62.500000,22.288,,7
2026-09-20,ushrewc-ushr-pa-01-2026-11-03-rep,politics,0.0914,1,2026-09-20T04:56:12Z,,,,0.001583,62.500000,22.188,,7
2026-09-20,ewc-usgub-oh-2026-11-03-dem,politics,0.0000,1,2026-09-20T04:56:12Z,,,,,,,,6
2026-09-20,scc-senate-gop-2026-11-03-55,politics,0.1864,1,2026-09-20T04:56:12Z,,,,0.008582,23.076923,22.593,,10
2026-09-20,ewc-usse-tx-2026-11-03-rep,politics,1.5202,1,2026-09-20T04:56:12Z,,,,0.004249,375.000000,22.899,,11
2026-09-20,ushrewc-ushr-me-02-2026-11-03-rep,politics,0.4186,1,2026-09-20T04:56:12Z,,,,0.007230,62.500000,22.232,,8
2026-09-20,scc-hrep-rep-2026-11-03-gte180,politics,3.3076,0,2026-09-20T04:56:12Z,,,,0.144377,25.000000,21.993,,14
2026-09-20,usgubewc-usgub-pa-2026-11-03-dem,politics,0.0407,1,2026-09-20T04:56:12Z,,,,0.007272,6.250000,21.499,,6
2026-09-20,scc-hrep-rep-2026-11-03-gte235,politics,0.0972,1,2026-09-20T04:56:12Z,,,,0.004968,25.000000,18.792,,10
2026-09-20,usgubewc-usgub-ok-2026-11-03-rep,politics,1.5782,1,2026-09-20T04:56:12Z,,,,0.278585,6.250000,21.754,,5
2026-09-20,ewc-usse-mi-2026-11-03-dem,politics,0.0291,1,2026-09-20T04:56:12Z,,,,0.000265,375.000000,7.026,,10
2026-09-20,scc-senate-gop-2026-11-03-54,politics,0.2250,1,2026-09-20T04:56:12Z,,,,0.010213,23.076923,22.910,,16
2026-09-20,scc-senate-gop-2026-11-03-52,politics,0.4218,0,2026-09-20T04:56:12Z,,,,0.032110,23.076923,13.662,,10
2026-09-20,ushrewc-ushr-oh-09-2026-11-03-rep,politics,0.3777,1,2026-09-20T04:56:12Z,,,,0.025609,62.500000,5.664,,8
2026-09-20,scc-hrep-rep-2026-11-03-gte200,politics,0.8998,1,2026-09-20T04:56:12Z,,,,0.043498,25.000000,19.859,,5
2026-09-20,ewc-usgub-mi-2026-11-03-dem,politics,0.2209,0,2026-09-20T04:56:12Z,,,,0.004643,100.000000,11.417,,6
2026-09-20,ewc-usgub-mi-2026-11-03-rep,politics,0.2393,0,2026-09-20T04:56:12Z,,,,0.005621,100.000000,10.217,,9
2026-09-20,usgubewc-usgub-me-2026-11-03-dem,politics,0.0000,1,2026-09-20T04:56:12Z,,,,,,,,6
2026-09-20,ussewc-usse-il-2026-11-03-dem,politics,0.0000,1,2026-09-20T04:56:12Z,,,,0.000003,6.250000,7.725,,7
2026-09-20,usgubewc-usgub-ne-2026-11-03-rep,politics,0.0002,1,2026-09-20T04:56:12Z,,,,0.000094,6.250000,7.775,,6
2026-09-20,usgubewc-usgub-nm-2026-11-03-dem,politics,0.0000,1,2026-09-20T04:56:12Z,,,,,6.250000,6.781,,6
2026-09-20,usgubewc-usgub-sc-2026-11-03-rep,politics,0.0033,0,2026-09-20T04:56:12Z,,,,0.000751,6.250000,16.703,,7
2026-09-20,paccc-usse-midterms-2026-11-03-dem,politics,5.4382,1,2026-09-20T04:56:12Z,,,,0.015734,375.000000,22.121,,20
2026-09-20,scc-hrep-rep-2026-11-03-gte205,politics,0.0141,0,2026-09-20T04:56:12Z,,,,0.000629,25.000000,21.487,,10
2026-09-20,ewc-usse-ne-2026-11-03-rep,politics,0.0000,1,2026-09-20T04:56:12Z,,,,,4.166667,5.402,,7
2026-09-20,usgubewc-usgub-tx-2026-11-03-dem,politics,0.5040,0,2026-09-20T05:56:12Z,,,,0.013713,150.000000,5.881,,8
2026-09-20,ewc-usse-tx-2026-11-03-dem,politics,0.7727,0,2026-09-20T05:56:12Z,,,,0.008871,375.000000,5.575,,13
2026-09-20,ushrewc-ushr-me-02-2026-11-03-dem,politics,1.6370,0,2026-09-20T05:56:12Z,,,,0.090619,62.500000,6.937,,7
2026-09-20,usgubewc-usgub-nh-2026-11-03-rep,politics,0.3707,0,2026-09-20T05:56:12Z,,,,0.026078,62.500000,5.458,,7
2026-09-20,ushrewc-ushr-ny-17-2026-11-03-rep,politics,0.8479,0,2026-09-20T05:56:12Z,,,,0.053493,62.500000,6.086,,5
2026-09-20,paccc-usho-midterms-2026-11-03-dem,politics,0.0705,0,2026-09-20T05:56:12Z,,,,0.029008,375.000000,0.156,,13
2026-09-20,ushrewc-ushr-oh-09-2026-11-03-dem,politics,0.2191,0,2026-09-20T06:56:12Z,,,,0.013787,62.500000,6.103,,5
2026-09-20,ussewc-usse-va-2026-11-03-rep,politics,0.1343,0,2026-09-20T06:56:12Z,,,,0.008787,62.500000,5.870,,7
2026-09-20,ushrewc-ushr-mi-07-2026-11-03-dem,politics,0.3088,0,2026-09-20T06:56:12Z,,,,0.020652,62.500000,5.742,,5
2026-09-20,paccc-balpow-2026-11-03-rhou-dsen,politics,0.1041,0,2026-09-20T06:56:12Z,,,,0.003279,187.500000,4.063,,9
2026-09-20,aachc-cfb-wins-2026-11-28-vir-7pt5wins,cfb,0.0588,1,2026-09-20T06:56:12Z,,,,0.009299,7.500000,20.248,,6
2026-09-20,aachc-cfb-wins-2026-11-28-oregst-5pt5wins,cfb,0.0476,1,2026-09-20T06:56:12Z,,,,0.008284,7.500000,18.397,,8
2026-09-20,aachc-cfb-wins-2026-11-28-ore-7pt5wins,cfb,0.0000,0,2026-09-20T06:56:12Z,,,,0.000021,9.375000,4.108,,8
2026-09-20,aachc-cfb-wins-2026-11-28-vir-5pt5wins,cfb,0.0037,1,2026-09-20T06:56:12Z,,,,0.000590,7.500000,20.337,,16
2026-09-20,aachc-cfb-wins-2026-11-28-kan-5pt5wins,cfb,0.0543,1,2026-09-20T06:56:12Z,,,,0.008752,7.500000,19.842,,6
2026-09-20,aachc-cfb-wins-2026-11-28-lsu-6pt5wins,cfb,0.4414,0,2026-09-20T06:56:12Z,,,,0.238362,7.500000,5.926,,16
2026-09-20,aachc-cfb-wins-2026-11-28-col-2pt5wins,cfb,0.0002,1,2026-09-20T06:56:12Z,,,,0.000028,7.500000,19.565,,14
2026-09-20,aachc-cfb-wins-2026-11-28-clmsn-7pt5wins,cfb,0.0444,1,2026-09-20T06:56:12Z,,,,0.006903,7.500000,20.604,,5
2026-09-20,aachc-cfb-wins-2026-11-28-arz-5pt5wins,cfb,0.0088,1,2026-09-20T06:56:12Z,,,,0.001418,7.500000,19.881,,5
2026-09-20,aachc-cfb-wins-2026-11-28-nw-6pt5wins,cfb,0.0169,0,2026-09-20T06:56:12Z,,,,0.006860,7.500000,7.893,,5
2026-09-20,aachc-cfb-wins-ou-2026-11-28-utahst,cfb,0.0037,1,2026-09-20T06:56:12Z,,,,0.011099,0.493421,16.247,,7
2026-09-20,aachc-cfb-wins-2026-11-28-pennst-9pt5wins,cfb,0.1183,1,2026-09-20T06:56:12Z,,,,0.018847,7.500000,20.081,,4
2026-09-20,ewc-usse-nc-2026-11-03-rep,politics,0.0828,0,2026-09-20T06:56:12Z,,,,0.001826,375.000000,2.901,,7
2026-09-20,ewc-usgub-ga-2026-11-03-dem,politics,0.0190,0,2026-09-20T07:56:14Z,,,,0.006298,150.000000,0.484,,6
2026-09-20,ushrewc-ushr-ne-02-2026-11-03-dem,politics,0.0319,1,2026-09-20T08:56:14Z,,,,0.006051,62.500000,2.023,,5
2026-09-20,paccc-balpow-2026-11-03-dsweep,politics,0.0222,0,2026-09-20T13:56:44Z,,,,0.007296,187.500000,0.389,,8
2026-09-20,usgubewc-usgub-al-2026-11-03-rep,politics,0.0000,1,2026-09-20T14:56:47Z,,,,,6.250000,0.128,,7
2026-09-20,cpoc-ussec-tx-mi-me-2026-11-03-rtx-dmi-dme,politics,2.4792,1,2026-09-20T15:56:47Z,,,,0.318807,18.750000,9.954,,8
2026-09-20,scc-hrep-rep-2026-11-03-gte195,politics,0.1446,1,2026-09-20T21:59:37Z,,,,0.096059,25.000000,1.445,,8
2026-09-20,ushrewc-ushr-nc-01-2026-11-03-dem,politics,1.8067,1,2026-09-20T23:59:39Z,,,,0.209450,62.500000,3.312,,7
2026-09-20,cpoc-ussec-tx-mi-me-2026-11-03-dtx-rmi-rme,politics,0.8042,1,2026-09-20T23:59:39Z,,,,0.328399,18.750000,3.135,,6
2026-09-20,ewc-usse-ak-2026-11-03-dem,politics,1.6230,1,2026-09-20T23:59:39Z,,,,0.031625,375.000000,3.285,,9
2026-09-20,scc-hrep-rep-2026-11-03-gte215,politics,0.0065,0,2026-09-21T01:00:33Z,,,,0.035178,25.000000,0.178,,8
2026-09-19,ewc-usgub-ia-2026-11-03-dem,politics,0.3676,1,2026-09-19T04:47:15Z,,,,0.002458,150.000000,23.928,,4
2026-09-19,paccc-balpow-2026-11-03-dhou-rsen,politics,0.1469,1,2026-09-19T04:47:15Z,,,,0.000811,187.500000,23.183,,11
2026-09-19,ewc-usse-mi-2026-11-03-rep,politics,1.4224,1,2026-09-19T04:47:15Z,,,,0.003804,375.000000,23.928,,8
2026-09-19,usgubewc-usgub-ny-2026-11-03-dem,politics,1.6284,1,2026-09-19T04:47:15Z,,,,0.026200,62.500000,23.867,,7
2026-09-19,usgubewc-usgub-ny-2026-11-03-rep,politics,0.8002,1,2026-09-19T04:47:15Z,,,,0.012946,62.500000,23.733,,7
2026-09-19,ewc-usse-nc-2026-11-03-rep,politics,2.6736,0,2026-09-19T04:47:15Z,,,,0.010123,375.000000,16.902,,9
2026-09-19,usgubewc-usgub-ok-2026-11-03-dem,politics,0.0402,1,2026-09-19T04:47:15Z,,,,0.008336,6.250000,18.498,,6
2026-09-19,ushrewc-ushr-ca-45-2026-11-03-dem,politics,0.0538,1,2026-09-19T04:47:15Z,,,,0.000890,62.500000,23.205,,5
2026-09-19,ushrewc-ushr-ne-02-2026-11-03-rep,politics,1.8677,1,2026-09-19T04:47:15Z,,,,0.031198,62.500000,22.989,,5
2026-09-19,ussewc-usse-co-2026-11-03-rep,politics,2.3456,1,2026-09-19T04:47:15Z,,,,0.038862,62.500000,23.178,,5
2026-09-19,ussewc-usse-sc-2026-11-03-dem,politics,0.1735,3,2026-09-19T04:47:15Z,,,,0.029992,6.250000,22.216,,12
2026-09-19,ussewc-usse-la-2026-11-03-rep,politics,0.1811,1,2026-09-19T04:47:15Z,,,,0.029951,6.250000,23.222,,4
2026-09-19,scc-hrep-rep-2026-11-03-gte220,politics,0.0654,1,2026-09-19T04:47:15Z,,,,0.002682,25.000000,23.400,,8
2026-09-19,ushrewc-ushr-ny-04-2026-11-03-rep,politics,0.0046,1,2026-09-19T04:47:15Z,,,,0.000076,62.500000,23.244,,5
2026-09-19,usgubewc-usgub-mn-2026-11-03-rep,politics,0.1746,0,2026-09-19T04:47:15Z,,,,0.047672,6.250000,14.062,,9
2026-09-19,cpoc-ussec-tx-mi-me-2026-11-03-rtx-rmi-dme,politics,6.3151,2,2026-09-19T04:47:15Z,,,,0.338921,18.750000,23.850,,10
2026-09-19,ewc-usse-mn-2026-11-03-dem,politics,3.7730,2,2026-09-19T04:47:15Z,,,,0.025229,150.000000,23.928,,5
2026-09-19,usgubewc-usgub-md-2026-11-03-dem,politics,0.0104,2,2026-09-19T04:47:15Z,,,,0.001697,6.250000,23.639,,6
2026-09-19,ushrewc-ushr-tx-34-2026-11-03-rep,politics,8.5036,2,2026-09-19T04:47:15Z,,,,0.057993,150.000000,23.461,,7
2026-09-19,ussewc-usse-or-2026-11-03-dem,politics,0.0961,1,2026-09-19T04:47:15Z,,,,0.020423,6.250000,18.075,,8
2026-09-19,ushrewc-ushr-nj-07-2026-11-03-dem,politics,0.1356,1,2026-09-19T04:47:15Z,,,,0.002197,62.500000,23.706,,7
2026-09-19,ewc-usse-mi-2026-11-03-dem,politics,1.3088,1,2026-09-19T04:47:15Z,,,,0.003912,375.000000,21.410,,9
2026-09-19,ewc-usgub-wi-2026-11-03-rep,politics,0.0170,1,2026-09-19T04:47:15Z,,,,0.015301,150.000000,0.178,,8
2026-09-19,ewc-usse-me-2026-11-03-dem,politics,0.4698,1,2026-09-19T04:47:15Z,,,,0.009425,150.000000,7.976,,7
2026-09-19,ussewc-usse-ar-2026-11-03-rep,politics,0.0971,1,2026-09-19T04:47:15Z,,,,0.015770,6.250000,23.645,,6
2026-09-19,ussewc-usse-nm-2026-11-03-rep,politics,0.3152,1,2026-09-19T04:47:15Z,,,,0.053765,6.250000,22.511,,5
2026-09-19,scc-hrep-rep-2026-11-03-gte210,politics,13.6187,2,2026-09-19T04:47:15Z,,,,0.569398,25.000000,22.961,,28
2026-09-19,ewc-usgub-ga-2026-11-03-rep,politics,0.2751,2,2026-09-19T04:47:15Z,,,,0.003791,150.000000,11.611,,7
2026-09-19,ewc-usgub-ia-2026-11-03-rep,politics,0.0000,1,2026-09-19T04:47:15Z,,,,,,,,5
2026-09-19,ewc-usse-nh-2026-11-03-dem,politics,0.0036,1,2026-09-19T04:47:15Z,,,,0.000859,150.000000,0.662,,7
2026-09-19,cpoc-ussec-tx-mi-me-2026-11-03-dtx-dmi-rme,politics,2.2122,2,2026-09-19T04:47:15Z,,,,0.124379,18.750000,22.766,,8
2026-09-19,ushrewc-ushr-tx-15-2026-11-03-rep,politics,0.0009,1,2026-09-19T04:47:15Z,,,,0.005022,62.500000,0.067,,7
2026-09-19,usgubewc-usgub-ak-2026-11-03-jonkre,politics,4.6411,1,2026-09-19T04:47:15Z,,,,0.113661,42.857143,22.866,,10
2026-09-19,scc-senate-gop-2026-11-03-51,politics,1.5937,1,2026-09-19T04:47:15Z,,,,0.071270,23.076923,23.256,,12
2026-09-19,scc-senate-gop-2026-11-03-49,politics,1.9336,1,2026-09-19T04:47:15Z,,,,0.084709,23.076923,23.739,,12
2026-09-19,usgubewc-usgub-fl-2026-11-03-rep,politics,6.7307,1,2026-09-19T04:47:15Z,,,,0.108495,62.500000,23.822,,6
2026-09-19,cpoc-ussec-tx-me-2026-11-03-rsweep,politics,4.8793,2,2026-09-19T04:47:15Z,,,,0.139170,37.500000,22.439,,9
2026-09-19,cpoc-ussec-tx-me-2026-11-03-dtx-rme,politics,0.6311,1,2026-09-19T04:47:15Z,,,,0.017516,37.500000,23.061,,9
2026-09-19,ewc-usgub-oh-2026-11-03-rep,politics,0.2802,1,2026-09-19T04:47:15Z,,,,0.001873,150.000000,23.928,,7
2026-09-19,ewc-usgub-wi-2026-11-03-dem,politics,0.0378,1,2026-09-19T04:47:15Z,,,,0.000253,150.000000,23.928,,6
2026-09-19,ushrewc-ushr-nj-07-2026-11-03-rep,politics,0.0044,1,2026-09-19T04:47:15Z,,,,0.021503,62.500000,0.078,,7
2026-09-19,ushrewc-ushr-va-02-2026-11-03-rep,politics,0.0057,1,2026-09-19T04:47:15Z,,,,0.000273,62.500000,8.032,,5
2026-09-19,ushrewc-ushr-nc-01-2026-11-03-rep,politics,0.0187,1,2026-09-19T04:47:15Z,,,,0.019900,62.500000,0.361,,5
2026-09-19,ushrewc-ushr-tx-15-2026-11-03-dem,politics,0.0005,1,2026-09-19T04:47:15Z,,,,0.000010,62.500000,21.888,,8
2026-09-19,ewc-usse-tx-2026-11-03-rep,politics,0.3409,1,2026-09-19T04:47:15Z,,,,0.003918,375.000000,5.569,,12
2026-09-19,ushrewc-ushr-ia-01-2026-11-03-rep,politics,0.0083,1,2026-09-19T04:47:15Z,,,,0.005344,62.500000,0.595,,7
2026-09-19,usgubewc-usgub-fl-2026-11-03-dem,politics,0.0102,1,2026-09-19T04:47:15Z,,,,0.000588,62.500000,6.648,,7
2026-09-19,ushrewc-ushr-wa-03-2026-11-03-rep,politics,0.5798,1,2026-09-19T04:47:15Z,,,,0.009842,62.500000,22.622,,5
2026-09-19,usgubewc-usgub-ak-2026-11-03-davbro,politics,16.0213,1,2026-09-19T04:47:15Z,,,,0.430561,42.857143,20.838,,8
2026-09-19,ewc-usgub-nv-2026-11-03-dem,politics,0.4254,1,2026-09-19T04:47:15Z,,,,0.002845,150.000000,23.928,,6
2026-09-19,ussewc-usse-la-2026-11-03-dem,politics,0.1523,1,2026-09-19T04:47:15Z,,,,0.024849,6.250000,23.528,,4
2026-09-19,scc-hrep-rep-2026-11-03-gte185,politics,1.1810,1,2026-09-19T04:47:15Z,,,,0.087881,25.000000,12.901,,7
2026-09-19,scc-hrep-rep-2026-11-03-gte180,politics,0.3281,1,2026-09-19T04:47:15Z,,,,0.017500,25.000000,17.998,,6
2026-09-19,ewc-usgub-ca-2026-11-03-xavbec,politics,0.3081,1,2026-09-19T04:47:15Z,,,,0.021374,62.500000,5.536,,9
2026-09-19,paccc-balpow-2026-11-03-rsweep,politics,0.0626,1,2026-09-19T04:47:15Z,,,,0.001040,187.500000,7.709,,9
2026-09-19,scc-hrep-rep-2026-11-03-gte195,politics,5.4429,0,2026-09-19T04:47:15Z,,,,0.342850,25.000000,15.240,,8
2026-09-19,cpoc-ussec-tx-me-2026-11-03-rtx-dme,politics,15.1823,2,2026-09-19T04:47:15Z,,,,0.425969,37.500000,22.811,,10
2026-09-19,usgubewc-usgub-tx-2026-11-03-rep,politics,0.5760,2,2026-09-19T04:47:15Z,,,,0.009567,150.000000,9.632,,9
2026-09-19,ushrewc-ushr-oh-09-2026-11-03-rep,politics,0.0025,1,2026-09-19T04:47:15Z,,,,0.014315,62.500000,0.067,,6
2026-09-19,paccc-usho-midterms-2026-11-03-rep,politics,14.9812,1,2026-09-19T04:47:15Z,,,,0.040107,375.000000,23.906,,24
2026-09-19,ushrewc-ushr-tx-34-2026-11-03-dem,politics,0.4406,2,2026-09-19T04:47:15Z,,,,0.003034,150.000000,23.239,,4
2026-09-19,ushrewc-ushr-ia-01-2026-11-03-dem,politics,0.0519,1,2026-09-19T04:47:15Z,,,,0.000859,62.500000,23.205,,6
2026-09-19,paccc-usho-midterms-2026-11-03-dem,politics,0.5224,0,2026-09-19T04:47:15Z,,,,0.001795,375.000000,18.625,,15
2026-09-19,ushrewc-ushr-wa-03-2026-11-03-dem,politics,0.1798,1,2026-09-19T04:47:15Z,,,,0.002897,62.500000,23.828,,5
2026-09-19,usgubewc-usgub-tn-2026-11-03-dem,politics,0.2674,1,2026-09-19T04:47:15Z,,,,0.046994,6.250000,21.849,,6
2026-09-19,scc-senate-gop-2026-11-03-lte45,politics,2.6343,1,2026-09-19T04:47:15Z,,,,0.116114,23.076923,23.595,,15
2026-09-19,scc-senate-gop-2026-11-03-55,politics,0.3382,1,2026-09-19T04:47:15Z,,,,0.017296,23.076923,20.337,,9
2026-09-19,ushrewc-ushr-pa-01-2026-11-03-rep,politics,0.0061,1,2026-09-19T04:47:15Z,,,,0.000102,62.500000,22.894,,7
2026-09-19,ewc-usse-ia-2026-11-03-dem,politics,0.0012,1,2026-09-19T04:47:15Z,,,,0.001065,375.000000,0.072,,8
2026-09-19,ushrewc-ushr-ny-17-2026-11-03-dem,politics,10.7237,2,2026-09-19T04:47:15Z,,,,0.175604,62.500000,23.450,,7
2026-09-19,cpoc-ussec-tx-mi-me-2026-11-03-rsweep,politics,10.6830,2,2026-09-19T04:47:15Z,,,,0.613507,18.750000,22.289,,10
2026-09-19,usgubewc-usgub-ak-2026-11-03-clibis,politics,6.2998,1,2026-09-19T04:47:15Z,,,,0.153425,42.857143,22.994,,7
2026-09-19,scc-senate-gop-2026-11-03-48,politics,4.7437,1,2026-09-19T04:47:15Z,,,,0.210432,23.076923,23.445,,9
2026-09-19,cpoc-ussec-tx-mi-me-2026-11-03-dsweep,politics,5.3518,1,2026-09-19T04:47:15Z,,,,0.298851,18.750000,22.922,,11
2026-09-19,cpoc-ussec-tx-me-2026-11-03-dsweep,politics,11.3568,2,2026-09-19T04:47:15Z,,,,0.325131,37.500000,22.355,,8
2026-09-19,usgubewc-usgub-ak-2026-11-03-berwil,politics,6.0254,2,2026-09-19T04:47:15Z,,,,0.145301,42.857143,23.222,,6
2026-09-19,cpoc-ussec-tx-mi-me-2026-11-03-rtx-dmi-rme,politics,6.0317,1,2026-09-19T04:47:15Z,,,,0.343224,18.750000,22.494,,6
2026-09-19,usgubewc-usgub-ok-2026-11-03-rep,politics,0.5160,1,2026-09-19T04:47:15Z,,,,0.085183,6.250000,23.261,,4
2026-09-19,usgubewc-usgub-co-2026-11-03-dem,politics,0.0531,0,2026-09-19T04:47:15Z,,,,0.015701,6.250000,12.978,,8
2026-09-19,cpoc-ussec-tx-mi-me-2026-11-03-rtx-dmi-dme,politics,5.5718,0,2026-09-19T04:47:15Z,,,,0.356035,18.750000,20.032,,7
2026-09-19,scc-senate-gop-2026-11-03-54,politics,0.0488,1,2026-09-19T04:47:15Z,,,,0.002180,23.076923,23.294,,14
2026-09-19,usgubewc-usgub-pa-2026-11-03-dem,politics,0.0577,1,2026-09-19T04:47:15Z,,,,0.009576,6.250000,23.128,,6
2026-09-19,cpoc-ussec-tx-mi-me-2026-11-03-dtx-rmi-dme,politics,10.5260,1,2026-09-19T04:47:15Z,,,,0.594855,18.750000,22.650,,9
2026-09-19,usgubewc-usgub-hi-2026-11-03-dem,politics,0.0679,0,2026-09-19T04:47:15Z,,,,0.019142,6.250000,13.623,,5
2026-09-19,ushrewc-ushr-me-02-2026-11-03-rep,politics,0.0517,1,2026-09-19T04:47:15Z,,,,0.001179,62.500000,16.835,,8
2026-09-19,ussewc-usse-sc-2026-11-03-rep,politics,0.0815,0,2026-09-19T04:47:15Z,,,,0.023203,6.250000,13.490,,9
2026-09-19,scc-hrep-rep-2026-11-03-gte235,politics,0.0649,1,2026-09-19T04:47:15Z,,,,0.003413,25.000000,18.259,,10
2026-09-19,ewc-usgub-mi-2026-11-03-dem,politics,0.5203,1,2026-09-19T04:47:15Z,,,,0.005236,100.000000,23.850,,6
2026-09-19,ewc-usse-ga-2026-11-03-rep,politics,1.0855,0,2026-09-19T04:47:15Z,,,,0.004390,375.000000,15.824,,9
2026-09-19,ussewc-usse-il-2026-11-03-dem,politics,0.0000,0,2026-09-19T04:47:15Z,,,,0.000003,6.250000,8.036,,7
2026-09-19,ussewc-usse-fl-2026-11-03-dem,politics,0.1083,0,2026-09-19T04:47:15Z,,,,0.128123,6.250000,3.246,,8
2026-09-19,ushrewc-ushr-ca-13-2026-11-03-rep,politics,8.5016,1,2026-09-19T04:47:15Z,,,,0.140045,62.500000,23.311,,7
2026-09-19,ewc-usgub-oh-2026-11-03-dem,politics,0.7015,1,2026-09-19T04:47:15Z,,,,0.014653,150.000000,7.659,,7
2026-09-19,scc-senate-gop-2026-11-03-52,politics,0.4228,1,2026-09-19T04:47:15Z,,,,0.018966,23.076923,23.183,,11
2026-09-19,usgubewc-usgub-sc-2026-11-03-rep,politics,0.0046,0,2026-09-19T04:47:15Z,,,,0.000739,6.250000,23.806,,7
2026-09-19,scc-hrep-rep-2026-11-03-gte205,politics,0.0043,0,2026-09-19T04:47:15Z,,,,0.000413,25.000000,10.038,,12
2026-09-19,scc-senate-gop-2026-11-03-50,politics,2.6779,1,2026-09-19T04:47:15Z,,,,0.132629,23.076923,20.999,,12
2026-09-19,usgubewc-usgub-or-2026-11-03-dem,politics,0.1028,1,2026-09-19T04:47:15Z,,,,0.033747,6.250000,11.700,,5
2026-09-19,usgubewc-usgub-ne-2026-11-03-rep,politics,0.0007,0,2026-09-19T04:47:15Z,,,,0.000319,6.250000,7.931,,5
2026-09-19,usgubewc-usgub-nm-2026-11-03-dem,politics,0.0000,0,2026-09-19T04:47:15Z,,,,,6.250000,8.098,,5
2026-09-19,ushrewc-ushr-me-02-2026-11-03-dem,politics,0.1710,0,2026-09-19T04:47:15Z,,,,0.015647,62.500000,4.196,,7
2026-09-19,ewc-usse-ne-2026-11-03-rep,politics,0.0000,1,2026-09-19T04:47:15Z,,,,0.000030,4.166667,4.141,,7
2026-09-19,ushrewc-ushr-ny-17-2026-11-03-rep,politics,0.1630,0,2026-09-19T04:47:15Z,,,,0.047916,62.500000,1.306,,5
2026-09-19,ushrewc-ushr-ne-02-2026-11-03-dem,politics,0.0081,0,2026-09-19T05:47:58Z,,,,0.007521,62.500000,0.411,,6
2026-09-19,ushrewc-ushr-mi-07-2026-11-03-dem,politics,0.0084,0,2026-09-19T05:47:58Z,,,,0.007770,62.500000,0.417,,5
2026-09-19,ushrewc-ushr-oh-09-2026-11-03-dem,politics,0.0135,0,2026-09-19T05:47:58Z,,,,0.009227,62.500000,0.561,,5
2026-09-19,usgubewc-usgub-al-2026-11-03-rep,politics,0.0000,1,2026-09-19T05:47:58Z,,,,,6.250000,0.539,,7
2026-09-19,usgubewc-usgub-nh-2026-11-03-rep,politics,0.0162,0,2026-09-19T06:48:13Z,,,,0.017258,62.500000,0.361,,6
2026-09-19,ussewc-usse-co-2026-11-03-dem,politics,2.9964,1,2026-09-19T07:48:57Z,,,,0.071656,62.500000,16.058,,6
2026-09-19,ewc-usgub-nv-2026-11-03-rep,politics,0.5605,1,2026-09-19T10:49:54Z,,,,0.009391,150.000000,9.549,,7
2026-09-19,paccc-usse-midterms-2026-11-03-dem,politics,0.6987,0,2026-09-19T12:50:07Z,,,,0.008452,375.000000,5.291,,18
2026-09-19,ewc-usgub-mi-2026-11-03-rep,politics,0.3086,1,2026-09-19T13:50:33Z,,,,0.005243,100.000000,14.124,,7
2026-09-19,usgubewc-usgub-me-2026-11-03-dem,politics,0.0000,1,2026-09-19T13:50:33Z,,,,,,,,6
2026-09-19,scc-hrep-rep-2026-11-03-gte200,politics,0.5682,0,2026-09-19T15:50:47Z,,,,0.061608,25.000000,8.854,,5
2026-09-19,usgubewc-usgub-tx-2026-11-03-dem,politics,0.0192,0,2026-09-19T16:50:48Z,,,,0.008521,150.000000,0.361,,9
2026-09-19,ussewc-usse-va-2026-11-03-rep,politics,0.0088,0,2026-09-19T16:50:48Z,,,,0.011923,62.500000,0.283,,7
2026-09-19,ewc-usgub-ga-2026-11-03-dem,politics,0.0072,0,2026-09-19T19:51:53Z,,,,0.010880,150.000000,0.106,,5
2026-09-18,usgubewc-usgub-nh-2026-11-03-dem,politics,0.0288,0,2026-09-18T04:33:39Z,,,,0.046317,62.499542,0.239,,8
2026-09-18,ewc-usgub-ia-2026-11-03-dem,politics,0.9743,1,2026-09-18T04:33:39Z,,,,0.007232,149.791551,21.401,,5
2026-09-18,ushrewc-ushr-ne-02-2026-11-03-rep,politics,3.6407,1,2026-09-18T04:33:39Z,,,,0.072633,62.403078,19.177,,4
2026-09-18,ewc-usgub-az-2026-11-03-rep,politics,2.4143,0,2026-09-18T04:33:39Z,,,,0.017988,149.791902,21.423,,5
2026-09-18,ussewc-usse-co-2026-11-03-rep,politics,3.2787,1,2026-09-18T04:33:39Z,,,,0.064001,62.405088,19.572,,4
2026-09-18,ushrewc-ushr-oh-09-2026-11-03-rep,politics,1.9335,1,2026-09-18T04:33:39Z,,,,0.061153,62.345304,12.012,,7
2026-09-18,usgubewc-usgub-md-2026-11-03-dem,politics,0.3279,1,2026-09-18T04:33:39Z,,,,0.066654,6.250002,18.887,,6
2026-09-18,ushrewc-ushr-me-02-2026-11-03-rep,politics,4.5221,1,2026-09-18T04:33:39Z,,,,0.089546,62.499975,19.392,,7
2026-09-18,usgubewc-usgub-tx-2026-11-03-rep,politics,5.4457,1,2026-09-18T04:33:39Z,,,,0.059205,150.000069,14.717,,9
2026-09-18,ewc-usgub-nv-2026-11-03-dem,politics,1.8544,1,2026-09-18T04:33:39Z,,,,0.018562,149.720190,15.934,,8
2026-09-18,ushrewc-ushr-ia-01-2026-11-03-rep,politics,1.5837,1,2026-09-18T04:33:39Z,,,,0.067576,62.499920,8.999,,6
2026-09-18,usgubewc-usgub-ne-2026-11-03-dem,politics,0.0480,0,2026-09-18T04:33:39Z,,,,0.039568,6.250010,4.661,,5
2026-09-18,ushrewc-ushr-ca-45-2026-11-03-dem,politics,0.1197,1,2026-09-18T04:33:39Z,,,,0.002385,62.403560,19.266,,5
2026-09-18,scc-hrep-rep-2026-11-03-gte215,politics,4.1686,0,2026-09-18T04:33:39Z,,,,0.220881,24.958906,18.082,,7
2026-09-18,usgubewc-usgub-hi-2026-11-03-rep,politics,0.0734,0,2026-09-18T04:33:39Z,,,,0.072585,6.249993,3.883,,6
2026-09-18,usgubewc-usgub-fl-2026-11-03-rep,politics,7.9724,1,2026-09-18T04:33:39Z,,,,0.167921,62.397880,18.199,,6
2026-09-18,ussewc-usse-la-2026-11-03-rep,politics,0.2244,1,2026-09-18T04:33:39Z,,,,0.057873,6.249997,14.889,,4
2026-09-18,usgubewc-usgub-id-2026-11-03-rep,politics,0.0970,0,2026-09-18T04:33:39Z,,,,0.089419,6.250020,4.166,,5
2026-09-18,scc-hrep-rep-2026-11-03-gte235,politics,0.5717,1,2026-09-18T04:33:39Z,,,,0.043893,25.000015,12.505,,10
2026-09-18,usgubewc-usgub-md-2026-11-03-rep,politics,0.1208,0,2026-09-18T04:33:39Z,,,,0.142137,6.249988,3.265,,5
2026-09-18,usgubewc-usgub-mn-2026-11-03-rep,politics,0.2369,1,2026-09-18T04:33:39Z,,,,0.050596,6.239657,17.971,,8
2026-09-18,ushrewc-ushr-tx-15-2026-11-03-dem,politics,0.1949,1,2026-09-18T04:33:39Z,,,,0.004765,62.499954,15.710,,7
2026-09-18,ussewc-usse-sc-2026-11-03-dem,politics,0.0777,1,2026-09-18T04:33:39Z,,,,0.016166,6.239819,18.249,,12
2026-09-18,ussewc-usse-la-2026-11-03-dem,politics,0.3421,1,2026-09-18T04:33:39Z,,,,0.069915,6.240108,18.783,,4
2026-09-18,ussewc-usse-or-2026-11-03-dem,politics,0.0663,1,2026-09-18T04:33:39Z,,,,0.018946,6.249996,13.438,,7
2026-09-18,ussewc-usse-ks-2026-11-03-rep,politics,0.1114,0,2026-09-18T04:33:39Z,,,,0.086678,6.249999,4.934,,8
2026-09-18,ussewc-usse-tn-2026-11-03-dem,politics,0.1585,0,2026-09-18T04:33:39Z,,,,0.189617,6.249999,3.209,,6
2026-09-18,usgubewc-usgub-tx-2026-11-03-dem,politics,1.0453,0,2026-09-18T04:33:39Z,,,,0.030454,149.182478,5.455,,9
2026-09-18,ussewc-usse-il-2026-11-03-dem,politics,0.0133,1,2026-09-18T04:33:39Z,,,,0.005756,6.250006,8.902,,7
2026-09-18,scc-hrep-rep-2026-11-03-gte195,politics,2.2363,2,2026-09-18T04:33:39Z,,,,0.112162,24.961133,19.122,,9
2026-09-18,ussewc-usse-wv-2026-11-03-dem,politics,0.1821,0,2026-09-18T04:33:39Z,,,,0.123357,6.250003,5.667,,6
2026-09-18,ussewc-usse-sd-2026-11-03-rep,politics,0.5599,0,2026-09-18T04:33:39Z,,,,0.413541,6.249992,5.200,,5
2026-09-18,ussewc-usse-ri-2026-11-03-rep,politics,0.1281,0,2026-09-18T04:33:39Z,,,,0.107027,6.250017,4.594,,6
2026-09-18,ewc-usse-mi-2026-11-03-dem,politics,1.1774,2,2026-09-18T04:33:39Z,,,,0.003869,374.427540,19.472,,10
2026-09-18,usgubewc-usgub-ok-2026-11-03-dem,politics,0.0506,1,2026-09-18T04:33:39Z,,,,0.012786,6.250003,15.185,,6
2026-09-18,scc-senate-gop-2026-11-03-49,politics,1.0246,1,2026-09-18T04:33:39Z,,,,0.077245,23.076923,13.795,,6
2026-09-18,ussewc-usse-ms-2026-11-03-dem,politics,0.9978,0,2026-09-18T04:33:39Z,,,,0.355695,6.232704,10.738,,5
2026-09-18,usgubewc-usgub-hi-2026-11-03-dem,politics,0.0067,1,2026-09-18T04:33:39Z,,,,0.003530,6.250002,7.257,,4
2026-09-18,scc-senate-gop-2026-11-03-50,politics,2.8569,1,2026-09-18T04:33:39Z,,,,0.164970,23.038819,18.004,,10
2026-09-18,usgubewc-usgub-ny-2026-11-03-dem,politics,1.8358,1,2026-09-18T04:33:39Z,,,,0.035034,62.500011,20.121,,7
2026-09-18,ussewc-usse-ar-2026-11-03-rep,politics,0.1505,1,2026-09-18T04:33:39Z,,,,0.032931,6.250003,17.541,,6
2026-09-18,usgubewc-usgub-nm-2026-11-03-rep,politics,0.0260,0,2026-09-18T04:33:39Z,,,,0.011736,6.250002,8.523,,5
2026-09-18,ewc-usse-nc-2026-11-03-rep,politics,7.1622,1,2026-09-18T04:33:39Z,,,,0.028469,374.307281,16.089,,9
2026-09-18,ewc-usse-mi-2026-11-03-rep,politics,1.6832,1,2026-09-18T04:33:39Z,,,,0.005002,374.481619,21.501,,9
2026-09-18,ussewc-usse-al-2026-11-03-dem,politics,0.2411,0,2026-09-18T04:33:39Z,,,,0.194185,6.250003,4.767,,7
2026-09-18,ussewc-usse-ky-2026-11-03-dem,politics,0.0517,0,2026-09-18T04:33:39Z,,,,0.069066,6.249978,2.876,,8
2026-09-18,usgubewc-usgub-ne-2026-11-03-rep,politics,0.1290,0,2026-09-18T04:33:39Z,,,,0.039335,6.250000,12.593,,6
2026-09-18,ushrewc-ushr-me-02-2026-11-03-dem,politics,2.2353,1,2026-09-18T04:33:39Z,,,,0.068768,62.500009,12.482,,7
2026-09-18,ussewc-usse-ks-2026-11-03-dem,politics,0.1294,0,2026-09-18T04:33:39Z,,,,0.147123,6.249990,3.377,,10
2026-09-18,ewc-usgub-ia-2026-11-03-rep,politics,1.2281,1,2026-09-18T04:33:39Z,,,,0.016012,149.634780,12.212,,7
2026-09-18,usgubewc-usgub-ar-2026-11-03-rep,politics,0.3198,0,2026-09-18T04:33:39Z,,,,0.245817,6.250017,4.995,,4
2026-09-18,usgubewc-usgub-ct-2026-11-03-rep,politics,0.0333,0,2026-09-18T04:33:39Z,,,,0.037857,6.249977,3.381,,8
2026-09-18,ewc-usse-tx-2026-11-03-rep,politics,0.4414,1,2026-09-18T04:33:39Z,,,,0.003882,373.443182,7.161,,12
2026-09-18,usgubewc-usgub-ak-2026-11-03-jonkre,politics,4.9766,1,2026-09-18T04:33:39Z,,,,0.152900,42.787096,18.188,,9
2026-09-18,ussewc-usse-fl-2026-11-03-rep,politics,0.9435,0,2026-09-18T04:33:39Z,,,,0.289446,6.235162,12.517,,7
2026-09-18,ussewc-usse-nm-2026-11-03-rep,politics,0.6580,1,2026-09-18T04:33:39Z,,,,0.153023,6.238686,16.420,,6
2026-09-18,cpoc-ussec-tx-me-2026-11-03-dsweep,politics,13.9436,2,2026-09-18T04:33:39Z,,,,0.297504,67.119753,17.443,,6
2026-09-18,usgubewc-usgub-or-2026-11-03-dem,politics,0.4165,0,2026-09-18T04:33:39Z,,,,0.169684,6.250006,9.425,,9
2026-09-18,scc-hrep-rep-2026-11-03-gte180,politics,2.4793,1,2026-09-18T04:33:39Z,,,,0.120553,24.962332,19.739,,6
2026-09-18,scc-hrep-rep-2026-11-03-gte205,politics,5.6132,0,2026-09-18T04:33:39Z,,,,0.271382,24.962287,19.705,,11
2026-09-18,usgubewc-usgub-pa-2026-11-03-rep,politics,0.0263,0,2026-09-18T04:33:39Z,,,,0.020606,6.250016,4.895,,6
2026-09-18,usgubewc-usgub-ri-2026-11-03-kenblo,politics,0.0525,0,2026-09-18T04:33:39Z,,,,0.080750,4.166656,3.744,,8
2026-09-18,ussewc-usse-ar-2026-11-03-dem,politics,0.3097,0,2026-09-18T04:33:39Z,,,,0.230922,6.249998,5.151,,7
2026-09-18,usgubewc-usgub-vt-2026-11-03-dem,politics,0.0916,0,2026-09-18T04:33:39Z,,,,0.076486,6.249998,4.600,,3
2026-09-18,usgubewc-usgub-co-2026-11-03-dem,politics,0.3964,1,2026-09-18T04:33:39Z,,,,0.088633,6.239135,17.109,,4
2026-09-18,cpoc-ussec-tx-me-2026-11-03-dtx-rme,politics,7.5425,1,2026-09-18T04:33:39Z,,,,0.135412,67.490580,17.877,,9
2026-09-18,ussewc-usse-fl-2026-11-03-dem,politics,0.4836,1,2026-09-18T04:33:39Z,,,,0.225198,6.227479,8.248,,7
2026-09-18,usgubewc-usgub-ok-2026-11-03-rep,politics,0.7407,1,2026-09-18T04:33:39Z,,,,0.199576,6.249999,14.250,,5
2026-09-18,cpoc-ussec-tx-mi-me-2026-11-03-rsweep,politics,9.2891,2,2026-09-18T04:33:39Z,,,,0.463741,34.476058,17.510,,8
2026-09-18,ussewc-usse-ok-2026-11-03-rep,politics,0.0364,0,2026-09-18T04:33:39Z,,,,0.034401,6.250016,4.060,,6
2026-09-18,paccc-usho-midterms-2026-11-03-dem,politics,1.4679,1,2026-09-18T04:33:39Z,,,,0.005990,374.289324,15.680,,16
2026-09-18,usgubewc-usgub-tn-2026-11-03-dem,politics,0.5284,1,2026-09-18T04:33:39Z,,,,0.106021,6.240293,19.138,,6
2026-09-18,ewc-usgub-oh-2026-11-03-dem,politics,1.0702,1,2026-09-18T04:33:39Z,,,,0.023036,149.399986,7.429,,7
2026-09-18,ushrewc-ushr-nj-07-2026-11-03-dem,politics,1.6192,1,2026-09-18T04:33:39Z,,,,0.031717,62.500024,19.604,,8
2026-09-18,ushrewc-ushr-ia-01-2026-11-03-dem,politics,0.9201,1,2026-09-18T04:33:39Z,,,,0.021687,62.383710,15.984,,5
2026-09-18,ushrewc-ushr-nc-01-2026-11-03-rep,politics,0.4273,1,2026-09-18T04:33:39Z,,,,0.025079,62.500094,6.543,,5
2026-09-18,ushrewc-ushr-tx-15-2026-11-03-rep,politics,1.1442,1,2026-09-18T04:33:39Z,,,,0.051005,62.283369,8.574,,8
2026-09-18,ushrewc-ushr-wa-03-2026-11-03-dem,politics,0.9282,1,2026-09-18T04:33:39Z,,,,0.024041,62.500036,14.826,,6
2026-09-18,ushrewc-ushr-va-02-2026-11-03-rep,politics,0.8536,1,2026-09-18T04:33:39Z,,,,0.036354,62.500023,9.017,,5
2026-09-18,ushrewc-ushr-nj-07-2026-11-03-rep,politics,0.9867,1,2026-09-18T04:33:39Z,,,,0.054597,62.230029,6.883,,6
2026-09-18,cpoc-ussec-tx-mi-me-2026-11-03-dsweep,politics,8.3910,2,2026-09-18T04:33:39Z,,,,0.376868,33.056401,17.343,,9
2026-09-18,usgubewc-usgub-vt-2026-11-03-rep,politics,0.0638,0,2026-09-18T04:33:39Z,,,,0.054182,6.249991,4.522,,8
2026-09-18,usgubewc-usgub-ma-2026-11-03-rep,politics,0.8117,0,2026-09-18T04:33:39Z,,,,0.401776,6.225943,7.721,,5
2026-09-18,usgubewc-usgub-ny-2026-11-03-rep,politics,0.9664,1,2026-09-18T04:33:39Z,,,,0.018535,62.407042,19.989,,7
2026-09-18,ewc-usse-ia-2026-11-03-dem,politics,0.4923,1,2026-09-18T04:33:39Z,,,,0.002399,374.147744,13.085,,10
2026-09-18,usgubewc-usgub-fl-2026-11-03-dem,politics,1.1468,1,2026-09-18T04:33:39Z,,,,0.023274,62.500017,18.920,,8
2026-09-18,ussewc-usse-ma-2026-11-03-rep,politics,1.0447,0,2026-09-18T04:33:39Z,,,,0.283586,6.236844,14.123,,5
2026-09-18,ussewc-usse-ms-2026-11-03-rep,politics,0.0427,0,2026-09-18T04:33:39Z,,,,0.084376,6.249994,1.941,,5
2026-09-18,usgubewc-usgub-il-2026-11-03-rep,politics,0.1294,0,2026-09-18T04:33:39Z,,,,0.099896,6.249995,4.973,,6
2026-09-18,ussewc-usse-al-2026-11-03-rep,politics,0.0198,0,2026-09-18T04:33:39Z,,,,0.017803,6.250009,4.266,,4
2026-09-18,cpoc-ussec-tx-mi-me-2026-11-03-dtx-rmi-dme,politics,12.5240,1,2026-09-18T04:33:39Z,,,,0.614533,34.107392,15.084,,8
2026-09-18,usgubewc-usgub-ak-2026-11-03-clibis,politics,6.3402,1,2026-09-18T04:33:39Z,,,,0.217047,42.779122,16.331,,7
2026-09-18,usgubewc-usgub-ak-2026-11-03-davbro,politics,10.6021,1,2026-09-18T04:33:39Z,,,,0.378477,42.775613,15.631,,7
2026-09-18,cpoc-ussec-tx-mi-me-2026-11-03-rtx-dmi-rme,politics,10.0094,2,2026-09-18T04:33:39Z,,,,0.471775,34.008785,14.492,,6
2026-09-18,usgubewc-usgub-ak-2026-11-03-berwil,politics,9.8105,1,2026-09-18T04:33:39Z,,,,0.301930,42.787122,18.193,,6
2026-09-18,usgubewc-usgub-mn-2026-11-03-dem,politics,0.2962,0,2026-09-18T04:33:39Z,,,,0.231057,6.249985,4.923,,6
2026-09-18,scc-hrep-rep-2026-11-03-gte200,politics,6.0111,0,2026-09-18T04:33:39Z,,,,0.340978,24.956060,16.921,,4
2026-09-18,usgubewc-usgub-sd-2026-11-03-rep,politics,0.1496,0,2026-09-18T04:33:39Z,,,,0.084926,6.249988,6.763,,9
2026-09-18,scc-hrep-rep-2026-11-03-gte210,politics,9.6133,2,2026-09-18T04:33:39Z,,,,0.489117,24.960512,18.827,,6
2026-09-18,scc-senate-gop-2026-11-03-48,politics,4.4131,1,2026-09-18T04:33:39Z,,,,0.231952,23.076920,19.787,,6
2026-09-18,scc-senate-gop-2026-11-03-51,politics,2.3904,2,2026-09-18T04:33:39Z,,,,0.146073,23.076928,17.019,,11
2026-09-18,paccc-usse-midterms-2026-11-03-rep,politics,4.2074,0,2026-09-18T04:33:39Z,,,,0.014355,374.400748,18.610,,17
2026-09-18,scc-hrep-rep-2026-11-03-gte185,politics,6.8034,1,2026-09-18T04:33:39Z,,,,0.404891,24.953872,16.109,,5
2026-09-18,cpoc-ussec-tx-mi-me-2026-11-03-dtx-dmi-rme,politics,9.0716,2,2026-09-18T04:33:39Z,,,,0.267188,33.401392,17.649,,7
2026-09-18,cpoc-ussec-tx-mi-me-2026-11-03-rtx-rmi-dme,politics,10.3749,2,2026-09-18T04:33:39Z,,,,0.397636,34.166897,16.521,,10
2026-09-18,scc-hrep-rep-2026-11-03-gte225,politics,2.6164,0,2026-09-18T04:33:39Z,,,,0.202610,24.940052,12.396,,9
2026-09-18,cpoc-ussec-tx-me-2026-11-03-rsweep,politics,11.1978,1,2026-09-18T04:33:39Z,,,,0.215992,68.917054,17.638,,7
2026-09-18,cpoc-ussec-tx-me-2026-11-03-rtx-dme,politics,24.8702,2,2026-09-18T04:33:39Z,,,,0.524737,66.847189,17.687,,9
2026-09-18,paccc-usse-midterms-2026-11-03-dem,politics,10.1574,0,2026-09-18T04:33:39Z,,,,0.032786,374.437490,19.823,,16
2026-09-18,cpoc-ussec-tx-mi-me-2026-11-03-rtx-dmi-dme,politics,9.2511,1,2026-09-18T04:33:39Z,,,,0.333619,34.196386,18.488,,6
2026-09-18,scc-hrep-rep-2026-11-03-gte220,politics,0.1417,1,2026-09-18T04:33:39Z,,,,0.022808,25.000044,5.965,,8
2026-09-18,ussewc-usse-de-2026-11-03-dem,politics,0.0552,0,2026-09-18T04:33:39Z,,,,0.057852,6.250007,3.666,,8
2026-09-18,ewc-usse-nc-2026-11-03-dem,politics,1.8385,0,2026-09-18T04:33:39Z,,,,0.015087,373.568679,7.792,,8
2026-09-18,ewc-usse-ga-2026-11-03-rep,politics,0.4863,1,2026-09-18T04:33:39Z,,,,0.001541,374.447740,20.194,,10
2026-09-18,usgubewc-usgub-sc-2026-11-03-rep,politics,0.0945,0,2026-09-18T04:33:39Z,,,,0.020009,6.250001,18.136,,7
2026-09-18,aachc-cfb-wins-2026-11-28-vir-5pt5wins,cfb,0.0001,0,2026-09-18T04:33:39Z,,,,0.000061,7.500001,4.978,,6
2026-09-18,aachc-cfb-wins-2026-11-28-kan-5pt5wins,cfb,0.0061,0,2026-09-18T04:33:39Z,,,,0.003881,7.500007,5.028,,6
2026-09-18,aachc-cfb-wins-2026-11-28-lsu-6pt5wins,cfb,0.0012,0,2026-09-18T04:33:39Z,,,,0.000780,7.499995,4.823,,11
2026-09-18,aachc-cfb-wins-2026-11-28-col-2pt5wins,cfb,0.0000,0,2026-09-18T04:33:39Z,,,,0.000002,7.499980,4.706,,6
2026-09-18,aachc-cfb-wins-2026-11-28-ore-7pt5wins,cfb,0.0030,0,2026-09-18T04:33:39Z,,,,0.001557,9.374997,4.995,,6
2026-09-18,aachc-cfb-wins-2026-11-28-nw-6pt5wins,cfb,0.0000,0,2026-09-18T04:33:39Z,,,,0.000001,7.500006,4.728,,6
2026-09-18,aachc-cfb-wins-2026-11-28-clmsn-7pt5wins,cfb,0.0261,0,2026-09-18T04:33:39Z,,,,0.016988,7.499990,4.911,,6
2026-09-18,usgubewc-usgub-pa-2026-11-03-dem,politics,0.2500,1,2026-09-18T04:33:39Z,,,,0.051210,6.240043,18.666,,6
2026-09-18,ussewc-usse-or-2026-11-03-rep,politics,0.0009,0,2026-09-18T04:33:39Z,,,,0.000671,6.249997,4.912,,7
2026-09-18,scc-senate-gop-2026-11-03-54,politics,0.1741,1,2026-09-18T04:33:39Z,,,,0.012218,23.076911,14.817,,14
2026-09-18,usgubewc-usgub-sc-2026-11-03-dem,politics,0.0000,0,2026-09-18T04:33:39Z,,,,,6.250012,4.561,,7
2026-09-18,scc-senate-gop-2026-11-03-55,politics,0.4526,1,2026-09-18T04:33:39Z,,,,0.025311,23.040046,18.599,,9
2026-09-18,ewc-usse-ne-2026-11-03-dem,politics,0.0316,0,2026-09-18T04:33:39Z,,,,0.034286,4.166666,5.306,,6
2026-09-18,scc-senate-gop-2026-11-03-gte57,politics,0.6078,0,2026-09-18T04:33:39Z,,,,0.127545,23.076915,4.956,,10
2026-09-18,enwc-uspres-nom-rep-2028-dontru,politics,0.0001,0,2026-09-18T04:33:39Z,,,,0.000008,35.714268,9.031,,9
2026-09-18,scc-senate-gop-2026-11-03-52,politics,0.3177,1,2026-09-18T04:33:39Z,,,,0.024926,23.076912,13.255,,12
2026-09-18,usgubewc-usgub-al-2026-11-03-dem,politics,0.0000,0,2026-09-18T04:33:39Z,,,,,6.249991,5.167,,8
2026-09-18,scc-senate-gop-2026-11-03-56,politics,0.0658,0,2026-09-18T04:33:39Z,,,,0.014374,23.076931,4.761,,13
2026-09-18,scc-senate-gop-2026-11-03-53,politics,0.0449,0,2026-09-18T04:33:39Z,,,,0.008922,23.076976,5.229,,15
2026-09-18,ussewc-usse-wy-2026-11-03-dem,politics,0.0000,0,2026-09-18T04:33:39Z,,,,,6.250001,4.722,,6
2026-09-18,usgubewc-usgub-ar-2026-11-03-dem,politics,0.0000,0,2026-09-18T04:33:39Z,,,,,6.249997,4.289,,9
2026-09-18,usgubewc-usgub-wy-2026-11-03-dem,politics,0.0000,0,2026-09-18T04:33:39Z,,,,,6.250021,3.193,,5
2026-09-18,usgubewc-usgub-or-2026-11-03-rep,politics,0.0000,0,2026-09-18T04:33:39Z,,,,,6.249996,5.095,,7
2026-09-18,usgubewc-usgub-co-2026-11-03-rep,politics,0.0000,0,2026-09-18T04:33:39Z,,,,,6.249984,4.611,,4
2026-09-18,ussewc-usse-nm-2026-11-03-dem,politics,0.1359,0,2026-09-18T04:33:39Z,,,,0.083156,6.249995,6.273,,7
2026-09-18,usgubewc-usgub-ct-2026-11-03-dem,politics,0.0000,0,2026-09-18T04:33:39Z,,,,0.000037,6.249973,3.154,,7
2026-09-18,usgubewc-usgub-id-2026-11-03-dem,politics,0.0000,0,2026-09-18T04:33:39Z,,,,,6.250006,3.421,,8
2026-09-18,usgubewc-usgub-ak-2026-11-03-bilwal,politics,0.0000,0,2026-09-18T04:33:39Z,,,,,42.857227,4.528,,5
2026-09-18,ussewc-usse-sc-2026-11-03-rep,politics,0.0027,1,2026-09-18T04:33:39Z,,,,0.000604,6.239477,17.660,,5
2026-09-18,ussewc-usse-ma-2026-11-03-dem,politics,0.1439,0,2026-09-18T04:33:39Z,,,,0.159430,6.249980,3.465,,6
2026-09-18,ussewc-usse-il-2026-11-03-rep,politics,0.0000,0,2026-09-18T04:33:39Z,,,,,6.249982,4.083,,6
2026-09-18,usgubewc-usgub-nm-2026-11-03-dem,politics,0.0002,0,2026-09-18T04:33:39Z,,,,0.000111,6.250009,7.312,,5
2026-09-18,ussewc-usse-de-2026-11-03-rep,politics,0.3440,0,2026-09-18T04:33:39Z,,,,0.177168,6.224832,7.381,,5
2026-09-18,scc-senate-gop-2026-11-03-lte45,politics,6.0977,1,2026-09-18T04:33:39Z,,,,0.311997,23.043011,20.234,,18
2026-09-18,usgubewc-usgub-ri-2026-11-03-dem,politics,0.2829,0,2026-09-18T04:33:39Z,,,,0.342259,4.166667,4.761,,12
2026-09-18,usgubewc-usgub-al-2026-11-03-rep,politics,0.0033,0,2026-09-18T04:33:39Z,,,,0.002338,6.249997,5.406,,7
2026-09-18,ussewc-usse-ky-2026-11-03-rep,politics,0.0386,0,2026-09-18T04:33:39Z,,,,0.031219,6.249989,4.744,,5
2026-09-18,ewc-usse-tx-2026-11-03-dem,politics,1.1933,0,2026-09-18T04:33:39Z,,,,0.004148,374.394216,18.404,,15
2026-09-18,ussewc-usse-ri-2026-11-03-dem,politics,0.0624,0,2026-09-18T04:33:39Z,,,,0.283251,6.249999,0.845,,9
2026-09-18,ussewc-usse-id-2026-11-03-todach,politics,0.0000,1,2026-09-18T05:34:12Z,,,,,,,,21
2026-09-18,ussewc-usse-mt-2026-11-03-setbod,politics,0.0778,0,2026-09-18T05:34:12Z,,,,0.258437,4.166685,1.735,,5
2026-09-18,ussewc-usse-mt-2026-11-03-rep,politics,0.0398,0,2026-09-18T05:34:12Z,,,,0.101445,4.166645,2.258,,5
2026-09-18,usgubewc-usgub-il-2026-11-03-dem,politics,0.1041,0,2026-09-18T05:34:12Z,,,,0.112115,6.249990,3.565,,5
2026-09-18,usgubewc-usgub-me-2026-11-03-rep,politics,0.0066,0,2026-09-18T05:34:12Z,,,,0.007711,6.249984,3.264,,10
2026-09-18,ussewc-usse-nj-2026-11-03-dem,politics,0.0041,0,2026-09-18T05:34:12Z,,,,0.017686,6.250028,0.896,,7
2026-09-18,ewc-usse-ia-2026-11-03-rep,politics,0.7588,0,2026-09-18T05:34:12Z,,,,0.040444,374.996495,1.201,,9
2026-09-18,ewc-usgub-ga-2026-11-03-dem,politics,0.7932,0,2026-09-18T05:34:12Z,,,,0.024672,149.132539,5.138,,6
2026-09-18,ewc-usse-me-2026-11-03-rep,politics,2.6772,0,2026-09-18T06:34:12Z,,,,0.036467,149.619248,11.716,,11
2026-09-18,usgubewc-usgub-sd-2026-11-03-dem,politics,0.0363,0,2026-09-18T06:34:12Z,,,,0.079155,6.249987,1.763,,6
2026-09-18,ewc-usse-ne-2026-11-03-danosb,politics,0.0000,1,2026-09-18T06:34:12Z,,,,,,,,8
2026-09-18,ussewc-usse-sd-2026-11-03-briben,politics,0.0000,0,2026-09-18T06:34:12Z,,,,0.000003,6.249845,0.528,,5
2026-09-18,ushrewc-ushr-mi-07-2026-11-03-dem,politics,1.6009,0,2026-09-18T06:34:12Z,,,,0.088834,62.500083,6.921,,5
2026-09-18,ushrewc-ushr-pa-01-2026-11-03-rep,politics,0.2833,1,2026-09-18T06:34:12Z,,,,0.007184,62.500049,15.143,,6
2026-09-18,ewc-usgub-mi-2026-11-03-dem,politics,0.3455,1,2026-09-18T06:34:12Z,,,,0.005520,99.801223,14.961,,7
2026-09-18,ushrewc-ushr-tx-34-2026-11-03-rep,politics,7.4858,1,2026-09-18T06:34:12Z,,,,0.082965,150.000029,14.436,,5
2026-09-18,ewc-usgub-oh-2026-11-03-rep,politics,1.1169,1,2026-09-18T06:34:12Z,,,,0.012417,149.687604,14.273,,7
2026-09-18,paccc-balpow-2026-11-03-dhou-rsen,politics,0.4693,1,2026-09-18T06:34:12Z,,,,0.003844,187.142508,15.589,,11
2026-09-18,ushrewc-ushr-ne-02-2026-11-03-dem,politics,0.0957,0,2026-09-18T06:34:12Z,,,,0.007751,62.500138,4.742,,5
2026-09-18,paccc-usho-midterms-2026-11-03-rep,politics,38.9811,1,2026-09-18T06:34:12Z,,,,0.159415,374.287264,15.645,,27
2026-09-18,usgubewc-usgub-wy-2026-11-03-rep,politics,0.0067,0,2026-09-18T08:34:30Z,,,,0.035206,6.249976,0.729,,5
2026-09-18,usgubewc-usgub-tn-2026-11-03-rep,politics,0.0026,0,2026-09-18T08:34:30Z,,,,0.011386,6.249905,0.868,,5
2026-09-18,usgubewc-usgub-ma-2026-11-03-dem,politics,0.0000,0,2026-09-18T08:34:30Z,,,,,6.250008,0.846,,5
2026-09-18,ushrewc-ushr-tx-34-2026-11-03-dem,politics,1.1871,2,2026-09-18T08:34:30Z,,,,0.013743,149.676738,13.794,,6
2026-09-18,ewc-usgub-mi-2026-11-03-rep,politics,0.7441,0,2026-09-18T11:26:13Z,,,,0.014486,99.758237,12.293,,9
2026-09-18,enwc-uspres-nom-dem-2028-dwajoh,politics,0.0476,0,2026-09-18T12:26:48Z,,,,0.565279,16.671179,0.069,,12
2026-09-18,ewc-usgub-nv-2026-11-03-rep,politics,0.7331,0,2026-09-18T12:26:48Z,,,,0.012679,149.512789,9.151,,9
2026-09-18,ewc-usse-me-2026-11-03-dem,politics,1.3775,1,2026-09-18T12:26:48Z,,,,0.042500,149.133900,5.149,,8
2026-09-18,ewc-usse-nh-2026-11-03-dem,politics,0.1657,1,2026-09-18T12:26:48Z,,,,0.004137,149.304542,6.411,,7
2026-09-18,ewc-usgub-wi-2026-11-03-dem,politics,0.4087,1,2026-09-18T12:26:48Z,,,,0.004031,149.724586,16.189,,8
2026-09-18,ewc-usse-mn-2026-11-03-dem,politics,0.6753,1,2026-09-18T12:26:48Z,,,,0.006647,149.724765,16.195,,7
2026-09-18,scc-hrep-rep-2026-11-03-gte230,politics,0.7665,0,2026-09-18T12:26:48Z,,,,0.578048,24.999917,1.273,,10
2026-09-18,ewc-usse-oh-2026-11-03-dem,politics,0.2729,0,2026-09-18T12:26:48Z,,,,0.004028,372.416864,4.315,,8
2026-09-18,paccc-balpow-2026-11-03-rhou-dsen,politics,1.5629,0,2026-09-18T12:26:48Z,,,,0.253406,187.502219,0.789,,10
2026-09-18,paccc-balpow-2026-11-03-rsweep,politics,1.8417,1,2026-09-18T12:26:48Z,,,,0.019958,187.028022,11.809,,10
2026-09-18,ewc-usgub-wi-2026-11-03-rep,politics,0.7005,1,2026-09-18T12:26:48Z,,,,0.026553,148.936709,4.193,,9
2026-09-18,ewc-usgub-ga-2026-11-03-rep,politics,1.0358,1,2026-09-18T12:26:48Z,,,,0.024962,149.325377,6.611,,7
2026-09-18,ewc-usgub-ca-2026-11-03-xavbec,politics,0.4682,1,2026-09-18T12:26:48Z,,,,0.027763,62.499940,6.476,,11
2026-09-18,ewc-usse-ne-2026-11-03-rep,politics,0.0003,0,2026-09-18T12:26:48Z,,,,0.000418,4.166664,4.680,,7
2026-09-18,ewc-usse-nh-2026-11-03-rep,politics,0.0694,0,2026-09-18T12:26:48Z,,,,0.011683,150.002061,0.950,,5
2026-09-18,usgubewc-usgub-me-2026-11-03-dem,politics,0.0001,0,2026-09-18T12:26:48Z,,,,0.001525,6.250203,0.128,,5
2026-09-18,paccc-balpow-2026-11-03-dsweep,politics,0.8840,0,2026-09-18T12:26:48Z,,,,0.171064,187.503177,0.661,,9
2026-09-18,ushrewc-ushr-ny-17-2026-11-03-rep,politics,3.3038,0,2026-09-18T12:26:48Z,,,,0.132188,62.305729,9.568,,4
2026-09-18,usgubewc-usgub-nh-2026-11-03-rep,politics,0.1441,0,2026-09-18T12:26:48Z,,,,0.010646,62.499933,5.198,,6
2026-09-18,ushrewc-ushr-ny-17-2026-11-03-dem,politics,6.2320,2,2026-09-18T12:26:48Z,,,,0.180198,62.500014,13.280,,6
2026-09-18,ushrewc-ushr-ny-04-2026-11-03-rep,politics,0.4151,1,2026-09-18T12:26:48Z,,,,0.010832,62.373711,14.716,,4
2026-09-18,ushrewc-ushr-oh-09-2026-11-03-dem,politics,0.4904,0,2026-09-18T12:26:48Z,,,,0.030467,62.500092,6.181,,4
2026-09-18,ussewc-usse-co-2026-11-03-dem,politics,1.7028,0,2026-09-18T12:26:48Z,,,,0.098361,62.499975,6.648,,6
2026-09-18,ushrewc-ushr-wa-03-2026-11-03-rep,politics,1.1426,2,2026-09-18T12:26:48Z,,,,0.031345,62.500061,13.997,,5
2026-09-18,ushrewc-ushr-ca-13-2026-11-03-rep,politics,8.4813,1,2026-09-18T12:26:48Z,,,,0.226381,62.499978,14.386,,7
2026-09-18,ussewc-usse-va-2026-11-03-rep,politics,0.5530,0,2026-09-18T13:27:20Z,,,,0.057151,61.997066,3.693,,7
2026-09-17,usgubewc-usgub-nh-2026-11-03-dem,politics,0.0000,1,2026-09-17T04:21:42Z,,,,,61.576327,2.830,,6
2026-09-17,ewc-usgub-ia-2026-11-03-dem,politics,0.4178,1,2026-09-17T04:21:42Z,,,,0.002979,149.719890,22.393,,5
2026-09-17,scc-senate-gop-2026-11-03-50,politics,0.5679,1,2026-09-17T04:21:42Z,,,,0.027902,23.031305,21.163,,8
2026-09-17,ushrewc-ushr-ne-02-2026-11-03-rep,politics,2.7879,1,2026-09-17T04:21:42Z,,,,0.053222,62.369621,20.038,,4
2026-09-17,usgubewc-usgub-ny-2026-11-03-dem,politics,1.8998,1,2026-09-17T04:21:42Z,,,,0.032972,62.381312,22.003,,6
2026-09-17,ewc-usgub-az-2026-11-03-rep,politics,0.3826,1,2026-09-17T04:21:42Z,,,,0.002728,149.719890,22.393,,5
2026-09-17,ussewc-usse-co-2026-11-03-rep,politics,0.3551,1,2026-09-17T04:21:42Z,,,,0.006459,62.376118,21.101,,4
2026-09-17,ushrewc-ushr-oh-09-2026-11-03-rep,politics,0.4206,1,2026-09-17T04:21:42Z,,,,0.007287,62.381594,22.070,,6
2026-09-17,enwc-uspres-nom-dem-2028-markel,politics,0.0392,0,2026-09-17T04:21:42Z,,,,0.004358,29.411748,7.336,,
2026-09-17,ussewc-usse-wv-2026-11-03-rep,politics,0.0587,0,2026-09-17T04:21:42Z,,,,0.035628,6.250013,6.329,,7
2026-09-17,usgubewc-usgub-md-2026-11-03-dem,politics,1.6142,2,2026-09-17T04:21:42Z,,,,0.282031,6.238091,21.936,,10
2026-09-17,usgubewc-usgub-ri-2026-11-03-rep,politics,0.2971,0,2026-09-17T04:21:42Z,,,,0.164229,4.166668,10.420,,7
2026-09-17,usgubewc-usgub-fl-2026-11-03-dem,politics,0.3485,1,2026-09-17T04:21:42Z,,,,0.012774,62.499980,10.476,,9
2026-09-17,ushrewc-ushr-me-02-2026-11-03-rep,politics,1.2086,1,2026-09-17T04:21:42Z,,,,0.022667,62.372119,20.456,,5
2026-09-17,usgubewc-usgub-tx-2026-11-03-rep,politics,4.7014,1,2026-09-17T04:21:42Z,,,,0.033559,149.719380,22.354,,8
2026-09-17,ussewc-usse-de-2026-11-03-rep,politics,0.3483,0,2026-09-17T04:21:42Z,,,,0.063806,6.237497,20.906,,6
2026-09-17,ewc-usgub-nv-2026-11-03-dem,politics,0.0000,1,2026-09-17T04:21:42Z,,,,,,,,6
2026-09-17,ushrewc-ushr-ia-01-2026-11-03-rep,politics,0.0039,1,2026-09-17T04:21:42Z,,,,0.000147,62.241228,10.111,,5
2026-09-17,usgubewc-usgub-ne-2026-11-03-dem,politics,0.2262,1,2026-09-17T04:21:42Z,,,,0.038973,6.238248,22.248,,4
2026-09-17,ewc-usgub-oh-2026-11-03-dem,politics,0.2309,1,2026-09-17T04:21:42Z,,,,0.002751,149.532636,13.429,,7
2026-09-17,ussewc-usse-nm-2026-11-03-rep,politics,0.4274,1,2026-09-17T04:21:42Z,,,,0.084614,6.236489,19.348,,5
2026-09-17,usgubewc-usgub-ok-2026-11-03-dem,politics,0.5675,1,2026-09-17T04:21:42Z,,,,0.101606,6.237812,21.446,,6
2026-09-17,ushrewc-ushr-ca-45-2026-11-03-dem,politics,0.0476,1,2026-09-17T04:21:42Z,,,,0.000886,62.372762,20.545,,5
2026-09-17,ussewc-usse-wv-2026-11-03-dem,politics,0.2387,1,2026-09-17T04:21:42Z,,,,0.043454,6.237599,21.080,,6
2026-09-17,scc-hrep-rep-2026-11-03-gte215,politics,1.1011,1,2026-09-17T04:21:42Z,,,,0.048599,24.951850,21.708,,10
2026-09-17,ewc-usse-ia-2026-11-03-dem,politics,0.0696,1,2026-09-17T04:21:42Z,,,,0.001225,375.000108,3.635,,8
2026-09-17,usgubewc-usgub-pa-2026-11-03-rep,politics,0.0976,1,2026-09-17T04:21:42Z,,,,0.021007,6.235319,17.795,,8
2026-09-17,scc-hrep-rep-2026-11-03-gte210,politics,6.2321,1,2026-09-17T04:21:42Z,,,,0.284678,24.950123,20.956,,7
2026-09-17,scc-hrep-rep-2026-11-03-gte195,politics,0.7031,1,2026-09-17T04:21:42Z,,,,0.037032,24.942463,18.185,,8
2026-09-17,usgubewc-usgub-ok-2026-11-03-rep,politics,0.4216,1,2026-09-17T04:21:42Z,,,,0.086822,6.235976,18.648,,7
2026-09-17,usgubewc-usgub-nm-2026-11-03-rep,politics,0.1397,1,2026-09-17T04:21:42Z,,,,0.026040,6.237316,20.600,,6
2026-09-17,usgubewc-usgub-hi-2026-11-03-rep,politics,0.3264,1,2026-09-17T04:21:42Z,,,,0.070647,6.235229,17.695,,6
2026-09-17,usgubewc-usgub-fl-2026-11-03-rep,politics,4.8586,1,2026-09-17T04:21:42Z,,,,0.084932,62.380767,21.925,,8
2026-09-17,ushrewc-ushr-me-02-2026-11-03-dem,politics,5.4312,1,2026-09-17T04:21:42Z,,,,0.103782,62.369576,20.049,,5
2026-09-17,ushrewc-ushr-wa-03-2026-11-03-dem,politics,0.1759,1,2026-09-17T04:21:42Z,,,,0.005020,62.305434,13.434,,5
2026-09-17,ushrewc-ushr-nj-07-2026-11-03-rep,politics,0.0428,1,2026-09-17T04:21:42Z,,,,0.001707,62.227485,9.593,,6
2026-09-17,usgubewc-usgub-tx-2026-11-03-dem,politics,0.0365,1,2026-09-17T04:21:42Z,,,,0.005500,150.001673,1.063,,8
2026-09-17,paccc-usho-midterms-2026-11-03-dem,politics,1.0656,1,2026-09-17T04:21:42Z,,,,0.009427,374.999481,7.235,,28
2026-09-17,ussewc-usse-la-2026-11-03-rep,politics,0.0909,2,2026-09-17T04:21:42Z,,,,0.016039,6.237978,21.747,,4
2026-09-17,ushrewc-ushr-va-02-2026-11-03-rep,politics,0.3095,1,2026-09-17T04:21:42Z,,,,0.009497,62.290415,12.466,,6
2026-09-17,usgubewc-usgub-ar-2026-11-03-rep,politics,1.5028,1,2026-09-17T04:21:42Z,,,,0.262729,6.238068,21.920,,7
2026-09-17,ussewc-usse-ms-2026-11-03-dem,politics,2.1404,2,2026-09-17T04:21:42Z,,,,0.400858,6.237230,20.461,,7
2026-09-17,ushrewc-ushr-nc-01-2026-11-03-rep,politics,0.0063,1,2026-09-17T04:21:42Z,,,,0.000458,62.003845,5.273,,5
2026-09-17,scc-senate-gop-2026-11-03-lte45,politics,2.7748,0,2026-09-17T04:21:42Z,,,,0.128826,23.033829,22.393,,14
2026-09-17,ussewc-usse-ok-2026-11-03-rep,politics,0.0963,1,2026-09-17T04:21:42Z,,,,0.072550,6.249998,5.092,,5
2026-09-17,usgubewc-usgub-mn-2026-11-03-rep,politics,0.0128,1,2026-09-17T04:21:42Z,,,,0.002314,6.237693,21.224,,14
2026-09-17,ushrewc-ushr-tx-15-2026-11-03-dem,politics,0.0161,1,2026-09-17T04:21:42Z,,,,0.001142,62.016961,5.413,,8
2026-09-17,usgubewc-usgub-nm-2026-11-03-dem,politics,0.1974,0,2026-09-17T04:21:42Z,,,,0.052824,6.250010,14.348,,7
2026-09-17,ussewc-usse-nj-2026-11-03-dem,politics,0.0009,0,2026-09-17T04:21:42Z,,,,0.000466,6.217482,8.036,,5
2026-09-17,ewc-usse-tx-2026-11-03-rep,politics,0.2386,1,2026-09-17T04:21:42Z,,,,0.002905,374.999724,5.255,,14
2026-09-17,usgubewc-usgub-or-2026-11-03-dem,politics,0.9204,1,2026-09-17T04:21:42Z,,,,0.182470,6.236485,19.348,,9
2026-09-17,ussewc-usse-sc-2026-11-03-dem,politics,0.6780,4,2026-09-17T04:21:42Z,,,,0.122438,6.237716,21.263,,12
2026-09-17,ussewc-usse-ky-2026-11-03-rep,politics,0.3316,0,2026-09-17T04:21:42Z,,,,0.076168,6.234286,16.633,,6
2026-09-17,scc-hrep-rep-2026-11-03-gte220,politics,0.0184,1,2026-09-17T04:21:42Z,,,,0.001605,24.999938,11.032,,6
2026-09-17,usgubewc-usgub-hi-2026-11-03-dem,politics,0.3725,1,2026-09-17T04:21:42Z,,,,0.096082,6.250004,14.888,,5
2026-09-17,usgubewc-usgub-tn-2026-11-03-dem,politics,0.5632,2,2026-09-17T04:21:42Z,,,,0.101435,6.237720,21.291,,5
2026-09-17,usgubewc-usgub-ct-2026-11-03-rep,politics,0.4462,1,2026-09-17T04:21:42Z,,,,0.086023,6.236855,19.889,,5
2026-09-17,ushrewc-ushr-pa-01-2026-11-03-rep,politics,1.5016,0,2026-09-17T04:21:42Z,,,,0.044039,62.300191,13.083,,7
2026-09-17,usgubewc-usgub-sd-2026-11-03-rep,politics,0.3817,2,2026-09-17T04:21:42Z,,,,0.084132,6.249991,17.425,,7
2026-09-17,usgubewc-usgub-sc-2026-11-03-rep,politics,0.7106,0,2026-09-17T04:21:42Z,,,,0.123772,6.238148,22.048,,6
2026-09-17,usgubewc-usgub-tn-2026-11-03-rep,politics,0.4750,0,2026-09-17T04:21:42Z,,,,0.197646,6.249992,9.229,,4
2026-09-17,usgubewc-usgub-id-2026-11-03-rep,politics,0.2144,1,2026-09-17T04:21:42Z,,,,0.041207,6.249993,19.985,,6
2026-09-17,paccc-usse-midterms-2026-11-03-dem,politics,38.8375,2,2026-09-17T04:21:42Z,,,,0.111068,374.298879,22.370,,26
2026-09-17,ussewc-usse-ky-2026-11-03-dem,politics,0.5024,1,2026-09-17T04:21:42Z,,,,0.108955,6.235194,17.657,,7
2026-09-17,ussewc-usse-or-2026-11-03-dem,politics,0.0590,2,2026-09-17T04:21:42Z,,,,0.011825,6.236383,19.192,,5
2026-09-17,scc-hrep-rep-2026-11-03-gte235,politics,2.1392,1,2026-09-17T04:21:42Z,,,,0.096496,24.950804,21.246,,8
2026-09-17,usgubewc-usgub-vt-2026-11-03-rep,politics,0.2334,1,2026-09-17T04:21:42Z,,,,0.126444,6.249988,7.088,,5
2026-09-17,usgubewc-usgub-sd-2026-11-03-dem,politics,0.6190,0,2026-09-17T04:21:42Z,,,,0.317228,6.250007,7.493,,4
2026-09-17,usgubewc-usgub-md-2026-11-03-rep,politics,0.7710,1,2026-09-17T04:21:42Z,,,,0.168573,6.235078,17.529,,5
2026-09-17,ussewc-usse-nm-2026-11-03-dem,politics,0.0614,0,2026-09-17T04:21:42Z,,,,0.010940,6.237830,21.486,,8
2026-09-17,ussewc-usse-tn-2026-11-03-rep,politics,0.3113,0,2026-09-17T04:21:42Z,,,,0.144332,6.249995,8.283,,4
2026-09-17,scc-senate-gop-2026-11-03-48,politics,4.0668,2,2026-09-17T04:21:42Z,,,,0.215424,23.027707,19.615,,6
2026-09-17,scc-hrep-rep-2026-11-03-gte185,politics,10.6331,1,2026-09-17T04:21:42Z,,,,0.482582,24.950494,21.124,,5
2026-09-17,usgubewc-usgub-ak-2026-11-03-jonkre,politics,3.4455,1,2026-09-17T04:21:42Z,,,,0.089603,42.773758,21.508,,11
2026-09-17,usgubewc-usgub-ak-2026-11-03-davbro,politics,0.9162,1,2026-09-17T04:21:42Z,,,,0.062527,42.857117,8.205,,7
2026-09-17,scc-senate-gop-2026-11-03-52,politics,1.2892,0,2026-09-17T04:21:42Z,,,,0.061946,23.032302,21.630,,9
2026-09-17,paccc-usho-midterms-2026-11-03-rep,politics,8.1294,0,2026-09-17T04:21:42Z,,,,0.025276,374.237631,20.579,,26
2026-09-17,scc-hrep-rep-2026-11-03-gte225,politics,6.1831,1,2026-09-17T04:21:42Z,,,,0.273897,24.951697,21.636,,7
2026-09-17,usgubewc-usgub-ak-2026-11-03-berwil,politics,4.9412,2,2026-09-17T04:21:42Z,,,,0.138548,42.767269,19.944,,5
2026-09-17,scc-hrep-rep-2026-11-03-gte180,politics,1.8714,2,2026-09-17T04:21:42Z,,,,0.081552,24.952507,22.014,,5
2026-09-17,scc-senate-gop-2026-11-03-49,politics,1.3485,1,2026-09-17T04:21:42Z,,,,0.064751,23.032281,21.619,,8
2026-09-17,scc-hrep-rep-2026-11-03-gte200,politics,7.3384,1,2026-09-17T04:21:42Z,,,,0.351875,24.947656,19.983,,5
2026-09-17,ussewc-usse-ms-2026-11-03-rep,politics,1.0838,0,2026-09-17T04:21:42Z,,,,0.193402,6.237836,21.491,,4
2026-09-17,ushrewc-ushr-ia-01-2026-11-03-dem,politics,0.0086,1,2026-09-17T04:21:42Z,,,,0.000335,62.232316,9.765,,5
2026-09-17,usgubewc-usgub-wy-2026-11-03-rep,politics,0.0810,0,2026-09-17T04:21:42Z,,,,0.033822,6.249992,9.196,,3
2026-09-17,ewc-usse-mi-2026-11-03-dem,politics,1.2846,1,2026-09-17T04:21:42Z,,,,0.003672,374.299726,22.393,,10
2026-09-17,ussewc-usse-ma-2026-11-03-rep,politics,0.6416,1,2026-09-17T04:21:42Z,,,,0.122782,6.236937,20.027,,4
2026-09-17,ussewc-usse-la-2026-11-03-dem,politics,0.2342,1,2026-09-17T04:21:42Z,,,,0.042289,6.237710,21.263,,5
2026-09-17,ussewc-usse-sd-2026-11-03-rep,politics,0.6449,1,2026-09-17T04:21:42Z,,,,0.169911,6.232011,14.540,,5
2026-09-17,ushrewc-ushr-tx-15-2026-11-03-rep,politics,0.3351,1,2026-09-17T04:21:42Z,,,,0.011765,62.499943,10.938,,8
2026-09-17,scc-senate-gop-2026-11-03-51,politics,0.7598,2,2026-09-17T04:21:42Z,,,,0.036114,23.032790,21.881,,6
2026-09-17,ewc-usgub-ia-2026-11-03-rep,politics,1.6617,1,2026-09-17T04:21:42Z,,,,0.012753,149.999974,20.848,,6
2026-09-17,ushrewc-ushr-nj-07-2026-11-03-dem,politics,1.4840,1,2026-09-17T04:21:42Z,,,,0.028394,62.369695,20.066,,9
2026-09-17,aachc-cfb-wins-2026-11-28-iowast-3pt5wins,cfb,0.0469,0,2026-09-17T04:21:42Z,,,,0.021198,7.455490,7.051,,5
2026-09-17,aachc-cfb-wins-2026-11-28-cin-7pt5wins,cfb,0.5172,0,2026-09-17T04:21:42Z,,,,0.120979,7.477033,13.663,,6
2026-09-17,aachc-cfb-wins-2026-11-28-nw-6pt5wins,cfb,0.1761,1,2026-09-17T04:21:42Z,,,,0.030823,7.482794,18.236,,7
2026-09-17,aachc-cfb-wins-2026-11-28-colst-5pt5wins,cfb,0.5870,0,2026-09-17T04:21:42Z,,,,0.127020,7.714960,14.275,,5
2026-09-17,aachc-cfb-wins-2026-11-28-vtech-5pt5wins,cfb,0.2215,0,2026-09-17T04:21:42Z,,,,0.051407,7.477155,13.735,,7
2026-09-17,aachc-cfb-wins-2026-11-28-ore-7pt5wins,cfb,0.0026,1,2026-09-17T04:21:42Z,,,,0.000379,7.895782,21.553,,10
2026-09-17,aachc-cfb-wins-2026-11-28-arz-5pt5wins,cfb,0.1091,0,2026-09-17T04:21:42Z,,,,0.022320,7.479932,15.622,,7
2026-09-17,aachc-cfb-wins-2026-11-28-pennst-9pt5wins,cfb,0.0080,0,2026-09-17T04:21:42Z,,,,0.001290,7.484349,20.034,,7
2026-09-17,aachc-cfb-wins-2026-11-28-vir-5pt5wins,cfb,0.0004,1,2026-09-17T04:21:42Z,,,,0.000060,7.485477,21.603,,7
2026-09-17,aachc-cfb-wins-2026-11-28-pennst-7pt5wins,cfb,0.3268,0,2026-09-17T04:21:42Z,,,,0.077980,7.476551,13.385,,13
2026-09-17,aachc-cfb-wins-2026-11-28-iowast-4pt5wins,cfb,0.4444,0,2026-09-17T04:21:42Z,,,,0.131648,7.470845,10.758,,8
2026-09-17,aachc-cfb-wins-2026-11-28-boise-5pt5wins,cfb,0.0575,0,2026-09-17T04:21:42Z,,,,0.025644,7.500014,7.180,,13
2026-09-17,aachc-cfb-wins-2026-11-28-utahst-3pt5wins,cfb,0.1898,0,2026-09-17T04:21:42Z,,,,0.051604,7.473249,11.726,,5
2026-09-17,aachc-cfb-wins-2026-11-28-boscol-1pt5wins,cfb,0.1883,0,2026-09-17T04:21:42Z,,,,0.046836,7.475551,12.839,,13
2026-09-17,aachc-cfb-wins-2026-11-28-aubrn-8pt5wins,cfb,0.1491,0,2026-09-17T04:21:42Z,,,,0.033498,7.477908,14.197,,6
2026-09-17,aachc-cfb-wins-2026-11-28-aubrn-6pt5wins,cfb,0.0565,0,2026-09-17T04:21:42Z,,,,0.012475,7.478287,14.448,,6
2026-09-17,aachc-cfb-wins-2026-11-28-washst-4pt5wins,cfb,0.2720,0,2026-09-17T04:21:42Z,,,,0.065963,7.476201,13.179,,5
2026-09-17,aachc-cfb-wins-2026-11-28-frest-7pt5wins,cfb,0.1677,0,2026-09-17T04:21:42Z,,,,0.041090,7.475928,13.029,,8
2026-09-17,aachc-cfb-wins-ou-2026-11-28-utahst,cfb,0.0254,0,2026-09-17T04:21:42Z,,,,0.104322,0.493422,11.857,,9
2026-09-17,aachc-cfb-wins-2026-11-28-kan-5pt5wins,cfb,0.0081,1,2026-09-17T04:21:42Z,,,,0.001170,7.485885,22.231,,7
2026-09-17,aachc-cfb-wins-2026-11-28-arz-7pt5wins,cfb,0.0609,0,2026-09-17T04:21:42Z,,,,0.014734,7.500010,13.226,,
2026-09-17,aachc-cfb-wins-2026-11-28-sdst-5pt5wins,cfb,0.0722,0,2026-09-17T04:21:42Z,,,,0.092418,7.500026,2.499,,
2026-09-17,aachc-cfb-wins-2026-11-28-clmsn-5pt5wins,cfb,0.6194,0,2026-09-17T04:21:42Z,,,,0.132109,7.479035,14.960,,10
2026-09-17,aachc-cfb-wins-2026-11-28-col-2pt5wins,cfb,0.0716,1,2026-09-17T04:21:42Z,,,,0.010573,7.485534,21.680,,7
2026-09-17,aachc-cfb-wins-2026-11-28-wake-7pt5wins,cfb,0.2498,0,2026-09-17T04:21:42Z,,,,0.068497,7.473084,11.649,,5
2026-09-17,aachc-cfb-wins-2026-11-28-oregst-3pt5wins,cfb,0.0876,0,2026-09-17T04:21:42Z,,,,0.057302,7.500006,4.893,,
2026-09-17,aachc-cfb-wins-2026-11-28-hou-9pt5wins,cfb,0.4118,0,2026-09-17T04:21:42Z,,,,0.112100,7.473300,11.749,,8
2026-09-17,aachc-cfb-wins-2026-11-28-ala-6pt5wins,cfb,0.0614,0,2026-09-17T04:21:42Z,,,,0.033571,7.499988,5.850,,7
2026-09-17,aachc-cfb-wins-2026-11-28-wvir-5pt5wins,cfb,0.0000,0,2026-09-17T04:21:42Z,,,,0.000008,7.500076,0.395,,8
2026-09-17,aachc-cfb-wins-2026-11-28-flst-5pt5wins,cfb,0.0017,0,2026-09-17T04:21:42Z,,,,0.000371,7.478316,14.464,,
2026-09-17,aachc-cfb-wins-2026-11-28-cin-3pt5wins,cfb,0.2985,0,2026-09-17T04:21:42Z,,,,0.054647,7.481997,17.425,,5
2026-09-17,aachc-cfb-wins-2026-11-28-sdst-9pt5wins,cfb,0.1607,0,2026-09-17T04:21:42Z,,,,0.047207,7.499997,10.893,,6
2026-09-17,aachc-cfb-wins-2026-11-28-missr-5pt5wins,cfb,0.3935,0,2026-09-17T04:21:42Z,,,,0.216888,7.500001,5.806,,5
2026-09-17,aachc-cfb-wins-2026-11-28-mst-4pt5wins,cfb,0.0000,0,2026-09-17T04:21:42Z,,,,0.000008,7.499999,1.480,,7
2026-09-17,usgubewc-usgub-pa-2026-11-03-dem,politics,0.5358,0,2026-09-17T04:21:42Z,,,,0.097815,6.237572,21.035,,8
2026-09-17,ussewc-usse-or-2026-11-03-rep,politics,0.0015,0,2026-09-17T04:21:42Z,,,,0.000269,6.238036,21.847,,6
2026-09-17,scc-senate-gop-2026-11-03-54,politics,0.1585,0,2026-09-17T04:21:42Z,,,,0.007964,23.030250,20.673,,11
2026-09-17,usgubewc-usgub-co-2026-11-03-dem,politics,0.0003,1,2026-09-17T04:21:42Z,,,,0.000065,6.238024,21.825,,8
2026-09-17,usgubewc-usgub-sc-2026-11-03-dem,politics,0.0000,0,2026-09-17T04:21:42Z,,,,,6.237760,21.363,,7
2026-09-17,scc-senate-gop-2026-11-03-55,politics,0.0034,0,2026-09-17T04:21:42Z,,,,0.000333,23.076931,10.771,,8
2026-09-17,ewc-usse-ne-2026-11-03-dem,politics,0.1139,0,2026-09-17T04:21:42Z,,,,0.029254,4.158886,22.393,,3
2026-09-17,ussewc-usse-il-2026-11-03-dem,politics,0.0494,2,2026-09-17T04:21:42Z,,,,0.009019,6.237533,20.968,,5
2026-09-17,scc-senate-gop-2026-11-03-gte57,politics,0.5179,0,2026-09-17T04:21:42Z,,,,0.025913,23.030407,20.745,,8
2026-09-17,enwc-uspres-nom-rep-2028-dontru,politics,0.0003,0,2026-09-17T04:21:42Z,,,,0.000008,35.647028,22.204,,9
2026-09-17,usgubewc-usgub-il-2026-11-03-rep,politics,0.0694,0,2026-09-17T04:21:42Z,,,,0.012864,6.237381,20.713,,7
2026-09-17,usgubewc-usgub-al-2026-11-03-dem,politics,0.0000,0,2026-09-17T04:21:42Z,,,,,6.237884,21.563,,8
2026-09-17,scc-senate-gop-2026-11-03-56,politics,0.0743,0,2026-09-17T04:21:42Z,,,,0.003594,23.032028,21.491,,10
2026-09-17,scc-senate-gop-2026-11-03-53,politics,0.0605,0,2026-09-17T04:21:42Z,,,,0.005735,23.076941,10.982,,11
2026-09-17,usgubewc-usgub-ne-2026-11-03-rep,politics,0.0045,1,2026-09-17T04:21:42Z,,,,0.000778,6.237917,21.653,,7
2026-09-17,ussewc-usse-wy-2026-11-03-dem,politics,0.0000,0,2026-09-17T04:21:42Z,,,,,6.238005,21.792,,7
2026-09-17,usgubewc-usgub-ar-2026-11-03-dem,politics,0.0000,0,2026-09-17T04:21:42Z,,,,,6.236605,19.510,,7
2026-09-17,usgubewc-usgub-al-2026-11-03-rep,politics,0.0109,0,2026-09-17T04:21:42Z,,,,0.003451,6.249995,12.176,,7
2026-09-17,usgubewc-usgub-il-2026-11-03-dem,politics,0.0233,0,2026-09-17T04:21:42Z,,,,0.007649,6.249994,11.711,,6
2026-09-17,usgubewc-usgub-wy-2026-11-03-dem,politics,0.0000,0,2026-09-17T04:21:42Z,,,,,6.235824,18.446,,5
2026-09-17,usgubewc-usgub-or-2026-11-03-rep,politics,0.0000,0,2026-09-17T04:21:42Z,,,,,6.238176,22.098,,11
2026-09-17,usgubewc-usgub-co-2026-11-03-rep,politics,0.0000,0,2026-09-17T04:21:42Z,,,,,6.235664,18.230,,8
2026-09-17,usgubewc-usgub-ct-2026-11-03-dem,politics,0.0012,0,2026-09-17T04:21:42Z,,,,0.000515,6.250007,8.638,,6
2026-09-17,usgubewc-usgub-id-2026-11-03-dem,politics,0.0000,0,2026-09-17T04:21:42Z,,,,,6.235672,18.246,,8
2026-09-17,ussewc-usse-sc-2026-11-03-rep,politics,0.0000,0,2026-09-17T04:21:42Z,,,,,6.237827,21.480,,6
2026-09-17,usgubewc-usgub-ma-2026-11-03-dem,politics,0.0000,0,2026-09-17T04:21:42Z,,,,,6.250000,8.862,,6
2026-09-17,usgubewc-usgub-mn-2026-11-03-dem,politics,0.0678,0,2026-09-17T04:21:42Z,,,,0.011796,6.238138,22.042,,5
2026-09-17,ussewc-usse-ma-2026-11-03-dem,politics,0.8146,0,2026-09-17T04:21:42Z,,,,0.183411,6.234627,17.016,,5
2026-09-17,ussewc-usse-il-2026-11-03-rep,politics,0.0000,0,2026-09-17T04:21:42Z,,,,,6.237172,20.383,,6
2026-09-17,scc-hrep-rep-2026-11-03-gte205,politics,1.6289,1,2026-09-17T04:21:42Z,,,,0.079883,24.946562,19.576,,10
2026-09-17,ushrewc-ushr-tx-34-2026-11-03-rep,politics,0.1627,0,2026-09-17T04:21:42Z,,,,0.005183,148.743950,4.995,,6
2026-09-17,usgubewc-usgub-nh-2026-11-03-rep,politics,0.1697,0,2026-09-17T04:21:42Z,,,,0.182982,62.502169,0.356,,8
2026-09-17,ewc-usse-mi-2026-11-03-rep,politics,1.7277,1,2026-09-17T04:21:42Z,,,,0.005081,374.279048,21.758,,10
2026-09-17,aachc-cfb-wins-2026-11-28-oregst-5pt5wins,cfb,0.0002,0,2026-09-17T04:21:42Z,,,,0.000091,7.499991,8.316,,7
2026-09-17,aachc-cfb-wins-2026-11-28-vir-7pt5wins,cfb,0.0006,0,2026-09-17T04:21:42Z,,,,0.000157,7.478366,14.498,,8
2026-09-17,aachc-cfb-wins-ou-2026-11-28-cah,cfb,0.0000,0,2026-09-17T04:21:42Z,,,,0.004120,0.493441,0.195,,
2026-09-17,usgubewc-usgub-me-2026-11-03-rep,politics,0.4728,0,2026-09-17T05:28:59Z,,,,0.125466,6.250005,14.473,,11
2026-09-17,usgubewc-usgub-ri-2026-11-03-dem,politics,0.3057,0,2026-09-17T05:28:59Z,,,,0.370583,4.166670,4.751,,5
2026-09-17,aachc-cfb-wins-2026-11-28-utah-7pt5wins,cfb,0.0401,0,2026-09-17T05:28:59Z,,,,0.026414,7.500003,4.854,,5
2026-09-17,aachc-cfb-wins-2026-11-28-vand-3pt5wins,cfb,0.1527,0,2026-09-17T05:28:59Z,,,,0.039691,7.474443,12.283,,
2026-09-17,aachc-cfb-wins-2026-11-28-byu-9pt5wins,cfb,0.0000,0,2026-09-17T05:28:59Z,,,,0.000076,7.499903,0.780,,6
2026-09-17,aachc-cfb-wins-2026-11-28-ncst-5pt5wins,cfb,0.3510,0,2026-09-17T05:28:59Z,,,,0.082590,7.476895,13.574,,5
2026-09-17,aachc-cfb-wins-2026-11-28-clmsn-7pt5wins,cfb,0.5802,2,2026-09-17T05:28:59Z,,,,0.089939,7.484790,20.623,,7
2026-09-17,aachc-cfb-wins-2026-11-28-boscol-5pt5wins,cfb,0.0000,0,2026-09-17T05:28:59Z,,,,0.000014,7.500226,0.178,,
2026-09-17,aachc-cfb-wins-2026-11-28-wisc-8pt5wins,cfb,0.0000,0,2026-09-17T05:28:59Z,,,,0.000037,7.500013,3.896,,8
2026-09-17,aachc-cfb-wins-2026-11-28-gtech-7pt5wins,cfb,0.0554,0,2026-09-17T05:28:59Z,,,,0.016457,7.470846,10.752,,10
2026-09-17,usgubewc-usgub-ny-2026-11-03-rep,politics,0.5942,1,2026-09-17T05:28:59Z,,,,0.014240,62.336707,16.020,,8
2026-09-17,ewc-usgub-oh-2026-11-03-rep,politics,0.0077,0,2026-09-17T05:28:59Z,,,,0.005920,150.002891,0.206,,9
2026-09-17,ushrewc-ushr-ny-17-2026-11-03-dem,politics,0.0247,0,2026-09-17T05:28:59Z,,,,0.016551,62.501123,0.573,,7
2026-09-17,ushrewc-ushr-ny-04-2026-11-03-rep,politics,0.0103,0,2026-09-17T05:28:59Z,,,,0.059057,62.498274,0.067,,4
2026-09-17,ushrewc-ushr-ne-02-2026-11-03-dem,politics,0.0538,0,2026-09-17T05:28:59Z,,,,0.005120,62.500028,4.035,,6
2026-09-17,ushrewc-ushr-oh-09-2026-11-03-dem,politics,0.0110,0,2026-09-17T05:28:59Z,,,,0.050561,62.506075,0.083,,4
2026-09-17,ussewc-usse-id-2026-11-03-rep,politics,0.4625,0,2026-09-17T05:28:59Z,,,,0.320290,6.250014,5.545,,5
2026-09-17,ussewc-usse-fl-2026-11-03-rep,politics,2.4412,2,2026-09-17T06:32:33Z,,,,0.626801,6.250001,14.956,,9
2026-09-17,aachc-cfb-wins-2026-11-28-duke-7pt5wins,cfb,0.0017,0,2026-09-17T06:32:33Z,,,,0.002412,7.500026,2.309,,
2026-09-17,ussewc-usse-ks-2026-11-03-rep,politics,0.9945,1,2026-09-17T08:44:44Z,,,,0.210131,6.235607,18.158,,11
2026-09-17,ewc-usgub-ga-2026-11-03-rep,politics,0.0964,0,2026-09-17T08:44:44Z,,,,0.003096,149.999709,4.982,,7
2026-09-17,ewc-usgub-nv-2026-11-03-rep,politics,0.1445,0,2026-09-17T08:44:44Z,,,,0.003778,150.000094,6.118,,7
2026-09-17,ussewc-usse-id-2026-11-03-todach,politics,0.0002,0,2026-09-17T08:44:44Z,,,,0.000612,6.067513,1.433,,20
2026-09-17,ussewc-usse-ar-2026-11-03-rep,politics,0.2568,2,2026-09-17T08:44:44Z,,,,0.067827,6.231989,14.523,,8
2026-09-17,aachc-cfb-wins-2026-11-28-miss-9pt5wins,cfb,0.0955,0,2026-09-17T08:44:44Z,,,,0.032129,7.466954,9.494,,10
2026-09-17,aachc-cfb-wins-2026-11-28-iowast-2pt5wins,cfb,2.0859,0,2026-09-17T08:44:44Z,,,,0.565880,7.473359,11.782,,13
2026-09-17,aachc-cfb-wins-2026-11-28-lsu-6pt5wins,cfb,1.1842,1,2026-09-17T08:44:44Z,,,,0.224293,7.481408,16.894,,10
2026-09-17,aachc-cfb-wins-2026-11-28-ncst-9pt5wins,cfb,0.0001,0,2026-09-17T08:44:44Z,,,,0.000326,7.499950,0.819,,
2026-09-17,aachc-cfb-wins-2026-11-28-pennst-10pt5wins,cfb,0.0001,0,2026-09-17T08:44:44Z,,,,0.000280,7.499944,0.897,,10
2026-09-17,paccc-balpow-2026-11-03-dhou-rsen,politics,0.0760,0,2026-09-17T08:44:44Z,,,,0.004449,187.501085,2.188,,10
2026-09-17,paccc-balpow-2026-11-03-rsweep,politics,0.2139,0,2026-09-17T08:44:44Z,,,,0.010675,187.500551,2.566,,11
2026-09-17,ewc-usse-nc-2026-11-03-rep,politics,0.2809,1,2026-09-17T08:44:44Z,,,,0.014881,374.997470,1.208,,6
2026-09-17,ewc-usse-tx-2026-11-03-dem,politics,0.4556,0,2026-09-17T09:51:18Z,,,,0.005090,375.000419,5.728,,16
2026-09-17,ussewc-usse-tn-2026-11-03-dem,politics,0.8356,1,2026-09-17T09:51:18Z,,,,0.221903,6.231866,14.428,,6
2026-09-17,usgubewc-usgub-vt-2026-11-03-dem,politics,0.0520,1,2026-09-17T09:51:18Z,,,,0.050951,6.250000,3.921,,4
2026-09-17,aachc-cfb-wins-2026-11-28-missr-7pt5wins,cfb,0.0002,0,2026-09-17T09:51:18Z,,,,0.000266,7.500003,2.099,,6
2026-09-17,aachc-cfb-wins-2026-11-28-smu-10pt5wins,cfb,0.0003,0,2026-09-17T09:51:18Z,,,,0.000365,7.500051,2.856,,
2026-09-17,aachc-cfb-wins-2026-11-28-mary-6pt5wins,cfb,0.0001,0,2026-09-17T09:51:18Z,,,,0.000491,7.499973,0.858,,5
2026-09-17,aachc-cfb-wins-2026-11-28-minnst-4pt5wins,cfb,0.0070,0,2026-09-17T09:51:18Z,,,,0.007906,7.499988,2.833,,6
2026-09-17,ushrewc-ushr-tx-34-2026-11-03-dem,politics,0.0020,0,2026-09-17T09:51:18Z,,,,0.001259,150.004833,0.256,,5
2026-09-17,ushrewc-ushr-mi-07-2026-11-03-dem,politics,0.0314,0,2026-09-17T11:00:22Z,,,,0.007239,62.500271,1.669,,6
2026-09-17,aachc-cfb-wins-2026-11-28-gtech-4pt5wins,cfb,0.0004,0,2026-09-17T11:00:22Z,,,,0.001289,7.500035,0.896,,
2026-09-17,aachc-cfb-wins-2026-11-28-kan-7pt5wins,cfb,0.0000,0,2026-09-17T11:00:22Z,,,,0.000018,7.499982,0.790,,7
2026-09-17,ewc-usgub-mi-2026-11-03-dem,politics,0.4001,0,2026-09-17T11:00:22Z,,,,0.023589,98.964216,4.038,,6
2026-09-17,aachc-cfb-wins-2026-11-28-mich-9pt5wins,cfb,0.0000,0,2026-09-17T11:00:22Z,,,,0.000070,7.500086,0.273,,8
2026-09-17,ussewc-usse-ri-2026-11-03-rep,politics,0.2820,1,2026-09-17T12:17:11Z,,,,0.074070,6.232053,14.573,,7
2026-09-17,ewc-usgub-wi-2026-11-03-dem,politics,0.0287,0,2026-09-17T12:17:11Z,,,,0.008256,149.997608,0.556,,7
2026-09-17,ussewc-usse-mt-2026-11-03-dem,politics,0.0326,0,2026-09-17T13:21:40Z,,,,0.102941,4.166644,1.826,,6
2026-09-17,ussewc-usse-sd-2026-11-03-briben,politics,0.0000,0,2026-09-17T13:21:40Z,,,,0.000008,6.249988,1.419,,4
2026-09-17,paccc-usse-midterms-2026-11-03-rep,politics,0.7010,1,2026-09-17T14:40:13Z,,,,0.004909,373.278966,9.111,,17
2026-09-17,aachc-cfb-wins-2026-11-28-ucla-7pt5wins,cfb,0.0000,0,2026-09-17T14:40:13Z,,,,0.000297,7.499941,0.484,,7
2026-09-17,ussewc-usse-al-2026-11-03-dem,politics,0.5128,1,2026-09-17T15:50:42Z,,,,0.183247,6.225570,10.704,,7
2026-09-17,aachc-cfb-wins-2026-11-28-lsu-9pt5wins,cfb,0.0002,0,2026-09-17T15:50:42Z,,,,0.000633,7.500120,1.135,,12
2026-09-17,aachc-cfb-wins-2026-11-28-txst-6pt5wins,cfb,0.0038,0,2026-09-17T15:50:42Z,,,,0.003215,7.415059,3.693,,
2026-09-17,usgubewc-usgub-ak-2026-11-03-bilwal,politics,0.0000,0,2026-09-17T15:50:42Z,,,,,42.862756,0.095,,5
2026-09-17,paccc-balpow-2026-11-03-dsweep,politics,0.0011,0,2026-09-17T15:50:42Z,,,,0.001629,187.514758,0.083,,14
2026-09-17,ewc-usgub-wi-2026-11-03-rep,politics,0.0082,0,2026-09-17T15:50:42Z,,,,0.004289,149.998796,0.306,,8
2026-09-17,ewc-usse-ne-2026-11-03-danosb,politics,0.0000,1,2026-09-17T17:30:25Z,,,,,,,,9
2026-09-17,cpoc-ussec-tx-me-2026-11-03-dsweep,politics,16.3847,2,2026-09-17T17:30:25Z,,,,0.335323,124.434818,9.257,,9
2026-09-17,cpoc-ussec-tx-me-2026-11-03-rtx-dme,politics,11.2796,2,2026-09-17T17:30:25Z,,,,0.237358,124.420861,9.028,,8
2026-09-17,cpoc-ussec-tx-mi-me-2026-11-03-dsweep,politics,4.5611,2,2026-09-17T17:30:25Z,,,,0.192575,62.212569,9.095,,10
2026-09-17,cpoc-ussec-tx-me-2026-11-03-dtx-rme,politics,16.0959,1,2026-09-17T17:30:25Z,,,,0.337322,124.428858,9.162,,13
2026-09-17,cpoc-ussec-tx-mi-me-2026-11-03-rsweep,politics,1.1889,1,2026-09-17T17:30:25Z,,,,0.051231,62.206719,8.911,,11
2026-09-17,cpoc-ussec-tx-me-2026-11-03-rsweep,politics,6.1697,1,2026-09-17T17:30:25Z,,,,0.127423,124.429799,9.167,,9
2026-09-17,aachc-cfb-wins-2026-11-28-washst-7pt5wins,cfb,0.0000,0,2026-09-17T18:20:42Z,,,,0.000028,7.499994,2.761,,5
2026-09-17,ussewc-usse-ks-2026-11-03-dem,politics,0.2722,1,2026-09-17T20:06:16Z,,,,0.138615,6.249991,7.539,,9
2026-09-17,ussewc-usse-mt-2026-11-03-rep,politics,0.0271,0,2026-09-17T20:06:16Z,,,,0.077652,4.166671,2.010,,6
2026-09-17,aachc-cfb-wins-2026-11-28-ill-8pt5wins,cfb,0.0000,0,2026-09-17T20:06:16Z,,,,0.000056,7.500000,2.004,,5
2026-09-17,aachc-cfb-wins-2026-11-28-mspst-6pt5wins,cfb,0.0024,0,2026-09-17T20:06:16Z,,,,0.003793,7.499980,2.060,,6
2026-09-17,aachc-cfb-wins-2026-11-28-utahst-4pt5wins,cfb,0.0000,0,2026-09-17T20:06:16Z,,,,0.000058,7.500036,1.854,,
2026-09-17,aachc-cfb-wins-2026-11-28-boise-9pt5wins,cfb,0.0003,0,2026-09-17T20:06:16Z,,,,0.000431,7.500008,2.004,,
2026-09-17,aachc-cfb-wins-2026-11-28-arzst-8pt5wins,cfb,0.0061,0,2026-09-17T20:06:16Z,,,,0.008241,7.499963,2.355,,6
2026-09-17,aachc-cfb-wins-2026-11-28-mst-5pt5wins,cfb,0.0001,0,2026-09-17T20:06:16Z,,,,0.003793,7.501756,0.044,,11
2026-09-17,usgubewc-usgub-ri-2026-11-03-kenblo,politics,0.0465,1,2026-09-17T22:31:56Z,,,,0.065498,4.166676,4.088,,7
2026-09-17,usgubewc-usgub-ma-2026-11-03-rep,politics,0.0899,1,2026-09-17T23:32:11Z,,,,0.078986,6.250000,4.372,,6
2026-09-17,cpoc-ussec-tx-mi-me-2026-11-03-rtx-dmi-dme,politics,5.4117,2,2026-09-17T23:32:11Z,,,,0.464126,62.500000,4.477,,11
2026-09-17,cpoc-ussec-tx-mi-me-2026-11-03-rtx-dmi-rme,politics,7.6414,2,2026-09-17T23:32:11Z,,,,0.677224,62.500000,4.333,,6
2026-09-17,cpoc-ussec-tx-mi-me-2026-11-03-dtx-dmi-rme,politics,5.8012,2,2026-09-17T23:32:11Z,,,,0.520824,62.500000,4.277,,7
2026-09-17,cpoc-ussec-tx-mi-me-2026-11-03-rtx-rmi-dme,politics,3.2685,2,2026-09-17T23:32:11Z,,,,0.287096,62.500000,4.372,,10
2026-09-17,ussewc-usse-fl-2026-11-03-dem,politics,0.2111,1,2026-09-17T23:32:11Z,,,,0.261177,6.250000,3.104,,8
2026-09-17,ussewc-usse-ar-2026-11-03-dem,politics,0.2391,1,2026-09-17T23:32:11Z,,,,0.227055,6.250000,4.044,,8
2026-09-17,cpoc-ussec-tx-mi-me-2026-11-03-dtx-rmi-dme,politics,6.6825,2,2026-09-17T23:32:11Z,,,,0.594530,62.500000,4.316,,8
2026-09-17,ussewc-usse-de-2026-11-03-dem,politics,0.0098,0,2026-09-18T00:32:57Z,,,,0.037728,6.250000,1.001,,6
2026-09-17,ewc-usse-me-2026-11-03-rep,politics,0.1415,1,2026-09-18T00:32:57Z,,,,0.008012,150.000000,2.826,,10
2026-09-17,ewc-usgub-ga-2026-11-03-dem,politics,0.0043,0,2026-09-18T00:32:57Z,,,,0.006467,150.000000,0.106,,6
2026-09-17,ussewc-usse-ri-2026-11-03-dem,politics,0.0194,1,2026-09-18T01:32:57Z,,,,0.030022,6.250000,2.486,,9
2026-09-17,ewc-usse-nc-2026-11-03-dem,politics,0.0377,1,2026-09-18T03:33:39Z,,,,0.014965,375.000000,0.161,,7
2026-09-17,usgubewc-usgub-ak-2026-11-03-clibis,politics,0.0321,1,2026-09-18T03:33:39Z,,,,0.170030,42.857143,0.106,,6
2026-09-17,ewc-usse-ga-2026-11-03-rep,politics,0.0022,1,2026-09-18T03:33:39Z,,,,0.000647,375.000000,0.217,,7
2026-09-16,usgubewc-usgub-nh-2026-11-03-dem,politics,0.0000,1,2026-09-16T04:24:30Z,,,,,62.500000,7.624,,7
2026-09-16,ewc-usgub-ia-2026-11-03-rep,politics,2.5396,1,2026-09-16T04:24:30Z,,,,0.017504,150.000000,23.213,,8
2026-09-16,ewc-usgub-ia-2026-11-03-dem,politics,0.8434,1,2026-09-16T04:24:30Z,,,,0.005813,150.000000,23.213,,7
2026-09-16,ushrewc-ushr-me-02-2026-11-03-rep,politics,1.9163,1,2026-09-16T04:24:30Z,,,,0.036233,62.500000,20.309,,5
2026-09-16,scc-senate-gop-2026-11-03-50,politics,6.7457,1,2026-09-16T04:24:30Z,,,,0.325123,23.076923,21.578,,6
2026-09-16,ushrewc-ushr-nj-07-2026-11-03-dem,politics,1.6471,1,2026-09-16T04:24:30Z,,,,0.031100,62.500000,20.337,,5
2026-09-16,ushrewc-ushr-ne-02-2026-11-03-rep,politics,6.4895,1,2026-09-16T04:24:30Z,,,,0.120492,62.500000,20.681,,5
2026-09-16,usgubewc-usgub-ny-2026-11-03-dem,politics,0.7535,1,2026-09-16T04:24:30Z,,,,0.013228,62.500000,21.873,,5
2026-09-16,ewc-usgub-az-2026-11-03-rep,politics,0.3262,1,2026-09-16T04:24:30Z,,,,0.002247,150.000000,23.225,,5
2026-09-16,ussewc-usse-co-2026-11-03-rep,politics,1.1853,1,2026-09-16T04:24:30Z,,,,0.020889,62.500000,21.789,,3
2026-09-16,paccc-balpow-2026-11-03-dhou-rsen,politics,1.0345,0,2026-09-16T04:24:30Z,,,,0.017355,187.500000,7.630,,8
2026-09-16,usgubewc-usgub-fl-2026-11-03-rep,politics,4.8919,1,2026-09-16T04:24:30Z,,,,0.081746,62.500000,22.980,,7
2026-09-16,ewc-usgub-wi-2026-11-03-rep,politics,0.0423,0,2026-09-16T04:24:30Z,,,,0.000326,150.000000,20.787,,7
2026-09-16,ewc-usse-ia-2026-11-03-rep,politics,0.7907,0,2026-09-16T04:24:30Z,,,,0.005651,375.000000,8.955,,8
2026-09-16,ushrewc-ushr-oh-09-2026-11-03-rep,politics,1.0542,1,2026-09-16T04:24:30Z,,,,0.017974,62.500000,22.523,,5
2026-09-16,ewc-usgub-nv-2026-11-03-dem,politics,1.8843,1,2026-09-16T04:24:30Z,,,,0.043162,150.000000,6.985,,8
2026-09-16,ewc-usgub-oh-2026-11-03-dem,politics,0.1970,1,2026-09-16T04:24:30Z,,,,0.002616,150.000000,12.049,,9
2026-09-16,usgubewc-usgub-ak-2026-11-03-davbro,politics,2.7979,1,2026-09-16T04:24:30Z,,,,0.167882,42.857143,9.333,,7
2026-09-16,usgubewc-usgub-tx-2026-11-03-dem,politics,1.1208,1,2026-09-16T04:24:30Z,,,,0.020341,150.000000,8.816,,7
2026-09-16,ushrewc-ushr-ca-45-2026-11-03-dem,politics,0.0500,1,2026-09-16T04:24:30Z,,,,0.002991,62.500000,6.417,,5
2026-09-16,enwc-uspres-nom-dem-2028-markel,politics,0.1646,1,2026-09-16T04:24:30Z,,,,0.007688,29.411765,17.471,,9
2026-09-16,usgubewc-usgub-ne-2026-11-03-rep,politics,0.0007,0,2026-09-16T04:24:30Z,,,,0.000142,6.250000,19.662,,5
2026-09-16,ussewc-usse-wv-2026-11-03-rep,politics,0.2501,2,2026-09-16T04:24:30Z,,,,0.071165,6.250000,13.496,,7
2026-09-16,ushrewc-ushr-me-02-2026-11-03-dem,politics,10.1134,1,2026-09-16T04:24:30Z,,,,0.195287,62.500000,19.886,,6
2026-09-16,ussewc-usse-or-2026-11-03-rep,politics,0.2036,0,2026-09-16T04:24:30Z,,,,0.038536,6.250000,20.291,,5
2026-09-16,ushrewc-ushr-pa-01-2026-11-03-rep,politics,3.2184,2,2026-09-16T04:24:30Z,,,,0.058496,62.500000,21.127,,8
2026-09-16,usgubewc-usgub-tn-2026-11-03-rep,politics,0.0584,1,2026-09-16T04:24:30Z,,,,0.035656,6.250000,6.288,,4
2026-09-16,enwc-ussep-de-2026-09-15-rep-johshu,politics,0.0000,0,2026-09-16T04:24:30Z,,,,0.000069,6.250000,1.475,,
2026-09-16,ushrewc-ushr-tx-15-2026-11-03-rep,politics,0.5448,1,2026-09-16T04:24:30Z,,,,0.016331,62.500000,12.811,,5
2026-09-16,usgubewc-usgub-fl-2026-11-03-dem,politics,1.8469,1,2026-09-16T04:24:30Z,,,,0.031699,62.500000,22.373,,6
2026-09-16,ushrewc-ushr-wa-03-2026-11-03-dem,politics,3.7972,1,2026-09-16T04:24:30Z,,,,0.065173,62.500000,22.373,,5
2026-09-16,usgubewc-usgub-sc-2026-11-03-rep,politics,1.0953,1,2026-09-16T04:24:30Z,,,,0.182416,6.250000,23.058,,6
2026-09-16,ewc-usse-ia-2026-11-03-dem,politics,0.1169,1,2026-09-16T04:24:30Z,,,,0.000720,375.000000,10.395,,8
2026-09-16,usgubewc-usgub-ri-2026-11-03-dem,politics,0.4082,1,2026-09-16T04:24:30Z,,,,0.152365,4.166667,15.433,,4
2026-09-16,ussewc-usse-al-2026-11-03-dem,politics,1.1122,0,2026-09-16T04:24:30Z,,,,0.280494,6.250000,15.227,,9
2026-09-16,usgubewc-usgub-vt-2026-11-03-rep,politics,0.1679,0,2026-09-16T04:24:30Z,,,,0.096486,6.250000,6.683,,4
2026-09-16,ussewc-usse-ks-2026-11-03-dem,politics,0.1020,0,2026-09-16T04:24:30Z,,,,0.036980,6.250000,10.590,,8
2026-09-16,ussewc-usse-tn-2026-11-03-dem,politics,0.2148,0,2026-09-16T04:24:30Z,,,,0.259131,6.250000,3.183,,3
2026-09-16,usgubewc-usgub-ok-2026-11-03-dem,politics,0.3883,1,2026-09-16T04:24:30Z,,,,0.067993,6.250000,21.928,,6
2026-09-16,ussewc-usse-ar-2026-11-03-dem,politics,0.2016,0,2026-09-16T04:24:30Z,,,,0.131351,6.250000,5.893,,7
2026-09-16,usgubewc-usgub-md-2026-11-03-dem,politics,0.1011,2,2026-09-16T04:24:30Z,,,,0.019240,6.250000,20.175,,10
2026-09-16,ushrewc-ushr-ia-01-2026-11-03-dem,politics,0.7290,1,2026-09-16T04:24:30Z,,,,0.013895,62.500000,20.147,,4
2026-09-16,ushrewc-ushr-ia-01-2026-11-03-rep,politics,1.1394,1,2026-09-16T04:24:30Z,,,,0.021514,62.500000,20.337,,5
2026-09-16,ushrewc-ushr-nc-01-2026-11-03-rep,politics,0.6311,1,2026-09-16T04:24:30Z,,,,0.012102,62.500000,20.026,,6
2026-09-16,ushrewc-ushr-tx-15-2026-11-03-dem,politics,0.8902,1,2026-09-16T04:24:30Z,,,,0.016100,62.500000,21.232,,10
2026-09-16,ushrewc-ushr-va-02-2026-11-03-rep,politics,1.2955,1,2026-09-16T04:24:30Z,,,,0.025030,62.500000,19.875,,5
2026-09-16,scc-hrep-rep-2026-11-03-gte185,politics,17.4216,1,2026-09-16T04:24:30Z,,,,0.811742,25.000000,20.603,,5
2026-09-16,ussewc-usse-nj-2026-11-03-dem,politics,0.3653,1,2026-09-16T04:24:30Z,,,,0.096592,6.250000,14.521,,5
2026-09-16,ussewc-usse-nm-2026-11-03-dem,politics,0.0752,1,2026-09-16T04:24:30Z,,,,0.012941,6.250000,22.329,,6
2026-09-16,ussewc-usse-ms-2026-11-03-rep,politics,1.9119,2,2026-09-16T04:24:30Z,,,,0.362301,6.250000,20.264,,4
2026-09-16,scc-senate-gop-2026-11-03-48,politics,9.5363,2,2026-09-16T04:24:30Z,,,,0.465278,23.076923,21.316,,5
2026-09-16,scc-senate-gop-2026-11-03-52,politics,5.4529,1,2026-09-16T04:24:30Z,,,,0.259078,23.076923,21.889,,10
2026-09-16,usgubewc-usgub-or-2026-11-03-dem,politics,0.7019,2,2026-09-16T04:24:30Z,,,,0.152004,6.250000,17.731,,9
2026-09-16,paccc-usse-midterms-2026-11-03-dem,politics,30.2013,1,2026-09-16T04:24:30Z,,,,0.083386,375.000000,23.180,,29
2026-09-16,paccc-usse-midterms-2026-11-03-rep,politics,8.0726,0,2026-09-16T04:24:30Z,,,,0.040843,375.000000,12.650,,23
2026-09-16,scc-hrep-rep-2026-11-03-gte200,politics,12.8721,2,2026-09-16T04:24:30Z,,,,0.639451,25.000000,19.325,,5
2026-09-16,scc-hrep-rep-2026-11-03-gte225,politics,9.0626,2,2026-09-16T04:24:30Z,,,,0.402477,25.000000,21.616,,6
2026-09-16,scc-senate-gop-2026-11-03-49,politics,4.5030,1,2026-09-16T04:24:30Z,,,,0.226502,23.076923,20.676,,7
2026-09-16,usgubewc-usgub-ak-2026-11-03-jonkre,politics,5.7028,2,2026-09-16T04:24:30Z,,,,0.151202,42.857143,21.121,,8
2026-09-16,usgubewc-usgub-ak-2026-11-03-berwil,politics,8.4893,1,2026-09-16T04:24:30Z,,,,0.260265,42.857143,18.266,,4
2026-09-16,usgubewc-usgub-al-2026-11-03-rep,politics,0.0484,0,2026-09-16T04:24:30Z,,,,0.024308,6.250000,7.646,,5
2026-09-16,scc-hrep-rep-2026-11-03-gte220,politics,3.9857,1,2026-09-16T04:24:30Z,,,,0.209672,25.000000,18.249,,6
2026-09-16,ushrewc-ushr-wa-03-2026-11-03-rep,politics,9.7142,0,2026-09-16T04:24:30Z,,,,0.384514,62.500000,9.701,,5
2026-09-16,scc-hrep-rep-2026-11-03-gte210,politics,5.4408,1,2026-09-16T04:24:30Z,,,,0.310456,25.000000,16.824,,8
2026-09-16,ussewc-usse-sc-2026-11-03-rep,politics,0.0240,0,2026-09-16T04:24:30Z,,,,0.004742,6.250000,19.434,,5
2026-09-16,usgubewc-usgub-sd-2026-11-03-rep,politics,0.5622,2,2026-09-16T04:24:30Z,,,,0.119131,6.250000,18.121,,6
2026-09-16,ewc-usgub-mi-2026-11-03-dem,politics,1.4380,0,2026-09-16T04:24:30Z,,,,0.033429,100.000000,10.324,,6
2026-09-16,scc-hrep-rep-2026-11-03-gte205,politics,4.1590,0,2026-09-16T04:24:30Z,,,,0.208651,25.000000,19.135,,6
2026-09-16,scc-hrep-rep-2026-11-03-gte195,politics,2.2525,1,2026-09-16T04:24:30Z,,,,0.132915,25.000000,16.269,,7
2026-09-16,usgubewc-usgub-ne-2026-11-03-dem,politics,0.9129,1,2026-09-16T04:24:30Z,,,,0.176975,6.250000,19.807,,5
2026-09-16,paccc-usho-midterms-2026-11-03-dem,politics,12.0996,1,2026-09-16T04:24:30Z,,,,0.056961,375.000000,13.595,,24
2026-09-16,scc-hrep-rep-2026-11-03-gte235,politics,2.7275,1,2026-09-16T04:24:30Z,,,,0.120825,25.000000,21.671,,8
2026-09-16,ewc-usgub-nv-2026-11-03-rep,politics,2.1031,0,2026-09-16T04:24:30Z,,,,0.036846,150.000000,9.133,,7
2026-09-16,scc-senate-gop-2026-11-03-55,politics,0.5240,0,2026-09-16T04:24:30Z,,,,0.024776,23.076923,21.994,,9
2026-09-16,ussewc-usse-tn-2026-11-03-rep,politics,0.2110,1,2026-09-16T04:24:30Z,,,,0.046373,6.250000,17.469,,4
2026-09-16,scc-senate-gop-2026-11-03-51,politics,2.2059,0,2026-09-16T04:24:30Z,,,,0.101430,23.076923,22.618,,7
2026-09-16,scc-senate-gop-2026-11-03-lte45,politics,3.3814,1,2026-09-16T04:24:30Z,,,,0.169451,23.076923,20.753,,12
2026-09-16,scc-hrep-rep-2026-11-03-gte230,politics,0.5951,0,2026-09-16T04:24:30Z,,,,0.038662,25.000000,14.776,,6
2026-09-16,ushrewc-ushr-ny-17-2026-11-03-dem,politics,9.8374,0,2026-09-16T04:24:30Z,,,,0.305759,62.500000,12.355,,5
2026-09-16,ussewc-usse-sc-2026-11-03-dem,politics,1.1038,2,2026-09-16T04:24:30Z,,,,0.221194,6.250000,19.162,,11
2026-09-16,paccc-usho-midterms-2026-11-03-rep,politics,18.6926,1,2026-09-16T04:24:30Z,,,,0.053820,375.000000,22.228,,29
2026-09-16,usgubewc-usgub-hi-2026-11-03-dem,politics,0.6209,1,2026-09-16T04:24:30Z,,,,0.231561,6.250000,10.296,,7
2026-09-16,aachc-cfb-wins-2026-11-28-bayl-5pt5wins,cfb,0.0895,0,2026-09-16T04:24:30Z,,,,0.013624,7.500000,21.026,,6
2026-09-16,aachc-cfb-wins-2026-11-28-kan-5pt5wins,cfb,0.0439,1,2026-09-16T04:24:30Z,,,,0.006771,7.500000,20.736,,5
2026-09-16,aachc-cfb-wins-2026-11-28-kan-6pt5wins,cfb,0.0009,0,2026-09-16T04:24:30Z,,,,0.001367,7.500000,2.220,,7
2026-09-16,aachc-cfb-wins-2026-11-28-aubrn-8pt5wins,cfb,0.1660,1,2026-09-16T04:24:30Z,,,,0.023654,7.500000,22.462,,6
2026-09-16,aachc-cfb-wins-ou-2026-11-28-mary,cfb,0.0451,0,2026-09-16T04:24:30Z,,,,0.201647,0.493421,10.880,,5
2026-09-16,aachc-cfb-wins-ou-2026-11-28-utahst,cfb,0.0349,2,2026-09-16T04:24:30Z,,,,0.115256,0.493421,14.710,,8
2026-09-16,aachc-cfb-wins-2026-11-28-iowast-3pt5wins,cfb,0.1106,1,2026-09-16T04:24:30Z,,,,0.023258,7.500000,15.222,,4
2026-09-16,aachc-cfb-wins-2026-11-28-ucf-7pt5wins,cfb,0.0181,0,2026-09-16T04:24:30Z,,,,0.008266,7.500000,7.000,,5
2026-09-16,aachc-cfb-wins-2026-11-28-ore-7pt5wins,cfb,0.0014,1,2026-09-16T04:24:30Z,,,,0.000286,7.500000,16.111,,8
2026-09-16,aachc-cfb-wins-2026-11-28-flst-6pt5wins,cfb,0.0491,0,2026-09-16T04:24:30Z,,,,0.029850,7.500000,5.265,,5
2026-09-16,aachc-cfb-wins-2026-11-28-boise-5pt5wins,cfb,0.8010,2,2026-09-16T04:24:30Z,,,,0.160876,7.500000,15.932,,13
2026-09-16,aachc-cfb-wins-2026-11-28-iowast-4pt5wins,cfb,0.8248,2,2026-09-16T04:24:30Z,,,,0.183753,7.500000,14.364,,6
2026-09-16,aachc-cfb-wins-2026-11-28-colst-5pt5wins,cfb,0.7045,1,2026-09-16T04:24:30Z,,,,0.103867,7.500000,21.704,,5
2026-09-16,aachc-cfb-wins-2026-11-28-ncst-5pt5wins,cfb,0.3252,1,2026-09-16T04:24:30Z,,,,0.058970,7.500000,17.649,,5
2026-09-16,aachc-cfb-wins-2026-11-28-pennst-7pt5wins,cfb,0.6134,1,2026-09-16T04:24:30Z,,,,0.091494,7.500000,21.454,,13
2026-09-16,aachc-cfb-wins-2026-11-28-cin-3pt5wins,cfb,0.1554,0,2026-09-16T04:24:30Z,,,,0.097943,7.500000,5.076,,4
2026-09-16,aachc-cfb-wins-2026-11-28-mst-6pt5wins,cfb,0.1589,0,2026-09-16T04:24:30Z,,,,0.042485,7.500000,11.971,,5
2026-09-16,aachc-cfb-wins-2026-11-28-nd-8pt5wins,cfb,0.0430,0,2026-09-16T04:24:30Z,,,,0.034414,7.500000,3.995,,10
2026-09-16,aachc-cfb-wins-2026-11-28-duke-7pt5wins,cfb,0.0010,0,2026-09-16T04:24:30Z,,,,0.002770,7.500000,1.107,,4
2026-09-16,aachc-cfb-wins-2026-11-28-smu-9pt5wins,cfb,0.0000,0,2026-09-16T04:24:30Z,,,,0.000006,7.500000,0.473,,5
2026-09-16,aachc-cfb-wins-2026-11-28-lsu-10pt5wins,cfb,0.0001,0,2026-09-16T04:24:30Z,,,,0.000613,7.500000,0.601,,6
2026-09-16,aachc-cfb-wins-2026-11-28-rutger-4pt5wins,cfb,0.0002,0,2026-09-16T04:24:30Z,,,,0.001240,7.500000,0.395,,6
2026-09-16,aachc-cfb-wins-2026-11-28-wisc-8pt5wins,cfb,0.0010,0,2026-09-16T04:24:30Z,,,,0.001547,7.500000,2.048,,8
2026-09-16,aachc-cfb-wins-2026-11-28-cah-6pt5wins,cfb,0.0000,0,2026-09-16T04:24:30Z,,,,0.000012,7.500000,0.089,,7
2026-09-16,aachc-cfb-wins-2026-11-28-hou-8pt5wins,cfb,0.0000,0,2026-09-16T04:24:30Z,,,,0.000005,7.500000,0.751,,6
2026-09-16,aachc-cfb-wins-2026-11-28-sdst-5pt5wins,cfb,0.0873,1,2026-09-16T04:24:30Z,,,,0.102910,7.500000,2.715,,7
2026-09-16,aachc-cfb-wins-2026-11-28-sc-6pt5wins,cfb,0.0001,0,2026-09-16T04:24:30Z,,,,0.000022,7.500000,11.560,,7
2026-09-16,aachc-cfb-wins-2026-11-28-nebr-7pt5wins,cfb,0.0000,1,2026-09-16T04:24:30Z,,,,,,,,4
2026-09-16,aachc-cfb-wins-2026-11-28-miss-9pt5wins,cfb,0.0072,0,2026-09-16T04:24:30Z,,,,0.012413,7.500000,1.853,,6
2026-09-16,aachc-cfb-wins-2026-11-28-txst-7pt5wins,cfb,0.0012,0,2026-09-16T04:24:30Z,,,,0.005371,7.500000,0.707,,5
2026-09-16,aachc-cfb-wins-2026-11-28-frest-8pt5wins,cfb,0.0185,0,2026-09-16T04:24:30Z,,,,0.007546,7.500000,7.852,,4
2026-09-16,aachc-cfb-wins-2026-11-28-txtech-10pt5wins,cfb,0.0001,0,2026-09-16T04:24:30Z,,,,0.000439,7.500000,0.696,,7
2026-09-16,usgubewc-usgub-pa-2026-11-03-dem,politics,1.2054,0,2026-09-16T04:24:30Z,,,,0.239536,6.250000,19.323,,7
2026-09-16,scc-senate-gop-2026-11-03-54,politics,0.2920,0,2026-09-16T04:24:30Z,,,,0.014261,23.076923,21.294,,8
2026-09-16,usgubewc-usgub-co-2026-11-03-dem,politics,0.0029,0,2026-09-16T04:24:30Z,,,,0.000642,6.250000,17.486,,8
2026-09-16,usgubewc-usgub-sc-2026-11-03-dem,politics,0.0000,0,2026-09-16T04:24:30Z,,,,,6.250000,19.830,,7
2026-09-16,ewc-usse-ne-2026-11-03-dem,politics,0.1933,0,2026-09-16T04:24:30Z,,,,0.047944,4.166667,23.225,,3
2026-09-16,ussewc-usse-mt-2026-11-03-setbod,politics,1.2044,0,2026-09-16T04:24:30Z,,,,0.442513,4.166667,15.678,,5
2026-09-16,scc-senate-gop-2026-11-03-gte57,politics,0.8614,0,2026-09-16T04:24:30Z,,,,0.043005,23.076923,20.831,,9
2026-09-16,usgubewc-usgub-il-2026-11-03-rep,politics,0.0000,0,2026-09-16T04:24:30Z,,,,,6.250000,21.627,,6
2026-09-16,usgubewc-usgub-al-2026-11-03-dem,politics,0.0000,0,2026-09-16T04:24:30Z,,,,,6.250000,20.976,,6
2026-09-16,scc-senate-gop-2026-11-03-56,politics,0.1022,0,2026-09-16T04:24:30Z,,,,0.005077,23.076923,20.927,,9
2026-09-16,usgubewc-usgub-sd-2026-11-03-dem,politics,0.0034,0,2026-09-16T04:24:30Z,,,,0.004420,6.250000,2.921,,6
2026-09-16,scc-senate-gop-2026-11-03-53,politics,0.1518,0,2026-09-16T04:24:30Z,,,,0.006870,23.076923,22.974,,10
2026-09-16,usgubewc-usgub-ar-2026-11-03-dem,politics,0.0000,0,2026-09-16T04:24:30Z,,,,,6.250000,19.012,,6
2026-09-16,usgubewc-usgub-il-2026-11-03-dem,politics,1.3608,0,2026-09-16T04:24:30Z,,,,0.250525,6.250000,20.859,,7
2026-09-16,usgubewc-usgub-wy-2026-11-03-dem,politics,0.0000,0,2026-09-16T04:24:30Z,,,,,6.250000,17.598,,4
2026-09-16,usgubewc-usgub-or-2026-11-03-rep,politics,0.0000,0,2026-09-16T04:24:30Z,,,,,6.250000,18.505,,9
2026-09-16,usgubewc-usgub-co-2026-11-03-rep,politics,0.0000,0,2026-09-16T04:24:30Z,,,,,6.250000,17.347,,6
2026-09-16,pvwc-usgub-ny-nas-2026-11-03-kathoc,politics,0.0146,0,2026-09-16T04:24:30Z,,,,0.005134,6.250000,10.886,,5
2026-09-16,usgubewc-usgub-ma-2026-11-03-dem,politics,0.0000,0,2026-09-16T04:24:30Z,,,,,6.250000,18.439,,5
2026-09-16,usgubewc-usgub-mn-2026-11-03-dem,politics,0.7067,0,2026-09-16T04:24:30Z,,,,0.154217,6.250000,17.597,,5
2026-09-16,ussewc-usse-ma-2026-11-03-dem,politics,0.7204,1,2026-09-16T04:24:30Z,,,,0.227789,6.250000,12.144,,5
2026-09-16,scc-hrep-rep-2026-11-03-gte215,politics,6.7844,1,2026-09-16T04:24:30Z,,,,0.293004,25.000000,22.229,,10
2026-09-16,usgubewc-usgub-ri-2026-11-03-rep,politics,0.6975,1,2026-09-16T04:24:30Z,,,,0.236147,4.166667,17.013,,7
2026-09-16,ussewc-usse-ms-2026-11-03-dem,politics,0.2742,1,2026-09-16T04:24:30Z,,,,0.178675,6.250000,5.894,,6
2026-09-16,ussewc-usse-la-2026-11-03-rep,politics,0.0852,1,2026-09-16T04:24:30Z,,,,0.077161,6.250000,4.241,,4
2026-09-16,ushrewc-ushr-ca-13-2026-11-03-rep,politics,2.8239,0,2026-09-16T04:24:30Z,,,,0.179862,62.500000,6.029,,5
2026-09-16,usgubewc-usgub-ny-2026-11-03-rep,politics,3.9275,0,2026-09-16T04:24:30Z,,,,0.121789,62.500000,12.383,,5
2026-09-16,usgubewc-usgub-ct-2026-11-03-dem,politics,0.0003,0,2026-09-16T04:24:30Z,,,,0.000077,6.250000,13.095,,6
2026-09-16,usgubewc-usgub-id-2026-11-03-dem,politics,0.0000,0,2026-09-16T04:24:30Z,,,,,6.250000,13.791,,9
2026-09-16,ussewc-usse-ky-2026-11-03-rep,politics,0.2489,1,2026-09-16T04:24:30Z,,,,0.109374,6.250000,8.738,,7
2026-09-16,ussewc-usse-ri-2026-11-03-rep,politics,0.0453,0,2026-09-16T04:24:30Z,,,,0.105104,6.250000,1.653,,9
2026-09-16,ussewc-usse-fl-2026-11-03-dem,politics,0.5665,0,2026-09-16T04:24:30Z,,,,0.142565,6.250000,15.260,,8
2026-09-16,ussewc-usse-il-2026-11-03-dem,politics,0.0022,0,2026-09-16T04:24:30Z,,,,0.000512,6.250000,16.880,,8
2026-09-16,ussewc-usse-il-2026-11-03-rep,politics,0.0000,0,2026-09-16T04:24:30Z,,,,,6.250000,16.830,,7
2026-09-16,usgubewc-usgub-pa-2026-11-03-rep,politics,0.2380,1,2026-09-16T04:24:30Z,,,,0.114824,6.250000,7.959,,7
2026-09-16,enwc-uspres-nom-rep-2028-dontru,politics,0.0002,0,2026-09-16T04:24:30Z,,,,0.000010,35.714286,15.600,,10
2026-09-16,ussewc-usse-wv-2026-11-03-dem,politics,0.3177,1,2026-09-16T04:24:30Z,,,,0.130862,6.250000,9.322,,5
2026-09-16,usgubewc-usgub-me-2026-11-03-rep,politics,0.0149,0,2026-09-16T04:24:30Z,,,,0.368261,6.250000,0.156,,9
2026-09-16,ussewc-usse-de-2026-11-03-rep,politics,0.3442,1,2026-09-16T04:24:30Z,,,,0.123951,6.250000,10.664,,6
2026-09-16,aachc-cfb-wins-2026-11-28-washst-4pt5wins,cfb,0.3184,1,2026-09-16T04:24:30Z,,,,0.068880,7.500000,14.794,,3
2026-09-16,aachc-cfb-wins-2026-11-28-pennst-9pt5wins,cfb,0.0061,1,2026-09-16T04:24:30Z,,,,0.000878,7.500000,22.284,,6
2026-09-16,aachc-cfb-wins-2026-11-28-bayl-7pt5wins,cfb,0.0095,0,2026-09-16T04:24:30Z,,,,0.002236,7.500000,13.618,,7
2026-09-16,aachc-cfb-wins-2026-11-28-oregst-5pt5wins,cfb,0.0006,0,2026-09-16T04:24:30Z,,,,0.000118,7.500000,16.691,,7
2026-09-16,aachc-cfb-wins-2026-11-28-vir-5pt5wins,cfb,0.0008,1,2026-09-16T04:24:30Z,,,,0.000321,7.500000,8.181,,7
2026-09-16,aachc-cfb-wins-2026-11-28-vir-7pt5wins,cfb,0.0013,0,2026-09-16T04:24:30Z,,,,0.000186,7.500000,23.096,,8
2026-09-16,aachc-cfb-wins-2026-11-28-flst-5pt5wins,cfb,0.0029,0,2026-09-16T04:24:30Z,,,,0.000427,7.500000,21.522,,7
2026-09-16,aachc-cfb-wins-2026-11-28-iowast-2pt5wins,cfb,0.0595,0,2026-09-16T04:24:30Z,,,,0.128202,7.500000,1.486,,14
2026-09-16,aachc-cfb-wins-2026-11-28-sdst-8pt5wins,cfb,0.0000,0,2026-09-16T04:24:30Z,,,,,7.500000,0.056,,4
2026-09-16,aachc-cfb-wins-2026-11-28-mich-9pt5wins,cfb,0.0000,0,2026-09-16T04:24:30Z,,,,0.000015,7.500000,0.195,,6
2026-09-16,aachc-cfb-wins-2026-11-28-minnst-6pt5wins,cfb,0.0000,0,2026-09-16T04:24:30Z,,,,0.000244,7.500000,0.250,,5
2026-09-16,aachc-cfb-wins-2026-11-28-wash-7pt5wins,cfb,0.0001,0,2026-09-16T04:24:30Z,,,,0.000771,7.500000,0.278,,5
2026-09-16,aachc-cfb-wins-2026-11-28-cin-7pt5wins,cfb,1.0530,1,2026-09-16T04:24:30Z,,,,0.172943,7.500000,19.485,,4
2026-09-16,aachc-cfb-wins-2026-11-28-gtech-8pt5wins,cfb,0.0000,0,2026-09-16T04:24:30Z,,,,0.000022,7.500000,0.011,,5
2026-09-16,usgubewc-usgub-ct-2026-11-03-rep,politics,0.4151,1,2026-09-16T05:25:11Z,,,,0.203587,6.250000,7.830,,5
2026-09-16,usgubewc-usgub-md-2026-11-03-rep,politics,0.0691,1,2026-09-16T05:25:11Z,,,,0.089413,6.250000,2.966,,6
2026-09-16,ewc-usgub-ga-2026-11-03-rep,politics,1.0125,0,2026-09-16T05:25:11Z,,,,0.012886,150.000000,12.572,,7
2026-09-16,usgubewc-usgub-ar-2026-11-03-rep,politics,1.0434,1,2026-09-16T05:25:11Z,,,,0.316337,6.250000,12.666,,6
2026-09-16,paccc-balpow-2026-11-03-dsweep,politics,0.9453,0,2026-09-16T05:25:11Z,,,,0.012712,187.500000,9.518,,10
2026-09-16,ewc-usse-tx-2026-11-03-rep,politics,4.0484,1,2026-09-16T05:25:11Z,,,,0.012748,375.000000,20.325,,15
2026-09-16,ussewc-usse-ma-2026-11-03-rep,politics,0.2340,0,2026-09-16T05:25:11Z,,,,0.245011,6.250000,3.667,,4
2026-09-16,usgubewc-usgub-nh-2026-11-03-rep,politics,1.7586,0,2026-09-16T05:25:11Z,,,,0.076264,62.500000,8.855,,8
2026-09-16,ewc-usse-mn-2026-11-03-dem,politics,4.8082,0,2026-09-16T05:25:11Z,,,,0.074275,150.000000,10.358,,6
2026-09-16,aachc-cfb-wins-2026-11-28-vtech-5pt5wins,cfb,0.2559,1,2026-09-16T05:25:11Z,,,,0.071354,7.500000,11.476,,7
2026-09-16,aachc-cfb-wins-2026-11-28-utah-7pt5wins,cfb,0.1501,1,2026-09-16T05:25:11Z,,,,0.068655,7.500000,6.995,,5
2026-09-16,aachc-cfb-wins-2026-11-28-ill-7pt5wins,cfb,0.0704,0,2026-09-16T05:25:11Z,,,,0.021954,7.500000,10.262,,4
2026-09-16,aachc-cfb-wins-2026-11-28-fl-8pt5wins,cfb,0.0000,1,2026-09-16T05:25:11Z,,,,,,,,5
2026-09-16,aachc-cfb-wins-2026-11-28-minnst-4pt5wins,cfb,0.0263,0,2026-09-16T05:25:11Z,,,,0.060565,7.500000,1.391,,5
2026-09-16,aachc-cfb-wins-2026-11-28-clmsn-7pt5wins,cfb,0.0000,0,2026-09-16T05:25:11Z,,,,0.000041,7.500000,0.262,,4
2026-09-16,aachc-cfb-wins-ou-2026-11-28-iowast,cfb,0.0001,0,2026-09-16T05:25:11Z,,,,0.004407,0.493421,0.684,,5
2026-09-16,aachc-cfb-wins-ou-2026-11-28-iowa,cfb,0.0053,0,2026-09-16T05:25:11Z,,,,0.293947,0.493421,0.873,,6
2026-09-16,aachc-cfb-wins-ou-2026-11-28-mia,cfb,0.0311,0,2026-09-16T05:25:11Z,,,,0.247630,0.493421,6.116,,5
2026-09-16,aachc-cfb-wins-2026-11-28-col-2pt5wins,cfb,0.5276,1,2026-09-16T05:25:11Z,,,,0.104626,7.500000,16.135,,8
2026-09-16,aachc-cfb-wins-2026-11-28-lsu-9pt5wins,cfb,0.0000,0,2026-09-16T05:25:11Z,,,,0.000028,7.500000,1.736,,8
2026-09-16,aachc-cfb-wins-2026-11-28-col-6pt5wins,cfb,0.0002,0,2026-09-16T05:25:11Z,,,,0.001044,7.500000,0.695,,5
2026-09-16,aachc-cfb-wins-ou-2026-11-28-mich,cfb,0.0000,0,2026-09-16T05:25:11Z,,,,0.000052,0.493421,0.506,,7
2026-09-16,aachc-cfb-wins-2026-11-28-mia-11pt5wins,cfb,0.0004,0,2026-09-16T05:25:11Z,,,,0.008478,7.500000,0.156,,5
2026-09-16,aachc-cfb-wins-2026-11-28-mary-7pt5wins,cfb,0.0000,1,2026-09-16T05:25:11Z,,,,,,,,6
2026-09-16,aachc-cfb-wins-2026-11-28-mich-7pt5wins,cfb,0.0000,0,2026-09-16T05:25:11Z,,,,0.000009,7.500000,0.734,,6
2026-09-16,ushrewc-ushr-nj-07-2026-11-03-rep,politics,4.3505,1,2026-09-16T05:25:11Z,,,,0.087304,62.500000,19.135,,5
2026-09-16,ushrewc-ushr-mi-07-2026-11-03-dem,politics,2.2313,0,2026-09-16T05:25:11Z,,,,0.144287,62.500000,5.938,,6
2026-09-16,ushrewc-ushr-ny-04-2026-11-03-rep,politics,1.0605,0,2026-09-16T05:25:11Z,,,,0.136008,62.500000,2.994,,5
2026-09-16,ushrewc-ushr-ne-02-2026-11-03-dem,politics,0.7142,0,2026-09-16T05:25:11Z,,,,0.046438,62.500000,5.906,,5
2026-09-16,ushrewc-ushr-oh-09-2026-11-03-dem,politics,0.8491,0,2026-09-16T05:25:11Z,,,,0.085277,62.500000,3.823,,4
2026-09-16,ushrewc-ushr-ny-17-2026-11-03-rep,politics,1.4215,0,2026-09-16T05:25:11Z,,,,0.151117,62.500000,3.612,,4
2026-09-16,ewc-usse-nc-2026-11-03-rep,politics,3.3991,0,2026-09-16T05:25:11Z,,,,0.035561,375.000000,6.117,,6
2026-09-16,aachc-cfb-wins-2026-11-28-ucla-8pt5wins,cfb,0.0004,0,2026-09-16T05:25:11Z,,,,0.001904,7.500000,0.662,,4
2026-09-16,aachc-cfb-wins-2026-11-28-ucf-5pt5wins,cfb,0.0002,0,2026-09-16T05:25:11Z,,,,0.000804,7.500000,0.734,,5
2026-09-16,aachc-cfb-wins-ou-2026-11-28-colst,cfb,0.0001,0,2026-09-16T05:25:11Z,,,,0.194999,0.493421,0.022,,6
2026-09-16,ussewc-usse-or-2026-11-03-dem,politics,0.1129,1,2026-09-16T06:25:46Z,,,,0.172017,6.250000,2.521,,5
2026-09-16,ussewc-usse-wy-2026-11-03-rep,politics,0.0639,0,2026-09-16T06:25:46Z,,,,0.172840,6.250000,1.419,,5
2026-09-16,ewc-usse-ne-2026-11-03-danosb,politics,0.0000,0,2026-09-16T06:25:46Z,,,,0.000002,4.166667,0.991,,5
2026-09-16,ewc-usse-me-2026-11-03-dem,politics,0.1289,0,2026-09-16T06:25:46Z,,,,0.012437,150.000000,1.658,,9
2026-09-16,aachc-cfb-wins-2026-11-28-mspst-5pt5wins,cfb,0.0399,0,2026-09-16T06:25:46Z,,,,0.083096,7.500000,1.536,,5
2026-09-16,aachc-cfb-wins-2026-11-28-utahst-3pt5wins,cfb,0.0943,1,2026-09-16T06:25:46Z,,,,0.030272,7.500000,9.967,,4
2026-09-16,aachc-cfb-wins-2026-11-28-syra-4pt5wins,cfb,0.0000,0,2026-09-16T06:25:46Z,,,,0.000044,7.500000,0.740,,4
2026-09-16,aachc-cfb-wins-2026-11-28-usc-10pt5wins,cfb,0.0000,1,2026-09-16T06:25:46Z,,,,,,,,5
2026-09-16,aachc-cfb-wins-2026-11-28-txam-10pt5wins,cfb,0.0000,1,2026-09-16T06:25:46Z,,,,,,,,6
2026-09-16,aachc-cfb-wins-2026-11-28-missr-8pt5wins,cfb,0.0000,1,2026-09-16T06:25:46Z,,,,,,,,5
2026-09-16,aachc-cfb-wins-2026-11-28-mst-4pt5wins,cfb,0.0013,0,2026-09-16T06:25:46Z,,,,0.005616,7.500000,0.740,,7
2026-09-16,aachc-cfb-wins-2026-11-28-arz-5pt5wins,cfb,0.2354,1,2026-09-16T06:25:46Z,,,,0.043185,7.500000,17.443,,7
2026-09-16,aachc-cfb-wins-2026-11-28-vand-3pt5wins,cfb,0.1498,1,2026-09-16T06:25:46Z,,,,0.026589,7.500000,18.033,,9
2026-09-16,aachc-cfb-wins-2026-11-28-okst-4pt5wins,cfb,0.1392,0,2026-09-16T06:25:46Z,,,,0.124312,7.500000,3.584,,6
2026-09-16,aachc-cfb-wins-2026-11-28-boscol-1pt5wins,cfb,0.2384,1,2026-09-16T06:25:46Z,,,,0.059056,7.500000,12.918,,10
2026-09-16,aachc-cfb-wins-2026-11-28-clmsn-5pt5wins,cfb,0.0907,1,2026-09-16T06:25:46Z,,,,0.039409,7.500000,7.369,,9
2026-09-16,aachc-cfb-wins-2026-11-28-oregst-4pt5wins,cfb,0.0008,0,2026-09-16T06:25:46Z,,,,0.003825,7.500000,0.635,,5
2026-09-16,aachc-cfb-wins-2026-11-28-frest-7pt5wins,cfb,0.0547,1,2026-09-16T06:25:46Z,,,,0.031301,7.500000,5.593,,4
2026-09-16,aachc-cfb-wins-ou-2026-11-28-cah,cfb,0.0398,0,2026-09-16T06:25:46Z,,,,0.231487,0.493421,8.359,,6
2026-09-16,aachc-cfb-wins-2026-11-28-ncst-6pt5wins,cfb,0.0000,0,2026-09-16T06:25:46Z,,,,0.000055,7.500000,1.598,,6
2026-09-16,aachc-cfb-wins-2026-11-28-iowa-9pt5wins,cfb,0.0000,0,2026-09-16T06:25:46Z,,,,0.000246,7.500000,0.540,,7
2026-09-16,aachc-cfb-wins-2026-11-28-vand-6pt5wins,cfb,0.0009,0,2026-09-16T06:25:46Z,,,,0.003724,7.500000,0.751,,7
2026-09-16,aachc-cfb-wins-2026-11-28-ncst-7pt5wins,cfb,0.0000,0,2026-09-16T06:25:46Z,,,,0.000161,7.500000,0.723,,4
2026-09-16,aachc-cfb-wins-2026-11-28-vand-7pt5wins,cfb,0.0000,0,2026-09-16T06:25:46Z,,,,0.000070,7.500000,0.734,,6
2026-09-16,aachc-cfb-wins-2026-11-28-clmsn-8pt5wins,cfb,0.0001,0,2026-09-16T06:25:46Z,,,,0.000283,7.500000,0.762,,6
2026-09-16,aachc-cfb-wins-2026-11-28-miss-8pt5wins,cfb,0.0000,0,2026-09-16T06:25:46Z,,,,0.000105,7.500000,0.746,,7
2026-09-16,aachc-cfb-wins-ou-2026-11-28-tcu,cfb,0.0000,0,2026-09-16T06:25:46Z,,,,0.001685,0.493421,0.740,,11
2026-09-16,usgubewc-usgub-ri-2026-11-03-kenblo,politics,0.0000,0,2026-09-16T07:25:51Z,,,,0.000002,4.166667,1.542,,6
2026-09-16,ushrewc-ushr-tx-34-2026-11-03-rep,politics,1.2080,0,2026-09-16T07:25:51Z,,,,0.029376,150.000000,6.580,,6
2026-09-16,usgubewc-usgub-tx-2026-11-03-rep,politics,9.3731,1,2026-09-16T07:25:51Z,,,,0.074703,150.000000,20.076,,5
2026-09-16,usgubewc-usgub-hi-2026-11-03-rep,politics,0.1834,1,2026-09-16T07:25:51Z,,,,0.098712,6.250000,7.135,,4
2026-09-16,aachc-cfb-wins-2026-11-28-ncst-9pt5wins,cfb,0.0002,0,2026-09-16T07:25:51Z,,,,0.000812,7.500000,0.740,,6
2026-09-16,aachc-cfb-wins-2026-11-28-nd-11pt5wins,cfb,0.0000,1,2026-09-16T07:25:51Z,,,,,,,,5
2026-09-16,aachc-cfb-wins-2026-11-28-nw-7pt5wins,cfb,0.0000,1,2026-09-16T07:25:51Z,,,,,,,,6
2026-09-16,aachc-cfb-wins-2026-11-28-ncst-8pt5wins,cfb,0.0000,1,2026-09-16T07:25:51Z,,,,,,,,6
2026-09-16,aachc-cfb-wins-2026-11-28-nebr-6pt5wins,cfb,0.0007,0,2026-09-16T07:25:51Z,,,,0.003070,7.500000,0.762,,6
2026-09-16,aachc-cfb-wins-2026-11-28-kanst-10pt5wins,cfb,0.0000,0,2026-09-16T07:25:51Z,,,,0.000089,7.500000,0.774,,6
2026-09-16,aachc-cfb-wins-2026-11-28-flst-7pt5wins,cfb,0.0000,1,2026-09-16T07:25:51Z,,,,,,,,5
2026-09-16,aachc-cfb-wins-2026-11-28-rutger-3pt5wins,cfb,0.0003,0,2026-09-16T07:25:51Z,,,,0.001358,7.500000,0.757,,7
2026-09-16,aachc-cfb-wins-ou-2026-11-28-txam,cfb,0.0000,0,2026-09-16T07:25:51Z,,,,0.001797,0.493421,0.790,,6
2026-09-16,aachc-cfb-wins-ou-2026-11-28-txst,cfb,0.0000,0,2026-09-16T07:25:51Z,,,,0.001510,0.493421,0.740,,8
2026-09-16,aachc-cfb-wins-2026-11-28-tenn-9pt5wins,cfb,0.0000,0,2026-09-16T07:25:51Z,,,,0.000137,7.500000,0.713,,5
2026-09-16,aachc-cfb-wins-2026-11-28-tcu-9pt5wins,cfb,0.0000,1,2026-09-16T07:25:51Z,,,,,,,,5
2026-09-16,aachc-cfb-wins-2026-11-28-iowa-8pt5wins,cfb,0.0006,0,2026-09-16T07:25:51Z,,,,0.002463,7.500000,0.751,,6
2026-09-16,usgubewc-usgub-me-2026-11-03-dem,politics,0.0000,0,2026-09-16T07:25:51Z,,,,0.000002,6.250000,8.120,,6
2026-09-16,ewc-usgub-oh-2026-11-03-rep,politics,0.0497,0,2026-09-16T07:25:51Z,,,,0.013720,150.000000,0.579,,7
2026-09-16,ewc-usse-oh-2026-11-03-dem,politics,0.0039,0,2026-09-16T07:25:51Z,,,,0.002628,375.000000,0.095,,6
2026-09-16,ewc-usse-mi-2026-11-03-rep,politics,0.9931,1,2026-09-16T07:25:51Z,,,,0.004203,375.000000,15.123,,9
2026-09-16,ewc-usse-mi-2026-11-03-dem,politics,0.5605,1,2026-09-16T07:25:51Z,,,,0.002576,375.000000,13.926,,11
2026-09-16,ewc-usgub-mi-2026-11-03-rep,politics,0.0006,0,2026-09-16T07:25:51Z,,,,0.001618,100.000000,0.084,,6
2026-09-16,ushrewc-ushr-tx-34-2026-11-03-dem,politics,0.0224,0,2026-09-16T07:25:51Z,,,,0.003611,150.000000,0.991,,5
2026-09-16,aachc-cfb-wins-2026-11-28-frest-5pt5wins,cfb,0.0023,0,2026-09-16T07:25:51Z,,,,0.065854,7.500000,0.111,,6
2026-09-16,aachc-cfb-wins-2026-11-28-tx-11pt5wins,cfb,0.0000,0,2026-09-16T07:25:51Z,,,,0.000056,7.500000,0.056,,5
2026-09-16,usgubewc-usgub-vt-2026-11-03-dem,politics,0.0000,1,2026-09-16T08:26:33Z,,,,,,,,4
2026-09-16,ussewc-usse-la-2026-11-03-dem,politics,0.6907,0,2026-09-16T08:26:33Z,,,,0.197187,6.250000,13.452,,6
2026-09-16,aachc-cfb-wins-2026-11-28-oregst-3pt5wins,cfb,0.0742,1,2026-09-16T08:26:33Z,,,,0.053540,7.500000,4.435,,5
2026-09-16,aachc-cfb-wins-ou-2026-11-28-vir,cfb,0.0066,0,2026-09-16T08:26:33Z,,,,0.217147,0.493421,1.469,,5
2026-09-16,aachc-cfb-wins-2026-11-28-gtech-5pt5wins,cfb,0.0002,0,2026-09-16T08:26:33Z,,,,0.001239,7.500000,0.607,,6
2026-09-16,aachc-cfb-wins-2026-11-28-flst-4pt5wins,cfb,0.0000,1,2026-09-16T08:26:33Z,,,,,,,,7
2026-09-16,aachc-cfb-wins-2026-11-28-nw-6pt5wins,cfb,0.7297,1,2026-09-16T08:26:33Z,,,,0.126103,7.500000,18.517,,4
2026-09-16,aachc-cfb-wins-2026-11-28-gtech-4pt5wins,cfb,0.0005,0,2026-09-16T08:26:33Z,,,,0.002338,7.500000,0.729,,6
2026-09-16,aachc-cfb-wins-ou-2026-11-28-txtech,cfb,0.0000,0,2026-09-16T08:26:33Z,,,,0.000692,0.493421,0.756,,8
2026-09-16,aachc-cfb-wins-2026-11-28-washst-5pt5wins,cfb,0.0635,0,2026-09-16T08:26:33Z,,,,0.046395,7.500000,4.379,,7
2026-09-16,aachc-cfb-wins-2026-11-28-vtech-7pt5wins,cfb,0.0000,0,2026-09-16T08:26:33Z,,,,0.000007,7.500000,0.745,,6
2026-09-16,aachc-cfb-wins-2026-11-28-cah-7pt5wins,cfb,0.0000,0,2026-09-16T08:26:33Z,,,,0.000100,7.500000,0.228,,7
2026-09-16,aachc-cfb-wins-2026-11-28-gtech-7pt5wins,cfb,0.0201,0,2026-09-16T08:26:33Z,,,,0.101064,7.500000,0.635,,11
2026-09-16,aachc-cfb-wins-2026-11-28-txst-5pt5wins,cfb,0.0002,0,2026-09-16T08:26:33Z,,,,0.090090,7.500000,0.006,,5
2026-09-16,aachc-cfb-wins-2026-11-28-kan-7pt5wins,cfb,0.0000,0,2026-09-16T09:28:24Z,,,,0.000032,7.500000,2.521,,6
2026-09-16,aachc-cfb-wins-2026-11-28-lou-8pt5wins,cfb,0.0004,0,2026-09-16T09:28:24Z,,,,0.000830,7.500000,1.519,,4
2026-09-16,aachc-cfb-wins-2026-11-28-col-5pt5wins,cfb,0.0004,0,2026-09-16T09:28:24Z,,,,0.001834,7.500000,0.690,,5
2026-09-16,aachc-cfb-wins-2026-11-28-col-4pt5wins,cfb,0.0000,1,2026-09-16T09:28:24Z,,,,,,,,7
2026-09-16,aachc-cfb-wins-2026-11-28-pur-2pt5wins,cfb,0.0000,0,2026-09-16T09:28:24Z,,,,0.000028,7.500000,0.746,,6
2026-09-16,aachc-cfb-wins-2026-11-28-ala-6pt5wins,cfb,0.1296,1,2026-09-16T09:28:24Z,,,,0.200339,7.500000,2.071,,9
2026-09-16,aachc-cfb-wins-ou-2026-11-28-minnst,cfb,0.0000,0,2026-09-16T09:28:24Z,,,,0.000369,0.493421,0.740,,8
2026-09-16,aachc-cfb-wins-2026-11-28-minnst-5pt5wins,cfb,0.0000,0,2026-09-16T09:28:24Z,,,,0.000004,7.500000,0.735,,5
2026-09-16,aachc-cfb-wins-ou-2026-11-28-nd,cfb,0.0000,0,2026-09-16T09:28:24Z,,,,0.001006,0.493421,0.757,,6
2026-09-16,aachc-cfb-wins-2026-11-28-vir-9pt5wins,cfb,0.0001,0,2026-09-16T09:28:24Z,,,,0.000259,7.500000,0.712,,6
2026-09-16,aachc-cfb-wins-2026-11-28-wake-7pt5wins,cfb,0.1004,1,2026-09-16T10:29:10Z,,,,0.080824,7.500000,3.974,,4
2026-09-16,aachc-cfb-wins-2026-11-28-cah-5pt5wins,cfb,0.0000,0,2026-09-16T10:29:10Z,,,,0.000013,7.500000,0.774,,7
2026-09-16,aachc-cfb-wins-2026-11-28-tx-9pt5wins,cfb,0.0004,0,2026-09-16T10:29:10Z,,,,0.001793,7.500000,0.712,,7
2026-09-16,aachc-cfb-wins-2026-11-28-missr-5pt5wins,cfb,0.4400,1,2026-09-16T10:29:10Z,,,,0.151088,7.500000,9.318,,5
2026-09-16,aachc-cfb-wins-2026-11-28-mst-5pt5wins,cfb,0.0000,0,2026-09-16T10:29:10Z,,,,0.000007,7.500000,0.529,,4
2026-09-16,aachc-cfb-wins-2026-11-28-fl-9pt5wins,cfb,0.0001,0,2026-09-16T10:29:10Z,,,,0.000378,7.500000,0.779,,6
2026-09-16,aachc-cfb-wins-2026-11-28-uk-5pt5wins,cfb,0.0000,0,2026-09-16T10:29:10Z,,,,0.000095,7.500000,0.028,,4
2026-09-16,aachc-cfb-wins-2026-11-28-ala-9pt5wins,cfb,0.0000,0,2026-09-16T10:29:10Z,,,,0.000023,7.500000,0.028,,6
2026-09-16,aachc-cfb-wins-2026-11-28-utah-10pt5wins,cfb,0.0014,0,2026-09-16T10:29:10Z,,,,0.003639,7.500000,1.253,,6
2026-09-16,aachc-cfb-wins-2026-11-28-txtech-11pt5wins,cfb,0.0003,0,2026-09-16T10:29:10Z,,,,0.001127,7.500000,0.751,,7
2026-09-16,ussewc-usse-sd-2026-11-03-rep,politics,1.3943,0,2026-09-16T11:29:24Z,,,,0.660240,6.250000,8.110,,4
2026-09-16,aachc-cfb-wins-2026-11-28-ncar-5pt5wins,cfb,0.0002,0,2026-09-16T11:29:24Z,,,,0.000600,7.500000,1.046,,5
2026-09-16,aachc-cfb-wins-2026-11-28-ga-10pt5wins,cfb,0.0000,0,2026-09-16T11:29:24Z,,,,0.000005,7.500000,0.996,,6
2026-09-16,aachc-cfb-wins-2026-11-28-frest-6pt5wins,cfb,0.0005,0,2026-09-16T11:29:24Z,,,,0.002009,7.500000,0.807,,3
2026-09-16,aachc-cfb-wins-2026-11-28-tcu-6pt5wins,cfb,0.0000,0,2026-09-16T11:29:24Z,,,,0.000017,7.500000,0.762,,7
2026-09-16,aachc-cfb-wins-2026-11-28-tenn-8pt5wins,cfb,0.0000,0,2026-09-16T11:29:24Z,,,,0.000052,7.500000,0.762,,8
2026-09-16,aachc-cfb-wins-2026-11-28-sc-5pt5wins,cfb,0.0210,0,2026-09-16T11:29:24Z,,,,0.043054,7.500000,1.564,,5
2026-09-16,aachc-cfb-wins-2026-11-28-byu-9pt5wins,cfb,0.0000,0,2026-09-16T11:29:24Z,,,,0.000034,7.500000,1.002,,5
2026-09-16,aachc-cfb-wins-ou-2026-11-28-flst,cfb,0.0001,0,2026-09-16T11:29:24Z,,,,0.004463,0.493421,0.752,,7
2026-09-16,aachc-cfb-wins-ou-2026-11-28-gtech,cfb,0.0000,0,2026-09-16T11:29:24Z,,,,0.000247,0.493421,0.657,,10
2026-09-16,aachc-cfb-wins-2026-11-28-txam-8pt5wins,cfb,0.0001,0,2026-09-16T11:29:24Z,,,,0.000466,7.500000,0.785,,8
2026-09-16,ewc-usse-nc-2026-11-03-dem,politics,0.0127,0,2026-09-16T12:37:40Z,,,,0.002918,375.000000,0.278,,6
2026-09-16,ussewc-usse-ri-2026-11-03-dem,politics,0.1041,0,2026-09-16T13:41:15Z,,,,0.097428,6.250000,4.102,,9
2026-09-16,ewc-usse-mn-2026-11-03-rep,politics,0.6020,0,2026-09-16T13:41:15Z,,,,0.035819,150.000000,2.689,,6
2026-09-16,ewc-usgub-wi-2026-11-03-dem,politics,0.0093,0,2026-09-16T13:41:15Z,,,,0.009847,150.000000,0.150,,8
2026-09-16,usgubewc-usgub-ma-2026-11-03-rep,politics,0.0847,0,2026-09-16T14:58:57Z,,,,0.051069,6.250000,6.368,,4
2026-09-16,usgubewc-usgub-id-2026-11-03-rep,politics,0.0797,1,2026-09-16T14:58:57Z,,,,0.114518,6.250000,2.671,,4
2026-09-16,usgubewc-usgub-mn-2026-11-03-rep,politics,0.0401,1,2026-09-16T14:58:57Z,,,,0.047266,6.250000,3.256,,15
2026-09-16,ussewc-usse-id-2026-11-03-rep,politics,0.1803,0,2026-09-16T16:05:01Z,,,,0.187360,6.250000,3.696,,6
2026-09-16,aachc-cfb-wins-2026-11-28-ill-8pt5wins,cfb,0.0000,0,2026-09-16T16:05:01Z,,,,0.000066,7.500000,1.002,,7
2026-09-16,usgubewc-usgub-ok-2026-11-03-rep,politics,0.4958,1,2026-09-16T17:05:13Z,,,,0.189300,6.250000,10.057,,6
2026-09-16,aachc-cfb-wins-2026-11-28-washst-7pt5wins,cfb,0.0000,1,2026-09-16T17:05:13Z,,,,,,,,5
2026-09-16,aachc-cfb-wins-2026-11-28-smu-10pt5wins,cfb,0.0001,0,2026-09-16T17:05:13Z,,,,0.000273,7.500000,1.675,,4
2026-09-16,aachc-cfb-wins-2026-11-28-sdst-9pt5wins,cfb,0.0955,0,2026-09-16T17:05:13Z,,,,0.097693,7.500000,3.128,,5
2026-09-16,ussewc-usse-nm-2026-11-03-rep,politics,0.2758,1,2026-09-16T18:11:41Z,,,,0.119516,6.250000,8.860,,4
2026-09-16,aachc-cfb-wins-2026-11-28-ohiost-10pt5wins,cfb,0.0001,0,2026-09-16T18:11:41Z,,,,0.000198,7.500000,0.818,,7
2026-09-16,usgubewc-usgub-ak-2026-11-03-tombeg,politics,0.0001,0,2026-09-16T18:11:41Z,,,,0.000273,42.857143,0.217,,4
2026-09-16,usgubewc-usgub-ak-2026-11-03-adacru,politics,0.0001,0,2026-09-16T18:11:41Z,,,,0.000149,42.857143,0.273,,6
2026-09-16,tec-nfl-coty-2027-02-11-w-mikmcc,nfl,0.0000,0,2026-09-16T18:11:41Z,,,,0.000006,4.687500,0.289,,10
2026-09-16,ftsc-nfl-qbmostfp-2027-01-10-dramay,nfl,0.0040,0,2026-09-16T18:11:41Z,,,,0.223329,1.562500,0.273,,8
2026-09-16,ftsc-nfl-flexmostfp-2027-01-10-camska,nfl,0.0008,0,2026-09-16T18:11:41Z,,,,0.074940,1.063830,0.239,,8
2026-09-16,ftsc-nfl-flexmostfp-2027-01-10-ashjea,nfl,0.0001,0,2026-09-16T18:11:41Z,,,,0.070709,1.063830,0.039,,6
2026-09-16,ftsc-nfl-flexmostfp-2027-01-10-abro,nfl,0.0029,0,2026-09-16T18:11:41Z,,,,0.269167,1.063830,0.239,,8
2026-09-16,ftsc-nfl-kmostfp-2027-01-10-jassan,nfl,0.0000,0,2026-09-16T18:11:41Z,,,,0.003714,1.562500,0.089,,6
2026-09-16,ftsc-nfl-dstmostfp-2027-01-10-jax,nfl,0.0004,0,2026-09-16T18:11:41Z,,,,0.126582,1.562500,0.050,,7
2026-09-16,usgubewc-usgub-nm-2026-11-03-rep,politics,0.1732,1,2026-09-16T19:16:41Z,,,,0.118068,6.250000,5.632,,4
2026-09-16,aachc-cfb-wins-2026-11-28-utahst-4pt5wins,cfb,0.0000,1,2026-09-16T19:16:41Z,,,,0.000058,7.500000,1.453,,4
2026-09-16,ussewc-usse-ok-2026-11-03-dem,politics,0.1006,0,2026-09-16T20:32:02Z,,,,0.188059,6.250000,2.054,,6
2026-09-16,ewc-usse-ga-2026-11-03-rep,politics,0.0466,0,2026-09-16T20:32:02Z,,,,0.003249,375.000000,0.918,,8
2026-09-16,aachc-cfb-wins-2026-11-28-pennst-10pt5wins,cfb,0.0001,0,2026-09-16T20:32:02Z,,,,0.000407,7.500000,0.880,,7
2026-09-16,ussewc-usse-wy-2026-11-03-dem,politics,0.0000,0,2026-09-16T20:32:02Z,,,,,6.250000,6.951,,6
2026-09-16,usgubewc-usgub-ak-2026-11-03-bilwal,politics,0.0000,0,2026-09-16T20:32:02Z,,,,,42.857143,1.180,,5
2026-09-16,paccc-balpow-2026-11-03-rsweep,politics,0.0377,0,2026-09-16T20:32:02Z,,,,0.018862,187.500000,0.256,,8
2026-09-16,aachc-cfb-wins-2026-11-28-boscol-5pt5wins,cfb,0.0000,0,2026-09-16T21:40:49Z,,,,0.000057,7.500000,0.791,,6
2026-09-16,aachc-cfb-wins-2026-11-28-hou-10pt5wins,cfb,0.0004,0,2026-09-16T21:40:49Z,,,,0.004470,7.500000,0.279,,6
2026-09-16,aachc-cfb-wins-2026-11-28-missr-7pt5wins,cfb,0.0000,0,2026-09-16T21:40:49Z,,,,0.000137,7.500000,0.751,,4
2026-09-16,ussewc-usse-sd-2026-11-03-briben,politics,0.0005,0,2026-09-16T23:58:46Z,,,,0.002091,6.250000,0.901,,5
2026-09-16,aachc-cfb-wins-2026-11-28-ala-10pt5wins,cfb,0.0000,1,2026-09-16T23:58:46Z,,,,,,,,7
2026-09-16,ussewc-usse-ok-2026-11-03-rep,politics,0.1327,1,2026-09-17T01:00:15Z,,,,0.200388,6.250000,2.543,,5
2026-09-16,usgubewc-usgub-nm-2026-11-03-dem,politics,0.0350,1,2026-09-17T01:00:15Z,,,,0.049891,6.250000,2.694,,4
2026-09-16,ewc-usse-tx-2026-11-03-dem,politics,0.1302,0,2026-09-17T01:00:15Z,,,,0.021092,375.000000,0.395,,15
2026-09-16,scc-hrep-rep-2026-11-03-gte180,politics,0.6195,2,2026-09-17T01:00:15Z,,,,0.245670,25.000000,2.421,,5
2026-09-16,aachc-cfb-wins-2026-11-28-aubrn-6pt5wins,cfb,0.0217,1,2026-09-17T01:00:15Z,,,,0.021817,7.500000,3.183,,6
2026-09-16,usgubewc-usgub-tn-2026-11-03-dem,politics,0.0289,1,2026-09-17T02:06:22Z,,,,0.059805,6.250000,1.853,,5
2026-09-16,aachc-cfb-wins-ou-2026-11-28-stan,cfb,0.0000,0,2026-09-17T02:06:22Z,,,,0.000698,0.493421,0.763,,8
2026-09-16,aachc-cfb-wins-2026-11-28-arz-7pt5wins,cfb,0.0062,1,2026-09-17T02:06:22Z,,,,0.014859,7.500000,1.330,,6
2026-09-16,aachc-cfb-wins-2026-11-28-boise-9pt5wins,cfb,0.0002,0,2026-09-17T02:06:22Z,,,,0.000879,7.500000,0.896,,6
2026-09-16,ussewc-usse-ky-2026-11-03-dem,politics,0.0039,1,2026-09-17T03:17:22Z,,,,0.073054,6.250000,0.206,,5
2026-09-16,aachc-cfb-wins-2026-11-28-hou-9pt5wins,cfb,0.0011,1,2026-09-17T03:17:22Z,,,,0.004617,7.500000,0.779,,6
2026-09-16,aachc-cfb-wins-2026-11-28-gtech-6pt5wins,cfb,0.0000,1,2026-09-17T03:17:22Z,,,,0.000364,7.500000,0.328,,5
2026-09-16,aachc-cfb-wins-2026-11-28-ore-8pt5wins,cfb,0.0000,0,2026-09-17T03:17:22Z,,,,0.000010,7.500000,0.701,,7
2026-09-15,ewc-usgub-ga-2026-11-03-rep,politics,0.2811,0,2026-09-15T04:02:45Z,,,,0.002809,149.602372,15.979,,8
2026-09-15,ewc-usse-oh-2026-11-03-dem,politics,0.2544,0,2026-09-15T04:02:45Z,,,,0.001500,373.532326,10.819,,6
2026-09-15,ewc-usse-ia-2026-11-03-rep,politics,0.3629,1,2026-09-15T04:02:45Z,,,,0.001365,373.303735,16.959,,8
2026-09-15,ewc-usse-tx-2026-11-03-rep,politics,0.1291,1,2026-09-15T04:02:45Z,,,,0.001045,373.369498,7.904,,11
2026-09-15,usgubewc-usgub-nh-2026-11-03-rep,politics,0.3082,0,2026-09-15T04:02:45Z,,,,0.028561,62.499834,4.143,,5
2026-09-15,usgubewc-usgub-nh-2026-11-03-dem,politics,0.0000,1,2026-09-15T04:02:45Z,,,,,62.132991,7.212,,6
2026-09-15,ewc-usgub-ks-2026-11-03-dem,politics,0.0000,1,2026-09-15T04:02:45Z,,,,,,,,6
2026-09-15,usgubewc-usgub-fl-2026-11-03-rep,politics,3.4372,1,2026-09-15T04:02:45Z,,,,0.058409,62.287830,22.589,,7
2026-09-15,usgubewc-usgub-fl-2026-11-03-dem,politics,3.4969,1,2026-09-15T04:02:45Z,,,,0.060278,62.284741,22.272,,7
2026-09-15,ushrewc-ushr-ne-02-2026-11-03-rep,politics,3.5894,1,2026-09-15T04:02:45Z,,,,0.071029,62.252184,19.346,,4
2026-09-15,ussewc-usse-co-2026-11-03-rep,politics,0.9575,1,2026-09-15T04:02:45Z,,,,0.017035,62.277238,21.521,,3
2026-09-15,usgubewc-usgub-ny-2026-11-03-dem,politics,0.6888,1,2026-09-15T04:02:45Z,,,,0.013412,62.256091,19.658,,5
2026-09-15,ewc-usgub-ia-2026-11-03-rep,politics,2.2866,1,2026-09-15T04:02:45Z,,,,0.015588,149.141255,23.402,,10
2026-09-15,ewc-usgub-ia-2026-11-03-dem,politics,0.0907,1,2026-09-15T04:02:45Z,,,,0.000617,149.141255,23.402,,5
2026-09-15,ushrewc-ushr-oh-09-2026-11-03-rep,politics,0.8813,1,2026-09-15T04:02:45Z,,,,0.015145,62.285139,22.316,,5
2026-09-15,paccc-balpow-2026-11-03-dhou-rsen,politics,1.0211,1,2026-09-15T04:02:45Z,,,,0.006777,186.751754,19.219,,9
2026-09-15,ewc-usgub-wi-2026-11-03-rep,politics,0.1901,1,2026-09-15T04:02:45Z,,,,0.001313,149.501607,23.089,,8
2026-09-15,ushrewc-ushr-ca-45-2026-11-03-dem,politics,0.0161,1,2026-09-15T04:02:45Z,,,,0.004002,62.500167,1.546,,5
2026-09-15,ewc-usgub-mi-2026-11-03-rep,politics,0.0000,1,2026-09-15T04:02:45Z,,,,,,,,6
2026-09-15,usgubewc-usgub-sc-2026-11-03-dem,politics,0.0000,0,2026-09-15T04:02:45Z,,,,,6.208584,20.216,,8
2026-09-15,ussewc-usse-wy-2026-11-03-rep,politics,0.0841,0,2026-09-15T04:02:45Z,,,,0.056847,6.147492,5.586,,5
2026-09-15,ewc-usse-ne-2026-11-03-danosb,politics,0.0000,0,2026-09-15T04:02:45Z,,,,0.000002,4.166676,3.409,,6
2026-09-15,usgubewc-usgub-tn-2026-11-03-dem,politics,0.0066,0,2026-09-15T04:02:45Z,,,,0.002219,6.249993,11.400,,5
2026-09-15,ussewc-usse-or-2026-11-03-dem,politics,0.3301,0,2026-09-15T04:02:45Z,,,,0.104623,6.210065,12.004,,5
2026-09-15,ussewc-usse-nj-2026-11-03-dem,politics,0.2142,1,2026-09-15T04:02:45Z,,,,0.093348,6.219967,8.812,,7
2026-09-15,ussewc-usse-al-2026-11-03-dem,politics,0.7716,1,2026-09-15T04:02:45Z,,,,0.268633,6.193115,10.945,,9
2026-09-15,usgubewc-usgub-ar-2026-11-03-rep,politics,0.1170,0,2026-09-15T04:02:45Z,,,,0.059532,6.249994,7.545,,6
2026-09-15,usgubewc-usgub-mn-2026-11-03-dem,politics,0.1903,0,2026-09-15T04:02:45Z,,,,0.042989,6.200730,16.996,,5
2026-09-15,usgubewc-usgub-md-2026-11-03-rep,politics,0.7083,1,2026-09-15T04:02:45Z,,,,0.267933,6.228813,10.129,,5
2026-09-15,usgubewc-usgub-ri-2026-11-03-dem,politics,0.3263,1,2026-09-15T04:02:45Z,,,,0.204599,4.166666,9.188,,3
2026-09-15,ushrewc-ushr-me-02-2026-11-03-dem,politics,4.0425,1,2026-09-15T04:02:45Z,,,,0.080410,62.065464,19.271,,5
2026-09-15,ussewc-usse-ms-2026-11-03-rep,politics,0.1308,1,2026-09-15T04:02:45Z,,,,0.028575,6.202081,17.475,,4
2026-09-15,ewc-usgub-oh-2026-11-03-dem,politics,0.0000,1,2026-09-15T04:02:45Z,,,,,,,,6
2026-09-15,ewc-usse-nc-2026-11-03-rep,politics,0.3735,1,2026-09-15T04:02:45Z,,,,0.010185,375.000842,2.347,,7
2026-09-15,ushrewc-ushr-pa-01-2026-11-03-rep,politics,2.1940,1,2026-09-15T04:02:45Z,,,,0.041382,62.086935,20.272,,7
2026-09-15,ushrewc-ushr-mi-07-2026-11-03-dem,politics,2.6589,0,2026-09-15T04:02:45Z,,,,0.060013,62.005034,16.918,,6
2026-09-15,ushrewc-ushr-ny-17-2026-11-03-rep,politics,2.1799,0,2026-09-15T04:02:45Z,,,,0.058550,62.314415,14.267,,4
2026-09-15,paccc-usho-midterms-2026-11-03-rep,politics,8.4851,2,2026-09-15T04:02:45Z,,,,0.038137,374.094407,14.228,,16
2026-09-15,ushrewc-ushr-me-02-2026-11-03-rep,politics,2.3216,1,2026-09-15T04:02:45Z,,,,0.045148,62.075054,19.703,,5
2026-09-15,ushrewc-ushr-tx-34-2026-11-03-dem,politics,1.1525,0,2026-09-15T04:02:45Z,,,,0.017747,149.386983,10.363,,4
2026-09-15,ewc-usgub-az-2026-11-03-rep,politics,0.7590,1,2026-09-15T04:02:45Z,,,,0.005232,149.502863,23.145,,5
2026-09-15,usgubewc-usgub-tx-2026-11-03-rep,politics,3.1679,0,2026-09-15T04:02:45Z,,,,0.040381,149.491966,12.509,,5
2026-09-15,paccc-balpow-2026-11-03-dsweep,politics,1.0693,0,2026-09-15T04:02:45Z,,,,0.006989,186.621460,19.550,,13
2026-09-15,paccc-usse-midterms-2026-11-03-rep,politics,5.2455,1,2026-09-15T04:02:45Z,,,,0.015704,373.646964,21.265,,22
2026-09-15,ewc-usse-ia-2026-11-03-dem,politics,3.6284,1,2026-09-15T04:02:45Z,,,,0.010234,372.771566,22.546,,7
2026-09-15,ewc-usgub-nv-2026-11-03-rep,politics,2.3996,1,2026-09-15T04:02:45Z,,,,0.024109,149.132538,15.841,,7
2026-09-15,paccc-balpow-2026-11-03-rsweep,politics,0.4283,0,2026-09-15T04:02:45Z,,,,0.006149,186.603516,8.856,,7
2026-09-15,ussewc-usse-ky-2026-11-03-dem,politics,0.2458,0,2026-09-15T04:02:45Z,,,,0.079770,6.178985,11.791,,4
2026-09-15,paccc-usho-midterms-2026-11-03-dem,politics,1.9748,0,2026-09-15T04:02:45Z,,,,0.007776,371.873543,16.067,,19
2026-09-15,ushrewc-ushr-wa-03-2026-11-03-rep,politics,1.1181,1,2026-09-15T04:02:45Z,,,,0.065368,62.093657,6.516,,5
2026-09-15,ushrewc-ushr-wa-03-2026-11-03-dem,politics,3.1642,2,2026-09-15T04:02:45Z,,,,0.062259,62.254345,19.513,,4
2026-09-15,ushrewc-ushr-oh-09-2026-11-03-dem,politics,0.6300,0,2026-09-15T04:02:45Z,,,,0.067546,62.500314,3.581,,4
2026-09-15,ushrewc-ushr-ia-01-2026-11-03-dem,politics,0.5245,1,2026-09-15T04:02:45Z,,,,0.010407,62.067250,19.348,,4
2026-09-15,paccc-usse-midterms-2026-11-03-dem,politics,22.4697,2,2026-09-15T04:02:45Z,,,,0.071771,373.284749,20.029,,22
2026-09-15,ushrewc-ushr-va-02-2026-11-03-rep,politics,1.7722,1,2026-09-15T04:02:45Z,,,,0.035865,62.056198,18.864,,5
2026-09-15,ewc-usse-mi-2026-11-03-rep,politics,0.3330,0,2026-09-15T04:02:45Z,,,,0.008953,375.002500,2.380,,8
2026-09-15,ushrewc-ushr-tx-15-2026-11-03-rep,politics,0.7479,1,2026-09-15T04:02:45Z,,,,0.022039,62.296857,13.033,,5
2026-09-15,ewc-usse-mi-2026-11-03-dem,politics,0.4462,0,2026-09-15T04:02:45Z,,,,0.012026,374.998756,2.375,,6
2026-09-15,ushrewc-ushr-nc-01-2026-11-03-rep,politics,0.3246,1,2026-09-15T04:02:45Z,,,,0.006537,62.248529,19.068,,6
2026-09-15,ussewc-usse-nm-2026-11-03-dem,politics,0.0358,1,2026-09-15T04:02:45Z,,,,0.006675,6.222125,20.540,,6
2026-09-15,ushrewc-ushr-ne-02-2026-11-03-dem,politics,0.5546,0,2026-09-15T04:02:45Z,,,,0.033566,62.500086,6.345,,4
2026-09-15,ushrewc-ushr-ny-04-2026-11-03-rep,politics,0.2095,0,2026-09-15T04:02:45Z,,,,0.022778,62.499899,3.532,,5
2026-09-15,ewc-usse-me-2026-11-03-dem,politics,0.0877,0,2026-09-15T04:02:45Z,,,,0.008499,150.001263,1.651,,7
2026-09-15,ussewc-usse-va-2026-11-03-rep,politics,0.2354,0,2026-09-15T04:02:45Z,,,,0.047802,62.499604,1.891,,12
2026-09-15,ushrewc-ushr-ia-01-2026-11-03-rep,politics,0.4995,1,2026-09-15T04:02:45Z,,,,0.010074,62.248285,19.040,,5
2026-09-15,ushrewc-ushr-tx-34-2026-11-03-rep,politics,1.5307,0,2026-09-15T04:02:45Z,,,,0.022290,149.420628,10.963,,6
2026-09-15,ewc-usse-me-2026-11-03-rep,politics,0.0660,0,2026-09-15T04:02:45Z,,,,0.010154,149.999925,1.040,,10
2026-09-15,ewc-usgub-nv-2026-11-03-dem,politics,0.0733,1,2026-09-15T04:02:45Z,,,,0.035148,150.002064,0.334,,9
2026-09-15,usgubewc-usgub-tx-2026-11-03-dem,politics,0.4117,1,2026-09-15T04:02:45Z,,,,0.011571,149.999824,5.694,,7
2026-09-15,ewc-usgub-mi-2026-11-03-dem,politics,0.9447,1,2026-09-15T04:02:45Z,,,,0.024315,99.545931,9.324,,7
2026-09-15,ewc-usse-mn-2026-11-03-rep,politics,0.5299,0,2026-09-15T04:02:45Z,,,,0.010798,149.187375,7.817,,7
2026-09-15,ussewc-usse-il-2026-11-03-dem,politics,0.0261,0,2026-09-15T04:02:45Z,,,,0.005200,6.206349,19.181,,8
2026-09-15,aachc-cfb-wins-2026-11-28-nd-8pt5wins,cfb,0.2750,1,2026-09-15T04:02:45Z,,,,0.039119,7.455083,22.373,,9
2026-09-15,aachc-cfb-wins-2026-11-28-bayl-7pt5wins,cfb,0.0003,0,2026-09-15T04:02:45Z,,,,0.000039,7.456187,22.935,,7
2026-09-15,aachc-cfb-wins-2026-11-28-clmsn-6pt5wins,cfb,0.0011,0,2026-09-15T04:02:45Z,,,,0.000387,7.413449,7.938,,6
2026-09-15,aachc-cfb-wins-2026-11-28-bayl-8pt5wins,cfb,0.3324,0,2026-09-15T04:02:45Z,,,,0.069108,7.479305,15.345,,4
2026-09-15,aachc-cfb-wins-2026-11-28-txtech-11pt5wins,cfb,0.0007,1,2026-09-15T04:02:45Z,,,,0.000339,7.499998,6.473,,7
2026-09-15,aachc-cfb-wins-2026-11-28-usc-10pt5wins,cfb,0.0056,0,2026-09-15T04:02:45Z,,,,0.009373,7.360109,1.842,,5
2026-09-15,aachc-cfb-wins-2026-11-28-bayl-5pt5wins,cfb,0.1200,1,2026-09-15T04:02:45Z,,,,0.016845,7.455714,22.691,,6
2026-09-15,aachc-cfb-wins-2026-11-28-mspst-6pt5wins,cfb,0.3247,0,2026-09-15T04:02:45Z,,,,0.050196,7.450845,20.438,,6
2026-09-15,aachc-cfb-wins-2026-11-28-boise-8pt5wins,cfb,0.0718,0,2026-09-15T04:02:45Z,,,,0.025203,7.436697,9.085,,7
2026-09-15,aachc-cfb-wins-ou-2026-11-28-ore,cfb,0.0000,0,2026-09-15T04:02:45Z,,,,0.000134,0.493421,6.027,,8
2026-09-15,aachc-cfb-wins-2026-11-28-frest-8pt5wins,cfb,0.0598,0,2026-09-15T04:02:45Z,,,,0.012044,7.463519,15.770,,5
2026-09-15,aachc-cfb-wins-2026-11-28-arz-5pt5wins,cfb,0.1721,0,2026-09-15T04:02:45Z,,,,0.057365,7.393436,9.428,,5
2026-09-15,aachc-cfb-wins-ou-2026-11-28-iowast,cfb,0.0000,0,2026-09-15T04:02:45Z,,,,0.000016,0.493420,6.217,,5
2026-09-15,aachc-cfb-wins-2026-11-28-syra-3pt5wins,cfb,0.0013,0,2026-09-15T04:02:45Z,,,,0.003557,7.500030,1.202,,6
2026-09-15,aachc-cfb-wins-2026-11-28-colst-2pt5wins,cfb,0.0001,0,2026-09-15T04:02:45Z,,,,0.000048,7.500008,6.122,,8
2026-09-15,ussewc-usse-or-2026-11-03-rep,politics,0.0542,2,2026-09-15T04:02:45Z,,,,0.010020,6.209409,20.627,,6
2026-09-15,scc-senate-gop-2026-11-03-54,politics,0.0294,0,2026-09-15T04:02:45Z,,,,0.001911,22.882510,15.901,,10
2026-09-15,usgubewc-usgub-co-2026-11-03-dem,politics,0.0003,0,2026-09-15T04:02:45Z,,,,0.000072,6.198872,16.379,,9
2026-09-15,scc-senate-gop-2026-11-03-51,politics,2.3879,1,2026-09-15T04:02:45Z,,,,0.143047,22.897416,17.224,,7
2026-09-15,scc-senate-gop-2026-11-03-55,politics,0.0745,1,2026-09-15T04:02:45Z,,,,0.003697,22.928674,20.856,,10
2026-09-15,ewc-usse-ne-2026-11-03-dem,politics,0.1746,0,2026-09-15T04:02:45Z,,,,0.042803,4.142813,23.402,,3
2026-09-15,ussewc-usse-mt-2026-11-03-setbod,politics,0.1399,1,2026-09-15T04:02:45Z,,,,0.041824,4.137594,19.198,,5
2026-09-15,scc-senate-gop-2026-11-03-49,politics,0.2219,1,2026-09-15T04:02:45Z,,,,0.012530,22.909082,18.420,,9
2026-09-15,scc-senate-gop-2026-11-03-gte57,politics,0.4805,0,2026-09-15T04:02:45Z,,,,0.024311,22.964509,20.453,,8
2026-09-15,enwc-uspres-nom-rep-2028-dontru,politics,0.0001,0,2026-09-15T04:02:45Z,,,,0.000010,35.714306,7.868,,9
2026-09-15,scc-hrep-rep-2026-11-03-gte225,politics,2.0650,1,2026-09-15T04:02:45Z,,,,0.122279,24.791835,16.090,,6
2026-09-15,scc-senate-gop-2026-11-03-52,politics,3.0959,1,2026-09-15T04:02:45Z,,,,0.146869,22.935304,21.829,,11
2026-09-15,usgubewc-usgub-al-2026-11-03-dem,politics,0.0000,0,2026-09-15T04:02:45Z,,,,,6.209401,14.101,,4
2026-09-15,scc-senate-gop-2026-11-03-56,politics,0.0644,0,2026-09-15T04:02:45Z,,,,0.003192,22.928499,20.833,,9
2026-09-15,scc-senate-gop-2026-11-03-53,politics,0.0185,0,2026-09-15T04:02:45Z,,,,0.000961,22.962771,20.143,,9
2026-09-15,enwc-uspres-nom-dem-2028-markel,politics,0.0501,1,2026-09-15T04:02:45Z,,,,0.002230,29.288024,18.228,,7
2026-09-15,usgubewc-usgub-ne-2026-11-03-rep,politics,0.0001,1,2026-09-15T04:02:45Z,,,,0.000028,6.209719,14.213,,6
2026-09-15,ussewc-usse-wy-2026-11-03-dem,politics,0.0000,0,2026-09-15T04:02:45Z,,,,,6.250042,1.196,,7
2026-09-15,usgubewc-usgub-ar-2026-11-03-dem,politics,0.0000,0,2026-09-15T04:02:45Z,,,,,6.210817,21.372,,7
2026-09-15,usgubewc-usgub-il-2026-11-03-dem,politics,0.7252,0,2026-09-15T04:02:45Z,,,,0.143391,6.220279,19.261,,5
2026-09-15,usgubewc-usgub-or-2026-11-03-rep,politics,0.0000,0,2026-09-15T04:02:45Z,,,,,6.203818,12.400,,7
2026-09-15,usgubewc-usgub-co-2026-11-03-rep,politics,0.0000,0,2026-09-15T04:02:45Z,,,,,6.200096,16.779,,7
2026-09-15,pvwc-usgub-ny-nas-2026-11-03-kathoc,politics,0.0000,0,2026-09-15T04:02:45Z,,,,,6.194023,14.956,,5
2026-09-15,usgubewc-usgub-me-2026-11-03-dem,politics,0.0000,0,2026-09-15T04:02:45Z,,,,0.000001,6.250020,7.268,,6
2026-09-15,scc-senate-gop-2026-11-03-50,politics,1.2437,1,2026-09-15T04:02:45Z,,,,0.060507,22.930844,21.167,,9
2026-09-15,usgubewc-usgub-sc-2026-11-03-rep,politics,0.3368,1,2026-09-15T04:02:45Z,,,,0.054730,6.213763,23.108,,6
2026-09-15,usgubewc-usgub-ma-2026-11-03-dem,politics,0.0000,0,2026-09-15T04:02:45Z,,,,,6.206360,13.123,,5
2026-09-15,ussewc-usse-ma-2026-11-03-dem,politics,0.2821,0,2026-09-15T04:02:45Z,,,,0.059097,6.215833,18.224,,5
2026-09-15,ussewc-usse-il-2026-11-03-rep,politics,0.0000,0,2026-09-15T04:02:45Z,,,,,6.225659,19.697,,7
2026-09-15,ussewc-usse-ar-2026-11-03-dem,politics,0.2294,1,2026-09-15T04:02:45Z,,,,0.062610,6.231134,14.033,,6
2026-09-15,scc-hrep-rep-2026-11-03-gte220,politics,1.8801,2,2026-09-15T04:02:45Z,,,,0.092129,24.828635,19.548,,8
2026-09-15,usgubewc-usgub-il-2026-11-03-rep,politics,0.0000,0,2026-09-15T04:02:45Z,,,,,6.205575,12.889,,6
2026-09-15,usgubewc-usgub-wy-2026-11-03-dem,politics,0.0000,0,2026-09-15T04:02:45Z,,,,,6.226158,9.005,,6
2026-09-15,usgubewc-usgub-id-2026-11-03-dem,politics,0.0000,0,2026-09-15T04:02:45Z,,,,,6.213592,13.169,,9
2026-09-15,ussewc-usse-ok-2026-11-03-rep,politics,0.0012,0,2026-09-15T04:02:45Z,,,,0.000451,6.249988,10.248,,4
2026-09-15,usgubewc-usgub-sd-2026-11-03-dem,politics,0.0041,0,2026-09-15T04:02:45Z,,,,0.001265,6.211823,12.556,,5
2026-09-15,enwc-uspres-nom-dem-2028-dwajoh,politics,0.0000,0,2026-09-15T04:02:45Z,,,,0.000081,29.425251,0.028,,5
2026-09-15,aachc-cfb-wins-2026-11-28-washst-4pt5wins,cfb,0.4591,0,2026-09-15T04:02:45Z,,,,0.088064,7.439062,16.490,,5
2026-09-15,aachc-cfb-wins-2026-11-28-pennst-9pt5wins,cfb,0.0012,0,2026-09-15T04:02:45Z,,,,0.000210,7.446430,18.754,,7
2026-09-15,aachc-cfb-wins-2026-11-28-missr-7pt5wins,cfb,0.0688,0,2026-09-15T04:02:45Z,,,,0.020167,7.470880,10.908,,5
2026-09-15,aachc-cfb-wins-2026-11-28-oregst-5pt5wins,cfb,0.0001,0,2026-09-15T04:02:45Z,,,,0.000022,7.447666,19.198,,5
2026-09-15,aachc-cfb-wins-2026-11-28-vir-5pt5wins,cfb,0.0247,0,2026-09-15T04:02:45Z,,,,0.004528,7.442232,17.396,,7
2026-09-15,aachc-cfb-wins-2026-11-28-vir-7pt5wins,cfb,0.0069,0,2026-09-15T04:02:45Z,,,,0.000966,7.455676,22.668,,8
2026-09-15,ussewc-usse-sc-2026-11-03-rep,politics,0.0000,0,2026-09-15T05:03:53Z,,,,,6.208095,13.662,,5
2026-09-15,ussewc-usse-fl-2026-11-03-dem,politics,0.0002,0,2026-09-15T05:03:53Z,,,,0.000115,6.190196,9.575,,8
2026-09-15,usgubewc-usgub-pa-2026-11-03-dem,politics,0.7098,0,2026-09-15T05:03:53Z,,,,0.192049,6.190409,14.049,,7
2026-09-15,usgubewc-usgub-or-2026-11-03-dem,politics,0.0000,0,2026-09-15T05:03:53Z,,,,,6.189903,13.933,,6
2026-09-15,usgubewc-usgub-al-2026-11-03-rep,politics,0.0226,0,2026-09-15T05:03:53Z,,,,0.066056,5.770250,1.193,,7
2026-09-15,usgubewc-usgub-ct-2026-11-03-dem,politics,0.0029,0,2026-09-15T05:03:53Z,,,,0.000835,6.222824,13.171,,4
2026-09-15,scc-hrep-rep-2026-11-03-gte185,politics,5.5943,1,2026-09-15T06:04:14Z,,,,0.428078,24.730658,12.437,,5
2026-09-15,ewc-usse-ga-2026-11-03-rep,politics,0.0651,0,2026-09-15T07:05:04Z,,,,0.000989,374.999692,4.215,,7
2026-09-15,ewc-usse-nc-2026-11-03-dem,politics,0.0108,0,2026-09-15T07:05:04Z,,,,0.002312,374.985074,0.300,,6
2026-09-15,ushrewc-ushr-nj-07-2026-11-03-dem,politics,1.5348,1,2026-09-15T11:07:20Z,,,,0.045145,61.854413,12.970,,5
2026-09-15,ushrewc-ushr-tx-15-2026-11-03-dem,politics,2.8434,1,2026-09-15T11:07:20Z,,,,0.079210,61.885761,13.632,,7
2026-09-15,usgubewc-usgub-ak-2026-11-03-davbro,politics,7.6202,2,2026-09-15T11:07:20Z,,,,0.427382,42.276665,9.890,,8
2026-09-15,usgubewc-usgub-ak-2026-11-03-berwil,politics,7.8760,1,2026-09-15T11:07:20Z,,,,0.469606,42.662686,9.331,,5
2026-09-15,scc-hrep-rep-2026-11-03-gte235,politics,8.0927,1,2026-09-15T11:07:20Z,,,,0.543351,24.763281,14.149,,8
2026-09-15,usgubewc-usgub-ak-2026-11-03-jonkre,politics,4.7613,1,2026-09-15T12:07:50Z,,,,0.208468,42.403006,12.642,,8
2026-09-15,ushrewc-ushr-ca-13-2026-11-03-rep,politics,2.8232,0,2026-09-15T12:07:50Z,,,,0.102753,61.701258,10.484,,5
2026-09-15,aachc-cfb-wins-2026-11-28-pur-2pt5wins,cfb,0.0000,0,2026-09-15T12:07:50Z,,,,0.000027,7.499915,0.745,,6
2026-09-15,aachc-cfb-wins-2026-11-28-iowast-4pt5wins,cfb,0.7470,1,2026-09-15T12:07:50Z,,,,0.184658,7.421516,12.804,,6
2026-09-15,aachc-cfb-wins-2026-11-28-duke-6pt5wins,cfb,0.2753,1,2026-09-15T12:07:50Z,,,,0.097338,7.387260,8.911,,6
2026-09-15,ussewc-usse-ma-2026-11-03-rep,politics,0.3362,1,2026-09-15T12:58:49Z,,,,0.167199,6.187592,7.685,,5
2026-09-15,ussewc-usse-tn-2026-11-03-dem,politics,1.8081,2,2026-09-15T12:58:49Z,,,,0.533212,6.201768,12.908,,5
2026-09-15,ussewc-usse-ri-2026-11-03-rep,politics,0.1205,1,2026-09-15T12:58:49Z,,,,0.098744,6.146415,4.627,,8
2026-09-15,usgubewc-usgub-hi-2026-11-03-dem,politics,0.0884,1,2026-09-15T12:58:49Z,,,,0.058206,6.202448,5.565,,4
2026-09-15,ussewc-usse-la-2026-11-03-dem,politics,0.0821,1,2026-09-15T12:58:49Z,,,,0.066101,6.067980,4.600,,5
2026-09-15,ussewc-usse-sd-2026-11-03-briben,politics,0.0441,0,2026-09-15T12:58:49Z,,,,0.170062,5.971031,0.949,,6
2026-09-15,ussewc-usse-mt-2026-11-03-rep,politics,0.0182,0,2026-09-15T12:58:49Z,,,,0.038938,3.948065,2.554,,6
2026-09-15,ussewc-usse-wv-2026-11-03-rep,politics,0.0335,1,2026-09-15T12:58:49Z,,,,0.012277,6.203739,10.360,,6
2026-09-15,scc-hrep-rep-2026-11-03-gte210,politics,4.1171,1,2026-09-15T12:58:49Z,,,,0.375941,24.781026,10.459,,6
2026-09-15,scc-hrep-rep-2026-11-03-gte205,politics,2.8593,1,2026-09-15T12:58:49Z,,,,0.251326,24.921104,10.891,,5
2026-09-15,ussewc-usse-ky-2026-11-03-rep,politics,0.0180,0,2026-09-15T12:58:49Z,,,,0.009059,6.203177,7.644,,6
2026-09-15,scc-senate-gop-2026-11-03-lte45,politics,1.6781,1,2026-09-15T12:58:49Z,,,,0.141413,23.012548,12.321,,14
2026-09-15,scc-hrep-rep-2026-11-03-gte230,politics,0.0023,1,2026-09-15T12:58:49Z,,,,0.000174,24.999961,12.492,,6
2026-09-15,aachc-cfb-wins-2026-11-28-ill-7pt5wins,cfb,0.3911,1,2026-09-15T12:58:49Z,,,,0.095971,7.421930,12.870,,5
2026-09-15,aachc-cfb-wins-2026-11-28-pitt-9pt5wins,cfb,0.1433,1,2026-09-15T12:58:49Z,,,,0.052463,7.420323,8.623,,5
2026-09-15,aachc-cfb-wins-2026-11-28-frest-7pt5wins,cfb,0.6802,0,2026-09-15T12:58:49Z,,,,0.178698,7.416218,11.991,,4
2026-09-15,aachc-cfb-wins-ou-2026-11-28-pennst,cfb,0.0000,0,2026-09-15T12:58:49Z,,,,0.000005,0.464432,0.721,,9
2026-09-15,aachc-cfb-wins-2026-11-28-fl-7pt5wins,cfb,0.0000,0,2026-09-15T12:58:49Z,,,,0.000006,7.250214,1.272,,7
2026-09-15,aachc-cfb-wins-2026-11-28-colst-4pt5wins,cfb,0.0000,0,2026-09-15T12:58:49Z,,,,0.000113,7.500402,0.061,,7
2026-09-15,aachc-cfb-wins-2026-11-28-wake-4pt5wins,cfb,0.0577,0,2026-09-15T12:58:49Z,,,,0.022425,7.375742,8.086,,4
2026-09-15,aachc-cfb-wins-2026-11-28-rutger-4pt5wins,cfb,0.3129,0,2026-09-15T12:58:49Z,,,,0.101187,7.398221,9.872,,8
2026-09-15,aachc-cfb-wins-2026-11-28-vand-3pt5wins,cfb,0.1113,0,2026-09-15T12:58:49Z,,,,0.038787,7.388831,9.039,,8
2026-09-15,aachc-cfb-wins-2026-11-28-colst-5pt5wins,cfb,0.1128,2,2026-09-15T12:58:49Z,,,,0.067868,7.440267,5.315,,4
2026-09-15,aachc-cfb-wins-2026-11-28-mia-11pt5wins,cfb,0.0000,0,2026-09-15T12:58:49Z,,,,0.000004,7.500794,0.122,,5
2026-09-15,aachc-cfb-wins-2026-11-28-iowast-3pt5wins,cfb,0.1654,2,2026-09-15T12:58:49Z,,,,0.049628,7.403800,10.445,,4
2026-09-15,aachc-cfb-wins-2026-11-28-ala-9pt5wins,cfb,0.0000,0,2026-09-15T12:58:49Z,,,,0.000141,7.500005,1.190,,5
2026-09-15,aachc-cfb-wins-2026-11-28-kan-5pt5wins,cfb,0.0244,1,2026-09-15T12:58:49Z,,,,0.005552,7.427791,13.916,,6
2026-09-15,aachc-cfb-wins-2026-11-28-vtech-5pt5wins,cfb,0.2218,0,2026-09-15T12:58:49Z,,,,0.128122,7.442332,5.509,,8
2026-09-15,aachc-cfb-wins-2026-11-28-fl-9pt5wins,cfb,0.0002,0,2026-09-15T12:58:49Z,,,,0.000509,7.093951,0.782,,6
2026-09-15,aachc-cfb-wins-2026-11-28-pennst-7pt5wins,cfb,0.0920,0,2026-09-15T12:58:49Z,,,,0.039163,7.363766,7.375,,13
2026-09-15,aachc-cfb-wins-2026-11-28-wisc-5pt5wins,cfb,0.0000,0,2026-09-15T12:58:49Z,,,,0.000006,7.499882,0.795,,5
2026-09-15,aachc-cfb-wins-2026-11-28-duke-7pt5wins,cfb,0.0045,1,2026-09-15T12:58:49Z,,,,0.014885,7.165351,0.949,,5
2026-09-15,aachc-cfb-wins-2026-11-28-boise-5pt5wins,cfb,0.5058,1,2026-09-15T12:58:49Z,,,,0.119041,7.424898,13.376,,13
2026-09-15,aachc-cfb-wins-2026-11-28-flst-6pt5wins,cfb,0.0015,1,2026-09-15T12:58:49Z,,,,0.010645,7.500030,0.451,,5
2026-09-15,aachc-cfb-wins-2026-11-28-flst-5pt5wins,cfb,0.0028,0,2026-09-15T12:58:49Z,,,,0.000639,7.450508,13.884,,7
2026-09-15,ussewc-usse-nm-2026-11-03-rep,politics,0.0505,0,2026-09-15T12:58:49Z,,,,0.041375,6.250027,4.677,,4
2026-09-15,ussewc-usse-ok-2026-11-03-dem,politics,0.0000,0,2026-09-15T12:58:49Z,,,,0.003283,6.249952,0.017,,4
2026-09-15,ussewc-usse-al-2026-11-03-rep,politics,0.0120,0,2026-09-15T12:58:49Z,,,,0.027317,6.120158,1.653,,4
2026-09-15,ussewc-usse-nj-2026-11-03-rep,politics,0.0379,0,2026-09-15T12:58:49Z,,,,0.025906,6.144902,5.447,,4
2026-09-15,aachc-cfb-wins-ou-2026-11-28-utahst,cfb,0.0236,1,2026-09-15T12:58:49Z,,,,0.191417,0.485850,5.971,,5
2026-09-15,aachc-cfb-wins-ou-2026-11-28-okl,cfb,0.0000,0,2026-09-15T12:58:49Z,,,,0.144455,0.493673,0.011,,7
2026-09-15,aachc-cfb-wins-2026-11-28-txst-4pt5wins,cfb,0.0001,0,2026-09-15T12:58:49Z,,,,0.000234,7.500014,1.562,,7
2026-09-15,aachc-cfb-wins-2026-11-28-mary-7pt5wins,cfb,0.0000,0,2026-09-15T12:58:49Z,,,,0.000241,6.614576,0.776,,6
2026-09-15,usgubewc-usgub-tn-2026-11-03-rep,politics,0.2086,1,2026-09-15T14:00:12Z,,,,0.126052,6.215532,6.231,,4
2026-09-15,usgubewc-usgub-ri-2026-11-03-kenblo,politics,0.0000,0,2026-09-15T14:00:12Z,,,,0.000001,4.166671,1.474,,6
2026-09-15,usgubewc-usgub-ok-2026-11-03-dem,politics,0.4518,1,2026-09-15T14:00:12Z,,,,0.254955,6.164538,6.700,,7
2026-09-15,ussewc-usse-ks-2026-11-03-dem,politics,0.1677,1,2026-09-15T14:00:12Z,,,,0.051240,6.204357,12.544,,8
2026-09-15,scc-hrep-rep-2026-11-03-gte200,politics,4.4919,2,2026-09-15T14:00:12Z,,,,0.414052,24.778395,10.337,,5
2026-09-15,aachc-cfb-wins-2026-11-28-txam-9pt5wins,cfb,0.0000,0,2026-09-15T14:00:12Z,,,,0.000001,7.503071,0.033,,7
2026-09-15,aachc-cfb-wins-2026-11-28-txtech-10pt5wins,cfb,0.0000,0,2026-09-15T14:00:12Z,,,,0.000023,7.500137,0.739,,7
2026-09-15,aachc-cfb-wins-2026-11-28-smu-10pt5wins,cfb,0.0000,0,2026-09-15T14:00:12Z,,,,0.000105,7.499894,0.745,,5
2026-09-15,aachc-cfb-wins-2026-11-28-kanst-10pt5wins,cfb,0.0445,0,2026-09-15T14:00:12Z,,,,0.017470,7.414484,8.034,,5
2026-09-15,aachc-cfb-wins-2026-11-28-col-5pt5wins,cfb,0.0009,0,2026-09-15T14:00:12Z,,,,0.003676,7.499965,0.745,,4
2026-09-15,aachc-cfb-wins-2026-11-28-txst-6pt5wins,cfb,0.0049,0,2026-09-15T14:00:12Z,,,,0.466878,7.497914,0.033,,3
2026-09-15,aachc-cfb-wins-2026-11-28-wvir-5pt5wins,cfb,0.0000,0,2026-09-15T14:00:12Z,,,,0.000007,7.499942,1.457,,5
2026-09-15,aachc-cfb-wins-2026-11-28-cin-7pt5wins,cfb,0.1598,1,2026-09-15T14:00:12Z,,,,0.063552,7.413754,7.967,,5
2026-09-15,aachc-cfb-wins-ou-2026-11-28-boscol,cfb,0.0000,0,2026-09-15T14:00:12Z,,,,0.000519,0.493425,1.401,,8
2026-09-15,aachc-cfb-wins-2026-11-28-miss-9pt5wins,cfb,0.1123,0,2026-09-15T14:00:12Z,,,,0.066006,7.500007,5.444,,8
2026-09-15,aachc-cfb-wins-2026-11-28-tcu-6pt5wins,cfb,0.0004,0,2026-09-15T14:00:12Z,,,,0.001581,7.500032,0.762,,8
2026-09-15,aachc-cfb-wins-2026-11-28-txam-8pt5wins,cfb,0.0004,0,2026-09-15T14:00:12Z,,,,0.000807,7.499932,1.345,,7
2026-09-15,aachc-cfb-wins-2026-11-28-txst-5pt5wins,cfb,0.0002,0,2026-09-15T14:00:12Z,,,,0.000791,7.500123,0.667,,5
2026-09-15,usgubewc-usgub-vt-2026-11-03-dem,politics,0.0000,1,2026-09-15T15:01:22Z,,,,,,,,4
2026-09-15,ussewc-usse-sc-2026-11-03-dem,politics,0.0353,0,2026-09-15T15:01:22Z,,,,0.023215,6.148007,5.614,,13
2026-09-15,aachc-cfb-wins-2026-11-28-ala-6pt5wins,cfb,0.0534,0,2026-09-15T15:01:22Z,,,,0.032226,7.500006,5.299,,9
2026-09-15,aachc-cfb-wins-2026-11-28-nw-6pt5wins,cfb,0.5965,1,2026-09-15T15:01:22Z,,,,0.187749,7.431726,10.064,,4
2026-09-15,aachc-cfb-wins-2026-11-28-arzst-6pt5wins,cfb,0.0473,1,2026-09-15T15:01:22Z,,,,0.029102,7.366822,5.159,,6
2026-09-15,aachc-cfb-wins-2026-11-28-ore-7pt5wins,cfb,0.2750,1,2026-09-15T15:01:22Z,,,,0.080054,7.500012,10.995,,8
2026-09-15,aachc-cfb-wins-2026-11-28-ill-8pt5wins,cfb,0.0000,0,2026-09-15T15:01:22Z,,,,0.000093,7.499899,0.751,,6
2026-09-15,aachc-cfb-wins-2026-11-28-arzst-8pt5wins,cfb,0.0000,0,2026-09-15T15:01:22Z,,,,0.000086,7.500043,1.418,,4
2026-09-15,aachc-cfb-wins-2026-11-28-vtech-8pt5wins,cfb,0.0007,0,2026-09-15T15:01:22Z,,,,0.003200,7.499970,0.723,,6
2026-09-15,aachc-cfb-wins-2026-11-28-arzst-7pt5wins,cfb,0.0009,0,2026-09-15T15:01:22Z,,,,0.001921,7.499994,1.501,,4
2026-09-15,aachc-cfb-wins-2026-11-28-mst-6pt5wins,cfb,0.0218,1,2026-09-15T15:01:22Z,,,,0.038140,7.500000,1.830,,5
2026-09-15,aachc-cfb-wins-2026-11-28-mich-9pt5wins,cfb,0.0000,0,2026-09-15T15:01:22Z,,,,0.000018,7.499123,0.100,,6
2026-09-15,aachc-cfb-wins-2026-11-28-minnst-6pt5wins,cfb,0.0000,0,2026-09-15T15:01:22Z,,,,0.000019,7.500466,0.061,,5
2026-09-15,aachc-cfb-wins-2026-11-28-aubrn-8pt5wins,cfb,0.1826,2,2026-09-15T15:01:22Z,,,,0.054635,7.475919,10.696,,6
2026-09-15,aachc-cfb-wins-2026-11-28-bayl-6pt5wins,cfb,0.0000,0,2026-09-15T15:01:22Z,,,,0.000014,7.499884,0.790,,6
2026-09-15,aachc-cfb-wins-2026-11-28-smu-9pt5wins,cfb,0.0000,0,2026-09-15T15:01:22Z,,,,0.000014,7.499896,0.684,,6
2026-09-15,aachc-cfb-wins-2026-11-28-boise-9pt5wins,cfb,0.0002,0,2026-09-15T15:01:22Z,,,,0.000498,7.499968,1.446,,5
2026-09-15,aachc-cfb-wins-2026-11-28-kan-6pt5wins,cfb,0.0583,1,2026-09-15T15:01:22Z,,,,0.018788,7.473933,9.878,,7
2026-09-15,aachc-cfb-wins-2026-11-28-col-2pt5wins,cfb,0.0161,0,2026-09-15T15:01:22Z,,,,0.011441,7.500018,4.515,,6
2026-09-15,scc-senate-gop-2026-11-03-48,politics,1.7351,1,2026-09-15T15:01:22Z,,,,0.199445,22.841653,8.985,,6
2026-09-15,aachc-cfb-wins-2026-11-28-utah-10pt5wins,cfb,0.0055,1,2026-09-15T15:01:22Z,,,,0.013386,7.499954,1.329,,6
2026-09-15,aachc-cfb-wins-2026-11-28-rutger-3pt5wins,cfb,0.0005,0,2026-09-15T15:01:22Z,,,,0.002226,7.500115,0.728,,7
2026-09-15,aachc-cfb-wins-2026-11-28-usc-9pt5wins,cfb,0.0000,1,2026-09-15T15:01:22Z,,,,0.000005,7.500025,1.168,,6
2026-09-15,aachc-cfb-wins-2026-11-28-uk-6pt5wins,cfb,0.0000,1,2026-09-15T15:01:22Z,,,,0.000015,7.504255,0.006,,6
2026-09-15,aachc-cfb-wins-2026-11-28-utah-8pt5wins,cfb,0.0000,0,2026-09-15T15:01:22Z,,,,0.000006,7.499991,0.789,,5
2026-09-15,aachc-cfb-wins-2026-11-28-ore-9pt5wins,cfb,0.0007,0,2026-09-15T15:01:22Z,,,,0.023141,7.499182,0.100,,8
2026-09-15,ussewc-usse-ms-2026-11-03-dem,politics,0.1939,1,2026-09-15T16:01:52Z,,,,0.106655,6.166729,6.877,,5
2026-09-15,usgubewc-usgub-ne-2026-11-03-dem,politics,0.2327,1,2026-09-15T16:01:52Z,,,,0.230464,6.249987,3.877,,4
2026-09-15,ussewc-usse-wv-2026-11-03-dem,politics,0.1183,0,2026-09-15T16:01:52Z,,,,0.093160,6.205662,4.840,,5
2026-09-15,ussewc-usse-de-2026-11-03-rep,politics,0.0527,0,2026-09-15T16:01:52Z,,,,0.043395,6.171813,4.579,,6
2026-09-15,ussewc-usse-ri-2026-11-03-dem,politics,0.0398,0,2026-09-15T16:01:52Z,,,,0.026702,6.212332,5.696,,8
2026-09-15,aachc-cfb-wins-2026-11-28-wvir-3pt5wins,cfb,0.1355,0,2026-09-15T16:01:52Z,,,,0.051861,7.415690,8.151,,9
2026-09-15,aachc-cfb-wins-2026-11-28-stan-4pt5wins,cfb,0.0000,0,2026-09-15T16:01:52Z,,,,0.000023,7.499515,0.195,,6
2026-09-15,aachc-cfb-wins-ou-2026-11-28-mary,cfb,0.0239,1,2026-09-15T16:01:52Z,,,,0.252232,0.493422,4.611,,5
2026-09-15,aachc-cfb-wins-2026-11-28-sc-6pt5wins,cfb,0.0007,1,2026-09-15T16:01:52Z,,,,0.000298,7.500000,7.786,,6
2026-09-15,aachc-cfb-wins-2026-11-28-byu-9pt5wins,cfb,0.0000,0,2026-09-15T16:01:52Z,,,,0.000005,7.499984,4.721,,5
2026-09-15,aachc-cfb-wins-2026-11-28-byu-8pt5wins,cfb,0.0000,0,2026-09-15T16:01:52Z,,,,0.000031,7.499979,3.987,,6
2026-09-15,aachc-cfb-wins-2026-11-28-utah-7pt5wins,cfb,0.0708,0,2026-09-15T16:01:52Z,,,,0.055370,7.499988,4.093,,5
2026-09-15,aachc-cfb-wins-2026-11-28-cah-8pt5wins,cfb,0.0000,1,2026-09-15T16:01:52Z,,,,,,,,3
2026-09-15,aachc-cfb-wins-2026-11-28-cah-5pt5wins,cfb,0.0953,0,2026-09-15T16:01:52Z,,,,0.031372,7.428229,9.575,,8
2026-09-15,aachc-cfb-wins-2026-11-28-cin-5pt5wins,cfb,0.0005,0,2026-09-15T16:01:52Z,,,,0.000510,7.500028,2.941,,5
2026-09-15,aachc-cfb-wins-2026-11-28-ncar-4pt5wins,cfb,0.0343,0,2026-09-15T16:01:52Z,,,,0.026606,7.500022,4.121,,7
2026-09-15,ussewc-usse-la-2026-11-03-rep,politics,0.0270,1,2026-09-15T16:01:52Z,,,,0.056378,5.923757,1.755,,5
2026-09-15,usgubewc-usgub-me-2026-11-03-rep,politics,0.0098,0,2026-09-15T16:01:52Z,,,,0.036559,6.250043,1.029,,6
2026-09-15,aachc-cfb-wins-2026-11-28-cah-6pt5wins,cfb,0.0002,0,2026-09-15T16:01:52Z,,,,0.029462,7.500536,0.022,,5
2026-09-15,scc-hrep-rep-2026-11-03-gte195,politics,2.4353,1,2026-09-15T17:02:00Z,,,,0.292514,24.709417,7.884,,9
2026-09-15,ushrewc-ushr-ny-17-2026-11-03-dem,politics,3.9473,1,2026-09-15T17:02:00Z,,,,0.179432,61.820407,8.423,,6
2026-09-15,ushrewc-ushr-nj-07-2026-11-03-rep,politics,2.2693,1,2026-09-15T17:02:00Z,,,,0.109694,61.778809,7.940,,6
2026-09-15,paccc-balpow-2026-11-03-rhou-dsen,politics,1.3787,0,2026-09-15T17:02:00Z,,,,0.034057,184.137355,5.108,,10
2026-09-15,scc-hrep-rep-2026-11-03-gte215,politics,7.1227,0,2026-09-15T17:02:00Z,,,,0.654884,24.777946,10.315,,9
2026-09-15,enwc-ussep-de-2026-09-15-rep-johshu,politics,0.0217,1,2026-09-15T18:02:36Z,,,,0.062576,6.088555,1.330,,4
2026-09-15,usgubewc-usgub-md-2026-11-03-dem,politics,0.8909,1,2026-09-15T20:04:18Z,,,,0.525334,6.161164,6.444,,8
2026-09-15,ussewc-usse-fl-2026-11-03-rep,politics,0.7793,0,2026-09-15T20:04:18Z,,,,0.418946,6.169222,7.089,,8
2026-09-15,ussewc-usse-tn-2026-11-03-rep,politics,0.1327,1,2026-09-15T20:04:18Z,,,,0.174379,6.249965,2.920,,7
2026-09-15,ussewc-usse-id-2026-11-03-todach,politics,0.0562,0,2026-09-15T20:04:18Z,,,,0.138591,5.856311,1.454,,18
2026-09-15,ussewc-usse-sd-2026-11-03-rep,politics,0.0139,0,2026-09-15T20:04:18Z,,,,0.033807,6.111210,1.548,,4
2026-09-15,ussewc-usse-de-2026-11-03-dem,politics,0.0168,0,2026-09-15T20:04:18Z,,,,0.027230,5.997971,2.272,,6
2026-09-15,ussewc-usse-ar-2026-11-03-rep,politics,0.0103,0,2026-09-15T20:04:18Z,,,,0.023558,5.886980,1.577,,5
2026-09-15,usgubewc-usgub-ri-2026-11-03-rep,politics,0.1949,1,2026-09-15T20:04:18Z,,,,0.193554,4.141857,5.769,,7
2026-09-15,ussewc-usse-id-2026-11-03-rep,politics,0.0292,0,2026-09-15T20:04:18Z,,,,0.061724,6.127913,1.759,,5
2026-09-15,aachc-cfb-wins-2026-11-28-missr-5pt5wins,cfb,0.1582,0,2026-09-15T20:04:18Z,,,,0.094688,7.369623,5.270,,5
2026-09-15,aachc-cfb-wins-2026-11-28-ohiost-9pt5wins,cfb,0.0000,0,2026-09-15T20:04:18Z,,,,0.000008,7.500025,0.679,,6
2026-09-15,aachc-cfb-wins-2026-11-28-ohiost-10pt5wins,cfb,0.0000,0,2026-09-15T20:04:18Z,,,,0.000015,7.499986,0.751,,7
2026-09-15,aachc-cfb-wins-2026-11-28-ncst-5pt5wins,cfb,0.0197,0,2026-09-15T20:04:18Z,,,,0.016330,7.315755,3.730,,5
2026-09-15,aachc-cfb-wins-2026-11-28-ncar-6pt5wins,cfb,0.0024,0,2026-09-15T20:04:18Z,,,,0.010176,7.499865,0.756,,6
2026-09-15,aachc-cfb-wins-2026-11-28-washst-7pt5wins,cfb,0.0000,1,2026-09-15T20:04:18Z,,,,,,,,4
2026-09-15,aachc-cfb-wins-2026-11-28-aubrn-6pt5wins,cfb,0.0000,0,2026-09-15T20:04:18Z,,,,0.000005,7.500115,0.756,,7
2026-09-15,aachc-cfb-wins-2026-11-28-lsu-10pt5wins,cfb,0.0041,0,2026-09-15T20:04:18Z,,,,0.018872,7.500146,0.701,,7
2026-09-15,usgubewc-usgub-sd-2026-11-03-rep,politics,0.2439,1,2026-09-15T20:04:18Z,,,,0.209197,6.119953,4.403,,7
2026-09-15,ussewc-usse-mt-2026-11-03-dem,politics,0.0011,0,2026-09-15T20:04:18Z,,,,0.191213,4.165846,0.033,,4
2026-09-15,aachc-cfb-wins-2026-11-28-nebr-7pt5wins,cfb,0.0039,0,2026-09-15T20:04:18Z,,,,0.324258,7.500031,0.039,,6
2026-09-15,aachc-cfb-wins-2026-11-28-ucla-5pt5wins,cfb,0.0014,0,2026-09-15T20:04:18Z,,,,0.012656,6.612499,0.290,,6
2026-09-15,ewc-usse-nh-2026-11-03-dem,politics,0.0757,0,2026-09-15T20:56:50Z,,,,0.007156,141.407277,1.599,,7
2026-09-15,aachc-cfb-wins-2026-11-28-col-6pt5wins,cfb,0.0000,0,2026-09-15T20:56:50Z,,,,0.000001,7.500000,0.106,,5
2026-09-15,aachc-cfb-wins-2026-11-28-tcu-8pt5wins,cfb,0.0000,0,2026-09-15T20:56:50Z,,,,0.000028,7.141634,0.719,,6
2026-09-15,aachc-cfb-wins-2026-11-28-ga-10pt5wins,cfb,0.0000,0,2026-09-15T20:56:50Z,,,,0.000004,6.645133,0.804,,6
2026-09-15,aachc-cfb-wins-2026-11-28-boscol-5pt5wins,cfb,0.0021,0,2026-09-15T20:56:50Z,,,,0.007367,6.608148,0.770,,3
2026-09-15,aachc-cfb-wins-2026-11-28-ala-10pt5wins,cfb,0.0010,0,2026-09-15T20:56:50Z,,,,0.003293,6.657152,0.815,,5
2026-09-15,aachc-cfb-wins-2026-11-28-nw-7pt5wins,cfb,0.0043,0,2026-09-15T20:56:50Z,,,,0.006718,7.145594,1.939,,5
2026-09-15,aachc-cfb-wins-2026-11-28-tenn-9pt5wins,cfb,0.0000,0,2026-09-15T20:56:50Z,,,,0.000123,6.567950,0.737,,5
2026-09-15,aachc-cfb-wins-2026-11-28-flst-7pt5wins,cfb,0.0000,1,2026-09-15T20:56:50Z,,,,,,,,4
2026-09-15,aachc-cfb-wins-2026-11-28-clmsn-8pt5wins,cfb,0.0031,0,2026-09-15T20:56:50Z,,,,0.011735,6.574907,0.743,,4
2026-09-15,ewc-usse-nh-2026-11-03-rep,politics,0.0059,0,2026-09-15T20:56:50Z,,,,0.003128,150.000544,0.300,,6
2026-09-15,aachc-cfb-wins-2026-11-28-ucf-7pt5wins,cfb,0.1086,1,2026-09-15T22:19:10Z,,,,0.061655,7.500000,5.635,,7
2026-09-15,aachc-cfb-wins-2026-11-28-mspst-5pt5wins,cfb,0.0772,0,2026-09-15T22:19:10Z,,,,0.054596,7.500000,4.528,,6
2026-09-15,aachc-cfb-wins-2026-11-28-vand-6pt5wins,cfb,0.0000,0,2026-09-15T22:19:10Z,,,,0.000004,7.500000,0.006,,6
2026-09-15,aachc-cfb-wins-ou-2026-11-28-tcu,cfb,0.0003,0,2026-09-15T22:19:10Z,,,,0.021827,0.493421,0.645,,6
2026-09-15,aachc-cfb-wins-2026-11-28-ucla-7pt5wins,cfb,0.0000,0,2026-09-15T22:19:10Z,,,,0.000065,7.500000,0.729,,7
2026-09-15,aachc-cfb-wins-2026-11-28-wisc-8pt5wins,cfb,0.0000,0,2026-09-15T22:19:10Z,,,,0.000060,7.500000,0.656,,4
2026-09-15,aachc-cfb-wins-2026-11-28-wisc-7pt5wins,cfb,0.0032,0,2026-09-15T22:19:10Z,,,,0.010199,7.500000,1.001,,7
2026-09-15,aachc-cfb-wins-2026-11-28-tx-11pt5wins,cfb,0.0011,0,2026-09-15T22:19:10Z,,,,0.005569,7.500000,0.645,,6
2026-09-15,aachc-cfb-wins-2026-11-28-utah-9pt5wins,cfb,0.0000,0,2026-09-15T22:19:10Z,,,,0.000008,7.500000,0.712,,5
2026-09-15,aachc-cfb-wins-2026-11-28-ncst-6pt5wins,cfb,0.0000,0,2026-09-15T22:19:10Z,,,,0.000039,7.500000,0.729,,5
2026-09-15,aachc-cfb-wins-2026-11-28-utahst-4pt5wins,cfb,0.0004,0,2026-09-15T22:19:10Z,,,,0.001775,7.500000,0.634,,4
2026-09-15,aachc-cfb-wins-2026-11-28-mst-4pt5wins,cfb,0.0000,0,2026-09-15T22:19:10Z,,,,0.000011,7.500000,0.662,,6
2026-09-15,aachc-cfb-wins-ou-2026-11-28-ark,cfb,0.0000,0,2026-09-15T23:20:25Z,,,,0.000134,0.493421,0.778,,5
2026-09-15,aachc-cfb-wins-ou-2026-11-28-flst,cfb,0.0001,0,2026-09-15T23:20:25Z,,,,0.005266,0.493421,0.790,,7
2026-09-15,aachc-cfb-wins-2026-11-28-flst-4pt5wins,cfb,0.0000,0,2026-09-15T23:20:25Z,,,,0.000022,7.500000,0.762,,7
2026-09-15,aachc-cfb-wins-ou-2026-11-28-lou,cfb,0.0000,0,2026-09-15T23:20:25Z,,,,0.002926,0.493421,0.618,,6
2026-09-15,aachc-cfb-wins-2026-11-28-gtech-4pt5wins,cfb,0.0000,0,2026-09-15T23:20:25Z,,,,0.000005,7.500000,0.779,,5
2026-09-15,aachc-cfb-wins-2026-11-28-gtech-7pt5wins,cfb,0.0868,2,2026-09-15T23:20:25Z,,,,0.072693,7.500000,3.821,,6
2026-09-15,aachc-cfb-wins-2026-11-28-gtech-5pt5wins,cfb,0.0002,0,2026-09-15T23:20:25Z,,,,0.001017,7.500000,0.729,,5
2026-09-15,aachc-cfb-wins-2026-11-28-boscol-1pt5wins,cfb,0.0014,0,2026-09-15T23:20:25Z,,,,0.004745,7.500000,0.918,,10
2026-09-15,aachc-cfb-wins-2026-11-28-iowa-8pt5wins,cfb,0.0010,0,2026-09-15T23:20:25Z,,,,0.004718,7.500000,0.712,,6
2026-09-15,aachc-cfb-wins-2026-11-28-pennst-10pt5wins,cfb,0.0000,0,2026-09-15T23:20:25Z,,,,0.000153,7.500000,0.634,,6
2026-09-15,aachc-cfb-wins-2026-11-28-arz-8pt5wins,cfb,0.0000,0,2026-09-15T23:20:25Z,,,,0.000043,7.500000,0.706,,4
2026-09-15,aachc-cfb-wins-2026-11-28-minnst-4pt5wins,cfb,0.0000,0,2026-09-16T00:21:30Z,,,,0.000019,7.500000,0.734,,4
2026-09-15,aachc-cfb-wins-2026-11-28-iowast-6pt5wins,cfb,0.0434,0,2026-09-16T00:21:30Z,,,,0.157961,7.500000,0.879,,3
2026-09-15,aachc-cfb-wins-2026-11-28-kan-7pt5wins,cfb,0.0000,0,2026-09-16T00:21:30Z,,,,0.000072,7.500000,0.745,,6
2026-09-15,aachc-cfb-wins-2026-11-28-lou-10pt5wins,cfb,0.0009,0,2026-09-16T00:21:30Z,,,,0.003832,7.500000,0.757,,4
2026-09-15,aachc-cfb-wins-2026-11-28-pur-3pt5wins,cfb,0.0000,0,2026-09-16T00:21:30Z,,,,0.000004,7.500000,0.089,,6
2026-09-15,aachc-cfb-wins-2026-11-28-wvir-6pt5wins,cfb,0.0000,0,2026-09-16T00:21:30Z,,,,0.000004,7.500000,0.089,,5
2026-09-15,aachc-cfb-wins-ou-2026-11-28-arzst,cfb,0.0004,0,2026-09-16T00:21:30Z,,,,0.023957,0.493421,0.734,,5
2026-09-15,aachc-cfb-wins-ou-2026-11-28-clmsn,cfb,0.0000,0,2026-09-16T00:21:30Z,,,,0.000003,0.493421,0.723,,9
2026-09-15,aachc-cfb-wins-ou-2026-11-28-cin,cfb,0.0000,0,2026-09-16T00:21:30Z,,,,0.000002,0.493421,0.712,,7
2026-09-15,aachc-cfb-wins-2026-11-28-byu-10pt5wins,cfb,0.0000,0,2026-09-16T00:21:30Z,,,,0.000004,7.500000,0.033,,6
2026-09-15,aachc-cfb-wins-2026-11-28-okl-8pt5wins,cfb,0.0026,0,2026-09-16T00:21:30Z,,,,0.022922,7.500000,0.367,,5
2026-09-15,aachc-cfb-wins-2026-11-28-wash-6pt5wins,cfb,0.0000,0,2026-09-16T00:21:30Z,,,,0.000006,7.500000,0.757,,8
2026-09-15,aachc-cfb-wins-2026-11-28-washst-6pt5wins,cfb,0.0003,0,2026-09-16T00:21:30Z,,,,0.014461,7.500000,0.067,,4
2026-09-15,usgubewc-usgub-wy-2026-11-03-rep,politics,0.0081,0,2026-09-16T01:22:13Z,,,,0.032513,6.250000,0.951,,3
2026-09-15,usgubewc-usgub-ct-2026-11-03-rep,politics,0.0150,0,2026-09-16T01:22:13Z,,,,0.075538,6.250000,0.762,,5
2026-09-15,usgubewc-usgub-pa-2026-11-03-rep,politics,0.0254,1,2026-09-16T01:22:13Z,,,,0.118665,6.250000,0.824,,7
2026-09-15,aachc-cfb-wins-2026-11-28-mich-8pt5wins,cfb,0.0000,0,2026-09-16T01:22:13Z,,,,0.000021,7.500000,0.634,,6
2026-09-15,aachc-cfb-wins-2026-11-28-clmsn-5pt5wins,cfb,0.0574,0,2026-09-16T01:22:13Z,,,,0.144863,7.500000,1.268,,10
2026-09-15,aachc-cfb-wins-2026-11-28-utahst-3pt5wins,cfb,0.0004,0,2026-09-16T01:22:13Z,,,,0.001923,7.500000,0.595,,4
2026-09-15,aachc-cfb-wins-2026-11-28-mary-6pt5wins,cfb,0.0025,0,2026-09-16T01:22:13Z,,,,0.004000,7.500000,1.980,,6
2026-09-15,aachc-cfb-wins-ou-2026-11-28-cah,cfb,0.0052,0,2026-09-16T01:22:13Z,,,,0.167636,0.493421,1.496,,5
2026-09-15,aachc-cfb-wins-2026-11-28-iowast-2pt5wins,cfb,0.0616,1,2026-09-16T01:22:13Z,,,,0.097293,7.500000,2.025,,13
2026-09-15,aachc-cfb-wins-ou-2026-11-28-gtech,cfb,0.0000,0,2026-09-16T01:22:13Z,,,,0.000003,0.493421,0.723,,7
2026-09-15,aachc-cfb-wins-ou-2026-11-28-hou,cfb,0.0000,0,2026-09-16T01:22:13Z,,,,0.000002,0.493421,0.690,,6
2026-09-15,aachc-cfb-wins-2026-11-28-ucf-6pt5wins,cfb,0.0000,0,2026-09-16T02:22:42Z,,,,0.000152,7.500000,0.178,,6
2026-09-15,aachc-cfb-wins-2026-11-28-syra-6pt5wins,cfb,0.0000,1,2026-09-16T02:22:42Z,,,,,,,,5
2026-09-15,aachc-cfb-wins-2026-11-28-mst-5pt5wins,cfb,0.0000,0,2026-09-16T02:22:42Z,,,,0.000007,7.500000,0.634,,5
2026-09-15,aachc-cfb-wins-2026-11-28-ncar-5pt5wins,cfb,0.0001,0,2026-09-16T02:22:42Z,,,,0.000632,7.500000,0.684,,5
2026-09-15,aachc-cfb-wins-2026-11-28-ill-5pt5wins,cfb,0.0004,0,2026-09-16T02:22:42Z,,,,0.001723,7.500000,0.729,,6
2026-09-15,aachc-cfb-wins-2026-11-28-okst-7pt5wins,cfb,0.0000,1,2026-09-16T02:22:42Z,,,,,,,,4
2026-09-15,ewc-usse-mn-2026-11-03-dem,politics,0.2494,1,2026-09-16T02:22:42Z,,,,0.051971,150.000000,0.768,,5
2026-09-15,aachc-cfb-wins-2026-11-28-arz-9pt5wins,cfb,0.0001,0,2026-09-16T02:22:42Z,,,,0.000832,7.500000,0.528,,5
2026-09-15,aachc-cfb-wins-2026-11-28-iowast-5pt5wins,cfb,0.0030,0,2026-09-16T02:22:42Z,,,,0.083053,7.500000,0.117,,5
2026-09-15,aachc-cfb-wins-ou-2026-11-28-sc,cfb,0.0003,0,2026-09-16T02:22:42Z,,,,0.025687,0.493421,0.606,,7
2026-09-15,usgubewc-usgub-vt-2026-11-03-rep,politics,0.0030,1,2026-09-16T03:23:37Z,,,,0.089142,6.250000,0.128,,4
2026-09-15,aachc-cfb-wins-2026-11-28-oregst-3pt5wins,cfb,0.0019,1,2026-09-16T03:23:37Z,,,,0.007509,7.500000,0.818,,6
2026-09-15,aachc-cfb-wins-2026-11-28-minnst-5pt5wins,cfb,0.0000,1,2026-09-16T03:23:37Z,,,,0.000005,7.500000,0.684,,5
2026-09-15,aachc-cfb-wins-ou-2026-11-28-tx,cfb,0.0009,1,2026-09-16T03:23:37Z,,,,0.154410,0.493421,0.295,,5
2026-09-15,aachc-cfb-wins-ou-2026-11-28-mst,cfb,0.0000,1,2026-09-16T03:23:37Z,,,,0.000025,0.493421,0.390,,7
2026-09-15,aachc-cfb-wins-ou-2026-11-28-mspst,cfb,0.0032,1,2026-09-16T03:23:37Z,,,,0.394502,0.493421,0.390,,6
2026-09-15,aachc-cfb-wins-2026-11-28-sdst-5pt5wins,cfb,0.0115,1,2026-09-16T03:23:37Z,,,,0.109901,7.500000,0.334,,7
2026-09-15,aachc-cfb-wins-2026-11-28-sdst-8pt5wins,cfb,0.0063,1,2026-09-16T03:23:37Z,,,,0.060103,7.500000,0.334,,5
2026-09-15,aachc-cfb-wins-2026-11-28-utahst-2pt5wins,cfb,0.0000,1,2026-09-16T03:23:37Z,,,,,,,,4
2026-09-15,usgubewc-usgub-nm-2026-11-03-rep,politics,0.0004,0,2026-09-16T03:23:37Z,,,,0.041142,6.250000,0.033,,4
2026-09-15,aachc-cfb-wins-2026-11-28-minnst-8pt5wins,cfb,0.0039,0,2026-09-16T03:23:37Z,,,,0.044303,7.500000,0.284,,7
2026-09-14,ewc-usse-oh-2026-11-03-dem,politics,2.7382,1,2026-09-14T04:01:04Z,,,,0.009584,374.016635,18.251,,5
2026-09-14,usgubewc-usgub-ne-2026-11-03-dem,politics,0.2821,0,2026-09-14T04:01:04Z,,,,0.067006,6.231496,16.160,,4
2026-09-14,enwc-uspres-nom-dem-2028-markel,politics,0.0851,0,2026-09-14T04:01:04Z,,,,0.005063,29.374908,13.683,,6
2026-09-14,ussewc-usse-il-2026-11-03-rep,politics,0.0555,0,2026-09-14T04:01:04Z,,,,0.013919,6.222604,15.145,,7
2026-09-14,ussewc-usse-fl-2026-11-03-dem,politics,0.2639,0,2026-09-14T04:01:04Z,,,,0.179433,6.210215,5.606,,6
2026-09-14,usgubewc-usgub-co-2026-11-03-rep,politics,0.1120,0,2026-09-14T04:01:04Z,,,,0.030215,6.228711,14.057,,7
2026-09-14,ussewc-usse-tn-2026-11-03-rep,politics,0.6372,0,2026-09-14T04:01:04Z,,,,0.265983,6.228982,9.138,,6
2026-09-14,usgubewc-usgub-wy-2026-11-03-dem,politics,0.2323,0,2026-09-14T04:01:04Z,,,,0.085273,6.220938,10.293,,5
2026-09-14,ewc-usse-mn-2026-11-03-rep,politics,5.6706,0,2026-09-14T04:01:04Z,,,,0.056788,149.549245,15.926,,7
2026-09-14,usgubewc-usgub-ma-2026-11-03-dem,politics,0.0265,0,2026-09-14T04:01:04Z,,,,0.007172,6.220195,13.922,,5
2026-09-14,ewc-usse-tx-2026-11-03-rep,politics,2.2303,1,2026-09-14T04:01:04Z,,,,0.007806,374.016635,18.251,,12
2026-09-14,ewc-usgub-ga-2026-11-03-rep,politics,1.4554,1,2026-09-14T04:01:04Z,,,,0.012733,149.607013,18.268,,8
2026-09-14,ewc-usse-ia-2026-11-03-rep,politics,2.5553,1,2026-09-14T04:01:04Z,,,,0.008946,374.016635,18.251,,7
2026-09-14,ewc-usgub-ia-2026-11-03-rep,politics,7.7193,1,2026-09-14T04:01:04Z,,,,0.067610,149.606893,18.262,,6
2026-09-14,paccc-balpow-2026-11-03-dsweep,politics,2.7313,1,2026-09-14T04:01:04Z,,,,0.022540,186.920221,15.476,,7
2026-09-14,ewc-usgub-oh-2026-11-03-dem,politics,0.8806,1,2026-09-14T04:01:04Z,,,,0.010229,149.813162,13.761,,7
2026-09-14,usgubewc-usgub-sd-2026-11-03-rep,politics,0.0016,0,2026-09-14T04:01:04Z,,,,0.000796,6.211209,7.707,,8
2026-09-14,ussewc-usse-mt-2026-11-03-setbod,politics,0.0626,0,2026-09-14T04:01:04Z,,,,0.023599,4.161984,15.272,,4
2026-09-14,usgubewc-usgub-ar-2026-11-03-rep,politics,0.2574,1,2026-09-14T04:01:04Z,,,,0.070146,6.228761,14.084,,8
2026-09-14,ewc-usgub-nv-2026-11-03-dem,politics,2.0507,1,2026-09-14T04:01:04Z,,,,0.018440,149.594933,17.723,,9
2026-09-14,ussewc-usse-de-2026-11-03-rep,politics,0.0001,0,2026-09-14T04:01:04Z,,,,0.001407,6.250398,0.161,,5
2026-09-14,usgubewc-usgub-ar-2026-11-03-dem,politics,0.0000,0,2026-09-14T04:01:04Z,,,,0.000004,6.231473,16.149,,6
2026-09-14,cranc-uspres28-12-31-2026-gavnew,politics,0.0004,0,2026-09-14T04:01:04Z,,,,0.115359,0.378765,0.195,,
2026-09-14,cranc-uspres28-12-31-2026-tuccar,politics,0.0002,0,2026-09-14T04:01:04Z,,,,0.178057,0.378796,0.072,,
2026-09-14,ewc-usse-ne-2026-11-03-dem,politics,0.2227,0,2026-09-14T04:01:04Z,,,,0.089704,4.152681,14.259,,4
2026-09-14,usgubewc-usgub-ct-2026-11-03-rep,politics,0.0849,0,2026-09-14T04:01:04Z,,,,0.148442,6.249997,2.196,,4
2026-09-14,usgubewc-usgub-hi-2026-11-03-rep,politics,0.0338,0,2026-09-14T04:01:04Z,,,,0.043434,6.250011,2.981,,3
2026-09-14,usgubewc-usgub-il-2026-11-03-rep,politics,0.0024,0,2026-09-14T04:01:04Z,,,,0.000899,6.231535,10.393,,6
2026-09-14,ussewc-usse-ri-2026-11-03-rep,politics,0.0012,0,2026-09-14T04:01:04Z,,,,0.002007,6.250007,2.269,,11
2026-09-14,usgubewc-usgub-ma-2026-11-03-rep,politics,0.0048,0,2026-09-14T04:01:04Z,,,,0.055810,6.249756,0.328,,3
2026-09-14,ussewc-usse-or-2026-11-03-rep,politics,0.1269,0,2026-09-14T04:01:04Z,,,,0.033114,6.242693,14.683,,4
2026-09-14,ewc-usse-me-2026-11-03-rep,politics,2.4217,0,2026-09-14T04:01:04Z,,,,0.027793,149.484652,13.930,,10
2026-09-14,usgubewc-usgub-me-2026-11-03-dem,politics,0.5604,0,2026-09-14T04:01:04Z,,,,0.150573,6.228720,14.053,,8
2026-09-14,paccc-usho-midterms-2026-11-03-rep,politics,9.0847,2,2026-09-14T04:01:04Z,,,,0.031836,374.016635,18.251,,17
2026-09-14,ewc-usgub-mi-2026-11-03-rep,politics,0.1984,1,2026-09-14T04:01:04Z,,,,0.014935,100.000085,3.188,,7
2026-09-14,ewc-usgub-mi-2026-11-03-dem,politics,1.8032,1,2026-09-14T04:01:04Z,,,,0.041183,99.999893,10.509,,6
2026-09-14,usgubewc-usgub-nh-2026-11-03-rep,politics,5.4141,3,2026-09-14T04:01:04Z,,,,0.156604,62.274461,13.272,,6
2026-09-14,paccc-usse-midterms-2026-11-03-dem,politics,25.8203,2,2026-09-14T04:01:04Z,,,,0.090446,374.016335,18.245,,22
2026-09-14,usgubewc-usgub-or-2026-11-03-rep,politics,0.5159,0,2026-09-14T04:01:04Z,,,,0.140173,6.242398,14.096,,8
2026-09-14,usgubewc-usgub-tx-2026-11-03-rep,politics,12.2992,1,2026-09-14T04:01:04Z,,,,0.115920,149.576711,16.969,,7
2026-09-14,enwc-uspres-nom-rep-2028-dontru,politics,0.0004,0,2026-09-14T04:01:04Z,,,,0.000015,35.612897,16.857,,8
2026-09-14,ussewc-usse-co-2026-11-03-rep,politics,6.9293,1,2026-09-14T04:01:04Z,,,,0.144402,62.274741,18.422,,4
2026-09-14,ussewc-usse-va-2026-11-03-rep,politics,4.7067,0,2026-09-14T04:01:04Z,,,,0.146723,62.413015,12.316,,9
2026-09-14,ushrewc-ushr-ne-02-2026-11-03-rep,politics,6.6657,2,2026-09-14T04:01:04Z,,,,0.162438,62.310011,15.752,,4
2026-09-14,ushrewc-ushr-tx-34-2026-11-03-rep,politics,9.3438,2,2026-09-14T04:01:04Z,,,,0.101798,149.510512,14.669,,5
2026-09-14,ushrewc-ushr-ne-02-2026-11-03-dem,politics,2.7348,1,2026-09-14T04:01:04Z,,,,0.089746,62.244085,11.691,,4
2026-09-14,usgubewc-usgub-ny-2026-11-03-dem,politics,4.3820,1,2026-09-14T04:01:04Z,,,,0.122321,62.500113,13.756,,6
2026-09-14,paccc-usho-midterms-2026-11-03-dem,politics,15.7706,1,2026-09-14T04:01:04Z,,,,0.055133,374.017234,18.262,,19
2026-09-14,ussewc-usse-sc-2026-11-03-rep,politics,0.0219,0,2026-09-14T04:01:04Z,,,,0.006460,6.226328,13.003,,5
2026-09-14,ewc-usse-ia-2026-11-03-dem,politics,7.7212,1,2026-09-14T04:01:04Z,,,,0.027353,374.003657,18.013,,8
2026-09-14,ewc-usse-mi-2026-11-03-rep,politics,7.9985,0,2026-09-14T04:01:04Z,,,,0.032342,373.864060,15.799,,8
2026-09-14,ewc-usse-mi-2026-11-03-dem,politics,4.9910,0,2026-09-14T04:01:04Z,,,,0.021685,373.779169,14.701,,7
2026-09-14,ewc-usse-nc-2026-11-03-dem,politics,1.7160,0,2026-09-14T04:01:04Z,,,,0.013979,372.699763,7.802,,6
2026-09-14,ewc-usgub-oh-2026-11-03-rep,politics,1.9270,0,2026-09-14T04:01:04Z,,,,0.021895,149.489561,14.058,,6
2026-09-14,ewc-usse-mn-2026-11-03-dem,politics,0.8025,0,2026-09-14T04:01:04Z,,,,0.009394,149.473512,13.635,,6
2026-09-14,ushrewc-ushr-ny-04-2026-11-03-rep,politics,3.4173,1,2026-09-14T04:01:04Z,,,,0.117981,62.230959,11.114,,4
2026-09-14,usgubewc-usgub-tx-2026-11-03-dem,politics,11.2797,1,2026-09-14T04:01:04Z,,,,0.104094,149.584436,17.273,,6
2026-09-14,ushrewc-ushr-oh-09-2026-11-03-dem,politics,4.8215,1,2026-09-14T04:01:04Z,,,,0.156808,62.246415,11.797,,5
2026-09-14,ewc-usgub-ia-2026-11-03-dem,politics,1.8351,1,2026-09-14T04:01:04Z,,,,0.014717,149.498940,19.873,,6
2026-09-14,ewc-usse-nh-2026-11-03-dem,politics,1.5024,0,2026-09-14T04:01:04Z,,,,0.017405,149.479522,13.793,,6
2026-09-14,ewc-usgub-wi-2026-11-03-rep,politics,2.0983,1,2026-09-14T04:01:04Z,,,,0.020710,149.841336,16.202,,8
2026-09-14,paccc-balpow-2026-11-03-rsweep,politics,4.8343,1,2026-09-14T04:01:04Z,,,,0.039990,186.919747,15.466,,6
2026-09-14,usgubewc-usgub-ny-2026-11-03-rep,politics,3.5582,0,2026-09-14T04:01:04Z,,,,0.165736,62.500103,8.244,,7
2026-09-14,ushrewc-ushr-mi-07-2026-11-03-dem,politics,5.1571,2,2026-09-14T04:01:04Z,,,,0.126485,62.308879,15.648,,5
2026-09-14,ewc-usgub-wi-2026-11-03-dem,politics,1.7985,0,2026-09-14T04:01:04Z,,,,0.034683,149.689845,8.294,,10
2026-09-14,ushrewc-ushr-ia-01-2026-11-03-rep,politics,3.4158,2,2026-09-14T04:01:04Z,,,,0.081459,62.241165,16.033,,5
2026-09-14,ushrewc-ushr-ca-45-2026-11-03-dem,politics,1.9294,1,2026-09-14T04:01:04Z,,,,0.048945,62.302169,15.124,,4
2026-09-14,ussewc-usse-nm-2026-11-03-dem,politics,0.1978,1,2026-09-14T04:01:04Z,,,,0.055712,6.241498,13.625,,6
2026-09-14,ushrewc-ushr-tx-34-2026-11-03-dem,politics,6.4728,2,2026-09-14T04:01:04Z,,,,0.074349,149.483793,13.906,,4
2026-09-14,ushrewc-ushr-oh-09-2026-11-03-rep,politics,7.6808,1,2026-09-14T04:01:04Z,,,,0.178980,62.318492,16.473,,4
2026-09-14,ussewc-usse-ar-2026-11-03-dem,politics,0.7699,0,2026-09-14T04:01:04Z,,,,0.160767,6.227258,18.243,,6
2026-09-14,paccc-usse-midterms-2026-11-03-rep,politics,36.3465,1,2026-09-14T04:01:04Z,,,,0.128424,374.005308,18.043,,24
2026-09-14,ushrewc-ushr-me-02-2026-11-03-dem,politics,7.3623,1,2026-09-14T04:01:04Z,,,,0.181612,62.307619,15.549,,5
2026-09-14,ushrewc-ushr-ny-17-2026-11-03-rep,politics,6.0651,2,2026-09-14T04:01:04Z,,,,0.153280,62.303109,15.189,,5
2026-09-14,usgubewc-usgub-co-2026-11-03-dem,politics,0.0007,0,2026-09-14T04:01:04Z,,,,0.000174,6.227512,13.304,,6
2026-09-14,paccc-balpow-2026-11-03-dhou-rsen,politics,7.3617,1,2026-09-14T04:01:04Z,,,,0.058385,186.943994,16.133,,7
2026-09-14,ewc-usgub-ga-2026-11-03-dem,politics,1.8253,0,2026-09-14T04:01:04Z,,,,0.034012,149.161704,8.563,,5
2026-09-14,ushrewc-ushr-nc-01-2026-11-03-rep,politics,3.3477,2,2026-09-14T04:01:04Z,,,,0.081900,62.377520,15.664,,4
2026-09-14,usgubewc-usgub-fl-2026-11-03-rep,politics,4.8297,2,2026-09-14T04:01:04Z,,,,0.121903,62.429579,15.206,,6
2026-09-14,ewc-usgub-az-2026-11-03-rep,politics,4.6234,1,2026-09-14T04:01:04Z,,,,0.047063,149.706718,15.715,,5
2026-09-14,ewc-usse-nh-2026-11-03-rep,politics,3.2736,0,2026-09-14T04:01:04Z,,,,0.036676,149.496962,14.271,,6
2026-09-14,ewc-usgub-nv-2026-11-03-rep,politics,3.1366,1,2026-09-14T04:01:04Z,,,,0.031654,149.709591,15.848,,8
2026-09-14,aachc-cfb-wins-2026-11-28-ala-6pt5wins,cfb,0.0000,1,2026-09-14T04:01:04Z,,,,,,,,5
2026-09-14,aachc-cfb-wins-2026-11-28-washst-4pt5wins,cfb,0.4303,0,2026-09-14T04:01:04Z,,,,0.116165,7.500001,11.853,,4
2026-09-14,aachc-cfb-wins-ou-2026-11-28-stan,cfb,0.0000,1,2026-09-14T04:01:04Z,,,,,,,,5
2026-09-14,aachc-cfb-wins-2026-11-28-vir-5pt5wins,cfb,0.0931,0,2026-09-14T04:01:04Z,,,,0.022084,7.500003,13.486,,4
2026-09-14,aachc-cfb-wins-2026-11-28-wisc-8pt5wins,cfb,0.0000,1,2026-09-14T04:01:04Z,,,,,,,,6
2026-09-14,aachc-cfb-wins-ou-2026-11-28-clmsn,cfb,0.0000,0,2026-09-14T04:01:04Z,,,,0.003115,0.493458,0.161,,6
2026-09-14,aachc-cfb-wins-ou-2026-11-28-duke,cfb,0.0000,1,2026-09-14T04:01:04Z,,,,,,,,4
2026-09-14,aachc-cfb-wins-2026-11-28-wash-8pt5wins,cfb,0.0079,0,2026-09-14T04:01:04Z,,,,0.105623,7.500147,0.239,,5
2026-09-14,aachc-cfb-wins-2026-11-28-syra-3pt5wins,cfb,0.0089,1,2026-09-14T04:01:04Z,,,,0.007312,7.500000,3.887,,5
2026-09-14,aachc-cfb-wins-2026-11-28-vand-7pt5wins,cfb,0.0035,0,2026-09-14T04:01:04Z,,,,0.045550,7.500045,0.245,,4
2026-09-14,aachc-cfb-wins-2026-11-28-oregst-5pt5wins,cfb,0.0615,0,2026-09-14T04:01:04Z,,,,0.012267,7.477277,15.803,,6
2026-09-14,aachc-cfb-wins-2026-11-28-nd-8pt5wins,cfb,0.1660,1,2026-09-14T04:01:04Z,,,,0.037337,7.500000,14.230,,9
2026-09-14,aachc-cfb-wins-2026-11-28-mich-10pt5wins,cfb,0.0000,1,2026-09-14T04:01:04Z,,,,,,,,4
2026-09-14,aachc-cfb-wins-2026-11-28-pennst-9pt5wins,cfb,0.1913,0,2026-09-14T04:01:04Z,,,,0.040895,7.484510,14.871,,9
2026-09-14,aachc-cfb-wins-2026-11-28-rutger-4pt5wins,cfb,0.0000,1,2026-09-14T04:01:04Z,,,,,,,,7
2026-09-14,aachc-cfb-wins-2026-11-28-ore-11pt5wins,cfb,0.0000,1,2026-09-14T04:01:04Z,,,,,,,,6
2026-09-14,aachc-cfb-wins-2026-11-28-vir-7pt5wins,cfb,0.1011,0,2026-09-14T04:01:04Z,,,,0.022835,7.499995,14.177,,8
2026-09-14,aachc-cfb-wins-ou-2026-11-28-bayl,cfb,0.0479,0,2026-09-14T04:01:04Z,,,,0.169792,0.491702,13.730,,7
2026-09-14,aachc-cfb-wins-2026-11-28-bayl-7pt5wins,cfb,0.0457,1,2026-09-14T04:01:04Z,,,,0.009595,7.476434,15.232,,9
2026-09-14,ftsc-nfl-qbmostfp-2027-01-10-jaxdar,nfl,0.0009,0,2026-09-14T04:01:04Z,,,,0.056836,1.562421,0.256,,10
2026-09-14,ftsc-nfl-flexmostfp-2027-01-10-ashjea,nfl,0.0000,1,2026-09-14T04:01:04Z,,,,,,,,13
2026-09-14,ftsc-nfl-dstmostfp-2027-01-10-phi,nfl,0.0000,1,2026-09-14T04:01:04Z,,,,,,,,7
2026-09-14,usgubewc-usgub-or-2026-11-03-dem,politics,0.0390,0,2026-09-14T04:01:04Z,,,,0.028339,6.193360,5.280,,6
2026-09-14,usgubewc-usgub-id-2026-11-03-dem,politics,0.0000,0,2026-09-14T04:01:04Z,,,,,6.239702,11.233,,10
2026-09-14,usgubewc-usgub-ne-2026-11-03-rep,politics,0.0076,0,2026-09-14T04:01:04Z,,,,0.002037,6.229206,14.383,,7
2026-09-14,ussewc-usse-wy-2026-11-03-dem,politics,0.0000,0,2026-09-14T04:01:04Z,,,,,6.229588,14.659,,8
2026-09-14,usgubewc-usgub-sc-2026-11-03-dem,politics,0.0000,1,2026-09-14T04:01:04Z,,,,,6.231458,16.126,,8
2026-09-14,usgubewc-usgub-il-2026-11-03-dem,politics,0.0005,0,2026-09-14T04:01:04Z,,,,0.000135,6.237590,15.447,,6
2026-09-14,enwc-uspres-nom-rep-2028-elomus,politics,0.0041,0,2026-09-14T04:01:04Z,,,,0.001202,35.713870,2.281,,5
2026-09-14,usgubewc-usgub-ct-2026-11-03-dem,politics,0.2427,0,2026-09-14T04:01:04Z,,,,0.098284,6.238649,9.451,,6
2026-09-14,ussewc-usse-il-2026-11-03-dem,politics,0.3264,1,2026-09-14T04:01:04Z,,,,0.081466,6.243031,15.388,,7
2026-09-14,enwc-uspres-nom-dem-2028-dwajoh,politics,0.2235,0,2026-09-14T04:01:04Z,,,,0.015503,29.291988,11.756,,5
2026-09-14,pvwc-usgub-ny-nas-2026-11-03-kathoc,politics,0.0000,0,2026-09-14T04:01:04Z,,,,,6.235186,15.053,,5
2026-09-14,usgubewc-usgub-al-2026-11-03-dem,politics,0.0000,0,2026-09-14T04:01:04Z,,,,,6.230802,15.581,,7
2026-09-14,ewc-usp-2028-11-07-dontru,politics,0.2355,0,2026-09-14T04:01:04Z,,,,0.035001,18.416767,8.708,,15
2026-09-14,usgubewc-usgub-sc-2026-11-03-rep,politics,0.3769,0,2026-09-14T04:01:04Z,,,,0.090145,6.231366,16.052,,6
2026-09-14,ussewc-usse-ok-2026-11-03-rep,politics,0.0031,0,2026-09-14T04:01:04Z,,,,0.001212,6.230426,9.807,,5
2026-09-14,ussewc-usse-ma-2026-11-03-dem,politics,0.3106,0,2026-09-14T04:01:04Z,,,,0.082774,6.221090,14.354,,4
2026-09-14,usgubewc-usgub-mn-2026-11-03-dem,politics,1.1756,1,2026-09-14T04:01:04Z,,,,0.253072,6.226475,17.636,,5
2026-09-14,ussewc-usse-sd-2026-11-03-rep,politics,0.3457,0,2026-09-14T04:01:04Z,,,,0.203511,6.204093,6.515,,4
2026-09-14,usgubewc-usgub-nh-2026-11-03-dem,politics,0.0740,1,2026-09-14T04:01:04Z,,,,0.002222,62.263902,12.668,,7
2026-09-14,usgubewc-usgub-pa-2026-11-03-dem,politics,0.0459,0,2026-09-14T04:01:04Z,,,,0.017461,6.219829,9.911,,7
2026-09-14,scc-senate-gop-2026-11-03-51,politics,0.0890,0,2026-09-14T04:01:04Z,,,,0.005485,23.034937,16.862,,6
2026-09-14,scc-senate-gop-2026-11-03-53,politics,0.2917,0,2026-09-14T04:01:04Z,,,,0.018430,23.009458,16.374,,9
2026-09-14,scc-senate-gop-2026-11-03-52,politics,2.6766,0,2026-09-14T04:01:04Z,,,,0.168713,23.009869,16.473,,11
2026-09-14,scc-senate-gop-2026-11-03-56,politics,0.5312,0,2026-09-14T04:01:04Z,,,,0.034494,23.007603,15.934,,9
2026-09-14,scc-senate-gop-2026-11-03-gte57,politics,5.1678,0,2026-09-14T04:01:04Z,,,,0.321088,23.010557,16.637,,9
2026-09-14,scc-senate-gop-2026-11-03-54,politics,0.9064,0,2026-09-14T04:01:04Z,,,,0.057432,23.033507,16.317,,8
2026-09-14,scc-senate-gop-2026-11-03-50,politics,1.6179,0,2026-09-14T04:01:04Z,,,,0.102780,23.009471,16.364,,7
2026-09-14,scc-senate-gop-2026-11-03-55,politics,0.7896,0,2026-09-14T04:01:04Z,,,,0.051020,23.007999,16.029,,8
2026-09-14,scc-senate-gop-2026-11-03-49,politics,0.0000,0,2026-09-14T04:01:04Z,,,,,22.984839,11.995,,8
2026-09-14,ussewc-usse-id-2026-11-03-rep,politics,0.0037,0,2026-09-14T04:01:04Z,,,,0.008860,6.249956,1.602,,5
2026-09-14,aachc-cfb-wins-2026-11-28-missr-7pt5wins,cfb,0.0060,0,2026-09-14T04:01:04Z,,,,0.001331,7.474973,14.343,,6
2026-09-14,aachc-cfb-wins-2026-11-28-ill-7pt5wins,cfb,0.0000,0,2026-09-14T04:01:04Z,,,,,7.500118,0.167,,4
2026-09-14,aachc-cfb-wins-2026-11-28-okst-8pt5wins,cfb,0.0120,0,2026-09-14T04:01:04Z,,,,0.247124,7.500401,0.156,,4
2026-09-14,aachc-cfb-wins-2026-11-28-stan-5pt5wins,cfb,0.0035,0,2026-09-14T04:01:04Z,,,,0.042266,7.500278,0.267,,5
2026-09-14,ushrewc-ushr-tx-15-2026-11-03-rep,politics,1.9588,2,2026-09-14T04:42:18Z,,,,0.052947,62.289052,14.177,,5
2026-09-14,ushrewc-ushr-wa-03-2026-11-03-rep,politics,4.4264,0,2026-09-14T04:42:18Z,,,,0.169143,62.308984,10.047,,5
2026-09-14,ftsc-nfl-kmostfp-2027-01-10-caisan,nfl,0.0190,0,2026-09-14T04:42:18Z,,,,0.169367,1.562488,1.724,,7
2026-09-14,fptc-nfl-qbfpou-2027-01-10-danjon,nfl,0.0083,0,2026-09-14T04:42:18Z,,,,0.416653,1.562477,0.306,,7
2026-09-14,ftsc-nfl-dstmostfp-2027-01-10-jax,nfl,0.0103,0,2026-09-14T04:42:18Z,,,,0.090884,1.545609,1.714,,7
2026-09-14,ftsc-nfl-kmostfp-2027-01-10-jakell,nfl,0.0017,0,2026-09-14T04:42:18Z,,,,0.083519,1.562473,0.311,,7
2026-09-14,ftsc-nfl-kmostfp-2027-01-10-kafai,nfl,0.0001,0,2026-09-14T04:42:18Z,,,,0.001353,1.562506,1.145,,8
2026-09-14,ftsc-nfl-kmostfp-2027-01-10-evamcp,nfl,0.0013,0,2026-09-14T04:42:18Z,,,,0.067888,1.562454,0.295,,8
2026-09-14,fptc-nfl-wrfpou-2027-01-10-britho,nfl,0.0313,0,2026-09-14T04:42:18Z,,,,0.863527,0.925926,0.940,,6
2026-09-14,ftsc-nfl-flexmostfp-2027-01-10-garrwil,nfl,0.0004,0,2026-09-14T04:42:18Z,,,,0.041214,1.063827,0.195,,6
2026-09-14,ftsc-nfl-kmostfp-2027-01-10-camdic,nfl,0.0001,0,2026-09-14T04:42:18Z,,,,0.003124,1.562489,0.489,,6
2026-09-14,ftsc-nfl-kmostfp-2027-01-10-eddpin,nfl,0.0029,0,2026-09-14T04:42:18Z,,,,0.025872,1.562500,1.746,,5
2026-09-14,ftsc-nfl-kmostfp-2027-01-10-jassan,nfl,0.0015,0,2026-09-14T04:42:18Z,,,,0.013550,1.562493,1.685,,6
2026-09-14,ftsc-nfl-qbmostfp-2027-01-10-dramay,nfl,0.0177,0,2026-09-14T04:42:18Z,,,,0.086154,1.553974,3.148,,9
2026-09-14,fptc-nfl-wrfpou-2027-01-10-tetmcm,nfl,0.0161,0,2026-09-14T04:42:18Z,,,,0.684308,0.925931,0.612,,6
2026-09-14,ushrewc-ushr-me-02-2026-11-03-rep,politics,5.5727,2,2026-09-14T04:42:18Z,,,,0.158260,62.500095,13.522,,6
2026-09-14,usgubewc-usgub-sd-2026-11-03-dem,politics,0.0324,0,2026-09-14T04:42:18Z,,,,0.012698,6.249990,9.822,,4
2026-09-14,usgubewc-usgub-al-2026-11-03-rep,politics,0.0055,0,2026-09-14T04:42:18Z,,,,0.017642,6.250000,1.207,,7
2026-09-14,scc-hrep-rep-2026-11-03-gte225,politics,0.0000,0,2026-09-14T04:42:18Z,,,,,24.999984,9.980,,8
2026-09-14,usgubewc-usgub-ak-2026-11-03-bilwal,politics,0.0000,0,2026-09-14T04:42:18Z,,,,,42.730951,6.294,,5
2026-09-14,ushrewc-ushr-pa-01-2026-11-03-rep,politics,9.7276,2,2026-09-14T04:42:18Z,,,,0.244103,62.424181,15.274,,6
2026-09-14,tec-nfl-coty-2027-02-11-w-mikmcc,nfl,0.0000,0,2026-09-14T04:42:18Z,,,,0.000079,4.685310,0.028,,7
2026-09-14,ftsc-nfl-rbmostfp-2027-01-10-jamcoo,nfl,0.0016,0,2026-09-14T04:42:18Z,,,,0.892921,1.561770,0.028,,9
2026-09-14,ftsc-nfl-qbmostfp-2027-01-10-patmah,nfl,0.0012,0,2026-09-14T04:42:18Z,,,,0.653691,1.561770,0.028,,9
2026-09-14,ftsc-nfl-temostfp-2027-01-10-kylpit,nfl,0.0018,0,2026-09-14T04:42:18Z,,,,0.748153,2.082360,0.028,,8
2026-09-14,ftsc-nfl-wrmostfp-2027-01-10-jusjef,nfl,0.0005,0,2026-09-14T04:42:18Z,,,,0.289241,1.388240,0.028,,11
2026-09-14,usgubewc-usgub-fl-2026-11-03-dem,politics,8.0027,3,2026-09-14T05:42:24Z,,,,0.233118,62.500013,13.182,,7
2026-09-14,ushrewc-ushr-wa-03-2026-11-03-dem,politics,9.1509,2,2026-09-14T05:42:24Z,,,,0.272155,62.500040,12.912,,4
2026-09-14,ushrewc-ushr-va-02-2026-11-03-rep,politics,4.7564,2,2026-09-14T05:57:50Z,,,,0.134282,62.358883,13.596,,4
2026-09-14,ushrewc-ushr-ia-01-2026-11-03-dem,politics,3.2573,2,2026-09-14T05:57:50Z,,,,0.094529,62.499998,13.232,,4
2026-09-14,ewc-usse-nc-2026-11-03-rep,politics,17.5078,1,2026-09-14T06:58:40Z,,,,0.089763,375.000320,12.483,,8
2026-09-14,ewc-usse-me-2026-11-03-dem,politics,1.4592,0,2026-09-14T06:58:40Z,,,,0.025623,149.999903,9.111,,9
2026-09-14,scc-hrep-rep-2026-11-03-gte185,politics,0.0256,0,2026-09-14T06:58:40Z,,,,0.022775,24.999921,1.079,,7
2026-09-14,scc-hrep-rep-2026-11-03-gte220,politics,0.0000,0,2026-09-14T06:58:40Z,,,,,25.000002,11.834,,7
2026-09-14,ewc-usse-oh-2026-11-03-rep,politics,0.0323,0,2026-09-14T12:48:03Z,,,,0.000253,375.000000,8.177,,6
2026-09-14,ewc-usgub-ca-2026-11-03-xavbec,politics,0.1216,0,2026-09-14T12:48:03Z,,,,0.388622,62.500000,0.120,,7
2026-09-14,ewc-usse-ne-2026-11-03-rep,politics,0.0000,1,2026-09-14T12:48:03Z,,,,,,,,6
2026-09-14,ewc-usgub-ks-2026-11-03-dem,politics,0.0000,1,2026-09-14T12:48:03Z,,,,0.000001,62.500000,11.128,,6
2026-09-14,ewc-usse-ga-2026-11-03-rep,politics,1.3815,0,2026-09-14T12:48:03Z,,,,0.008653,375.000000,10.218,,9
2026-09-14,ewc-usgub-az-2026-11-03-dem,politics,0.0000,0,2026-09-14T12:48:03Z,,,,0.000006,150.000000,0.024,,6
2026-09-14,ewc-usp-2028-11-07-tulgab,politics,0.0000,0,2026-09-14T13:48:12Z,,,,,18.518519,4.103,,6
2026-09-14,enwc-ussep-de-2026-09-15-rep-johshu,politics,0.0000,0,2026-09-14T15:49:43Z,,,,,6.250000,0.389,,6
2026-09-14,ussewc-usse-wy-2026-11-03-rep,politics,0.2953,1,2026-09-14T22:59:06Z,,,,0.380474,6.250000,2.980,,7
2026-09-14,ussewc-usse-ma-2026-11-03-rep,politics,0.1480,0,2026-09-14T22:59:06Z,,,,0.279196,6.250000,2.035,,3
2026-09-14,ewc-usse-ne-2026-11-03-danosb,politics,0.0000,1,2026-09-14T22:59:06Z,,,,0.000002,4.166667,2.113,,6
2026-09-14,usgubewc-usgub-nm-2026-11-03-dem,politics,0.0015,0,2026-09-14T22:59:06Z,,,,0.002982,6.250000,1.963,,4
2026-09-14,usgubewc-usgub-tn-2026-11-03-dem,politics,0.0066,1,2026-09-14T22:59:06Z,,,,0.006798,6.250000,3.742,,4
2026-09-14,ussewc-usse-ky-2026-11-03-dem,politics,0.0265,1,2026-09-14T22:59:06Z,,,,0.037701,6.250000,2.696,,6
2026-09-14,ussewc-usse-or-2026-11-03-dem,politics,0.0059,1,2026-09-14T22:59:06Z,,,,0.011410,6.250000,2.002,,5
2026-09-14,usgubewc-usgub-me-2026-11-03-rep,politics,0.1017,0,2026-09-14T22:59:06Z,,,,0.213560,6.250000,1.829,,7
2026-09-14,ussewc-usse-nj-2026-11-03-dem,politics,0.0967,1,2026-09-14T22:59:06Z,,,,0.146455,6.250000,2.535,,7
2026-09-14,ussewc-usse-al-2026-11-03-dem,politics,0.3399,1,2026-09-14T22:59:06Z,,,,0.454887,6.250000,2.869,,9
2026-09-14,aachc-cfb-wins-2026-11-28-iowa-9pt5wins,cfb,0.0010,0,2026-09-14T22:59:06Z,,,,0.001105,7.500000,2.792,,5
2026-09-14,aachc-cfb-wins-2026-11-28-duke-6pt5wins,cfb,0.0580,0,2026-09-14T22:59:06Z,,,,0.085740,7.500000,2.163,,5
2026-09-14,aachc-cfb-wins-2026-11-28-clmsn-6pt5wins,cfb,0.0101,1,2026-09-14T22:59:06Z,,,,0.008669,7.500000,3.737,,6
2026-09-14,aachc-cfb-wins-2026-11-28-stan-4pt5wins,cfb,0.0000,0,2026-09-14T22:59:06Z,,,,0.000099,7.500000,0.261,,7
2026-09-14,aachc-cfb-wins-ou-2026-11-28-hou,cfb,0.0019,0,2026-09-14T22:59:06Z,,,,0.033850,0.493421,2.680,,6
2026-09-14,aachc-cfb-wins-2026-11-28-bayl-8pt5wins,cfb,0.2490,1,2026-09-14T22:59:06Z,,,,0.192604,7.500000,4.137,,4
2026-09-14,aachc-cfb-wins-2026-11-28-txtech-11pt5wins,cfb,0.0000,1,2026-09-14T22:59:06Z,,,,,7.500000,0.289,,5
2026-09-14,aachc-cfb-wins-2026-11-28-wake-4pt5wins,cfb,0.0278,0,2026-09-14T22:59:06Z,,,,0.049099,7.500000,1.813,,3
2026-09-14,aachc-cfb-wins-2026-11-28-kan-6pt5wins,cfb,0.0547,0,2026-09-14T22:59:06Z,,,,0.070796,7.500000,2.474,,6
2026-09-14,aachc-cfb-wins-2026-11-28-usc-10pt5wins,cfb,0.0027,1,2026-09-14T22:59:06Z,,,,0.026342,7.500000,0.334,,4
2026-09-14,aachc-cfb-wins-2026-11-28-arzst-8pt5wins,cfb,0.0045,0,2026-09-14T22:59:06Z,,,,0.014463,7.500000,1.001,,4
2026-09-14,aachc-cfb-wins-2026-11-28-bayl-5pt5wins,cfb,0.0439,1,2026-09-14T22:59:06Z,,,,0.040217,7.500000,3.492,,6
2026-09-14,aachc-cfb-wins-ou-2026-11-28-pur,cfb,0.0008,0,2026-09-14T22:59:06Z,,,,0.704221,0.493421,0.056,,5
2026-09-14,aachc-cfb-wins-2026-11-28-iowa-8pt5wins,cfb,0.0000,0,2026-09-14T22:59:06Z,,,,0.000378,7.500000,0.111,,6
2026-09-14,ussewc-usse-ms-2026-11-03-rep,politics,0.0066,1,2026-09-15T00:00:03Z,,,,0.024134,6.250000,1.051,,5
2026-09-14,ussewc-usse-wv-2026-11-03-rep,politics,0.2681,0,2026-09-15T00:00:03Z,,,,0.402433,6.250000,2.558,,7
2026-09-14,usgubewc-usgub-ri-2026-11-03-rep,politics,0.0386,0,2026-09-15T00:00:03Z,,,,0.176770,4.166667,1.257,,8
2026-09-14,usgubewc-usgub-vt-2026-11-03-dem,politics,0.0309,0,2026-09-15T00:00:03Z,,,,0.043777,6.250000,2.713,,5
2026-09-14,usgubewc-usgub-md-2026-11-03-rep,politics,0.2305,1,2026-09-15T00:00:03Z,,,,0.332377,6.250000,2.663,,4
2026-09-14,usgubewc-usgub-ri-2026-11-03-dem,politics,0.0339,1,2026-09-15T00:00:03Z,,,,0.057657,4.166667,3.391,,5
2026-09-14,usgubewc-usgub-id-2026-11-03-rep,politics,0.0040,0,2026-09-15T00:00:03Z,,,,0.015987,6.250000,0.962,,3
2026-09-14,usgubewc-usgub-wy-2026-11-03-rep,politics,0.0142,0,2026-09-15T00:00:03Z,,,,0.031852,6.250000,1.707,,3
2026-09-14,usgubewc-usgub-nm-2026-11-03-rep,politics,0.0129,0,2026-09-15T00:00:03Z,,,,0.063366,6.250000,0.784,,5
2026-09-14,usgubewc-usgub-pa-2026-11-03-rep,politics,0.0086,0,2026-09-15T00:00:03Z,,,,0.028963,6.250000,1.145,,7
2026-09-14,aachc-cfb-wins-2026-11-28-kanst-10pt5wins,cfb,0.0084,0,2026-09-15T00:00:03Z,,,,0.024516,7.500000,1.095,,5
2026-09-14,aachc-cfb-wins-2026-11-28-mspst-6pt5wins,cfb,0.0017,1,2026-09-15T00:00:03Z,,,,0.001508,7.500000,3.509,,5
2026-09-14,aachc-cfb-wins-2026-11-28-boise-8pt5wins,cfb,0.0658,1,2026-09-15T00:00:03Z,,,,0.063363,7.500000,3.325,,7
2026-09-14,aachc-cfb-wins-2026-11-28-vand-3pt5wins,cfb,0.0367,1,2026-09-15T00:00:03Z,,,,0.032022,7.500000,3.670,,9
2026-09-14,aachc-cfb-wins-ou-2026-11-28-ore,cfb,0.0000,1,2026-09-15T00:00:03Z,,,,0.000134,0.493421,3.737,,5
2026-09-14,aachc-cfb-wins-2026-11-28-frest-8pt5wins,cfb,0.0211,1,2026-09-15T00:00:03Z,,,,0.019833,7.500000,3.409,,3
2026-09-14,aachc-cfb-wins-2026-11-28-arz-5pt5wins,cfb,0.0079,1,2026-09-15T00:00:03Z,,,,0.007079,7.500000,3.553,,5
2026-09-14,aachc-cfb-wins-ou-2026-11-28-iowast,cfb,0.0001,1,2026-09-15T00:00:03Z,,,,0.001481,0.493421,2.413,,5
2026-09-14,aachc-cfb-wins-2026-11-28-colst-2pt5wins,cfb,0.0008,1,2026-09-15T00:00:03Z,,,,0.000766,7.500000,3.375,,6
2026-09-14,aachc-cfb-wins-ou-2026-11-28-txtech,cfb,0.0008,0,2026-09-15T00:00:03Z,,,,0.039411,0.493421,0.929,,8
2026-09-14,ussewc-usse-sd-2026-11-03-briben,politics,0.0009,0,2026-09-15T00:00:03Z,,,,0.311168,6.250000,0.011,,7
2026-09-14,ussewc-usse-tn-2026-11-03-dem,politics,0.0001,0,2026-09-15T00:00:03Z,,,,0.043552,6.250000,0.006,,4
2026-09-14,ussewc-usse-la-2026-11-03-dem,politics,0.0001,0,2026-09-15T00:00:03Z,,,,0.033612,6.250000,0.011,,3
2026-09-14,aachc-cfb-wins-ou-2026-11-28-kan,cfb,0.0000,0,2026-09-15T00:00:03Z,,,,,0.493421,0.006,,6
2026-09-14,aachc-cfb-wins-2026-11-28-tcu-5pt5wins,cfb,0.0008,0,2026-09-15T00:00:03Z,,,,0.019923,7.500000,0.133,,5
2026-09-14,aachc-cfb-wins-ou-2026-11-28-mia,cfb,0.0000,0,2026-09-15T00:00:03Z,,,,0.001957,0.493421,0.011,,6
2026-09-14,aachc-cfb-wins-2026-11-28-smu-9pt5wins,cfb,0.0002,0,2026-09-15T00:00:03Z,,,,0.012608,7.500000,0.044,,6
2026-09-13,ussewc-usse-al-2026-11-03-dem,politics,0.2749,0,2026-09-13T04:43:22Z,,,,0.117466,6.130520,8.835,,3
2026-09-13,ussewc-usse-il-2026-11-03-rep,politics,0.2168,2,2026-09-13T04:43:22Z,,,,0.054018,6.121891,15.091,,3
2026-09-13,ewc-usse-oh-2026-11-03-dem,politics,0.6407,1,2026-09-13T04:43:22Z,,,,0.002469,367.866872,16.258,,6
2026-09-13,usgubewc-usgub-ne-2026-11-03-dem,politics,0.0028,2,2026-09-13T04:43:22Z,,,,0.005265,6.249912,2.002,,3
2026-09-13,usgubewc-usgub-hi-2026-11-03-rep,politics,0.0414,1,2026-09-13T04:43:22Z,,,,0.010751,6.148836,14.533,,3
2026-09-13,usgubewc-usgub-ct-2026-11-03-rep,politics,0.0115,1,2026-09-13T04:43:22Z,,,,0.003169,6.141179,13.510,,4
2026-09-13,ewc-usse-ia-2026-11-03-rep,politics,2.3905,1,2026-09-13T04:43:22Z,,,,0.009791,367.429862,15.319,,7
2026-09-13,usgubewc-usgub-ar-2026-11-03-dem,politics,0.0000,1,2026-09-13T04:43:22Z,,,,0.000112,6.250063,1.846,,6
2026-09-13,ussewc-usse-ma-2026-11-03-rep,politics,0.0252,0,2026-09-13T04:43:22Z,,,,0.142464,6.249992,0.681,,
2026-09-13,ussewc-usse-ma-2026-11-03-dem,politics,0.0687,0,2026-09-13T04:43:22Z,,,,0.139060,6.250061,1.898,,4
2026-09-13,usgubewc-usgub-id-2026-11-03-rep,politics,0.0262,0,2026-09-13T04:43:22Z,,,,0.017818,6.168256,5.566,,4
2026-09-13,usgubewc-usgub-me-2026-11-03-rep,politics,0.0228,0,2026-09-13T04:43:22Z,,,,0.006942,6.156426,12.505,,6
2026-09-13,enwc-uspres-nom-dem-2028-markel,politics,0.0268,1,2026-09-13T04:43:22Z,,,,0.012496,29.411993,1.757,,5
2026-09-13,usgubewc-usgub-co-2026-11-03-dem,politics,0.0009,1,2026-09-13T04:43:22Z,,,,0.000267,6.109424,13.751,,5
2026-09-13,ussewc-usse-ri-2026-11-03-rep,politics,0.0002,1,2026-09-13T04:43:22Z,,,,0.000453,6.250098,2.082,,4
2026-09-13,usgubewc-usgub-il-2026-11-03-rep,politics,0.1320,1,2026-09-13T04:43:22Z,,,,0.038276,6.133632,12.983,,4
2026-09-13,ewc-usgub-oh-2026-11-03-rep,politics,1.1991,1,2026-09-13T04:43:22Z,,,,0.012232,146.957624,15.247,,7
2026-09-13,ussewc-usse-ks-2026-11-03-dem,politics,0.0000,1,2026-09-13T04:43:22Z,,,,,,,,6
2026-09-13,ussewc-usse-or-2026-11-03-rep,politics,0.0980,1,2026-09-13T04:43:22Z,,,,0.204527,6.250087,1.837,,5
2026-09-13,ussewc-usse-fl-2026-11-03-dem,politics,0.0914,1,2026-09-13T04:43:22Z,,,,0.209773,6.249855,1.674,,10
2026-09-13,ewc-usse-nc-2026-11-03-rep,politics,0.5928,0,2026-09-13T04:43:22Z,,,,0.055750,374.999540,0.681,,7
2026-09-13,usgubewc-usgub-co-2026-11-03-rep,politics,0.7017,1,2026-09-13T04:43:22Z,,,,0.180371,6.150094,14.717,,5
2026-09-13,ussewc-usse-tn-2026-11-03-rep,politics,0.6643,1,2026-09-13T04:43:22Z,,,,0.196343,6.132502,12.514,,4
2026-09-13,ussewc-usse-de-2026-11-03-rep,politics,0.0014,1,2026-09-13T04:43:22Z,,,,0.000458,6.156450,10.852,,5
2026-09-13,usgubewc-usgub-wy-2026-11-03-dem,politics,0.4322,2,2026-09-13T04:43:22Z,,,,0.161343,6.129197,10.147,,3
2026-09-13,ushrewc-ushr-me-02-2026-11-03-dem,politics,2.3635,1,2026-09-13T04:43:22Z,,,,0.065585,61.412357,13.521,,4
2026-09-13,ewc-usse-mn-2026-11-03-rep,politics,6.8684,1,2026-09-13T04:43:22Z,,,,0.066039,147.166151,16.370,,6
2026-09-13,ewc-usse-mn-2026-11-03-dem,politics,0.6120,1,2026-09-13T04:43:22Z,,,,0.007092,147.012616,13.499,,4
2026-09-13,usgubewc-usgub-tx-2026-11-03-rep,politics,0.8902,1,2026-09-13T04:43:22Z,,,,0.015452,147.898616,9.086,,5
2026-09-13,scc-hrep-rep-2026-11-03-gte220,politics,0.2074,0,2026-09-13T04:43:22Z,,,,0.028620,24.519070,6.680,,5
2026-09-13,ewc-usse-ia-2026-11-03-dem,politics,1.9911,2,2026-09-13T04:43:22Z,,,,0.008169,367.438169,15.336,,7
2026-09-13,usgubewc-usgub-ma-2026-11-03-dem,politics,0.0999,1,2026-09-13T04:43:22Z,,,,0.024399,6.124373,15.386,,5
2026-09-13,ewc-usse-tx-2026-11-03-rep,politics,2.6160,1,2026-09-13T04:43:22Z,,,,0.009996,367.917797,16.375,,10
2026-09-13,scc-hrep-rep-2026-11-03-gte185,politics,0.9625,0,2026-09-13T04:43:22Z,,,,0.123019,24.549349,7.131,,3
2026-09-13,ewc-usgub-ga-2026-11-03-rep,politics,0.6426,2,2026-09-13T04:43:22Z,,,,0.006089,147.167119,16.375,,6
2026-09-13,ewc-usgub-nv-2026-11-03-dem,politics,3.8563,1,2026-09-13T04:43:22Z,,,,0.050526,147.556821,12.038,,5
2026-09-13,ewc-usgub-mi-2026-11-03-dem,politics,1.2253,1,2026-09-13T04:43:22Z,,,,0.025518,98.884257,11.410,,8
2026-09-13,ewc-usgub-mi-2026-11-03-rep,politics,0.1089,1,2026-09-13T04:43:22Z,,,,0.010918,99.999322,2.392,,7
2026-09-13,usgubewc-usgub-sd-2026-11-03-rep,politics,0.0026,1,2026-09-13T04:43:22Z,,,,0.000673,6.113881,14.202,,5
2026-09-13,usgubewc-usgub-ma-2026-11-03-rep,politics,0.1260,1,2026-09-13T04:43:22Z,,,,0.030454,6.125568,15.536,,4
2026-09-13,ussewc-usse-va-2026-11-03-rep,politics,0.3213,1,2026-09-13T04:43:22Z,,,,0.020569,61.781026,5.875,,4
2026-09-13,ewc-usse-me-2026-11-03-dem,politics,4.3265,0,2026-09-13T04:43:22Z,,,,0.043999,146.993443,15.430,,9
2026-09-13,paccc-usse-midterms-2026-11-03-dem,politics,16.8183,1,2026-09-13T04:43:22Z,,,,0.070850,369.135908,15.045,,20
2026-09-13,usgubewc-usgub-id-2026-11-03-dem,politics,0.0000,0,2026-09-13T05:51:01Z,,,,,6.148241,7.498,,10
2026-09-13,ussewc-usse-wy-2026-11-03-dem,politics,0.0000,0,2026-09-13T05:51:01Z,,,,,6.250051,1.676,,7
2026-09-13,usgubewc-usgub-il-2026-11-03-dem,politics,0.0001,0,2026-09-13T05:51:01Z,,,,0.000030,6.171111,13.383,,5
2026-09-13,usgubewc-usgub-ct-2026-11-03-dem,politics,0.5714,0,2026-09-13T05:51:01Z,,,,0.144219,6.168351,14.915,,3
2026-09-13,ussewc-usse-il-2026-11-03-dem,politics,0.0290,0,2026-09-13T05:51:01Z,,,,0.010785,6.129072,10.135,,6
2026-09-13,usgubewc-usgub-sd-2026-11-03-dem,politics,0.0605,0,2026-09-13T05:51:01Z,,,,0.026288,6.221316,8.799,,4
2026-09-13,usgubewc-usgub-me-2026-11-03-dem,politics,0.8194,1,2026-09-13T05:51:01Z,,,,0.205330,6.139082,15.150,,5
2026-09-13,usgubewc-usgub-nm-2026-11-03-dem,politics,0.0442,0,2026-09-13T05:51:01Z,,,,0.021446,6.098734,7.735,,5
2026-09-13,ussewc-usse-or-2026-11-03-dem,politics,0.0004,0,2026-09-13T05:51:01Z,,,,0.004749,6.250131,0.335,,
2026-09-13,usgubewc-usgub-md-2026-11-03-rep,politics,1.6797,0,2026-09-13T05:51:01Z,,,,0.902704,6.148177,7.022,,4
2026-09-13,ussewc-usse-al-2026-11-03-rep,politics,0.0097,0,2026-09-13T07:53:07Z,,,,0.011358,6.004459,3.272,,4
2026-09-13,usgubewc-usgub-al-2026-11-03-dem,politics,0.0000,0,2026-09-13T11:27:07Z,,,,,6.250000,1.607,,6
2026-09-13,usgubewc-usgub-ne-2026-11-03-rep,politics,0.0000,0,2026-09-13T12:27:29Z,,,,,6.249868,1.317,,7
2026-09-13,enwc-uspres-nom-rep-2028-dontru,politics,0.0000,1,2026-09-13T12:27:29Z,,,,0.000035,35.714193,1.841,,5
2026-09-13,usgubewc-usgub-sc-2026-11-03-rep,politics,0.0008,0,2026-09-13T12:27:29Z,,,,0.001702,6.250090,1.869,,6
2026-09-13,ewc-usse-ne-2026-11-03-dem,politics,0.0514,1,2026-09-13T12:27:29Z,,,,0.146931,4.166674,2.018,,3
2026-09-13,enwc-uspres-nom-rep-2028-elomus,politics,0.0010,0,2026-09-13T12:27:29Z,,,,0.000330,35.714711,1.852,,5
2026-09-13,pvwc-usgub-ny-nas-2026-11-03-kathoc,politics,0.0000,0,2026-09-13T12:27:29Z,,,,,6.250071,1.963,,4
2026-09-13,ewc-usp-2028-11-07-dontru,politics,0.0129,0,2026-09-13T12:27:29Z,,,,0.009952,18.518592,1.680,,16
2026-09-13,usgubewc-usgub-sc-2026-11-03-dem,politics,0.0000,0,2026-09-13T12:27:29Z,,,,,6.250099,1.657,,9
2026-09-13,usgubewc-usgub-ak-2026-11-03-bilwal,politics,0.0000,0,2026-09-13T12:27:29Z,,,,,41.746180,7.765,,4
2026-09-13,usgubewc-usgub-or-2026-11-03-dem,politics,0.0000,0,2026-09-13T12:27:29Z,,,,,6.249945,1.846,,4
2026-09-13,ewc-usp-2028-11-07-tuccar,politics,0.0017,0,2026-09-13T12:27:29Z,,,,0.002466,18.517962,0.890,,
2026-09-13,enwc-uspres-nom-dem-2028-dwajoh,politics,0.0043,0,2026-09-13T12:27:29Z,,,,0.002241,29.412187,1.579,,4
2026-09-13,usgubewc-usgub-or-2026-11-03-rep,politics,0.0481,1,2026-09-13T12:27:29Z,,,,0.104843,6.250072,1.763,,7
2026-09-13,enwc-uspres-nom-rep-2028-tuccar,politics,0.0016,0,2026-09-13T12:27:29Z,,,,0.001292,35.714717,0.828,,
2026-09-13,ussewc-usse-ar-2026-11-03-dem,politics,0.0198,1,2026-09-13T12:27:29Z,,,,0.045128,6.250061,1.680,,5
2026-09-13,ussewc-usse-id-2026-11-03-rep,politics,0.0000,0,2026-09-13T12:27:29Z,,,,,6.250630,0.389,,4
2026-09-13,paccc-usse-midterms-2026-11-03-rep,politics,13.1133,1,2026-09-13T15:50:51Z,,,,0.075388,368.816633,11.038,,23
2026-09-13,scc-hrep-rep-2026-11-03-gte210,politics,1.3555,0,2026-09-13T15:50:51Z,,,,0.366415,24.473909,3.517,,6
2026-09-13,paccc-balpow-2026-11-03-dhou-rsen,politics,3.6321,2,2026-09-13T15:50:51Z,,,,0.041006,183.470098,11.003,,13
2026-09-13,ewc-usgub-ia-2026-11-03-rep,politics,0.6256,1,2026-09-13T15:50:51Z,,,,0.008527,146.910529,11.482,,3
2026-09-13,ewc-usse-me-2026-11-03-rep,politics,0.7778,1,2026-09-13T15:50:51Z,,,,0.011503,146.656070,10.609,,10
2026-09-13,paccc-balpow-2026-11-03-dsweep,politics,1.5538,2,2026-09-13T15:50:51Z,,,,0.021569,184.944174,8.954,,9
2026-09-13,usgubewc-usgub-fl-2026-11-03-dem,politics,0.2707,0,2026-09-13T15:50:51Z,,,,0.010402,61.440792,9.968,,8
2026-09-13,ewc-usgub-oh-2026-11-03-dem,politics,0.0911,2,2026-09-13T15:50:51Z,,,,0.006897,144.750806,1.931,,6
2026-09-13,usgubewc-usgub-nh-2026-11-03-rep,politics,0.4016,2,2026-09-13T15:50:51Z,,,,0.019082,60.937439,7.844,,6
2026-09-13,ewc-usgub-ia-2026-11-03-dem,politics,2.4985,2,2026-09-13T15:50:51Z,,,,0.033914,146.907490,11.471,,6
2026-09-13,scc-hrep-rep-2026-11-03-gte230,politics,0.1939,0,2026-09-13T15:50:51Z,,,,0.027470,24.574157,6.716,,4
2026-09-13,paccc-usho-midterms-2026-11-03-dem,politics,5.8580,1,2026-09-13T15:50:51Z,,,,0.033763,366.874433,10.914,,25
2026-09-13,paccc-usho-midterms-2026-11-03-rep,politics,1.6416,1,2026-09-13T15:50:51Z,,,,0.009072,367.245972,11.437,,21
2026-09-13,usgubewc-usgub-tx-2026-11-03-dem,politics,3.1464,2,2026-09-13T15:50:51Z,,,,0.050386,147.450676,9.561,,6
2026-09-13,usgubewc-usgub-fl-2026-11-03-rep,politics,3.2442,1,2026-09-13T15:50:51Z,,,,0.152014,61.409034,8.111,,5
2026-09-13,scc-senate-gop-2026-11-03-55,politics,0.5241,0,2026-09-13T15:50:51Z,,,,0.053919,22.828022,10.013,,8
2026-09-13,ewc-usse-nc-2026-11-03-dem,politics,2.8677,1,2026-09-13T15:50:51Z,,,,0.015911,369.425868,11.364,,5
2026-09-13,ewc-usse-mi-2026-11-03-rep,politics,2.8253,2,2026-09-13T15:50:51Z,,,,0.015616,367.176651,11.337,,7
2026-09-13,ewc-usse-mi-2026-11-03-dem,politics,1.7854,1,2026-09-13T15:50:51Z,,,,0.009717,367.238254,11.426,,10
2026-09-13,ewc-usgub-az-2026-11-03-rep,politics,0.5572,0,2026-09-13T15:50:51Z,,,,0.008475,146.530583,10.225,,5
2026-09-13,scc-senate-gop-2026-11-03-lte45,politics,1.4040,0,2026-09-13T15:50:51Z,,,,0.248137,22.625980,5.855,,6
2026-09-13,ushrewc-ushr-ne-02-2026-11-03-dem,politics,0.9074,1,2026-09-13T15:50:51Z,,,,0.037204,60.875627,9.102,,3
2026-09-13,paccc-balpow-2026-11-03-rsweep,politics,2.2806,1,2026-09-13T15:50:51Z,,,,0.030778,184.168634,9.144,,7
2026-09-13,ushrewc-ushr-oh-09-2026-11-03-dem,politics,1.6484,1,2026-09-13T15:50:51Z,,,,0.067481,60.860858,9.018,,3
2026-09-13,ushrewc-ushr-oh-09-2026-11-03-rep,politics,1.5941,1,2026-09-13T15:50:51Z,,,,0.094794,60.855147,6.174,,5
2026-09-13,ushrewc-ushr-tx-34-2026-11-03-dem,politics,2.6660,2,2026-09-13T15:50:51Z,,,,0.046019,146.034400,8.946,,5
2026-09-13,ushrewc-ushr-tx-15-2026-11-03-rep,politics,1.2038,0,2026-09-13T15:50:51Z,,,,0.095594,61.222840,4.643,,4
2026-09-13,scc-senate-gop-2026-11-03-54,politics,0.5076,0,2026-09-13T15:50:51Z,,,,0.124720,22.701634,4.155,,8
2026-09-13,ushrewc-ushr-tx-34-2026-11-03-rep,politics,2.8969,2,2026-09-13T15:50:51Z,,,,0.048241,146.197253,9.329,,5
2026-09-13,ushrewc-ushr-ca-45-2026-11-03-dem,politics,0.3439,1,2026-09-13T15:50:51Z,,,,0.023486,60.624034,5.412,,3
2026-09-13,ushrewc-ushr-ny-04-2026-11-03-rep,politics,1.0739,1,2026-09-13T15:50:51Z,,,,0.043270,60.888027,9.168,,3
2026-09-13,ushrewc-ushr-ne-02-2026-11-03-rep,politics,0.9312,1,2026-09-13T15:50:51Z,,,,0.039574,60.791453,8.651,,2
2026-09-13,usgubewc-usgub-ny-2026-11-03-dem,politics,0.3405,2,2026-09-13T15:50:51Z,,,,0.024393,61.032205,5.199,,4
2026-09-13,ussewc-usse-co-2026-11-03-rep,politics,0.9411,1,2026-09-13T15:50:51Z,,,,0.033208,61.111171,10.642,,3
2026-09-13,ewc-usse-nh-2026-11-03-dem,politics,0.4654,1,2026-09-13T15:50:51Z,,,,0.006391,146.880152,11.370,,5
2026-09-13,ushrewc-ushr-me-02-2026-11-03-rep,politics,1.0809,0,2026-09-13T15:50:51Z,,,,0.121354,60.689189,3.275,,3
2026-09-13,usgubewc-usgub-ny-2026-11-03-rep,politics,2.0560,1,2026-09-13T15:50:51Z,,,,0.093776,61.014272,8.249,,6
2026-09-13,ewc-usse-nh-2026-11-03-rep,politics,0.7611,1,2026-09-13T15:50:51Z,,,,0.010374,146.892276,11.415,,6
2026-09-13,scc-hrep-rep-2026-11-03-gte225,politics,0.1441,0,2026-09-13T15:50:51Z,,,,0.078723,24.999866,1.757,,5
2026-09-13,scc-senate-gop-2026-11-03-48,politics,0.1076,0,2026-09-13T15:50:51Z,,,,0.033227,22.562992,3.323,,7
2026-09-13,scc-senate-gop-2026-11-03-49,politics,0.2309,0,2026-09-13T15:50:51Z,,,,0.048455,22.762326,4.956,,6
2026-09-13,usgubewc-usgub-ri-2026-11-03-dem,politics,0.3538,0,2026-09-13T15:50:51Z,,,,0.289227,4.063995,6.854,,5
2026-09-13,ewc-usgub-nv-2026-11-03-rep,politics,1.1565,0,2026-09-13T15:50:51Z,,,,0.026940,146.324418,6.630,,6
2026-09-13,usgubewc-usgub-tn-2026-11-03-rep,politics,0.0259,0,2026-09-13T15:50:51Z,,,,0.015972,6.075779,6.059,,4
2026-09-13,usgubewc-usgub-mn-2026-11-03-dem,politics,0.5274,0,2026-09-13T15:50:51Z,,,,0.312114,6.141686,6.231,,5
2026-09-13,ussewc-usse-sd-2026-11-03-rep,politics,0.0302,0,2026-09-13T15:50:51Z,,,,0.084392,6.250127,1.374,,5
2026-09-13,usgubewc-usgub-nh-2026-11-03-dem,politics,0.4101,0,2026-09-13T15:50:51Z,,,,0.014693,61.329361,10.468,,4
2026-09-13,usgubewc-usgub-pa-2026-11-03-dem,politics,0.0969,0,2026-09-13T15:50:51Z,,,,0.038374,6.095187,9.547,,7
2026-09-13,scc-senate-gop-2026-11-03-51,politics,1.5494,0,2026-09-13T15:50:51Z,,,,0.331486,23.076789,4.861,,7
2026-09-13,scc-senate-gop-2026-11-03-50,politics,1.7113,0,2026-09-13T15:50:51Z,,,,0.318849,22.765160,5.480,,10
2026-09-13,ussewc-usse-ok-2026-11-03-rep,politics,0.0007,0,2026-09-13T15:50:51Z,,,,0.001890,6.250145,1.262,,4
2026-09-13,ussewc-usse-nm-2026-11-03-dem,politics,0.0090,1,2026-09-13T15:50:51Z,,,,0.025872,6.250102,1.329,,4
2026-09-13,ushrewc-ushr-pa-01-2026-11-03-rep,politics,1.2508,0,2026-09-13T16:12:54Z,,,,0.152005,60.539510,3.025,,3
2026-09-13,ushrewc-ushr-nc-01-2026-11-03-rep,politics,0.6755,1,2026-09-13T16:12:54Z,,,,0.047028,61.384409,5.317,,3
2026-09-13,ussewc-usse-mt-2026-11-03-setbod,politics,0.0135,1,2026-09-13T16:12:54Z,,,,0.056238,4.166752,1.379,,4
2026-09-13,ussewc-usse-sc-2026-11-03-rep,politics,0.0149,1,2026-09-13T16:12:54Z,,,,0.082646,6.249830,0.696,,4
2026-09-13,ushrewc-ushr-mi-07-2026-11-03-dem,politics,1.3394,1,2026-09-13T16:12:54Z,,,,0.082227,60.801853,5.979,,3
2026-09-13,ushrewc-ushr-ny-17-2026-11-03-rep,politics,1.3718,1,2026-09-13T16:12:54Z,,,,0.092404,60.610058,5.373,,3
2026-09-13,ushrewc-ushr-ia-01-2026-11-03-rep,politics,3.1466,2,2026-09-13T16:12:54Z,,,,0.114741,61.050901,10.203,,4
2026-09-13,ewc-usgub-wi-2026-11-03-rep,politics,0.1001,1,2026-09-13T16:12:54Z,,,,0.008475,144.252314,1.764,,6
2026-09-13,ussewc-usse-tn-2026-11-03-dem,politics,0.0003,0,2026-09-13T17:16:59Z,,,,0.001323,5.995270,0.991,,4
2026-09-13,aachc-cfb-wins-2026-11-28-vir-7pt5wins,cfb,0.0728,1,2026-09-13T17:16:59Z,,,,0.410323,7.500214,0.567,,6
2026-09-13,aachc-cfb-wins-2026-11-28-txst-8pt5wins,cfb,0.0088,0,2026-09-13T17:16:59Z,,,,0.072580,7.499899,0.389,,2
2026-09-13,aachc-cfb-wins-2026-11-28-ill-7pt5wins,cfb,0.0019,0,2026-09-13T17:16:59Z,,,,0.018473,7.500045,0.317,,4
2026-09-13,aachc-cfb-wins-ou-2026-11-28-stan,cfb,0.0003,1,2026-09-13T17:16:59Z,,,,0.060097,0.493464,0.295,,5
2026-09-13,aachc-cfb-wins-2026-11-28-lou-6pt5wins,cfb,0.0000,1,2026-09-13T17:16:59Z,,,,,,,,
2026-09-13,aachc-cfb-wins-2026-11-28-rutger-4pt5wins,cfb,0.0972,1,2026-09-13T17:16:59Z,,,,0.537487,7.499713,0.579,,7
2026-09-13,aachc-cfb-wins-2026-11-28-missr-7pt5wins,cfb,0.0011,0,2026-09-13T17:16:59Z,,,,0.006820,7.499802,0.518,,4
2026-09-13,usgubewc-usgub-ar-2026-11-03-rep,politics,0.0022,1,2026-09-13T17:40:18Z,,,,0.006123,6.250173,1.402,,4
2026-09-13,aachc-cfb-wins-2026-11-28-ala-6pt5wins,cfb,0.0065,1,2026-09-13T17:40:18Z,,,,0.029695,7.499890,0.701,,7
2026-09-13,aachc-cfb-wins-2026-11-28-bayl-7pt5wins,cfb,0.0065,0,2026-09-13T17:40:18Z,,,,0.064446,7.499617,0.323,,6
2026-09-13,aachc-cfb-wins-ou-2026-11-28-clmsn,cfb,0.0000,1,2026-09-13T17:40:18Z,,,,0.000913,0.493425,0.273,,5
2026-09-13,aachc-cfb-wins-2026-11-28-mich-10pt5wins,cfb,0.0139,1,2026-09-13T17:40:18Z,,,,0.065521,7.500127,0.685,,4
2026-09-13,aachc-cfb-wins-2026-11-28-pennst-9pt5wins,cfb,0.0504,1,2026-09-13T17:40:18Z,,,,0.235771,7.499995,0.684,,5
2026-09-13,aachc-cfb-wins-2026-11-28-ore-11pt5wins,cfb,0.0071,1,2026-09-13T17:40:18Z,,,,0.041451,7.500397,0.545,,7
2026-09-13,ewc-usse-ne-2026-11-03-rep,politics,0.0000,0,2026-09-13T17:40:18Z,,,,,4.167197,0.117,,5
2026-09-13,aachc-cfb-wins-2026-11-28-wash-10pt5wins,cfb,0.0037,0,2026-09-13T17:40:18Z,,,,0.046441,7.499798,0.256,,
2026-09-13,usgubewc-usgub-al-2026-11-03-rep,politics,0.0000,0,2026-09-13T18:05:47Z,,,,,6.252635,0.022,,7
2026-09-13,aachc-cfb-wins-2026-11-28-vand-7pt5wins,cfb,0.0064,1,2026-09-13T18:05:47Z,,,,0.033752,7.500208,0.612,,3
2026-09-13,cranc-uspres28-12-31-2026-gavnew,politics,0.0000,1,2026-09-13T19:16:36Z,,,,0.006089,0.378790,1.340,,8
2026-09-13,cranc-uspres28-12-31-2026-tuccar,politics,0.0019,1,2026-09-13T19:16:36Z,,,,0.106659,0.378786,1.179,,6
2026-09-13,ushrewc-ushr-wa-03-2026-11-03-rep,politics,1.7598,0,2026-09-13T19:16:36Z,,,,0.310351,60.857355,2.074,,3
2026-09-13,aachc-cfb-wins-2026-11-28-okst-8pt5wins,cfb,0.0397,0,2026-09-13T19:16:36Z,,,,0.281911,7.500175,0.451,,4
2026-09-13,aachc-cfb-wins-2026-11-28-stan-5pt5wins,cfb,0.0049,0,2026-09-13T19:16:36Z,,,,0.036645,7.499875,0.428,,4
2026-09-13,aachc-cfb-wins-2026-11-28-vir-5pt5wins,cfb,0.0036,1,2026-09-13T19:16:36Z,,,,0.022024,7.500160,0.528,,4
2026-09-13,aachc-cfb-wins-2026-11-28-wisc-8pt5wins,cfb,0.0543,1,2026-09-13T19:16:36Z,,,,0.328070,7.500105,0.529,,6
2026-09-13,aachc-cfb-wins-ou-2026-11-28-duke,cfb,0.0023,1,2026-09-13T19:16:36Z,,,,0.192051,0.493419,0.551,,4
2026-09-13,aachc-cfb-wins-2026-11-28-flst-6pt5wins,cfb,0.0030,0,2026-09-13T19:16:36Z,,,,0.076419,7.499396,0.128,,
2026-09-13,aachc-cfb-wins-2026-11-28-wash-8pt5wins,cfb,0.0298,2,2026-09-13T19:16:36Z,,,,0.154074,7.499922,0.617,,8
2026-09-13,aachc-cfb-wins-2026-11-28-boise-9pt5wins,cfb,0.0072,0,2026-09-13T19:16:36Z,,,,0.126431,7.499974,0.184,,
2026-09-13,aachc-cfb-wins-2026-11-28-syra-3pt5wins,cfb,0.0121,1,2026-09-13T19:16:36Z,,,,0.060965,7.499894,0.634,,5
2026-09-13,aachc-cfb-wins-2026-11-28-nd-8pt5wins,cfb,0.0030,1,2026-09-13T19:16:36Z,,,,0.016092,7.499973,0.601,,8
2026-09-13,aachc-cfb-wins-ou-2026-11-28-bayl,cfb,0.0045,1,2026-09-13T19:16:36Z,,,,0.387292,0.493430,0.567,,5
2026-09-13,aachc-cfb-wins-2026-11-28-oregst-5pt5wins,cfb,0.0686,1,2026-09-13T19:16:36Z,,,,0.391104,7.499962,0.562,,6
2026-09-13,ftsc-nfl-qbtop5fp-2027-01-10-lamjac,nfl,0.0061,0,2026-09-13T19:16:36Z,,,,0.836308,1.562533,0.111,,
