ts,iso,type,market,side,intent,price,shares,order_id,role,realized_pnl,placed_iso,rested_h,commission,maker_bps,manual,order_state,cancel_reason,reject_reason,amount_usd,detail
1790282914.5,2026-09-24T20:48:34.476702270Z,ACTIVITY_TYPE_TRADE,scc-hrep-rep-2026-11-03-gte210,BUY,ORDER_INTENT_BUY_LONG,0.28,108.84,CPQS1CVS0XDJ,passive,,2026-09-24T20:47:04.672604388Z,0.025,-0.27,0,1,ORDER_STATE_PARTIALLY_FILLED,UNSOLICITED_CXL_REASON_UNDEFINED,ORD_REJECT_REASON_EXCHANGE_OPTION,,
1790282924.0,2026-09-24T20:48:43.985288838Z,ACTIVITY_TYPE_TRADE,vtc-usseto-ri-2026-11-03-gt400k,BUY,ORDER_INTENT_BUY_LONG,0.41,1,CPQ9WEKZGXDJ,passive,,2026-09-24T20:12:53.462822407Z,0.597,0,0,1,ORDER_STATE_FILLED,UNSOLICITED_CXL_REASON_UNDEFINED,ORD_REJECT_REASON_EXCHANGE_OPTION,,
1790282927.5,2026-09-24T20:48:47.463131374Z,ACTIVITY_TYPE_TRADE,scc-hrep-rep-2026-11-03-gte210,BUY,ORDER_INTENT_BUY_LONG,0.28,0.42,CPQS1CVS0XDJ,passive,,2026-09-24T20:47:04.672604388Z,0.029,0,0,1,ORDER_STATE_PARTIALLY_FILLED,UNSOLICITED_CXL_REASON_UNDEFINED,ORD_REJECT_REASON_EXCHANGE_OPTION,,
1790282933.5,2026-09-24T20:48:53.484049360Z,ACTIVITY_TYPE_TRADE,scc-hrep-demst-2026-11-03-gte235,BUY,ORDER_INTENT_BUY_LONG,0.46,0.17,CPQ5KKQCEXPK,passive,,2026-09-24T20:02:29.376284229Z,0.773,0,0,1,ORDER_STATE_PARTIALLY_FILLED,UNSOLICITED_CXL_REASON_UNDEFINED,ORD_REJECT_REASON_EXCHANGE_OPTION,,
1790282933.5,2026-09-24T20:48:53.526273301Z,ACTIVITY_TYPE_TRADE,ussewc-usse-fl-2026-11-03-rep,SELL,ORDER_INTENT_BUY_SHORT,0.91,20,CPQR6PKY2XDR,passive,,2026-09-24T20:44:50.478792631Z,0.068,-0.02,0,1,ORDER_STATE_FILLED,UNSOLICITED_CXL_REASON_UNDEFINED,ORD_REJECT_REASON_EXCHANGE_OPTION,,
1790283018.9,2026-09-24T20:50:18.919733556Z,ACTIVITY_TYPE_TRADE,cpoc-ussegubc-ia-2026-11-03-dsweep,SELL,ORDER_INTENT_SELL_LONG,0.53,14,CPJG1JNJJXDG,passive,7.46,2026-09-24T14:34:57.493739678Z,6.256,-0.04,0,1,ORDER_STATE_FILLED,UNSOLICITED_CXL_REASON_UNDEFINED,ORD_REJECT_REASON_EXCHANGE_OPTION,,
1790283220.8,2026-09-24T20:53:40.808273931Z,ACTIVITY_TYPE_TRADE,cpoc-ussegubc-nh-2026-11-03-rsweep,BUY,ORDER_INTENT_SELL_SHORT,0.11,1,CPQ5EX5M8XDQ,passive,-0.87,2026-09-24T20:02:31.031114536Z,0.853,0,0,1,ORDER_STATE_FILLED,UNSOLICITED_CXL_REASON_UNDEFINED,ORD_REJECT_REASON_EXCHANGE_OPTION,,
1790283227.7,2026-09-24T20:53:47.667796200Z,ACTIVITY_TYPE_TRADE,usgubewc-usgub-fl-2026-11-03-rep,SELL,ORDER_INTENT_BUY_SHORT,0.75,50,CPQ878YTRXPJ,passive,,2026-09-24T20:08:41.485368582Z,0.752,-0.12,0,1,ORDER_STATE_FILLED,UNSOLICITED_CXL_REASON_UNDEFINED,ORD_REJECT_REASON_EXCHANGE_OPTION,,
1790283239.2,2026-09-24T20:53:59.172005224Z,ACTIVITY_TYPE_TRADE,usgubewc-usgub-ak-2026-11-03-berwil,BUY,ORDER_INTENT_SELL_SHORT,0.16,10,CPK8CNXZWXDJ,passive,-8.08,2026-09-24T15:30:20.989233776Z,5.394,-0.02,0,1,ORDER_STATE_FILLED,UNSOLICITED_CXL_REASON_UNDEFINED,ORD_REJECT_REASON_EXCHANGE_OPTION,,
1790283242.1,2026-09-24T20:54:02.084691683Z,ACTIVITY_TYPE_TRADE,scc-hrep-rep-2026-11-03-gte195,BUY,ORDER_INTENT_BUY_LONG,0.59,8,CPQRTRXEGXDG,passive,,2026-09-24T20:47:05.885568234Z,0.116,-0.02,0,1,ORDER_STATE_PARTIALLY_FILLED,UNSOLICITED_CXL_REASON_UNDEFINED,ORD_REJECT_REASON_EXCHANGE_OPTION,,
1790283257.3,2026-09-24T20:54:17.314595794Z,ACTIVITY_TYPE_TRADE,ushrewc-ushr-me-02-2026-11-03-rep,BUY,ORDER_INTENT_SELL_SHORT,0.62,41,CPHRG5CZMXDN,passive,5.45,2026-09-24T13:42:27.763213960Z,7.197,-0.12,0,1,ORDER_STATE_FILLED,UNSOLICITED_CXL_REASON_UNDEFINED,ORD_REJECT_REASON_EXCHANGE_OPTION,,
1790283304.7,2026-09-24T20:55:04.679686112Z,ACTIVITY_TYPE_TRADE,scc-hrep-rep-2026-11-03-gte185,BUY,ORDER_INTENT_SELL_SHORT,0.93,214,CPQ2YG55EXPK,passive,195.84,2026-09-24T19:57:04.201772929Z,0.967,-0.17,0,1,ORDER_STATE_FILLED,UNSOLICITED_CXL_REASON_UNDEFINED,ORD_REJECT_REASON_EXCHANGE_OPTION,,
1790283316.4,2026-09-24T20:55:16.369021192Z,ACTIVITY_TYPE_TRADE,cpoc-ussegubc-me-2026-11-03-rsweep,BUY,ORDER_INTENT_SELL_SHORT,0.06,10,CPQ5M807GXDS,passive,-9.19,2026-09-24T20:02:31.365287219Z,0.879,-0.01,0,1,ORDER_STATE_FILLED,UNSOLICITED_CXL_REASON_UNDEFINED,ORD_REJECT_REASON_EXCHANGE_OPTION,,
1790283321.2,2026-09-24T20:55:21.192228271Z,ACTIVITY_TYPE_TRADE,cpoc-ussegubc-tx-2026-11-03-rgov-dsen,SELL,ORDER_INTENT_BUY_SHORT,0.42,5,CPQM38HRWXDG,passive,,2026-09-24T20:34:13.418565944Z,0.352,-0.02,0,1,ORDER_STATE_FILLED,UNSOLICITED_CXL_REASON_UNDEFINED,ORD_REJECT_REASON_EXCHANGE_OPTION,,
1790283508.2,2026-09-24T20:58:28.213858440Z,ACTIVITY_TYPE_TRADE,scc-hrep-rep-2026-11-03-gte180,BUY,ORDER_INTENT_BUY_LONG,0.96,82,CPQRR5J5CXPM,passive,,2026-09-24T20:47:06.318193447Z,0.189,-0.04,0,1,ORDER_STATE_FILLED,UNSOLICITED_CXL_REASON_UNDEFINED,ORD_REJECT_REASON_EXCHANGE_OPTION,,
1790283608.6,2026-09-24T21:00:08.552704441Z,ACTIVITY_TYPE_TRADE,scc-hrep-rep-2026-11-03-gte185,BUY,ORDER_INTENT_SELL_SHORT,0.88,1.06,CPQX4ZC2WXDR,passive,-47.71,2026-09-24T20:56:50.767290455Z,0.055,0,0,1,ORDER_STATE_PARTIALLY_FILLED,UNSOLICITED_CXL_REASON_UNDEFINED,ORD_REJECT_REASON_EXCHANGE_OPTION,,
1790283765.9,2026-09-24T21:02:45.868220413Z,ACTIVITY_TYPE_TRADE,aachc-cfb-wins-2026-11-28-arz-5pt5wins,SELL,ORDER_INTENT_SELL_LONG,0.8,0.65,CPM2V57YMXDG,passive,0.27,2026-09-24T16:29:55.631010567Z,4.547,0,0,1,ORDER_STATE_PARTIALLY_FILLED,UNSOLICITED_CXL_REASON_UNDEFINED,ORD_REJECT_REASON_EXCHANGE_OPTION,,
1790283771.8,2026-09-24T21:02:51.828731638Z,ACTIVITY_TYPE_TRADE,cpoc-ussec-tx-me-2026-11-03-dtx-rme,BUY,ORDER_INTENT_BUY_LONG,0.21,1,CPQMBD5P4XC0,passive,,2026-09-24T20:34:29.217269531Z,0.473,0,0,1,ORDER_STATE_FILLED,UNSOLICITED_CXL_REASON_UNDEFINED,ORD_REJECT_REASON_EXCHANGE_OPTION,,
1790284012.1,2026-09-24T21:06:52.123470726Z,ACTIVITY_TYPE_TRADE,cpoc-ussegubc-ks-2026-11-03-dgov-rsen,BUY,ORDER_INTENT_SELL_SHORT,0.06,2,CPKXPGC8PXPM,passive,-1.82,2026-09-24T16:18:02.308456157Z,4.814,0,0,1,ORDER_STATE_FILLED,UNSOLICITED_CXL_REASON_UNDEFINED,ORD_REJECT_REASON_EXCHANGE_OPTION,,
1790284137.5,2026-09-24T21:08:57.547788947Z,ACTIVITY_TYPE_TRADE,scc-hrep-rep-2026-11-03-gte200,BUY,ORDER_INTENT_BUY_LONG,0.58,117,CPQYT9HYYXC0,passive,,2026-09-24T21:00:07.434077146Z,0.147,-0.36,0,1,ORDER_STATE_FILLED,UNSOLICITED_CXL_REASON_UNDEFINED,ORD_REJECT_REASON_EXCHANGE_OPTION,,
1790284169.0,2026-09-24T21:09:29.020830561Z,ACTIVITY_TYPE_TRADE,scc-hrep-rep-2026-11-03-gte200,BUY,ORDER_INTENT_BUY_LONG,0.57,18,CPR4BZNXYXDN,passive,,2026-09-24T21:09:04.601461315Z,0.007,-0.06,0,1,ORDER_STATE_FILLED,UNSOLICITED_CXL_REASON_UNDEFINED,ORD_REJECT_REASON_EXCHANGE_OPTION,,
1790284216.4,2026-09-24T21:10:16.359651844Z,ACTIVITY_TYPE_TRADE,scc-senate-demst-2026-11-03-gte49,BUY,ORDER_INTENT_BUY_LONG,0.97,5,CPR3ZGQK0XDJ,passive,,2026-09-24T21:08:53.357944274Z,0.023,0,0,1,ORDER_STATE_FILLED,UNSOLICITED_CXL_REASON_UNDEFINED,ORD_REJECT_REASON_EXCHANGE_OPTION,,
1790284222.7,2026-09-24T21:10:22.745609313Z,ACTIVITY_TYPE_TRADE,ewc-usse-nh-2026-11-03-dem,SELL,ORDER_INTENT_BUY_SHORT,0.85,226,CPR2N027GXPK,passive,,2026-09-24T21:06:19.593150673Z,0.068,-0.36,0,1,ORDER_STATE_FILLED,UNSOLICITED_CXL_REASON_UNDEFINED,ORD_REJECT_REASON_EXCHANGE_OPTION,,
1790284242.5,2026-09-24T21:10:42.498971345Z,ACTIVITY_TYPE_TRADE,aachc-cfb-wins-2026-11-28-kan-5pt5wins,BUY,ORDER_INTENT_BUY_LONG,0.35,1,CPH9NHRC2XDS,passive,,2026-09-24T13:13:29.720817774Z,7.954,0,0,1,ORDER_STATE_FILLED,UNSOLICITED_CXL_REASON_UNDEFINED,ORD_REJECT_REASON_EXCHANGE_OPTION,,
1790284427.1,2026-09-24T21:13:47.108586886Z,ACTIVITY_TYPE_TRADE,aachc-cfb-wins-2026-11-28-hou-9pt5wins,BUY,ORDER_INTENT_SELL_SHORT,0.28,1,CPKMB33XEXC0,passive,-0.58,2026-09-24T15:58:26.155719382Z,5.256,0,0,1,ORDER_STATE_FILLED,UNSOLICITED_CXL_REASON_UNDEFINED,ORD_REJECT_REASON_EXCHANGE_OPTION,,
1790284695.0,2026-09-24T21:18:15.015147957Z,ACTIVITY_TYPE_TRADE,ushrewc-ushr-oh-09-2026-11-03-rep,BUY,ORDER_INTENT_SELL_SHORT,0.29,9,CPGSCPQPCXDS,passive,-4.84,2026-09-24T12:35:39.118292670Z,8.71,-0.02,0,1,ORDER_STATE_PARTIALLY_FILLED,UNSOLICITED_CXL_REASON_UNDEFINED,ORD_REJECT_REASON_EXCHANGE_OPTION,,
1790285190.6,2026-09-24T21:26:30.631447209Z,ACTIVITY_TYPE_TRADE,cpoc-ussegubc-oh-2026-11-03-dsweep,BUY,ORDER_INTENT_SELL_SHORT,0.53,19.77,CPGH6SBMAXPM,passive,10.54,2026-09-24T12:18:19.181856846Z,9.137,-0.06,0,1,ORDER_STATE_PARTIALLY_FILLED,UNSOLICITED_CXL_REASON_UNDEFINED,ORD_REJECT_REASON_EXCHANGE_OPTION,,
1790285421.6,2026-09-24T21:30:21.639302520Z,ACTIVITY_TYPE_TRADE,ewc-usse-me-2026-11-03-rep,BUY,ORDER_INTENT_BUY_LONG,0.34,115,CPR6Z9AK8XPM,passive,,2026-09-24T21:14:04.844235150Z,0.271,-0.32,0,1,ORDER_STATE_FILLED,UNSOLICITED_CXL_REASON_UNDEFINED,ORD_REJECT_REASON_EXCHANGE_OPTION,,
1790285881.7,2026-09-24T21:38:01.734418892Z,ACTIVITY_TYPE_TRADE,cpoc-ussegubc-mi-2026-11-03-dgov-rsen,SELL,ORDER_INTENT_BUY_SHORT,0.16,1,CPR0C42GPXPJ,passive,,2026-09-24T21:02:14.115679654Z,0.597,0,0,1,ORDER_STATE_PARTIALLY_FILLED,UNSOLICITED_CXL_REASON_UNDEFINED,ORD_REJECT_REASON_EXCHANGE_OPTION,,
1790286070.8,2026-09-24T21:41:10.780359511Z,ACTIVITY_TYPE_TRADE,usgubewc-usgub-ct-2026-11-03-dem,SELL,ORDER_INTENT_SELL_LONG,0.98,3,CPJ1VMF68XDS,passive,1.91,2026-09-24T14:04:40.172957245Z,7.609,0,0,1,ORDER_STATE_PARTIALLY_FILLED,UNSOLICITED_CXL_REASON_UNDEFINED,ORD_REJECT_REASON_EXCHANGE_OPTION,,
1790286273.8,2026-09-24T21:44:33.800072383Z,ACTIVITY_TYPE_TRADE,ussewc-usse-nm-2026-11-03-rep,SELL,ORDER_INTENT_SELL_LONG,0.03,4,CPG6KKCX6XPJ,passive,-5.2,2026-09-24T12:11:04.172749538Z,9.558,0,0,1,ORDER_STATE_PARTIALLY_FILLED,UNSOLICITED_CXL_REASON_UNDEFINED,ORD_REJECT_REASON_EXCHANGE_OPTION,,
1790286426.3,2026-09-24T21:47:06.255196852Z,ACTIVITY_TYPE_TRADE,scc-hrep-rep-2026-11-03-gte185,SELL,ORDER_INTENT_SELL_LONG,0.89,1,CPR1EARXCXDR,passive,-46,2026-09-24T21:04:19.735586735Z,0.713,0,0,1,ORDER_STATE_FILLED,UNSOLICITED_CXL_REASON_UNDEFINED,ORD_REJECT_REASON_EXCHANGE_OPTION,,
1790286588.1,2026-09-24T21:49:48.113216740Z,ACTIVITY_TYPE_TRADE,ussewc-usse-la-2026-11-03-rep,SELL,ORDER_INTENT_SELL_LONG,0.94,1,CPJ115W0CXPJ,passive,-2.26,2026-09-24T14:02:17.264681006Z,7.792,0,0,1,ORDER_STATE_PARTIALLY_FILLED,UNSOLICITED_CXL_REASON_UNDEFINED,ORD_REJECT_REASON_EXCHANGE_OPTION,,
1790286800.9,2026-09-24T21:53:20.891515913Z,ACTIVITY_TYPE_TRADE,vtc-usseto-ia-2026-11-03-gt1pt4m,SELL,ORDER_INTENT_BUY_SHORT,0.32,1,CPRRADR72XDR,passive,,2026-09-24T21:53:20.822192807Z,0,0,0,1,ORDER_STATE_FILLED,UNSOLICITED_CXL_REASON_UNDEFINED,ORD_REJECT_REASON_EXCHANGE_OPTION,,
1790287231.2,2026-09-24T22:00:31.163350768Z,ACTIVITY_TYPE_TRADE,scc-hrep-rep-2026-11-03-gte205,BUY,ORDER_INTENT_SELL_SHORT,0.33,16.95,CPGRTR4PCXDN,passive,-4.55,2026-09-24T12:33:54.782121625Z,9.443,-0.05,0,1,ORDER_STATE_PARTIALLY_FILLED,UNSOLICITED_CXL_REASON_UNDEFINED,ORD_REJECT_REASON_EXCHANGE_OPTION,,
1790287889.0,2026-09-24T22:11:28.951533959Z,ACTIVITY_TYPE_TRADE,scc-hrep-rep-2026-11-03-gte205,BUY,ORDER_INTENT_SELL_SHORT,0.33,0.03,CPGRTR4PCXDN,passive,-0.01,2026-09-24T12:33:54.782121625Z,9.626,0,0,1,ORDER_STATE_PARTIALLY_FILLED,UNSOLICITED_CXL_REASON_UNDEFINED,ORD_REJECT_REASON_EXCHANGE_OPTION,,
1790288154.5,2026-09-24T22:15:54.530517054Z,ACTIVITY_TYPE_TRADE,usgubewc-usgub-md-2026-11-03-rep,SELL,ORDER_INTENT_BUY_SHORT,0.03,7,CPRM8MBXEXDS,passive,,2026-09-24T21:43:35.764286471Z,0.539,0,0,1,ORDER_STATE_PARTIALLY_FILLED,UNSOLICITED_CXL_REASON_UNDEFINED,ORD_REJECT_REASON_EXCHANGE_OPTION,,
1790288227.3,2026-09-24T22:17:07.265679Z,ACTIVITY_TYPE_TRADE,aachc-cfb-wins-2026-11-28-minnst-4pt5wins,SELL,ORDER_INTENT_SELL_LONG,0.6,1,CPMGJ8APRXDR,passive,-0.2,2026-09-24T16:59:28.093009561Z,5.294,0,0,1,ORDER_STATE_FILLED,UNSOLICITED_CXL_REASON_UNDEFINED,ORD_REJECT_REASON_EXCHANGE_OPTION,,
1790288847.8,2026-09-24T22:27:27.751308447Z,ACTIVITY_TYPE_TRADE,cpoc-ussegubc-ks-2026-11-03-dsweep,SELL,ORDER_INTENT_BUY_SHORT,0.11,1,CPRZMPBTYXPK,passive,,2026-09-24T22:10:37.275820967Z,0.281,0,0,1,ORDER_STATE_FILLED,UNSOLICITED_CXL_REASON_UNDEFINED,ORD_REJECT_REASON_EXCHANGE_OPTION,,
1790288852.5,2026-09-24T22:27:32.538065447Z,ACTIVITY_TYPE_TRADE,cpoc-ussegubc-ks-2026-11-03-rgov-dsen,SELL,ORDER_INTENT_BUY_SHORT,0.1,10,CPQ5M7ZPTXDS,passive,,2026-09-24T20:02:30.269213953Z,2.417,-0.01,0,1,ORDER_STATE_FILLED,UNSOLICITED_CXL_REASON_UNDEFINED,ORD_REJECT_REASON_EXCHANGE_OPTION,,
1790289024.1,2026-09-24T22:30:24.093570593Z,ACTIVITY_TYPE_TRADE,vmc-usgubmov-oh-2026-11-03-r6-9,BUY,ORDER_INTENT_BUY_LONG,0.16,1,CPS6ZVC08XDJ,passive,,2026-09-24T22:26:09.183249301Z,0.071,0,0,1,ORDER_STATE_FILLED,UNSOLICITED_CXL_REASON_UNDEFINED,ORD_REJECT_REASON_EXCHANGE_OPTION,,
1790289976.4,2026-09-24T22:46:16.370795739Z,ACTIVITY_TYPE_TRADE,scc-hrep-rep-2026-11-03-gte210,SELL,ORDER_INTENT_SELL_LONG,0.18,120,CPRWF98ZEXDN,passive,-11.9,2026-09-24T22:03:09.716805472Z,0.719,-0.22,0,1,ORDER_STATE_FILLED,UNSOLICITED_CXL_REASON_UNDEFINED,ORD_REJECT_REASON_EXCHANGE_OPTION,,
1790290049.3,2026-09-24T22:47:29.261348070Z,ACTIVITY_TYPE_TRADE,usgubewc-usgub-md-2026-11-03-dem,BUY,ORDER_INTENT_BUY_LONG,0.97,0.01,CPRZTAAARXPJ,passive,,2026-09-24T22:10:37.068831120Z,0.614,0,0,1,ORDER_STATE_PARTIALLY_FILLED,UNSOLICITED_CXL_REASON_UNDEFINED,ORD_REJECT_REASON_EXCHANGE_OPTION,,
1790290058.5,2026-09-24T22:47:38.540947336Z,ACTIVITY_TYPE_TRADE,aachc-cfb-wins-2026-11-28-pennst-9pt5wins,BUY,ORDER_INTENT_SELL_SHORT,0.47,3,CPKBK699RXDN,passive,-1.08,2026-09-24T15:37:33.215348422Z,7.168,-0.01,0,1,ORDER_STATE_FILLED,UNSOLICITED_CXL_REASON_UNDEFINED,ORD_REJECT_REASON_EXCHANGE_OPTION,,
1790290310.7,2026-09-24T22:51:50.705591054Z,ACTIVITY_TYPE_TRADE,vtc-usgubto-pa-2026-11-03-gt6pt5m,BUY,ORDER_INTENT_BUY_LONG,0.24,0.78,CPSASFF9EXDG,passive,,2026-09-24T22:33:51.679700210Z,0.3,0,0,1,ORDER_STATE_PARTIALLY_FILLED,UNSOLICITED_CXL_REASON_UNDEFINED,ORD_REJECT_REASON_EXCHANGE_OPTION,,
1790290310.9,2026-09-24T22:51:50.863377490Z,ACTIVITY_TYPE_TRADE,vtc-usgubto-pa-2026-11-03-gt6pt5m,BUY,ORDER_INTENT_BUY_LONG,0.24,0.22,CPSASFF9EXDG,passive,,2026-09-24T22:33:51.679700210Z,0.3,0,0,1,ORDER_STATE_FILLED,UNSOLICITED_CXL_REASON_UNDEFINED,ORD_REJECT_REASON_EXCHANGE_OPTION,,
1790291630.7,2026-09-24T23:13:50.749104120Z,ACTIVITY_TYPE_TRADE,vtc-usgubto-hi-2026-11-03-gt490k,BUY,ORDER_INTENT_BUY_LONG,0.43,1,CPSVR66KYXDS,passive,,2026-09-24T23:09:51.447450133Z,0.066,0,0,1,ORDER_STATE_FILLED,UNSOLICITED_CXL_REASON_UNDEFINED,ORD_REJECT_REASON_EXCHANGE_OPTION,,
1790291638.8,2026-09-24T23:13:58.783755247Z,ACTIVITY_TYPE_TRADE,vtc-usseto-ok-2026-11-03-gt900k,SELL,ORDER_INTENT_BUY_SHORT,0.83,0.21,CPS97V3HGXDJ,passive,,2026-09-24T22:30:23.417973350Z,0.726,0,0,1,ORDER_STATE_PARTIALLY_FILLED,UNSOLICITED_CXL_REASON_UNDEFINED,ORD_REJECT_REASON_EXCHANGE_OPTION,,
1790292215.2,2026-09-24T23:23:35.169850807Z,ACTIVITY_TYPE_TRADE,scc-hrep-rep-2026-11-03-gte205,BUY,ORDER_INTENT_SELL_SHORT,0.33,43.02,CPGRTR4PCXDN,passive,-11.53,2026-09-24T12:33:54.782121625Z,10.828,-0.12,0,1,ORDER_STATE_FILLED,UNSOLICITED_CXL_REASON_UNDEFINED,ORD_REJECT_REASON_EXCHANGE_OPTION,,
1790292632.1,2026-09-24T23:30:32.062244107Z,ACTIVITY_TYPE_TRADE,vtc-usseto-ia-2026-11-03-gt1pt4m,BUY,ORDER_INTENT_SELL_SHORT,0.59,1,CPT5KFFDRXDJ,passive,-0.09,2026-09-24T23:30:31.927931253Z,0,0,0,1,ORDER_STATE_FILLED,UNSOLICITED_CXL_REASON_UNDEFINED,ORD_REJECT_REASON_EXCHANGE_OPTION,,
1790292636.4,2026-09-24T23:30:36.443123113Z,ACTIVITY_TYPE_TRADE,paccc-usho-midterms-2026-11-03-rep,BUY,ORDER_INTENT_BUY_LONG,0.086,365,CPT4FGCPAXDQ,passive,,2026-09-24T23:28:40.573805509Z,0.032,-0.36,0,1,ORDER_STATE_FILLED,UNSOLICITED_CXL_REASON_UNDEFINED,ORD_REJECT_REASON_EXCHANGE_OPTION,,
1790292691.4,2026-09-24T23:31:31.361608972Z,ACTIVITY_TYPE_TRADE,cpoc-ussegubc-mi-2026-11-03-dsweep,BUY,ORDER_INTENT_SELL_SHORT,0.74,7,CPH98V786XDS,passive,4.48,2026-09-24T13:12:06.690630968Z,10.324,-0.02,0,1,ORDER_STATE_FILLED,UNSOLICITED_CXL_REASON_UNDEFINED,ORD_REJECT_REASON_EXCHANGE_OPTION,,
1790293071.2,2026-09-24T23:37:51.170876144Z,ACTIVITY_TYPE_TRADE,vtc-usseto-nj-2026-11-03-gt2pt4m,SELL,ORDER_INTENT_BUY_SHORT,0.86,0.6,CPT2Z7PEMXDS,passive,,2026-09-24T23:25:32.960044153Z,0.205,0,0,1,ORDER_STATE_PARTIALLY_FILLED,UNSOLICITED_CXL_REASON_UNDEFINED,ORD_REJECT_REASON_EXCHANGE_OPTION,,
1790293072.4,2026-09-24T23:37:52.353144518Z,ACTIVITY_TYPE_TRADE,vtc-usseto-nj-2026-11-03-gt2pt4m,SELL,ORDER_INTENT_BUY_SHORT,0.86,0.4,CPT2Z7PEMXDS,passive,,2026-09-24T23:25:32.960044153Z,0.205,0,0,1,ORDER_STATE_FILLED,UNSOLICITED_CXL_REASON_UNDEFINED,ORD_REJECT_REASON_EXCHANGE_OPTION,,
1790293173.4,2026-09-24T23:39:33.421783037Z,ACTIVITY_TYPE_TRADE,vtc-usseto-nm-2026-11-03-gt550k,SELL,ORDER_INTENT_BUY_SHORT,0.77,1,CPT9CD1GAXPM,passive,,2026-09-24T23:38:59.408980342Z,0.009,0,0,1,ORDER_STATE_FILLED,UNSOLICITED_CXL_REASON_UNDEFINED,ORD_REJECT_REASON_EXCHANGE_OPTION,,
1790294155.5,2026-09-24T23:55:55.481338748Z,ACTIVITY_TYPE_TRADE,usgubewc-usgub-nm-2026-11-03-dem,BUY,ORDER_INTENT_BUY_LONG,0.94,9,CPTGEMY1AXDR,passive,,2026-09-24T23:54:45.408107361Z,0.019,-0.01,0,1,ORDER_STATE_PARTIALLY_FILLED,UNSOLICITED_CXL_REASON_UNDEFINED,ORD_REJECT_REASON_EXCHANGE_OPTION,,
1790296578.1,2026-09-25T00:36:18.112485446Z,ACTIVITY_TYPE_TRADE,vtc-usgubto-ny-2026-11-03-gt5m,SELL,ORDER_INTENT_BUY_SHORT,0.75,1,CPV5AAHGPXC0,passive,,2026-09-25T00:36:18.014001215Z,0,0,0,1,ORDER_STATE_FILLED,UNSOLICITED_CXL_REASON_UNDEFINED,ORD_REJECT_REASON_EXCHANGE_OPTION,,
1790297436.4,2026-09-25T00:50:36.411994954Z,ACTIVITY_TYPE_TRADE,vtc-usseto-la-2026-11-03-gt1pt1m,SELL,ORDER_INTENT_BUY_SHORT,0.77,1,CPV6FZQ24XDQ,passive,,2026-09-25T00:38:55.264096510Z,0.195,0,0,1,ORDER_STATE_FILLED,UNSOLICITED_CXL_REASON_UNDEFINED,ORD_REJECT_REASON_EXCHANGE_OPTION,,
1790298215.4,2026-09-25T01:03:35.354892342Z,ACTIVITY_TYPE_TRADE,vtc-usseto-or-2026-11-03-gt1pt5m,SELL,ORDER_INTENT_BUY_SHORT,0.8,1,CPV4HRRH8XDQ,passive,,2026-09-25T00:35:00.240285709Z,0.476,0,0,1,ORDER_STATE_FILLED,UNSOLICITED_CXL_REASON_UNDEFINED,ORD_REJECT_REASON_EXCHANGE_OPTION,,
1790298514.9,2026-09-25T01:08:34.862147225Z,ACTIVITY_TYPE_TRADE,cpoc-ussegubc-mn-2026-11-03-rsweep,SELL,ORDER_INTENT_SELL_LONG,0.07,5,CPV8WQRC2XDS,passive,0.35,2026-09-25T00:44:03.965366831Z,0.409,0,0,1,ORDER_STATE_FILLED,UNSOLICITED_CXL_REASON_UNDEFINED,ORD_REJECT_REASON_EXCHANGE_OPTION,,
1790299297.2,2026-09-25T01:21:37.185892455Z,ACTIVITY_TYPE_TRADE,cpoc-ussegubc-ks-2026-11-03-rsweep,SELL,ORDER_INTENT_SELL_LONG,0.54,2,CPVM3G3PWXDJ,passive,-0.29,2026-09-25T01:10:31.734970937Z,0.185,-0.01,0,1,ORDER_STATE_FILLED,UNSOLICITED_CXL_REASON_UNDEFINED,ORD_REJECT_REASON_EXCHANGE_OPTION,,
1790299874.1,2026-09-25T01:31:14.129843385Z,ACTIVITY_TYPE_TRADE,ussewc-usse-la-2026-11-03-dem,SELL,ORDER_INTENT_BUY_SHORT,0.06,10,CPQT7G73CXDS,passive,,2026-09-24T20:50:33.278760178Z,4.678,-0.01,0,1,ORDER_STATE_FILLED,UNSOLICITED_CXL_REASON_UNDEFINED,ORD_REJECT_REASON_EXCHANGE_OPTION,,
1790302625.9,2026-09-25T02:17:05.854389752Z,ACTIVITY_TYPE_TRADE,usgubewc-usgub-ct-2026-11-03-rep,SELL,ORDER_INTENT_BUY_SHORT,0.03,10,CPMG74R02XPJ,passive,,2026-09-24T16:58:21.335759231Z,9.312,0,0,1,ORDER_STATE_FILLED,UNSOLICITED_CXL_REASON_UNDEFINED,ORD_REJECT_REASON_EXCHANGE_OPTION,,
1790306216.5,2026-09-25T03:16:56.466059197Z,ACTIVITY_TYPE_TRADE,paccc-usse-midterms-2026-11-03-rep,BUY,ORDER_INTENT_SELL_SHORT,0.38,21,CPJRFWPTAXDR,passive,-1.98,2026-09-24T14:53:04.404148388Z,12.398,-0.06,0,1,ORDER_STATE_FILLED,UNSOLICITED_CXL_REASON_UNDEFINED,ORD_REJECT_REASON_EXCHANGE_OPTION,,
1790308068.2,2026-09-25T03:47:48.236113203Z,ACTIVITY_TYPE_TRADE,vtc-usseto-wy-2026-11-03-gt250k,BUY,ORDER_INTENT_BUY_LONG,0.31,0.8,CPXPQT3ZCXDS,passive,,2026-09-25T03:47:44.680193013Z,0.001,0,0,1,ORDER_STATE_PARTIALLY_FILLED,UNSOLICITED_CXL_REASON_UNDEFINED,ORD_REJECT_REASON_EXCHANGE_OPTION,,
1790308073.5,2026-09-25T03:47:53.476431813Z,ACTIVITY_TYPE_TRADE,vtc-usseto-wy-2026-11-03-gt250k,BUY,ORDER_INTENT_BUY_LONG,0.31,0.19,CPXPQT3ZCXDS,passive,,2026-09-25T03:47:44.680193013Z,0.002,0,0,1,ORDER_STATE_PARTIALLY_FILLED,UNSOLICITED_CXL_REASON_UNDEFINED,ORD_REJECT_REASON_EXCHANGE_OPTION,,
1790308082.3,2026-09-25T03:48:02.335144810Z,ACTIVITY_TYPE_TRADE,vmc-ussemov-ky-2026-11-03-dwin,BUY,ORDER_INTENT_BUY_LONG,0.12,1,CPXE4HZH2XDJ,passive,,2026-09-25T03:23:33.685337852Z,0.408,0,0,1,ORDER_STATE_FILLED,UNSOLICITED_CXL_REASON_UNDEFINED,ORD_REJECT_REASON_EXCHANGE_OPTION,,
1790308907.3,2026-09-25T04:01:47.315996177Z,ACTIVITY_TYPE_TRADE,cpoc-ussegubc-me-2026-11-03-dsweep,SELL,ORDER_INTENT_SELL_LONG,0.83,1,CPXWQD0GGXDR,aggressor,-0.01,2026-09-25T04:01:47.314597540Z,0,0.01,0,1,ORDER_STATE_FILLED,UNSOLICITED_CXL_REASON_UNDEFINED,ORD_REJECT_REASON_EXCHANGE_OPTION,,
1790309034.2,2026-09-25T04:03:54.209121168Z,ACTIVITY_TYPE_TRADE,ussewc-usse-co-2026-11-03-rep,SELL,ORDER_INTENT_SELL_LONG,0.02,34.5,CPGHYC3A0XDG,passive,-4.66,2026-09-24T12:19:48.158505666Z,15.735,-0.01,0,1,ORDER_STATE_PARTIALLY_FILLED,UNSOLICITED_CXL_REASON_UNDEFINED,ORD_REJECT_REASON_EXCHANGE_OPTION,,
1790310469.3,2026-09-25T04:27:49.291500678Z,ACTIVITY_TYPE_TRADE,ussewc-usse-id-2026-11-03-rep,SELL,ORDER_INTENT_SELL_LONG,0.91,0.1,CPY5Z28NYXPM,passive,-0.38,2026-09-25T04:23:02.495031075Z,0.08,0,0,1,ORDER_STATE_PARTIALLY_FILLED,UNSOLICITED_CXL_REASON_UNDEFINED,ORD_REJECT_REASON_EXCHANGE_OPTION,,
1790311166.2,2026-09-25T04:39:26.165556277Z,ACTIVITY_TYPE_TRADE,ushrewc-ushr-nj-07-2026-11-03-rep,SELL,ORDER_INTENT_SELL_LONG,0.18,58.22,CPYC05GVEXPM,aggressor,-17.46,2026-09-25T04:39:26.163825946Z,0,0.6,0,1,ORDER_STATE_FILLED,UNSOLICITED_CXL_REASON_UNDEFINED,ORD_REJECT_REASON_EXCHANGE_OPTION,,
1790311166.2,2026-09-25T04:39:26.165556277Z,ACTIVITY_TYPE_TRADE,ushrewc-ushr-nj-07-2026-11-03-rep,SELL,ORDER_INTENT_SELL_LONG,0.18,69,CPYC05GVEXPM,aggressor,-20.69,2026-09-25T04:39:26.163825946Z,0,0.71,0,1,ORDER_STATE_PARTIALLY_FILLED,UNSOLICITED_CXL_REASON_UNDEFINED,ORD_REJECT_REASON_EXCHANGE_OPTION,,
1790311166.2,2026-09-25T04:39:26.165556277Z,ACTIVITY_TYPE_TRADE,ushrewc-ushr-nj-07-2026-11-03-rep,SELL,ORDER_INTENT_SELL_LONG,0.18,0.01,CPYC05GVEXPM,aggressor,-0,2026-09-25T04:39:26.163825946Z,0,0,0,1,ORDER_STATE_PARTIALLY_FILLED,UNSOLICITED_CXL_REASON_UNDEFINED,ORD_REJECT_REASON_EXCHANGE_OPTION,,
1790311166.2,2026-09-25T04:39:26.165556277Z,ACTIVITY_TYPE_TRADE,ushrewc-ushr-nj-07-2026-11-03-rep,SELL,ORDER_INTENT_SELL_LONG,0.18,1,CPYC05GVEXPM,aggressor,-0.3,2026-09-25T04:39:26.163825946Z,0,0.01,0,1,ORDER_STATE_PARTIALLY_FILLED,UNSOLICITED_CXL_REASON_UNDEFINED,ORD_REJECT_REASON_EXCHANGE_OPTION,,
1790311166.2,2026-09-25T04:39:26.165556277Z,ACTIVITY_TYPE_TRADE,ushrewc-ushr-nj-07-2026-11-03-rep,SELL,ORDER_INTENT_SELL_LONG,0.18,27.77,CPYC05GVEXPM,aggressor,-8.32,2026-09-25T04:39:26.163825946Z,0,0.28,0,1,ORDER_STATE_PARTIALLY_FILLED,UNSOLICITED_CXL_REASON_UNDEFINED,ORD_REJECT_REASON_EXCHANGE_OPTION,,
1790311166.2,2026-09-25T04:39:26.165556277Z,ACTIVITY_TYPE_TRADE,ushrewc-ushr-nj-07-2026-11-03-rep,SELL,ORDER_INTENT_SELL_LONG,0.18,3,CPYC05GVEXPM,aggressor,-0.9,2026-09-25T04:39:26.163825946Z,0,0.03,0,1,ORDER_STATE_PARTIALLY_FILLED,UNSOLICITED_CXL_REASON_UNDEFINED,ORD_REJECT_REASON_EXCHANGE_OPTION,,
1790311802.7,2026-09-25T04:50:02.661764680Z,ACTIVITY_TYPE_TRADE,scc-senate-demst-2026-11-03-gte49,SELL,ORDER_INTENT_SELL_LONG,0.95,2.28,CPYG4GCB8XDQ,aggressor,-0.37,2026-09-25T04:50:02.660218407Z,0,0.01,0,1,ORDER_STATE_FILLED,UNSOLICITED_CXL_REASON_UNDEFINED,ORD_REJECT_REASON_EXCHANGE_OPTION,,
1790311802.7,2026-09-25T04:50:02.661764680Z,ACTIVITY_TYPE_TRADE,scc-senate-demst-2026-11-03-gte49,SELL,ORDER_INTENT_SELL_LONG,0.95,2.72,CPYG4GCB8XDQ,aggressor,-0.43,2026-09-25T04:50:02.660218407Z,0,0.01,0,1,ORDER_STATE_PARTIALLY_FILLED,UNSOLICITED_CXL_REASON_UNDEFINED,ORD_REJECT_REASON_EXCHANGE_OPTION,,
1790312341.3,2026-09-25T04:59:01.269112520Z,ACTIVITY_TYPE_TRADE,ussewc-usse-id-2026-11-03-rep,SELL,ORDER_INTENT_SELL_LONG,0.91,0.1,CPY5Z28NYXPM,passive,-0.38,2026-09-25T04:23:02.495031075Z,0.6,0,0,1,ORDER_STATE_PARTIALLY_FILLED,UNSOLICITED_CXL_REASON_UNDEFINED,ORD_REJECT_REASON_EXCHANGE_OPTION,,
1790312503.5,2026-09-25T05:01:43.506872793Z,ACTIVITY_TYPE_TRADE,ussewc-usse-id-2026-11-03-rep,SELL,ORDER_INTENT_SELL_LONG,0.91,0.1,CPY5Z28NYXPM,passive,-0.38,2026-09-25T04:23:02.495031075Z,0.645,0,0,1,ORDER_STATE_PARTIALLY_FILLED,UNSOLICITED_CXL_REASON_UNDEFINED,ORD_REJECT_REASON_EXCHANGE_OPTION,,
1790312736.6,2026-09-25T05:05:36.635714918Z,ACTIVITY_TYPE_TRADE,cpoc-ussegubc-oh-2026-11-03-rsweep,SELL,ORDER_INTENT_SELL_LONG,0.21,4.02,CPYCZM08AXDR,passive,-0.4,2026-09-25T04:41:19.619392525Z,0.405,-0.01,0,1,ORDER_STATE_PARTIALLY_FILLED,UNSOLICITED_CXL_REASON_UNDEFINED,ORD_REJECT_REASON_EXCHANGE_OPTION,,
1790312755.4,2026-09-25T05:05:55.378333097Z,ACTIVITY_TYPE_TRADE,cpoc-ussegubc-oh-2026-11-03-rsweep,SELL,ORDER_INTENT_SELL_LONG,0.21,0.01,CPYCZM08AXDR,passive,-0,2026-09-25T04:41:19.619392525Z,0.41,0,0,1,ORDER_STATE_PARTIALLY_FILLED,UNSOLICITED_CXL_REASON_UNDEFINED,ORD_REJECT_REASON_EXCHANGE_OPTION,,
1790312788.1,2026-09-25T05:06:28.141933872Z,ACTIVITY_TYPE_TRADE,vmc-usgubmov-oh-2026-11-03-r6-9,SELL,ORDER_INTENT_SELL_LONG,0.19,1,CPS9NPHPJXPK,passive,0.03,2026-09-24T22:31:13.510944580Z,6.587,0,0,1,ORDER_STATE_FILLED,UNSOLICITED_CXL_REASON_UNDEFINED,ORD_REJECT_REASON_EXCHANGE_OPTION,,
1790315179.5,2026-09-25T05:46:19.547697280Z,ACTIVITY_TYPE_TRADE,ussewc-usse-id-2026-11-03-rep,SELL,ORDER_INTENT_SELL_LONG,0.91,0.3,CPYXQ43E0XDR,passive,-1.13,2026-09-25T05:22:56.850262371Z,0.39,0,0,1,ORDER_STATE_FILLED,UNSOLICITED_CXL_REASON_UNDEFINED,ORD_REJECT_REASON_EXCHANGE_OPTION,,
1790315179.5,2026-09-25T05:46:19.547697280Z,ACTIVITY_TYPE_TRADE,ussewc-usse-id-2026-11-03-rep,SELL,ORDER_INTENT_SELL_LONG,0.91,4.7,CPY5Z28NYXPM,passive,-17.66,2026-09-25T04:23:02.495031075Z,1.388,0,0,1,ORDER_STATE_FILLED,UNSOLICITED_CXL_REASON_UNDEFINED,ORD_REJECT_REASON_EXCHANGE_OPTION,,
1790316187.6,2026-09-25T06:03:07.558379699Z,ACTIVITY_TYPE_TRADE,cpoc-ussegubc-tx-2026-11-03-rgov-dsen,BUY,ORDER_INTENT_SELL_SHORT,0.45,1.32,CPZFXQPF2XPM,passive,-0.22,2026-09-25T06:02:56.960331075Z,0.003,0,0,1,ORDER_STATE_PARTIALLY_FILLED,UNSOLICITED_CXL_REASON_UNDEFINED,ORD_REJECT_REASON_EXCHANGE_OPTION,,
1790316519.8,2026-09-25T06:08:39.782154046Z,ACTIVITY_TYPE_TRADE,ussewc-usse-la-2026-11-03-dem,BUY,ORDER_INTENT_SELL_SHORT,0.08,10,CPY4B3MEEXPM,passive,-8.76,2026-09-25T04:19:13.521835223Z,1.824,-0.01,0,1,ORDER_STATE_FILLED,UNSOLICITED_CXL_REASON_UNDEFINED,ORD_REJECT_REASON_EXCHANGE_OPTION,,
1790316525.4,2026-09-25T06:08:45.418296859Z,ACTIVITY_TYPE_TRADE,ussewc-usse-la-2026-11-03-rep,SELL,ORDER_INTENT_SELL_LONG,0.92,9,CPXB15WM6XDG,passive,-20.55,2026-09-25T03:14:24.034915848Z,2.906,-0.01,0,1,ORDER_STATE_FILLED,UNSOLICITED_CXL_REASON_UNDEFINED,ORD_REJECT_REASON_EXCHANGE_OPTION,,
1790316726.7,2026-09-25T06:12:06.669531446Z,ACTIVITY_TYPE_TRADE,vtc-usseto-de-2026-11-03-gt475k,BUY,ORDER_INTENT_BUY_LONG,0.36,0.85,CPZC6BGX6XDS,passive,,2026-09-25T05:54:51.630163748Z,0.288,0,0,1,ORDER_STATE_PARTIALLY_FILLED,UNSOLICITED_CXL_REASON_UNDEFINED,ORD_REJECT_REASON_EXCHANGE_OPTION,,
1790316730.4,2026-09-25T06:12:10.420457515Z,ACTIVITY_TYPE_TRADE,vtc-usseto-de-2026-11-03-gt475k,BUY,ORDER_INTENT_BUY_LONG,0.36,0.15,CPZC6BGX6XDS,passive,,2026-09-25T05:54:51.630163748Z,0.289,0,0,1,ORDER_STATE_FILLED,UNSOLICITED_CXL_REASON_UNDEFINED,ORD_REJECT_REASON_EXCHANGE_OPTION,,
1790327784.0,2026-09-25T09:16:24.000512541Z,ACTIVITY_TYPE_TRADE,cpoc-ussec-tx-me-2026-11-03-dtx-rme,SELL,ORDER_INTENT_SELL_LONG,0.17,1,CQ2B55866XDJ,aggressor,-30.44,2026-09-25T09:16:23.997917791Z,0,0.01,0,1,ORDER_STATE_FILLED,UNSOLICITED_CXL_REASON_UNDEFINED,ORD_REJECT_REASON_EXCHANGE_OPTION,,
1790336877.6,2026-09-25T11:47:57.560093196Z,ACTIVITY_TYPE_TRADE,ewc-usse-tx-2026-11-03-dem,BUY,ORDER_INTENT_BUY_LONG,0.61,23,CQ440JV0AYBY,passive,,2026-09-25T11:47:49.946887681Z,0.002,-0.07,0,1,ORDER_STATE_FILLED,UNSOLICITED_CXL_REASON_UNDEFINED,ORD_REJECT_REASON_EXCHANGE_OPTION,,
1790336981.1,2026-09-25T11:49:41.113643304Z,ACTIVITY_TYPE_TRADE,ushrewc-ushr-oh-09-2026-11-03-rep,BUY,ORDER_INTENT_SELL_SHORT,0.5,42,CQ40KWNEMYBE,passive,-13.71,2026-09-25T11:49:41.080215889Z,0,-0.13,0,1,ORDER_STATE_FILLED,UNSOLICITED_CXL_REASON_UNDEFINED,ORD_REJECT_REASON_EXCHANGE_OPTION,,
1790336992.3,2026-09-25T11:49:52.280996674Z,ACTIVITY_TYPE_TRADE,ushrewc-ushr-ny-04-2026-11-03-rep,BUY,ORDER_INTENT_SELL_SHORT,0.97,1,CQ42AHXX0YBQ,passive,0.97,2026-09-25T11:49:43.532711719Z,0.002,0,0,1,ORDER_STATE_FILLED,UNSOLICITED_CXL_REASON_UNDEFINED,ORD_REJECT_REASON_EXCHANGE_OPTION,,
1790337536.0,2026-09-25T11:58:56.046735108Z,ACTIVITY_TYPE_TRADE,paccc-usho-midterms-2026-11-03-rep,SELL,ORDER_INTENT_SELL_LONG,0.086,109,CQ3YW4P0TYB5,passive,-33.66,2026-09-25T11:53:53.533122372Z,0.084,-0.11,0,1,ORDER_STATE_PARTIALLY_FILLED,UNSOLICITED_CXL_REASON_UNDEFINED,ORD_REJECT_REASON_EXCHANGE_OPTION,,
1790337536.2,2026-09-25T11:58:56.233280547Z,ACTIVITY_TYPE_TRADE,paccc-usho-midterms-2026-11-03-rep,SELL,ORDER_INTENT_SELL_LONG,0.086,237,CQ3YW4P0TYB5,passive,-1222.96,2026-09-25T11:53:53.533122372Z,0.084,-0.23,0,1,ORDER_STATE_PARTIALLY_FILLED,UNSOLICITED_CXL_REASON_UNDEFINED,ORD_REJECT_REASON_EXCHANGE_OPTION,,
1790337594.1,2026-09-25T11:59:54.076117811Z,ACTIVITY_TYPE_TRADE,scc-senate-gop-2026-11-03-49,SELL,ORDER_INTENT_BUY_SHORT,0.08,19,CQ494RMJYYCA,passive,,2026-09-25T11:59:52.466530613Z,0,-0.02,0,1,ORDER_STATE_FILLED,UNSOLICITED_CXL_REASON_UNDEFINED,ORD_REJECT_REASON_EXCHANGE_OPTION,,
1790337784.6,2026-09-25T12:03:04.585557953Z,ACTIVITY_TYPE_TRADE,ewc-usgub-ks-2026-11-03-dem,BUY,ORDER_INTENT_SELL_SHORT,0.35,37,CQ4ASVX7PYCC,passive,-20.57,2026-09-25T12:03:04.453074459Z,0,-0.11,0,1,ORDER_STATE_FILLED,UNSOLICITED_CXL_REASON_UNDEFINED,ORD_REJECT_REASON_EXCHANGE_OPTION,,
1790337824.4,2026-09-25T12:03:44.353965679Z,ACTIVITY_TYPE_TRADE,scc-senate-gop-2026-11-03-54,SELL,ORDER_INTENT_BUY_SHORT,0.03,13,CQ47C3RCTYC6,passive,,2026-09-25T12:00:25.256869338Z,0.055,0,0,1,ORDER_STATE_FILLED,UNSOLICITED_CXL_REASON_UNDEFINED,ORD_REJECT_REASON_EXCHANGE_OPTION,,
1790338035.3,2026-09-25T12:07:15.317639976Z,ACTIVITY_TYPE_TRADE,ewc-usse-me-2026-11-03-rep,SELL,ORDER_INTENT_SELL_LONG,0.32,16,CQ40KZJ7WYBE,passive,-10.52,2026-09-25T11:56:21.439429384Z,0.182,-0.04,0,1,ORDER_STATE_PARTIALLY_FILLED,UNSOLICITED_CXL_REASON_UNDEFINED,ORD_REJECT_REASON_EXCHANGE_OPTION,,
1790338047.3,2026-09-25T12:07:27.252644078Z,ACTIVITY_TYPE_TRADE,paccc-usho-midterms-2026-11-03-rep,SELL,ORDER_INTENT_SELL_LONG,0.086,19,CQ3YW4P0TYB5,passive,-98.04,2026-09-25T11:53:53.533122372Z,0.226,-0.02,0,1,ORDER_STATE_FILLED,UNSOLICITED_CXL_REASON_UNDEFINED,ORD_REJECT_REASON_EXCHANGE_OPTION,,
1790338164.0,2026-09-25T12:09:24.032187796Z,ACTIVITY_TYPE_TRADE,cpoc-ussegubc-mi-2026-11-03-dgov-rsen,BUY,ORDER_INTENT_SELL_SHORT,0.51,1,CQ4ASXNPEYCC,passive,-0.33,2026-09-25T12:06:14.551163438Z,0.053,0,0,1,ORDER_STATE_FILLED,UNSOLICITED_CXL_REASON_UNDEFINED,ORD_REJECT_REASON_EXCHANGE_OPTION,,
1790338227.9,2026-09-25T12:10:27.862219577Z,ACTIVITY_TYPE_TRADE,cpoc-ussegubc-ks-2026-11-03-dsweep,BUY,ORDER_INTENT_SELL_SHORT,0.5,1,CQ40M41B4YBE,passive,-0.39,2026-09-25T12:04:53.173927217Z,0.093,0,0,1,ORDER_STATE_FILLED,UNSOLICITED_CXL_REASON_UNDEFINED,ORD_REJECT_REASON_EXCHANGE_OPTION,,
1790338230.8,2026-09-25T12:10:30.807122951Z,ACTIVITY_TYPE_TRADE,ewc-usgub-ia-2026-11-03-rep,SELL,ORDER_INTENT_SELL_LONG,0.13,236,CQ4ASYFG0YCC,passive,-35.07,2026-09-25T12:07:38.166745406Z,0.048,-0.33,0,1,ORDER_STATE_PARTIALLY_FILLED,UNSOLICITED_CXL_REASON_UNDEFINED,ORD_REJECT_REASON_EXCHANGE_OPTION,,
1790338279.7,2026-09-25T12:11:19.685136826Z,ACTIVITY_TYPE_TRADE,ushrewc-ushr-tx-34-2026-11-03-rep,SELL,ORDER_INTENT_SELL_LONG,0.15,17.9,CQ42AWN52YBQ,passive,-2.86,2026-09-25T12:10:35.535188994Z,0.012,-0.03,0,1,ORDER_STATE_PARTIALLY_FILLED,UNSOLICITED_CXL_REASON_UNDEFINED,ORD_REJECT_REASON_EXCHANGE_OPTION,,
1790338300.1,2026-09-25T12:11:40.124844400Z,ACTIVITY_TYPE_TRADE,scc-hrep-rep-2026-11-03-gte205,SELL,ORDER_INTENT_SELL_LONG,0.34,29,CQ4AT00A8YCC,passive,-14.05,2026-09-25T12:10:20.563540834Z,0.022,-0.08,0,1,ORDER_STATE_FILLED,UNSOLICITED_CXL_REASON_UNDEFINED,ORD_REJECT_REASON_EXCHANGE_OPTION,,
1790338386.2,2026-09-25T12:13:06.203529912Z,ACTIVITY_TYPE_TRADE,usgubewc-usgub-ak-2026-11-03-jonkre,SELL,ORDER_INTENT_BUY_SHORT,0.71,30,CQ4XE4FJ0YC6,passive,,2026-09-25T12:13:05.633374159Z,0,-0.08,0,1,ORDER_STATE_PARTIALLY_FILLED,UNSOLICITED_CXL_REASON_UNDEFINED,ORD_REJECT_REASON_EXCHANGE_OPTION,,
1790338402.5,2026-09-25T12:13:22.497648293Z,ACTIVITY_TYPE_TRADE,ewc-usse-me-2026-11-03-rep,SELL,ORDER_INTENT_SELL_LONG,0.31,99,CQ4X4C8V6YBE,passive,-66.1,2026-09-25T12:12:40.336270094Z,0.012,-0.26,0,1,ORDER_STATE_FILLED,UNSOLICITED_CXL_REASON_UNDEFINED,ORD_REJECT_REASON_EXCHANGE_OPTION,,
1790338461.6,2026-09-25T12:14:21.646401446Z,ACTIVITY_TYPE_TRADE,paccc-usse-midterms-2026-11-03-rep,SELL,ORDER_INTENT_BUY_SHORT,0.388,77,CQ440V9WJYBY,passive,,2026-09-25T12:05:05.639103857Z,0.154,-0.23,0,1,ORDER_STATE_FILLED,UNSOLICITED_CXL_REASON_UNDEFINED,ORD_REJECT_REASON_EXCHANGE_OPTION,,
1790338461.9,2026-09-25T12:14:21.915960065Z,ACTIVITY_TYPE_TRADE,usgubewc-usgub-ak-2026-11-03-jonkre,SELL,ORDER_INTENT_BUY_SHORT,0.71,1,CQ4XE4FJ0YC6,passive,,2026-09-25T12:13:05.633374159Z,0.021,0,0,1,ORDER_STATE_PARTIALLY_FILLED,UNSOLICITED_CXL_REASON_UNDEFINED,ORD_REJECT_REASON_EXCHANGE_OPTION,,
1790338667.2,2026-09-25T12:17:47.159631070Z,ACTIVITY_TYPE_TRADE,usgubewc-usgub-md-2026-11-03-rep,BUY,ORDER_INTENT_SELL_SHORT,0.08,7,CQ4ZXKAA4YC3,passive,-9.86,2026-09-25T12:17:47.072197524Z,0,-0.01,0,1,ORDER_STATE_FILLED,UNSOLICITED_CXL_REASON_UNDEFINED,ORD_REJECT_REASON_EXCHANGE_OPTION,,
1790338765.0,2026-09-25T12:19:25.010099582Z,ACTIVITY_TYPE_TRADE,usgubewc-usgub-or-2026-11-03-rep,BUY,ORDER_INTENT_SELL_SHORT,0.24,3.99,CQ518HNJMYC6,passive,-0.73,2026-09-25T12:19:24.958027148Z,0,-0.01,0,1,ORDER_STATE_PARTIALLY_FILLED,UNSOLICITED_CXL_REASON_UNDEFINED,ORD_REJECT_REASON_EXCHANGE_OPTION,,
1790338769.7,2026-09-25T12:19:29.745530148Z,ACTIVITY_TYPE_TRADE,usgubewc-usgub-or-2026-11-03-rep,BUY,ORDER_INTENT_SELL_SHORT,0.24,0.01,CQ518HNJMYC6,passive,-0,2026-09-25T12:19:24.958027148Z,0.001,0,0,1,ORDER_STATE_FILLED,UNSOLICITED_CXL_REASON_UNDEFINED,ORD_REJECT_REASON_EXCHANGE_OPTION,,
1790339225.7,2026-09-25T12:27:05.673984809Z,ACTIVITY_TYPE_TRADE,ushrewc-ushr-tx-34-2026-11-03-rep,SELL,ORDER_INTENT_SELL_LONG,0.15,25,CQ42AWN52YBQ,passive,-6.61,2026-09-25T12:10:35.535188994Z,0.275,-0.04,0,1,ORDER_STATE_PARTIALLY_FILLED,UNSOLICITED_CXL_REASON_UNDEFINED,ORD_REJECT_REASON_EXCHANGE_OPTION,,
1790339406.6,2026-09-25T12:30:06.649937670Z,ACTIVITY_TYPE_TRADE,ushrewc-ushr-tx-34-2026-11-03-rep,SELL,ORDER_INTENT_SELL_LONG,0.15,9.87,CQ42AWN52YBQ,passive,-3.2,2026-09-25T12:10:35.535188994Z,0.325,-0.02,0,1,ORDER_STATE_PARTIALLY_FILLED,UNSOLICITED_CXL_REASON_UNDEFINED,ORD_REJECT_REASON_EXCHANGE_OPTION,,
1790339470.0,2026-09-25T12:31:09.967421381Z,ACTIVITY_TYPE_TRADE,scc-hrep-rep-2026-11-03-gte215,BUY,ORDER_INTENT_SELL_SHORT,0.11,38,CQ4YPEMNMYC6,passive,-22.69,2026-09-25T12:14:55.249793776Z,0.271,-0.05,0,1,ORDER_STATE_FILLED,UNSOLICITED_CXL_REASON_UNDEFINED,ORD_REJECT_REASON_EXCHANGE_OPTION,,
1790339542.4,2026-09-25T12:32:22.417665353Z,ACTIVITY_TYPE_TRADE,scc-hrep-rep-2026-11-03-gte220,SELL,ORDER_INTENT_BUY_SHORT,0.08,51,CQ4ZEDEGAYC6,passive,,2026-09-25T12:16:36.950251421Z,0.263,-0.05,0,1,ORDER_STATE_FILLED,UNSOLICITED_CXL_REASON_UNDEFINED,ORD_REJECT_REASON_EXCHANGE_OPTION,,
1790339577.5,2026-09-25T12:32:57.477798835Z,ACTIVITY_TYPE_TRADE,ewc-usgub-ga-2026-11-03-dem,SELL,ORDER_INTENT_SELL_LONG,0.51,22,CQ40M4ATTYBE,passive,-23.12,2026-09-25T12:05:20.915972258Z,0.46,-0.07,0,1,ORDER_STATE_FILLED,UNSOLICITED_CXL_REASON_UNDEFINED,ORD_REJECT_REASON_EXCHANGE_OPTION,,
1790340250.1,2026-09-25T12:44:10.075149437Z,ACTIVITY_TYPE_TRADE,ewc-usgub-ia-2026-11-03-rep,SELL,ORDER_INTENT_SELL_LONG,0.13,46,CQ4ASYFG0YCC,passive,-6.83,2026-09-25T12:07:38.166745406Z,0.609,-0.07,0,1,ORDER_STATE_FILLED,UNSOLICITED_CXL_REASON_UNDEFINED,ORD_REJECT_REASON_EXCHANGE_OPTION,,
1790340528.6,2026-09-25T12:48:48.571889472Z,ACTIVITY_TYPE_TRADE,ewc-usse-me-2026-11-03-rep,SELL,ORDER_INTENT_BUY_SHORT,0.31,81,CQ525SSYYYBY,passive,,2026-09-25T12:20:50.857774377Z,0.466,-0.22,0,1,ORDER_STATE_FILLED,UNSOLICITED_CXL_REASON_UNDEFINED,ORD_REJECT_REASON_EXCHANGE_OPTION,,
1790340629.4,2026-09-25T12:50:29.391608954Z,ACTIVITY_TYPE_TRADE,ussewc-usse-fl-2026-11-03-rep,SELL,ORDER_INTENT_BUY_SHORT,0.86,20,CQ58EQK0WYCD,passive,,2026-09-25T12:34:13.380768024Z,0.271,-0.03,0,1,ORDER_STATE_FILLED,UNSOLICITED_CXL_REASON_UNDEFINED,ORD_REJECT_REASON_EXCHANGE_OPTION,,
1790340783.4,2026-09-25T12:53:03.385221266Z,ACTIVITY_TYPE_TRADE,scc-hrep-rep-2026-11-03-gte205,BUY,ORDER_INTENT_SELL_SHORT,0.4,0.37,CQ59V02SPYCC,passive,0.09,2026-09-25T12:37:35.936143766Z,0.258,0,0,1,ORDER_STATE_PARTIALLY_FILLED,UNSOLICITED_CXL_REASON_UNDEFINED,ORD_REJECT_REASON_EXCHANGE_OPTION,,
1790341044.2,2026-09-25T12:57:24.157607509Z,ACTIVITY_TYPE_TRADE,cpoc-ussec-tx-me-2026-11-03-rtx-dme,SELL,ORDER_INTENT_SELL_LONG,0.12,24.51,CQ5H1D7XCYCC,passive,-103.93,2026-09-25T12:53:36.737430820Z,0.063,-0.03,0,1,ORDER_STATE_PARTIALLY_FILLED,UNSOLICITED_CXL_REASON_UNDEFINED,ORD_REJECT_REASON_EXCHANGE_OPTION,,
1790341399.9,2026-09-25T13:03:19.939131161Z,ACTIVITY_TYPE_TRADE,ewc-usse-ne-2026-11-03-danosb,SELL,ORDER_INTENT_BUY_SHORT,0.25,1,CQ5P4K5JWYBE,passive,,2026-09-25T13:03:19.882714024Z,0,0,0,1,ORDER_STATE_FILLED,UNSOLICITED_CXL_REASON_UNDEFINED,ORD_REJECT_REASON_EXCHANGE_OPTION,,
1790343838.5,2026-09-25T13:43:58.538655482Z,ACTIVITY_TYPE_TRADE,ewc-usgub-ga-2026-11-03-rep,BUY,ORDER_INTENT_BUY_LONG,0.51,16,CQ5EVGZT2YBY,passive,,2026-09-25T12:49:07.129964548Z,0.914,-0.05,0,1,ORDER_STATE_PARTIALLY_FILLED,UNSOLICITED_CXL_REASON_UNDEFINED,ORD_REJECT_REASON_EXCHANGE_OPTION,,
1790344844.9,2026-09-25T14:00:44.896663681Z,ACTIVITY_TYPE_TRADE,usgubewc-usgub-ak-2026-11-03-jonkre,SELL,ORDER_INTENT_BUY_SHORT,0.71,4.39,CQ67QZBN0YAQ,passive,,2026-09-25T13:43:38.467161022Z,0.285,-0.01,0,1,ORDER_STATE_PARTIALLY_FILLED,UNSOLICITED_CXL_REASON_UNDEFINED,ORD_REJECT_REASON_EXCHANGE_OPTION,,
1790344845.5,2026-09-25T14:00:45.471702409Z,ACTIVITY_TYPE_TRADE,usgubewc-usgub-ak-2026-11-03-jonkre,SELL,ORDER_INTENT_BUY_SHORT,0.71,30,CQ67QZBN0YAQ,passive,,2026-09-25T13:43:38.467161022Z,0.285,-0.08,0,1,ORDER_STATE_PARTIALLY_FILLED,UNSOLICITED_CXL_REASON_UNDEFINED,ORD_REJECT_REASON_EXCHANGE_OPTION,,
1790344846.0,2026-09-25T14:00:46.018259411Z,ACTIVITY_TYPE_TRADE,usgubewc-usgub-ak-2026-11-03-jonkre,SELL,ORDER_INTENT_BUY_SHORT,0.71,30,CQ67QZBN0YAQ,passive,,2026-09-25T13:43:38.467161022Z,0.285,-0.08,0,1,ORDER_STATE_PARTIALLY_FILLED,UNSOLICITED_CXL_REASON_UNDEFINED,ORD_REJECT_REASON_EXCHANGE_OPTION,,
1790344847.8,2026-09-25T14:00:47.773796660Z,ACTIVITY_TYPE_TRADE,usgubewc-usgub-ak-2026-11-03-jonkre,SELL,ORDER_INTENT_BUY_SHORT,0.71,30,CQ67QZBN0YAQ,passive,,2026-09-25T13:43:38.467161022Z,0.286,-0.08,0,1,ORDER_STATE_PARTIALLY_FILLED,UNSOLICITED_CXL_REASON_UNDEFINED,ORD_REJECT_REASON_EXCHANGE_OPTION,,
1790344848.3,2026-09-25T14:00:48.316353388Z,ACTIVITY_TYPE_TRADE,usgubewc-usgub-ak-2026-11-03-jonkre,SELL,ORDER_INTENT_BUY_SHORT,0.71,30,CQ67QZBN0YAQ,passive,,2026-09-25T13:43:38.467161022Z,0.286,-0.08,0,1,ORDER_STATE_PARTIALLY_FILLED,UNSOLICITED_CXL_REASON_UNDEFINED,ORD_REJECT_REASON_EXCHANGE_OPTION,,
1790344852.5,2026-09-25T14:00:52.522728788Z,ACTIVITY_TYPE_TRADE,usgubewc-usgub-ak-2026-11-03-jonkre,SELL,ORDER_INTENT_BUY_SHORT,0.71,26.39,CQ6FWEAW2YBE,passive,,2026-09-25T14:00:52.115324352Z,0,-0.07,0,1,ORDER_STATE_PARTIALLY_FILLED,UNSOLICITED_CXL_REASON_UNDEFINED,ORD_REJECT_REASON_EXCHANGE_OPTION,,
1790344852.5,2026-09-25T14:00:52.522728788Z,ACTIVITY_TYPE_TRADE,usgubewc-usgub-ak-2026-11-03-jonkre,SELL,ORDER_INTENT_BUY_SHORT,0.71,2.61,CQ67QZBN0YAQ,passive,,2026-09-25T13:43:38.467161022Z,0.287,-0.01,0,1,ORDER_STATE_FILLED,UNSOLICITED_CXL_REASON_UNDEFINED,ORD_REJECT_REASON_EXCHANGE_OPTION,,
1790344853.1,2026-09-25T14:00:53.054938449Z,ACTIVITY_TYPE_TRADE,usgubewc-usgub-ak-2026-11-03-jonkre,SELL,ORDER_INTENT_BUY_SHORT,0.71,30,CQ6FWEAW2YBE,passive,,2026-09-25T14:00:52.115324352Z,0,-0.08,0,1,ORDER_STATE_PARTIALLY_FILLED,UNSOLICITED_CXL_REASON_UNDEFINED,ORD_REJECT_REASON_EXCHANGE_OPTION,,
1790344853.6,2026-09-25T14:00:53.596883961Z,ACTIVITY_TYPE_TRADE,usgubewc-usgub-ak-2026-11-03-jonkre,SELL,ORDER_INTENT_BUY_SHORT,0.71,30,CQ6FWEAW2YBE,passive,,2026-09-25T14:00:52.115324352Z,0,-0.08,0,1,ORDER_STATE_PARTIALLY_FILLED,UNSOLICITED_CXL_REASON_UNDEFINED,ORD_REJECT_REASON_EXCHANGE_OPTION,,
1790344854.9,2026-09-25T14:00:54.900117995Z,ACTIVITY_TYPE_TRADE,usgubewc-usgub-ak-2026-11-03-jonkre,SELL,ORDER_INTENT_BUY_SHORT,0.71,26,CQ6FWEAW2YBE,passive,,2026-09-25T14:00:52.115324352Z,0.001,-0.07,0,1,ORDER_STATE_PARTIALLY_FILLED,UNSOLICITED_CXL_REASON_UNDEFINED,ORD_REJECT_REASON_EXCHANGE_OPTION,,
1790345916.6,2026-09-25T14:18:36.568145359Z,ACTIVITY_TYPE_TRADE,usgubewc-usgub-al-2026-11-03-rep,BUY,ORDER_INTENT_BUY_LONG,0.94,10,CQ654B0QPYCA,passive,,2026-09-25T13:38:36.115128148Z,0.667,-0.01,0,1,ORDER_STATE_FILLED,UNSOLICITED_CXL_REASON_UNDEFINED,ORD_REJECT_REASON_EXCHANGE_OPTION,,
1790345996.8,2026-09-25T14:19:56.783512509Z,ACTIVITY_TYPE_TRADE,usgubewc-usgub-me-2026-11-03-dem,BUY,ORDER_INTENT_BUY_LONG,0.97,6.83,CQ6CN1PK6YCC,passive,,2026-09-25T13:54:24.980759572Z,0.426,0,0,1,ORDER_STATE_PARTIALLY_FILLED,UNSOLICITED_CXL_REASON_UNDEFINED,ORD_REJECT_REASON_EXCHANGE_OPTION,,
1790346022.3,2026-09-25T14:20:22.336969897Z,ACTIVITY_TYPE_TRADE,usgubewc-usgub-me-2026-11-03-dem,BUY,ORDER_INTENT_BUY_LONG,0.97,3.17,CQ6CN1PK6YCC,passive,,2026-09-25T13:54:24.980759572Z,0.433,0,0,1,ORDER_STATE_FILLED,UNSOLICITED_CXL_REASON_UNDEFINED,ORD_REJECT_REASON_EXCHANGE_OPTION,,
1790346761.7,2026-09-25T14:32:41.743225850Z,ACTIVITY_TYPE_TRADE,scc-hrep-rep-2026-11-03-gte195,SELL,ORDER_INTENT_SELL_LONG,0.5,51,CQ56JBJRTYC6,passive,-24.81,2026-09-25T12:29:50.805866464Z,2.047,-0.16,0,1,ORDER_STATE_FILLED,UNSOLICITED_CXL_REASON_UNDEFINED,ORD_REJECT_REASON_EXCHANGE_OPTION,,
1790346762.5,2026-09-25T14:32:42.523361221Z,ACTIVITY_TYPE_TRADE,scc-hrep-rep-2026-11-03-gte205,SELL,ORDER_INTENT_BUY_SHORT,0.41,6.65,CQ6RWZV2RYCA,passive,,2026-09-25T14:20:22.418813948Z,0.206,-0.02,0,1,ORDER_STATE_PARTIALLY_FILLED,UNSOLICITED_CXL_REASON_UNDEFINED,ORD_REJECT_REASON_EXCHANGE_OPTION,,
1790348193.3,2026-09-25T14:56:33.328733917Z,ACTIVITY_TYPE_TRADE,usgubewc-usgub-ak-2026-11-03-berwil,SELL,ORDER_INTENT_BUY_SHORT,0.14,28.03,CQ6Z62602YBE,passive,,2026-09-25T14:32:56.505549760Z,0.394,-0.04,0,1,ORDER_STATE_PARTIALLY_FILLED,UNSOLICITED_CXL_REASON_UNDEFINED,ORD_REJECT_REASON_EXCHANGE_OPTION,,
1790348197.1,2026-09-25T14:56:37.093064772Z,ACTIVITY_TYPE_TRADE,usgubewc-usgub-ak-2026-11-03-berwil,SELL,ORDER_INTENT_BUY_SHORT,0.14,6.97,CQ6Z62602YBE,passive,,2026-09-25T14:32:56.505549760Z,0.395,-0.01,0,1,ORDER_STATE_FILLED,UNSOLICITED_CXL_REASON_UNDEFINED,ORD_REJECT_REASON_EXCHANGE_OPTION,,
1790350226.0,2026-09-25T15:30:25.979412419Z,ACTIVITY_TYPE_TRADE,ussewc-usse-al-2026-11-03-rep,BUY,ORDER_INTENT_BUY_LONG,0.98,1,CQ79DYE0TYCD,passive,,2026-09-25T14:57:26.082543083Z,0.55,0,0,1,ORDER_STATE_PARTIALLY_FILLED,UNSOLICITED_CXL_REASON_UNDEFINED,ORD_REJECT_REASON_EXCHANGE_OPTION,,
1790351179.0,2026-09-25T15:46:18.984173589Z,ACTIVITY_TYPE_TRADE,scc-senate-gop-2026-11-03-lte45,BUY,ORDER_INTENT_BUY_LONG,0.14,113,CQ7XXH4D8YC3,passive,,2026-09-25T15:42:00.033816756Z,0.072,-0.17,0,1,ORDER_STATE_FILLED,UNSOLICITED_CXL_REASON_UNDEFINED,ORD_REJECT_REASON_EXCHANGE_OPTION,,
1790351721.0,2026-09-25T15:55:20.997902750Z,ACTIVITY_TYPE_TRADE,usgubewc-usgub-md-2026-11-03-dem,BUY,ORDER_INTENT_BUY_LONG,0.97,20,CQ62JRM9CYBY,passive,,2026-09-25T13:32:32.187208005Z,2.38,-0.01,0,1,ORDER_STATE_FILLED,UNSOLICITED_CXL_REASON_UNDEFINED,ORD_REJECT_REASON_EXCHANGE_OPTION,,
1790352054.6,2026-09-25T16:00:54.610896073Z,ACTIVITY_TYPE_TRADE,scc-senate-demst-2026-11-03-gte51,BUY,ORDER_INTENT_BUY_LONG,0.45,20,CQ7CQVZTJYBQ,passive,,2026-09-25T15:06:06.244957974Z,0.913,-0.06,0,1,ORDER_STATE_FILLED,UNSOLICITED_CXL_REASON_UNDEFINED,ORD_REJECT_REASON_EXCHANGE_OPTION,,
1790352061.9,2026-09-25T16:01:01.943564137Z,ACTIVITY_TYPE_TRADE,scc-hrep-demst-2026-11-03-gte235,BUY,ORDER_INTENT_BUY_LONG,0.51,10,CQ5Z4BQYAYC6,passive,,2026-09-25T13:24:37.849311809Z,2.607,-0.03,0,1,ORDER_STATE_FILLED,UNSOLICITED_CXL_REASON_UNDEFINED,ORD_REJECT_REASON_EXCHANGE_OPTION,,
1790352088.4,2026-09-25T16:01:28.365550141Z,ACTIVITY_TYPE_TRADE,cpoc-ussegubc-ga-2026-11-03-rgov-dsen,SELL,ORDER_INTENT_BUY_SHORT,0.32,1,CQ76X1W66YC3,passive,,2026-09-25T14:50:47.744455129Z,1.178,0,0,1,ORDER_STATE_FILLED,UNSOLICITED_CXL_REASON_UNDEFINED,ORD_REJECT_REASON_EXCHANGE_OPTION,,
1790352123.0,2026-09-25T16:02:02.996705014Z,ACTIVITY_TYPE_TRADE,ussewc-usse-sd-2026-11-03-rep,SELL,ORDER_INTENT_SELL_LONG,0.92,20,CQ7PS7NCMYCA,passive,-135.4,2026-09-25T15:27:22.675656979Z,0.578,-0.02,0,1,ORDER_STATE_FILLED,UNSOLICITED_CXL_REASON_UNDEFINED,ORD_REJECT_REASON_EXCHANGE_OPTION,,
1790352935.9,2026-09-25T16:15:35.929610045Z,ACTIVITY_TYPE_TRADE,ewc-usse-tx-2026-11-03-dem,SELL,ORDER_INTENT_SELL_LONG,0.59,23,CQ440RT3RYBY,passive,12.69,2026-09-25T12:00:05.595742445Z,4.258,-0.07,0,1,ORDER_STATE_FILLED,UNSOLICITED_CXL_REASON_UNDEFINED,ORD_REJECT_REASON_EXCHANGE_OPTION,,
1790352955.2,2026-09-25T16:15:55.173841255Z,ACTIVITY_TYPE_TRADE,cpoc-ussegubc-oh-2026-11-03-rsweep,SELL,ORDER_INTENT_SELL_LONG,0.28,18,CQ5MWV9XMYB5,passive,-0.55,2026-09-25T13:00:31.063445506Z,3.257,-0.05,0,1,ORDER_STATE_FILLED,UNSOLICITED_CXL_REASON_UNDEFINED,ORD_REJECT_REASON_EXCHANGE_OPTION,,
1790355988.5,2026-09-25T17:06:28.527272592Z,ACTIVITY_TYPE_TRADE,scc-hrep-rep-2026-11-03-gte200,SELL,ORDER_INTENT_SELL_LONG,0.44,148,CQ6HE3KK4YBQ,passive,-76.9,2026-09-25T14:04:21.946944992Z,3.035,-0.46,0,1,ORDER_STATE_FILLED,UNSOLICITED_CXL_REASON_UNDEFINED,ORD_REJECT_REASON_EXCHANGE_OPTION,,
1790357001.0,2026-09-25T17:23:21.003712591Z,ACTIVITY_TYPE_TRADE,paccc-usse-midterms-2026-11-03-rep,BUY,ORDER_INTENT_SELL_SHORT,0.39,5,CQ5E5ZGNYYC6,passive,-2.29,2026-09-25T12:47:38.839750715Z,4.595,-0.01,0,1,ORDER_STATE_PARTIALLY_FILLED,UNSOLICITED_CXL_REASON_UNDEFINED,ORD_REJECT_REASON_EXCHANGE_OPTION,,
1790357279.3,2026-09-25T17:27:59.254125980Z,ACTIVITY_TYPE_TRADE,cpoc-ussec-tx-me-2026-11-03-rtx-dme,SELL,ORDER_INTENT_SELL_LONG,0.12,1,CQ8ZRAWYMYAQ,passive,-4.24,2026-09-25T16:55:41.717243561Z,0.538,0,0,1,ORDER_STATE_FILLED,UNSOLICITED_CXL_REASON_UNDEFINED,ORD_REJECT_REASON_EXCHANGE_OPTION,,
1790357796.3,2026-09-25T17:36:36.286053989Z,ACTIVITY_TYPE_TRADE,cpoc-ussegubc-tx-2026-11-03-rgov-dsen,BUY,ORDER_INTENT_SELL_SHORT,0.42,4,CQ3YWAZ9CYB5,passive,-0.76,2026-09-25T12:06:13.412645374Z,5.506,-0.01,0,1,ORDER_STATE_FILLED,UNSOLICITED_CXL_REASON_UNDEFINED,ORD_REJECT_REASON_EXCHANGE_OPTION,,
1790357838.1,2026-09-25T17:37:18.058093552Z,ACTIVITY_TYPE_TRADE,cpoc-ussegubc-oh-2026-11-03-rsweep,BUY,ORDER_INTENT_BUY_LONG,0.27,5,CQ8S8K7MGYCC,passive,,2026-09-25T16:40:02.315411847Z,0.954,-0.01,0,1,ORDER_STATE_FILLED,UNSOLICITED_CXL_REASON_UNDEFINED,ORD_REJECT_REASON_EXCHANGE_OPTION,,
1790357893.6,2026-09-25T17:38:13.634338128Z,ACTIVITY_TYPE_TRADE,vtc-usseto-tx-2026-11-03-gt9pt6m,BUY,ORDER_INTENT_BUY_LONG,0.95,1,CQ9HWHXCJYC3,passive,,2026-09-25T17:32:32.849310915Z,0.095,0,0,1,ORDER_STATE_FILLED,UNSOLICITED_CXL_REASON_UNDEFINED,ORD_REJECT_REASON_EXCHANGE_OPTION,,
1790357960.2,2026-09-25T17:39:20.227241671Z,ACTIVITY_TYPE_TRADE,cpoc-ussegubc-ia-2026-11-03-rsweep,SELL,ORDER_INTENT_BUY_SHORT,0.04,1,CQ8Q9030YYBE,passive,,2026-09-25T16:36:06.292131611Z,1.054,0,0,1,ORDER_STATE_FILLED,UNSOLICITED_CXL_REASON_UNDEFINED,ORD_REJECT_REASON_EXCHANGE_OPTION,,
1790358325.3,2026-09-25T17:45:25.332455282Z,ACTIVITY_TYPE_TRADE,vmc-ussemov-nj-2026-11-03-d20-25,SELL,ORDER_INTENT_BUY_SHORT,0.06,0.94,CQ9Q7P8HYYC3,passive,,2026-09-25T17:44:03.104812177Z,0.023,0,0,1,ORDER_STATE_PARTIALLY_FILLED,UNSOLICITED_CXL_REASON_UNDEFINED,ORD_REJECT_REASON_EXCHANGE_OPTION,,
1790358325.3,2026-09-25T17:45:25.332679930Z,ACTIVITY_TYPE_TRADE,vmc-ussemov-nj-2026-11-03-d15-20,SELL,ORDER_INTENT_BUY_SHORT,0.06,0.99,CQ9Q6472CYCC,passive,,2026-09-25T17:44:02.999497756Z,0.023,0,0,1,ORDER_STATE_PARTIALLY_FILLED,UNSOLICITED_CXL_REASON_UNDEFINED,ORD_REJECT_REASON_EXCHANGE_OPTION,,
1790358344.0,2026-09-25T17:45:43.973481354Z,ACTIVITY_TYPE_TRADE,vmc-ussemov-nj-2026-11-03-d20-25,SELL,ORDER_INTENT_BUY_SHORT,0.06,0.06,CQ9Q7P8HYYC3,passive,,2026-09-25T17:44:03.104812177Z,0.028,0,0,1,ORDER_STATE_FILLED,UNSOLICITED_CXL_REASON_UNDEFINED,ORD_REJECT_REASON_EXCHANGE_OPTION,,
1790358870.2,2026-09-25T17:54:30.166128873Z,ACTIVITY_TYPE_TRADE,usgubewc-usgub-ne-2026-11-03-rep,BUY,ORDER_INTENT_BUY_LONG,0.93,10,CQ5XHYWJPYBE,passive,,2026-09-25T13:20:33.261824828Z,4.566,-0.01,0,1,ORDER_STATE_FILLED,UNSOLICITED_CXL_REASON_UNDEFINED,ORD_REJECT_REASON_EXCHANGE_OPTION,,
1790358958.5,2026-09-25T17:55:58.508641284Z,ACTIVITY_TYPE_TRADE,cpoc-ussegubc-tx-2026-11-03-dsweep,BUY,ORDER_INTENT_BUY_LONG,0.25,9,CQ9FGJBGMYCC,passive,,2026-09-25T17:27:34.779524890Z,0.473,-0.02,0,1,ORDER_STATE_PARTIALLY_FILLED,UNSOLICITED_CXL_REASON_UNDEFINED,ORD_REJECT_REASON_EXCHANGE_OPTION,,
1790360131.9,2026-09-25T18:15:31.887774111Z,ACTIVITY_TYPE_TRADE,paccc-usse-midterms-2026-11-03-rep,BUY,ORDER_INTENT_SELL_SHORT,0.39,27,CQ5E5ZGNYYC6,passive,-3.64,2026-09-25T12:47:38.839750715Z,5.465,-0.08,0,1,ORDER_STATE_PARTIALLY_FILLED,UNSOLICITED_CXL_REASON_UNDEFINED,ORD_REJECT_REASON_EXCHANGE_OPTION,,
1790360261.0,2026-09-25T18:17:41.007661562Z,ACTIVITY_TYPE_TRADE,ussewc-usse-ok-2026-11-03-dem,SELL,ORDER_INTENT_BUY_SHORT,0.02,10,CQA5DPXHEYBY,passive,,2026-09-25T18:17:14.016811172Z,0.007,0,0,1,ORDER_STATE_FILLED,UNSOLICITED_CXL_REASON_UNDEFINED,ORD_REJECT_REASON_EXCHANGE_OPTION,,
1790361706.7,2026-09-25T18:41:46.704937129Z,ACTIVITY_TYPE_TRADE,ussewc-usse-ok-2026-11-03-dem,BUY,ORDER_INTENT_SELL_SHORT,0.04,10,CQA6HSHBCYC6,passive,-8.58,2026-09-25T18:19:53.439704534Z,0.365,0,0,1,ORDER_STATE_FILLED,UNSOLICITED_CXL_REASON_UNDEFINED,ORD_REJECT_REASON_EXCHANGE_OPTION,,
1790361737.3,2026-09-25T18:42:17.265500113Z,ACTIVITY_TYPE_TRADE,ussewc-usse-ok-2026-11-03-rep,BUY,ORDER_INTENT_BUY_LONG,0.98,0.12,CQA8YWWRPYCD,passive,,2026-09-25T18:24:36.590001896Z,0.295,0,0,1,ORDER_STATE_PARTIALLY_FILLED,UNSOLICITED_CXL_REASON_UNDEFINED,ORD_REJECT_REASON_EXCHANGE_OPTION,,
1790362272.8,2026-09-25T18:51:12.835366039Z,ACTIVITY_TYPE_TRADE,ussewc-usse-or-2026-11-03-dem,BUY,ORDER_INTENT_SELL_SHORT,0.98,20,CQ4TVQNZRYBY,passive,-11.63,2026-09-25T12:11:53.184739122Z,6.655,0,0,1,ORDER_STATE_FILLED,UNSOLICITED_CXL_REASON_UNDEFINED,ORD_REJECT_REASON_EXCHANGE_OPTION,,
1790363121.9,2026-09-25T19:05:21.924775198Z,ACTIVITY_TYPE_TRADE,ushrewc-ushr-ny-17-2026-11-03-dem,SELL,ORDER_INTENT_SELL_LONG,0.61,22.02,CQAX8XHNWYCA,aggressor,-10.3,2026-09-25T19:05:21.923096249Z,0,0.36,0,1,ORDER_STATE_FILLED,UNSOLICITED_CXL_REASON_UNDEFINED,ORD_REJECT_REASON_EXCHANGE_OPTION,,
1790363121.9,2026-09-25T19:05:21.924775198Z,ACTIVITY_TYPE_TRADE,ushrewc-ushr-ny-17-2026-11-03-dem,SELL,ORDER_INTENT_SELL_LONG,0.61,2.98,CQAX8XHNWYCA,aggressor,-1.39,2026-09-25T19:05:21.923096249Z,0,0.05,0,1,ORDER_STATE_PARTIALLY_FILLED,UNSOLICITED_CXL_REASON_UNDEFINED,ORD_REJECT_REASON_EXCHANGE_OPTION,,
1790363153.5,2026-09-25T19:05:53.547265529Z,ACTIVITY_TYPE_TRADE,ewc-usse-ia-2026-11-03-rep,SELL,ORDER_INTENT_SELL_LONG,0.53,69,CQAXCA2WEYC6,passive,-10.72,2026-09-25T19:05:50.703639890Z,0.001,-0.21,0,1,ORDER_STATE_FILLED,UNSOLICITED_CXL_REASON_UNDEFINED,ORD_REJECT_REASON_EXCHANGE_OPTION,,
1790363633.1,2026-09-25T19:13:53.061279716Z,ACTIVITY_TYPE_TRADE,ushrewc-ushr-ca-45-2026-11-03-dem,SELL,ORDER_INTENT_SELL_LONG,0.95,2.09,CQ500H8QCYCA,passive,0.05,2026-09-25T12:17:46.816580729Z,6.935,0,0,1,ORDER_STATE_PARTIALLY_FILLED,UNSOLICITED_CXL_REASON_UNDEFINED,ORD_REJECT_REASON_EXCHANGE_OPTION,,
1790363649.7,2026-09-25T19:14:09.739867674Z,ACTIVITY_TYPE_TRADE,paccc-usho-midterms-2026-11-03-rep,SELL,ORDER_INTENT_BUY_SHORT,0.084,60,CQAXWBFC2YB5,passive,,2026-09-25T19:06:49.623320211Z,0.122,-0.06,0,1,ORDER_STATE_FILLED,UNSOLICITED_CXL_REASON_UNDEFINED,ORD_REJECT_REASON_EXCHANGE_OPTION,,
1790364343.2,2026-09-25T19:25:43.236058683Z,ACTIVITY_TYPE_TRADE,ewc-usse-ne-2026-11-03-danosb,BUY,ORDER_INTENT_SELL_SHORT,0.28,1,CQ79FSNZTYAQ,passive,-0.47,2026-09-25T14:57:26.375595938Z,4.471,0,0,1,ORDER_STATE_FILLED,UNSOLICITED_CXL_REASON_UNDEFINED,ORD_REJECT_REASON_EXCHANGE_OPTION,,
1790364409.7,2026-09-25T19:26:49.688370654Z,ACTIVITY_TYPE_TRADE,ewc-usgub-ia-2026-11-03-dem,SELL,ORDER_INTENT_SELL_LONG,0.85,2,CQ3WBZ830YAQ,passive,-13.76,2026-09-25T12:05:38.963162943Z,7.353,0,0,1,ORDER_STATE_PARTIALLY_FILLED,UNSOLICITED_CXL_REASON_UNDEFINED,ORD_REJECT_REASON_EXCHANGE_OPTION,,
1790365152.9,2026-09-25T19:39:12.903624518Z,ACTIVITY_TYPE_TRADE,vtc-usseto-or-2026-11-03-gt1pt5m,BUY,ORDER_INTENT_SELL_SHORT,0.9,1,CQAXWM2KPYBY,passive,0.7,2026-09-25T19:07:15.236778007Z,0.533,0,0,1,ORDER_STATE_FILLED,UNSOLICITED_CXL_REASON_UNDEFINED,ORD_REJECT_REASON_EXCHANGE_OPTION,,
1790365810.9,2026-09-25T19:50:10.916761642Z,ACTIVITY_TYPE_TRADE,scc-hrep-rep-2026-11-03-gte205,BUY,ORDER_INTENT_SELL_SHORT,0.42,35,CQ9TGMMSAYBQ,passive,6.4,2026-09-25T17:50:33.395783647Z,1.994,-0.11,0,1,ORDER_STATE_FILLED,UNSOLICITED_CXL_REASON_UNDEFINED,ORD_REJECT_REASON_EXCHANGE_OPTION,,
1790367589.2,2026-09-25T20:19:49.218997880Z,ACTIVITY_TYPE_TRADE,ewc-usgub-mi-2026-11-03-dem,BUY,ORDER_INTENT_SELL_SHORT,0.92,48,CQ4CFQE2GYCD,passive,40.62,2026-09-25T12:11:05.534909308Z,8.145,-0.04,0,1,ORDER_STATE_FILLED,UNSOLICITED_CXL_REASON_UNDEFINED,ORD_REJECT_REASON_EXCHANGE_OPTION,,
1790368513.8,2026-09-25T20:35:13.776952849Z,ACTIVITY_TYPE_TRADE,paccc-usse-midterms-2026-11-03-rep,BUY,ORDER_INTENT_SELL_SHORT,0.39,45,CQ5E5ZGNYYC6,passive,-6.07,2026-09-25T12:47:38.839750715Z,7.793,-0.13,0,1,ORDER_STATE_FILLED,UNSOLICITED_CXL_REASON_UNDEFINED,ORD_REJECT_REASON_EXCHANGE_OPTION,,
1790369044.8,2026-09-25T20:44:04.761319449Z,ACTIVITY_TYPE_TRADE,usgubewc-usgub-sd-2026-11-03-dem,SELL,ORDER_INTENT_BUY_SHORT,0.02,10,CQ8JVMQ0YYCC,passive,,2026-09-25T16:25:55.477163975Z,4.303,0,0,1,ORDER_STATE_FILLED,UNSOLICITED_CXL_REASON_UNDEFINED,ORD_REJECT_REASON_EXCHANGE_OPTION,,
1790369651.5,2026-09-25T20:54:11.453668991Z,ACTIVITY_TYPE_TRADE,usgubewc-usgub-sd-2026-11-03-rep,SELL,ORDER_INTENT_SELL_LONG,0.94,0.01,CQCC1JJ8TYBY,passive,-0.05,2026-09-25T20:46:54.617162722Z,0.121,0,0,1,ORDER_STATE_PARTIALLY_FILLED,UNSOLICITED_CXL_REASON_UNDEFINED,ORD_REJECT_REASON_EXCHANGE_OPTION,,
1790371091.5,2026-09-25T21:18:11.496335156Z,ACTIVITY_TYPE_TRADE,vtc-usseto-la-2026-11-03-gt1pt4m,SELL,ORDER_INTENT_BUY_SHORT,0.71,1,CQCSQSSQRYC6,passive,,2026-09-25T21:18:11.441512752Z,0,0,0,1,ORDER_STATE_FILLED,UNSOLICITED_CXL_REASON_UNDEFINED,ORD_REJECT_REASON_EXCHANGE_OPTION,,
1790371123.7,2026-09-25T21:18:43.679488205Z,ACTIVITY_TYPE_TRADE,ewc-usgub-nv-2026-11-03-dem,SELL,ORDER_INTENT_SELL_LONG,0.48,37,CQ3YW3REPYB5,passive,5.03,2026-09-25T11:52:07.630900075Z,9.443,-0.12,0,1,ORDER_STATE_FILLED,UNSOLICITED_CXL_REASON_UNDEFINED,ORD_REJECT_REASON_EXCHANGE_OPTION,,
1790371535.3,2026-09-25T21:25:35.290278164Z,ACTIVITY_TYPE_TRADE,vmc-usgubmov-hi-2026-11-03-d25-30,SELL,ORDER_INTENT_BUY_SHORT,0.05,0.74,CQAXYB1NWYAQ,passive,,2026-09-25T19:07:16.010767068Z,2.305,0,0,1,ORDER_STATE_PARTIALLY_FILLED,UNSOLICITED_CXL_REASON_UNDEFINED,ORD_REJECT_REASON_EXCHANGE_OPTION,,
1790371576.2,2026-09-25T21:26:16.240780954Z,ACTIVITY_TYPE_TRADE,vmc-usgubmov-hi-2026-11-03-d25-30,SELL,ORDER_INTENT_BUY_SHORT,0.05,0.26,CQAXYB1NWYAQ,passive,,2026-09-25T19:07:16.010767068Z,2.317,0,0,1,ORDER_STATE_FILLED,UNSOLICITED_CXL_REASON_UNDEFINED,ORD_REJECT_REASON_EXCHANGE_OPTION,,
1790371800.7,2026-09-25T21:30:00.668631161Z,ACTIVITY_TYPE_TRADE,vtc-usseto-ak-2026-11-03-gt275k,BUY,ORDER_INTENT_BUY_LONG,0.95,0.99,CQCP72Z58YAQ,passive,,2026-09-25T21:10:09.643633916Z,0.331,0,0,1,ORDER_STATE_PARTIALLY_FILLED,UNSOLICITED_CXL_REASON_UNDEFINED,ORD_REJECT_REASON_EXCHANGE_OPTION,,
1790372987.9,2026-09-25T21:49:47.870523617Z,ACTIVITY_TYPE_TRADE,vtc-usseto-mi-2026-11-03-gt4pt6m,BUY,ORDER_INTENT_BUY_LONG,0.95,0.99,CQD4QZQKWYBE,passive,,2026-09-25T21:46:55.601534765Z,0.048,0,0,1,ORDER_STATE_PARTIALLY_FILLED,UNSOLICITED_CXL_REASON_UNDEFINED,ORD_REJECT_REASON_EXCHANGE_OPTION,,
1790373559.6,2026-09-25T21:59:19.581328193Z,ACTIVITY_TYPE_TRADE,ewc-usgub-ga-2026-11-03-rep,SELL,ORDER_INTENT_SELL_LONG,0.52,16,CQ685QD3EYCD,passive,-19.39,2026-09-25T13:45:21.498481235Z,8.233,-0.05,0,1,ORDER_STATE_FILLED,UNSOLICITED_CXL_REASON_UNDEFINED,ORD_REJECT_REASON_EXCHANGE_OPTION,,
1790375762.0,2026-09-25T22:36:02.040904381Z,ACTIVITY_TYPE_TRADE,cpoc-ussegubc-ks-2026-11-03-rgov-dsen,SELL,ORDER_INTENT_BUY_SHORT,0.16,1,CQDRR6EE8YAQ,passive,,2026-09-25T22:28:50.444290828Z,0.12,0,0,1,ORDER_STATE_FILLED,UNSOLICITED_CXL_REASON_UNDEFINED,ORD_REJECT_REASON_EXCHANGE_OPTION,,
1790376415.9,2026-09-25T22:46:55.863971074Z,ACTIVITY_TYPE_TRADE,usgubewc-usgub-sc-2026-11-03-dem,SELL,ORDER_INTENT_BUY_SHORT,0.05,10,CQ5F5G2AEYAQ,passive,,2026-09-25T12:49:22.462483703Z,9.959,-0.01,0,1,ORDER_STATE_FILLED,UNSOLICITED_CXL_REASON_UNDEFINED,ORD_REJECT_REASON_EXCHANGE_OPTION,,
1790377374.2,2026-09-25T23:02:54.168288155Z,ACTIVITY_TYPE_TRADE,ushrewc-ushr-ca-47-2026-11-03-dem,BUY,ORDER_INTENT_BUY_LONG,0.94,12,CQEAXDNVMYCD,aggressor,,2026-09-25T23:02:54.166326308Z,0,0.05,0,1,ORDER_STATE_PARTIALLY_FILLED,UNSOLICITED_CXL_REASON_UNDEFINED,ORD_REJECT_REASON_EXCHANGE_OPTION,,
1790377374.2,2026-09-25T23:02:54.168288155Z,ACTIVITY_TYPE_TRADE,ushrewc-ushr-ca-47-2026-11-03-dem,BUY,ORDER_INTENT_BUY_LONG,0.94,25,CQEAXDNVMYCD,aggressor,,2026-09-25T23:02:54.166326308Z,0,0.1,0,1,ORDER_STATE_PARTIALLY_FILLED,UNSOLICITED_CXL_REASON_UNDEFINED,ORD_REJECT_REASON_EXCHANGE_OPTION,,
1790377374.2,2026-09-25T23:02:54.168288155Z,ACTIVITY_TYPE_TRADE,ushrewc-ushr-ca-47-2026-11-03-dem,BUY,ORDER_INTENT_BUY_LONG,0.94,1,CQEAXDNVMYCD,aggressor,,2026-09-25T23:02:54.166326308Z,0,0,0,1,ORDER_STATE_PARTIALLY_FILLED,UNSOLICITED_CXL_REASON_UNDEFINED,ORD_REJECT_REASON_EXCHANGE_OPTION,,
1790377554.8,2026-09-25T23:05:54.821240714Z,ACTIVITY_TYPE_TRADE,usgubewc-usgub-ak-2026-11-03-jonkre,BUY,ORDER_INTENT_SELL_SHORT,0.75,14.25,CQECVR1WMYCD,aggressor,-33.52,2026-09-25T23:05:54.820002204Z,0,0.18,0,1,ORDER_STATE_FILLED,UNSOLICITED_CXL_REASON_UNDEFINED,ORD_REJECT_REASON_EXCHANGE_OPTION,,
1790377554.8,2026-09-25T23:05:54.821240714Z,ACTIVITY_TYPE_TRADE,usgubewc-usgub-ak-2026-11-03-jonkre,BUY,ORDER_INTENT_SELL_SHORT,0.75,170,CQECVR1WMYCD,aggressor,-400.01,2026-09-25T23:05:54.820002204Z,0,2.22,0,1,ORDER_STATE_PARTIALLY_FILLED,UNSOLICITED_CXL_REASON_UNDEFINED,ORD_REJECT_REASON_EXCHANGE_OPTION,,
1790377554.8,2026-09-25T23:05:54.821240714Z,ACTIVITY_TYPE_TRADE,usgubewc-usgub-ak-2026-11-03-jonkre,BUY,ORDER_INTENT_SELL_SHORT,0.75,21,CQECVR1WMYCD,aggressor,-49.41,2026-09-25T23:05:54.820002204Z,0,0.27,0,1,ORDER_STATE_PARTIALLY_FILLED,UNSOLICITED_CXL_REASON_UNDEFINED,ORD_REJECT_REASON_EXCHANGE_OPTION,,
1790377554.8,2026-09-25T23:05:54.821240714Z,ACTIVITY_TYPE_TRADE,usgubewc-usgub-ak-2026-11-03-jonkre,SELL,ORDER_INTENT_BUY_SHORT,0.75,100,CQBR3AQERYCD,passive,-235.31,2026-09-25T20:08:11.386116140Z,2.962,-0.23,0,1,ORDER_STATE_FILLED,UNSOLICITED_CXL_REASON_UNDEFINED,ORD_REJECT_REASON_EXCHANGE_OPTION,,
1790377554.8,2026-09-25T23:05:54.821240714Z,ACTIVITY_TYPE_TRADE,usgubewc-usgub-ak-2026-11-03-jonkre,SELL,ORDER_INTENT_SELL_LONG,0.75,23.15,CQ9PSFBB4YC3,passive,-54.47,2026-09-25T17:42:54.682783491Z,5.383,-0.05,0,1,ORDER_STATE_FILLED,UNSOLICITED_CXL_REASON_UNDEFINED,ORD_REJECT_REASON_EXCHANGE_OPTION,,
1790377554.8,2026-09-25T23:05:54.821240714Z,ACTIVITY_TYPE_TRADE,usgubewc-usgub-ak-2026-11-03-jonkre,BUY,ORDER_INTENT_SELL_SHORT,0.75,1,CQECVR1WMYCD,aggressor,-2.35,2026-09-25T23:05:54.820002204Z,0,0.01,0,1,ORDER_STATE_PARTIALLY_FILLED,UNSOLICITED_CXL_REASON_UNDEFINED,ORD_REJECT_REASON_EXCHANGE_OPTION,,
1790377669.8,2026-09-25T23:07:49.822421521Z,ACTIVITY_TYPE_TRADE,ussewc-usse-fl-2026-11-03-rep,BUY,ORDER_INTENT_SELL_SHORT,0.86,29.48,CQBTRFXSAYBE,passive,0.35,2026-09-25T20:12:18.003438220Z,2.926,-0.04,0,1,ORDER_STATE_PARTIALLY_FILLED,UNSOLICITED_CXL_REASON_UNDEFINED,ORD_REJECT_REASON_EXCHANGE_OPTION,,
1790379268.2,2026-09-25T23:34:28.208953794Z,ACTIVITY_TYPE_TRANSFER,,,,,,,,,,,,,,,,,73.75,
1790379354.4,2026-09-25T23:35:54.443435245Z,ACTIVITY_TYPE_TRADE,cpoc-ussegubc-ks-2026-11-03-rgov-dsen,BUY,ORDER_INTENT_SELL_SHORT,0.15,7,CQES21A40YBE,passive,-5.76,2026-09-25T23:28:21.515836877Z,0.126,-0.01,0,1,ORDER_STATE_PARTIALLY_FILLED,UNSOLICITED_CXL_REASON_UNDEFINED,ORD_REJECT_REASON_EXCHANGE_OPTION,,
1790379548.9,2026-09-25T23:39:08.920010341Z,ACTIVITY_TYPE_TRADE,cpoc-ussegubc-ks-2026-11-03-rgov-dsen,BUY,ORDER_INTENT_SELL_SHORT,0.15,1,CQES21A40YBE,passive,-0.77,2026-09-25T23:28:21.515836877Z,0.18,0,0,1,ORDER_STATE_PARTIALLY_FILLED,UNSOLICITED_CXL_REASON_UNDEFINED,ORD_REJECT_REASON_EXCHANGE_OPTION,,
1790379837.9,2026-09-25T23:43:57.855213291Z,ACTIVITY_TYPE_TRANSFER,,,,,,,,,,,,,,,,,116.95,
1790380148.5,2026-09-25T23:49:08.452785052Z,ACTIVITY_TYPE_TRADE,ewc-usse-mn-2026-11-03-dem,BUY,ORDER_INTENT_BUY_LONG,0.9,115,CQF2J1DPJYB5,passive,,2026-09-25T23:49:05.675346208Z,0.001,-0.13,0,1,ORDER_STATE_FILLED,UNSOLICITED_CXL_REASON_UNDEFINED,ORD_REJECT_REASON_EXCHANGE_OPTION,,
1790380385.6,2026-09-25T23:53:05.608666295Z,ACTIVITY_TYPE_TRANSFER,,,,,,,,,,,,,,,,,148.59,
1790380558.5,2026-09-25T23:55:58.490137260Z,ACTIVITY_TYPE_TRADE,paccc-usho-midterms-2026-11-03-rep,BUY,ORDER_INTENT_SELL_SHORT,0.087,10,CQB33RRG0YC3,passive,-8.55,2026-09-25T19:19:04.685067531Z,4.615,-0.01,0,1,ORDER_STATE_PARTIALLY_FILLED,UNSOLICITED_CXL_REASON_UNDEFINED,ORD_REJECT_REASON_EXCHANGE_OPTION,,
1790381062.0,2026-09-26T00:04:21.980996344Z,ACTIVITY_TYPE_TRADE,paccc-usho-midterms-2026-11-03-rep,BUY,ORDER_INTENT_SELL_SHORT,0.087,50,CQB33RRG0YC3,passive,-42.75,2026-09-25T19:19:04.685067531Z,4.755,-0.05,0,1,ORDER_STATE_FILLED,UNSOLICITED_CXL_REASON_UNDEFINED,ORD_REJECT_REASON_EXCHANGE_OPTION,,
1790381082.3,2026-09-26T00:04:42.317776739Z,ACTIVITY_TYPE_TRADE,ewc-usse-me-2026-11-03-rep,BUY,ORDER_INTENT_SELL_SHORT,0.36,39,CQDB2FGA6YBQ,passive,-5.74,2026-09-25T21:59:42.728290479Z,2.083,-0.11,0,1,ORDER_STATE_PARTIALLY_FILLED,UNSOLICITED_CXL_REASON_UNDEFINED,ORD_REJECT_REASON_EXCHANGE_OPTION,,
1790381592.7,2026-09-26T00:13:12.688005945Z,ACTIVITY_TYPE_TRADE,usgubewc-usgub-id-2026-11-03-dem,SELL,ORDER_INTENT_BUY_SHORT,0.02,20,CQEQPXXFCYBE,passive,,2026-09-25T23:24:55.589317700Z,0.805,0,0,1,ORDER_STATE_FILLED,UNSOLICITED_CXL_REASON_UNDEFINED,ORD_REJECT_REASON_EXCHANGE_OPTION,,
1790381656.1,2026-09-26T00:14:16.075600812Z,ACTIVITY_TYPE_TRADE,usgubewc-usgub-me-2026-11-03-rep,SELL,ORDER_INTENT_BUY_SHORT,0.05,10,CQB1RSKEMYCA,passive,,2026-09-25T19:15:45.577842807Z,4.975,-0.01,0,1,ORDER_STATE_FILLED,UNSOLICITED_CXL_REASON_UNDEFINED,ORD_REJECT_REASON_EXCHANGE_OPTION,,
1790383391.5,2026-09-26T00:43:11.532564312Z,ACTIVITY_TYPE_TRADE,vtc-usgubto-nv-2026-11-03-gt1pt05m,BUY,ORDER_INTENT_BUY_LONG,0.95,0.99,CQFTM212AYC6,passive,,2026-09-26T00:42:17.710344613Z,0.015,0,0,1,ORDER_STATE_PARTIALLY_FILLED,UNSOLICITED_CXL_REASON_UNDEFINED,ORD_REJECT_REASON_EXCHANGE_OPTION,,
1790383439.6,2026-09-26T00:43:59.555543901Z,ACTIVITY_TYPE_ACCOUNT_WITHDRAWAL,,,,,,,,,,,,,,,,,340,
1790383790.8,2026-09-26T00:49:50.843238511Z,ACTIVITY_TYPE_TRADE,vtc-usgubto-vt-2026-11-03-gt325k,BUY,ORDER_INTENT_BUY_LONG,0.73,1,CQFXTHBJJYB5,passive,,2026-09-26T00:49:47.242567427Z,0.001,0,0,1,ORDER_STATE_FILLED,UNSOLICITED_CXL_REASON_UNDEFINED,ORD_REJECT_REASON_EXCHANGE_OPTION,,
1790383970.4,2026-09-26T00:52:50.375000017Z,ACTIVITY_TYPE_TRADE,vmc-ushrmov-ca-47-2026-11-03-rwin,SELL,ORDER_INTENT_BUY_SHORT,0.02,1,CQE9P9GT6YCD,passive,,2026-09-25T23:00:48.022466136Z,1.867,0,0,1,ORDER_STATE_PARTIALLY_FILLED,UNSOLICITED_CXL_REASON_UNDEFINED,ORD_REJECT_REASON_EXCHANGE_OPTION,,
1790386460.2,2026-09-26T01:34:20.236792568Z,ACTIVITY_TYPE_TRADE,vtc-usseto-ri-2026-11-03-gt400k,BUY,ORDER_INTENT_BUY_LONG,0.29,0.96,CQGB4Z1R6YB5,passive,,2026-09-26T01:18:38.088307805Z,0.262,0,0,1,ORDER_STATE_PARTIALLY_FILLED,UNSOLICITED_CXL_REASON_UNDEFINED,ORD_REJECT_REASON_EXCHANGE_OPTION,,
1790388579.4,2026-09-26T02:09:39.364782365Z,ACTIVITY_TYPE_TRADE,vtc-usgubto-vt-2026-11-03-gt300k,SELL,ORDER_INTENT_BUY_SHORT,0.59,0.99,CQH1C7CTMYC3,passive,,2026-09-26T02:08:58.927837428Z,0.011,0,0,1,ORDER_STATE_PARTIALLY_FILLED,UNSOLICITED_CXL_REASON_UNDEFINED,ORD_REJECT_REASON_EXCHANGE_OPTION,,
1790389335.8,2026-09-26T02:22:15.773658806Z,ACTIVITY_TYPE_TRADE,paccc-usho-midterms-2026-11-03-rep,BUY,ORDER_INTENT_BUY_LONG,0.087,9,CQH33NK82YBE,passive,,2026-09-26T02:12:33.279337816Z,0.162,-0.01,0,1,ORDER_STATE_PARTIALLY_FILLED,UNSOLICITED_CXL_REASON_UNDEFINED,ORD_REJECT_REASON_EXCHANGE_OPTION,,
1790390319.4,2026-09-26T02:38:39.355212981Z,ACTIVITY_TYPE_TRADE,vtc-usseto-ks-2026-11-03-gt1m,BUY,ORDER_INTENT_BUY_LONG,0.82,0.99,CQHE1AC7RYB5,passive,,2026-09-26T02:36:01.408177176Z,0.044,0,0,1,ORDER_STATE_PARTIALLY_FILLED,UNSOLICITED_CXL_REASON_UNDEFINED,ORD_REJECT_REASON_EXCHANGE_OPTION,,
1790390644.1,2026-09-26T02:44:04.107323140Z,ACTIVITY_TYPE_TRADE,vtc-usseto-il-2026-11-03-gt4pt5m,SELL,ORDER_INTENT_BUY_SHORT,0.06,0.99,CQHHKNB0PYCD,passive,,2026-09-26T02:42:47.238397779Z,0.021,0,0,1,ORDER_STATE_PARTIALLY_FILLED,UNSOLICITED_CXL_REASON_UNDEFINED,ORD_REJECT_REASON_EXCHANGE_OPTION,,
1790390644.4,2026-09-26T02:44:04.440740073Z,ACTIVITY_TYPE_TRADE,vtc-usseto-il-2026-11-03-gt4pt5m,SELL,ORDER_INTENT_BUY_SHORT,0.06,0.01,CQHHKNB0PYCD,passive,,2026-09-26T02:42:47.238397779Z,0.021,0,0,1,ORDER_STATE_FILLED,UNSOLICITED_CXL_REASON_UNDEFINED,ORD_REJECT_REASON_EXCHANGE_OPTION,,
1790390832.7,2026-09-26T02:47:12.677099728Z,ACTIVITY_TYPE_TRADE,paccc-usse-midterms-2026-11-03-dem,SELL,ORDER_INTENT_BUY_SHORT,0.615,53,CQFV18H72YCC,passive,,2026-09-26T00:43:18.948428426Z,2.065,-0.16,0,1,ORDER_STATE_PARTIALLY_FILLED,UNSOLICITED_CXL_REASON_UNDEFINED,ORD_REJECT_REASON_EXCHANGE_OPTION,,
1790391683.6,2026-09-26T03:01:23.625019879Z,ACTIVITY_TYPE_TRADE,vtc-usseto-de-2026-11-03-gt325k,BUY,ORDER_INTENT_BUY_LONG,0.87,1,CQH2TVW2AYC6,passive,,2026-09-26T02:12:16.594716775Z,0.819,0,0,1,ORDER_STATE_FILLED,UNSOLICITED_CXL_REASON_UNDEFINED,ORD_REJECT_REASON_EXCHANGE_OPTION,,
1790392120.8,2026-09-26T03:08:40.808341023Z,ACTIVITY_TYPE_TRADE,scc-senate-demst-2026-11-03-gte51,SELL,ORDER_INTENT_SELL_LONG,0.56,74.74,CQH8ZZD28YCD,passive,-7.14,2026-09-26T02:23:50.635288473Z,0.747,-0.23,0,1,ORDER_STATE_PARTIALLY_FILLED,UNSOLICITED_CXL_REASON_UNDEFINED,ORD_REJECT_REASON_EXCHANGE_OPTION,,
1790392131.1,2026-09-26T03:08:51.077974707Z,ACTIVITY_TYPE_TRADE,scc-senate-demst-2026-11-03-gte51,SELL,ORDER_INTENT_SELL_LONG,0.56,0.01,CQH8ZZD28YCD,passive,-0,2026-09-26T02:23:50.635288473Z,0.75,0,0,1,ORDER_STATE_PARTIALLY_FILLED,UNSOLICITED_CXL_REASON_UNDEFINED,ORD_REJECT_REASON_EXCHANGE_OPTION,,
1790392179.0,2026-09-26T03:09:38.956475194Z,ACTIVITY_TYPE_TRADE,vtc-usseto-mi-2026-11-03-gt5pt6m,BUY,ORDER_INTENT_BUY_LONG,0.15,1,CQHM99FRMYAQ,passive,,2026-09-26T02:48:31.691463976Z,0.352,0,0,1,ORDER_STATE_FILLED,UNSOLICITED_CXL_REASON_UNDEFINED,ORD_REJECT_REASON_EXCHANGE_OPTION,,
1790392306.6,2026-09-26T03:11:46.589331049Z,ACTIVITY_TYPE_TRADE,vmc-ussemov-or-2026-11-03-d10-15,BUY,ORDER_INTENT_BUY_LONG,0.21,1,CQHD7NZRMYBY,passive,,2026-09-26T02:34:05.105243480Z,0.628,0,0,1,ORDER_STATE_FILLED,UNSOLICITED_CXL_REASON_UNDEFINED,ORD_REJECT_REASON_EXCHANGE_OPTION,,
1790392346.9,2026-09-26T03:12:26.915086305Z,ACTIVITY_TYPE_TRADE,vtc-usgubto-hi-2026-11-03-gt460k,SELL,ORDER_INTENT_BUY_SHORT,0.15,0.99,CQHTG1JHAYCA,passive,,2026-09-26T03:02:23.300697223Z,0.168,0,0,1,ORDER_STATE_PARTIALLY_FILLED,UNSOLICITED_CXL_REASON_UNDEFINED,ORD_REJECT_REASON_EXCHANGE_OPTION,,
1790392555.4,2026-09-26T03:15:55.441946613Z,ACTIVITY_TYPE_TRADE,cpoc-ussegubc-ks-2026-11-03-dgov-rsen,SELL,ORDER_INTENT_BUY_SHORT,0.12,1.99,CQHX4Y30JYBQ,passive,,2026-09-26T03:09:12.874812477Z,0.112,0,0,1,ORDER_STATE_PARTIALLY_FILLED,UNSOLICITED_CXL_REASON_UNDEFINED,ORD_REJECT_REASON_EXCHANGE_OPTION,,
1790392591.9,2026-09-26T03:16:31.859340187Z,ACTIVITY_TYPE_TRADE,cpoc-ussegubc-ks-2026-11-03-dgov-rsen,SELL,ORDER_INTENT_BUY_SHORT,0.12,0.01,CQHX4Y30JYBQ,passive,,2026-09-26T03:09:12.874812477Z,0.122,0,0,1,ORDER_STATE_FILLED,UNSOLICITED_CXL_REASON_UNDEFINED,ORD_REJECT_REASON_EXCHANGE_OPTION,,
1790393808.5,2026-09-26T03:36:48.516687514Z,ACTIVITY_TYPE_TRADE,scc-hrep-rep-2026-11-03-gte235,SELL,ORDER_INTENT_BUY_SHORT,0.02,27.31,CQHX0Y79RYCD,passive,,2026-09-26T03:09:05.761695002Z,0.462,-0.01,0,1,ORDER_STATE_PARTIALLY_FILLED,UNSOLICITED_CXL_REASON_UNDEFINED,ORD_REJECT_REASON_EXCHANGE_OPTION,,
1790393858.8,2026-09-26T03:37:38.750194824Z,ACTIVITY_TYPE_TRADE,scc-hrep-rep-2026-11-03-gte235,SELL,ORDER_INTENT_BUY_SHORT,0.02,1.68,CQHX0Y79RYCD,passive,,2026-09-26T03:09:05.761695002Z,0.476,0,0,1,ORDER_STATE_PARTIALLY_FILLED,UNSOLICITED_CXL_REASON_UNDEFINED,ORD_REJECT_REASON_EXCHANGE_OPTION,,
1790395010.9,2026-09-26T03:56:50.923638200Z,ACTIVITY_TYPE_TRADE,vtc-usseto-al-2026-11-03-gt1pt5m,SELL,ORDER_INTENT_BUY_SHORT,0.58,0.99,CQJG7JPRPYBQ,passive,,2026-09-26T03:53:03.304928357Z,0.063,0,0,1,ORDER_STATE_PARTIALLY_FILLED,UNSOLICITED_CXL_REASON_UNDEFINED,ORD_REJECT_REASON_EXCHANGE_OPTION,,
1790395539.9,2026-09-26T04:05:39.856820299Z,ACTIVITY_TYPE_TRADE,scc-senate-gop-2026-11-03-lte45,SELL,ORDER_INTENT_SELL_LONG,0.09,68.33,CQDG4GXH4YCA,passive,-30.65,2026-09-25T22:10:15.316229169Z,5.923,-0.07,0,1,ORDER_STATE_PARTIALLY_FILLED,UNSOLICITED_CXL_REASON_UNDEFINED,ORD_REJECT_REASON_EXCHANGE_OPTION,,
1790395687.8,2026-09-26T04:08:07.820854728Z,ACTIVITY_TYPE_TRADE,vtc-usseto-fl-2026-11-03-gt8pt25m,SELL,ORDER_INTENT_BUY_SHORT,0.26,0.99,CQJP4Y11GYCA,passive,,2026-09-26T04:06:29.333310555Z,0.027,0,0,1,ORDER_STATE_PARTIALLY_FILLED,UNSOLICITED_CXL_REASON_UNDEFINED,ORD_REJECT_REASON_EXCHANGE_OPTION,,
1790395725.5,2026-09-26T04:08:45.468156762Z,ACTIVITY_TYPE_TRADE,vtc-usseto-fl-2026-11-03-gt8pt25m,SELL,ORDER_INTENT_BUY_SHORT,0.26,0.01,CQJP4Y11GYCA,passive,,2026-09-26T04:06:29.333310555Z,0.038,0,0,1,ORDER_STATE_FILLED,UNSOLICITED_CXL_REASON_UNDEFINED,ORD_REJECT_REASON_EXCHANGE_OPTION,,
1790396279.7,2026-09-26T04:17:59.688987772Z,ACTIVITY_TYPE_TRADE,paccc-usho-midterms-2026-11-03-rep,SELL,ORDER_INTENT_SELL_LONG,0.088,9,CQJ7396VJYB5,passive,-101.43,2026-09-26T03:31:35.812507703Z,0.773,-0.01,0,1,ORDER_STATE_FILLED,UNSOLICITED_CXL_REASON_UNDEFINED,ORD_REJECT_REASON_EXCHANGE_OPTION,,
1790397428.7,2026-09-26T04:37:08.713721310Z,ACTIVITY_TYPE_TRADE,vtc-usseto-ar-2026-11-03-gt900k,SELL,ORDER_INTENT_BUY_SHORT,0.68,0.99,CQJZG5M36YCA,passive,,2026-09-26T04:36:38.522255467Z,0.008,0,0,1,ORDER_STATE_PARTIALLY_FILLED,UNSOLICITED_CXL_REASON_UNDEFINED,ORD_REJECT_REASON_EXCHANGE_OPTION,,
1790398103.5,2026-09-26T04:48:23.542222491Z,ACTIVITY_TYPE_TRADE,vtc-usseto-fl-2026-11-03-gt8m,SELL,ORDER_INTENT_BUY_SHORT,0.51,0.95,CQK4X0B1JYCC,passive,,2026-09-26T04:47:54.937226708Z,0.008,0,0,1,ORDER_STATE_PARTIALLY_FILLED,UNSOLICITED_CXL_REASON_UNDEFINED,ORD_REJECT_REASON_EXCHANGE_OPTION,,
1790398902.3,2026-09-26T05:01:42.339703890Z,ACTIVITY_TYPE_TRADE,usgubewc-usgub-sc-2026-11-03-rep,BUY,ORDER_INTENT_BUY_LONG,0.95,0.63,CQ5YNQVRTYCC,passive,,2026-09-25T13:22:58.159997381Z,15.646,0,0,1,ORDER_STATE_PARTIALLY_FILLED,UNSOLICITED_CXL_REASON_UNDEFINED,ORD_REJECT_REASON_EXCHANGE_OPTION,,
1790398971.4,2026-09-26T05:02:51.378558718Z,ACTIVITY_TYPE_TRADE,vtc-usseto-id-2026-11-03-gt680k,BUY,ORDER_INTENT_BUY_LONG,0.45,0.99,CQKCZ3226YCA,passive,,2026-09-26T05:01:35.982809179Z,0.021,0,0,1,ORDER_STATE_PARTIALLY_FILLED,UNSOLICITED_CXL_REASON_UNDEFINED,ORD_REJECT_REASON_EXCHANGE_OPTION,,
1790399513.7,2026-09-26T05:11:53.692046246Z,ACTIVITY_TYPE_TRADE,ewc-usse-me-2026-11-03-dem,BUY,ORDER_INTENT_BUY_LONG,0.64,75,CQKGSW4SWYC6,passive,,2026-09-26T05:11:36.991695410Z,0.005,-0.22,0,1,ORDER_STATE_FILLED,UNSOLICITED_CXL_REASON_UNDEFINED,ORD_REJECT_REASON_EXCHANGE_OPTION,,
1790400183.4,2026-09-26T05:23:03.417753671Z,ACTIVITY_TYPE_TRADE,ewc-usse-tx-2026-11-03-dem,SELL,ORDER_INTENT_BUY_SHORT,0.6,15,CQKKBNVGJYC6,passive,,2026-09-26T05:17:23.366822946Z,0.094,-0.04,0,1,ORDER_STATE_PARTIALLY_FILLED,UNSOLICITED_CXL_REASON_UNDEFINED,ORD_REJECT_REASON_EXCHANGE_OPTION,,
1790400238.5,2026-09-26T05:23:58.489498219Z,ACTIVITY_TYPE_TRADE,ewc-usse-tx-2026-11-03-dem,SELL,ORDER_INTENT_BUY_SHORT,0.6,14,CQKKBNVGJYC6,passive,,2026-09-26T05:17:23.366822946Z,0.11,-0.04,0,1,ORDER_STATE_PARTIALLY_FILLED,UNSOLICITED_CXL_REASON_UNDEFINED,ORD_REJECT_REASON_EXCHANGE_OPTION,,
1790400300.3,2026-09-26T05:25:00.282817199Z,ACTIVITY_TYPE_TRADE,ewc-usse-tx-2026-11-03-dem,SELL,ORDER_INTENT_BUY_SHORT,0.6,13,CQKKBNVGJYC6,passive,,2026-09-26T05:17:23.366822946Z,0.127,-0.04,0,1,ORDER_STATE_PARTIALLY_FILLED,UNSOLICITED_CXL_REASON_UNDEFINED,ORD_REJECT_REASON_EXCHANGE_OPTION,,
1790400368.2,2026-09-26T05:26:08.159773704Z,ACTIVITY_TYPE_TRADE,ewc-usse-tx-2026-11-03-dem,SELL,ORDER_INTENT_BUY_SHORT,0.6,1,CQKPTT13WYCC,passive,,2026-09-26T05:25:09.999997766Z,0.016,0,0,1,ORDER_STATE_PARTIALLY_FILLED,UNSOLICITED_CXL_REASON_UNDEFINED,ORD_REJECT_REASON_EXCHANGE_OPTION,,
1790400490.5,2026-09-26T05:28:10.516043439Z,ACTIVITY_TYPE_TRADE,vtc-usseto-ak-2026-11-03-gt275k,BUY,ORDER_INTENT_BUY_LONG,0.94,0.99,CQKQG4H0RYC6,passive,,2026-09-26T05:27:23.625117199Z,0.013,0,0,1,ORDER_STATE_PARTIALLY_FILLED,UNSOLICITED_CXL_REASON_UNDEFINED,ORD_REJECT_REASON_EXCHANGE_OPTION,,
1790401318.3,2026-09-26T05:41:58.349016389Z,ACTIVITY_TYPE_TRADE,ussewc-usse-fl-2026-11-03-rep,BUY,ORDER_INTENT_SELL_SHORT,0.86,0.48,CQEEPJ0QRYCA,passive,0.01,2026-09-25T23:08:06.507242349Z,6.564,0,0,1,ORDER_STATE_FILLED,UNSOLICITED_CXL_REASON_UNDEFINED,ORD_REJECT_REASON_EXCHANGE_OPTION,,
1790401318.3,2026-09-26T05:41:58.349016389Z,ACTIVITY_TYPE_TRADE,ussewc-usse-fl-2026-11-03-rep,BUY,ORDER_INTENT_SELL_SHORT,0.86,10.52,CQBTRFXSAYBE,passive,0.13,2026-09-25T20:12:18.003438220Z,9.495,-0.02,0,1,ORDER_STATE_FILLED,UNSOLICITED_CXL_REASON_UNDEFINED,ORD_REJECT_REASON_EXCHANGE_OPTION,,
1790402938.8,2026-09-26T06:08:58.838586811Z,ACTIVITY_TYPE_TRADE,vtc-usgubto-ct-2026-11-03-gt1pt4m,SELL,ORDER_INTENT_BUY_SHORT,0.06,0.99,CQM4K648CYBE,passive,,2026-09-26T05:58:33.649292335Z,0.174,0,0,1,ORDER_STATE_PARTIALLY_FILLED,UNSOLICITED_CXL_REASON_UNDEFINED,ORD_REJECT_REASON_EXCHANGE_OPTION,,
1790403086.2,2026-09-26T06:11:26.167669297Z,ACTIVITY_TYPE_TRADE,cpoc-ussegubc-oh-2026-11-03-rgov-dsen,BUY,ORDER_INTENT_BUY_LONG,0.16,5,CQM8ZJ7S8YCA,passive,,2026-09-26T06:10:24.021428494Z,0.017,-0.01,0,1,ORDER_STATE_FILLED,UNSOLICITED_CXL_REASON_UNDEFINED,ORD_REJECT_REASON_EXCHANGE_OPTION,,
1790403196.8,2026-09-26T06:13:16.828370989Z,ACTIVITY_TYPE_TRADE,ussewc-usse-al-2026-11-03-rep,SELL,ORDER_INTENT_SELL_LONG,0.98,1,CQM9WV0N4YB5,aggressor,-7.31,2026-09-26T06:13:16.826864814Z,0,0,0,1,ORDER_STATE_FILLED,UNSOLICITED_CXL_REASON_UNDEFINED,ORD_REJECT_REASON_EXCHANGE_OPTION,,
1790403900.8,2026-09-26T06:25:00.826884465Z,ACTIVITY_TYPE_TRADE,paccc-usho-midterms-2026-11-03-rep,SELL,ORDER_INTENT_BUY_SHORT,0.088,2,CQMCFAHAPYB5,passive,,2026-09-26T06:20:08.881138594Z,0.081,0,0,1,ORDER_STATE_PARTIALLY_FILLED,UNSOLICITED_CXL_REASON_UNDEFINED,ORD_REJECT_REASON_EXCHANGE_OPTION,,
1790407284.2,2026-09-26T07:21:24.155998200Z,ACTIVITY_TYPE_TRADE,ushrewc-ushr-ca-47-2026-11-03-dem,BUY,ORDER_INTENT_BUY_LONG,0.94,12,CQEAXDNVMYCD,passive,,2026-09-25T23:02:54.166326308Z,8.308,-0.01,0,1,ORDER_STATE_FILLED,UNSOLICITED_CXL_REASON_UNDEFINED,ORD_REJECT_REASON_EXCHANGE_OPTION,,
1790407699.5,2026-09-26T07:28:19.471891086Z,ACTIVITY_TYPE_TRADE,vtc-usseto-wy-2026-11-03-gt210k,BUY,ORDER_INTENT_BUY_LONG,0.54,0.99,CQNAFAAMTYAQ,passive,,2026-09-26T07:27:01.295688901Z,0.022,0,0,1,ORDER_STATE_PARTIALLY_FILLED,UNSOLICITED_CXL_REASON_UNDEFINED,ORD_REJECT_REASON_EXCHANGE_OPTION,,
1790411633.6,2026-09-26T08:33:53.558511880Z,ACTIVITY_TYPE_TRADE,vtc-usseto-ak-2026-11-03-gt275k,BUY,ORDER_INTENT_BUY_LONG,0.94,0.99,CQP6QH27YYCA,passive,,2026-09-26T08:32:24.596457338Z,0.025,0,0,1,ORDER_STATE_PARTIALLY_FILLED,UNSOLICITED_CXL_REASON_UNDEFINED,ORD_REJECT_REASON_EXCHANGE_OPTION,,
1790411980.3,2026-09-26T08:39:40.263162110Z,ACTIVITY_TYPE_TRADE,vmc-ussemov-or-2026-11-03-d10-15,SELL,ORDER_INTENT_SELL_LONG,0.24,0.99,CQPANJ4T0YBQ,aggressor,0.02,2026-09-26T08:39:40.261910418Z,0,0.01,0,1,ORDER_STATE_FILLED,UNSOLICITED_CXL_REASON_UNDEFINED,ORD_REJECT_REASON_EXCHANGE_OPTION,,
1790411980.3,2026-09-26T08:39:40.263162110Z,ACTIVITY_TYPE_TRADE,vmc-ussemov-or-2026-11-03-d10-15,SELL,ORDER_INTENT_SELL_LONG,0.24,0.01,CQPANJ4T0YBQ,aggressor,0,2026-09-26T08:39:40.261910418Z,0,0,0,1,ORDER_STATE_PARTIALLY_FILLED,UNSOLICITED_CXL_REASON_UNDEFINED,ORD_REJECT_REASON_EXCHANGE_OPTION,,
1790412784.4,2026-09-26T08:53:04.379887778Z,ACTIVITY_TYPE_TRADE,vtc-usseto-me-2026-11-03-gt800k,BUY,ORDER_INTENT_BUY_LONG,0.2,1,CQPGSW9SGYBQ,passive,,2026-09-26T08:52:24.808419171Z,0.011,0,0,1,ORDER_STATE_FILLED,UNSOLICITED_CXL_REASON_UNDEFINED,ORD_REJECT_REASON_EXCHANGE_OPTION,,
1790413353.9,2026-09-26T09:02:33.943734242Z,ACTIVITY_TYPE_TRADE,usgubewc-usgub-tx-2026-11-03-dem,BUY,ORDER_INTENT_BUY_LONG,0.24,27,CQN8BRPPTYBQ,passive,,2026-09-26T07:21:41.901084760Z,1.681,-0.06,0,1,ORDER_STATE_PARTIALLY_FILLED,UNSOLICITED_CXL_REASON_UNDEFINED,ORD_REJECT_REASON_EXCHANGE_OPTION,,
1790413791.6,2026-09-26T09:09:51.590859588Z,ACTIVITY_TYPE_TRADE,vtc-usseto-de-2026-11-03-gt475k,BUY,ORDER_INTENT_BUY_LONG,0.25,1,CQNVGYGP4YC6,passive,,2026-09-26T08:05:33.686181106Z,1.072,0,0,1,ORDER_STATE_FILLED,UNSOLICITED_CXL_REASON_UNDEFINED,ORD_REJECT_REASON_EXCHANGE_OPTION,,
1790415194.2,2026-09-26T09:33:14.172380274Z,ACTIVITY_TYPE_TRADE,vtc-usseto-nc-2026-11-03-gt3pt9m,SELL,ORDER_INTENT_BUY_SHORT,0.26,1,CQNX491N6YBY,passive,,2026-09-26T08:08:38.383389910Z,1.41,0,0,1,ORDER_STATE_FILLED,UNSOLICITED_CXL_REASON_UNDEFINED,ORD_REJECT_REASON_EXCHANGE_OPTION,,
1790417095.9,2026-09-26T10:04:55.915040367Z,ACTIVITY_TYPE_TRADE,vtc-usseto-mi-2026-11-03-gt4pt8m,SELL,ORDER_INTENT_BUY_SHORT,0.3,0.99,CQQK2ETNRYBQ,passive,,2026-09-26T10:04:02.818181538Z,0.015,0,0,1,ORDER_STATE_PARTIALLY_FILLED,UNSOLICITED_CXL_REASON_UNDEFINED,ORD_REJECT_REASON_EXCHANGE_OPTION,,
1790420337.6,2026-09-26T10:58:57.610627402Z,ACTIVITY_TYPE_TRADE,vtc-usseto-tx-2026-11-03-gt11pt2m,BUY,ORDER_INTENT_BUY_LONG,0.2,1,CQR61CFMAYCA,passive,,2026-09-26T10:46:08.953006995Z,0.214,0,0,1,ORDER_STATE_FILLED,UNSOLICITED_CXL_REASON_UNDEFINED,ORD_REJECT_REASON_EXCHANGE_OPTION,,
1790421019.1,2026-09-26T11:10:19.135661513Z,ACTIVITY_TYPE_TRADE,vtc-usgubto-md-2026-11-03-gt2pt15m,SELL,ORDER_INTENT_BUY_SHORT,0.21,0.99,CQRFRRGEWYCA,passive,,2026-09-26T11:08:32.100341935Z,0.03,0,0,1,ORDER_STATE_PARTIALLY_FILLED,UNSOLICITED_CXL_REASON_UNDEFINED,ORD_REJECT_REASON_EXCHANGE_OPTION,,
1790424414.8,2026-09-26T12:06:54.835354594Z,ACTIVITY_TYPE_TRADE,vtc-usgubto-pa-2026-11-03-gt6pt5m,BUY,ORDER_INTENT_BUY_LONG,0.2,0.87,CQSAHD4VMYBQ,passive,,2026-09-26T12:05:27.578281353Z,0.024,0,0,1,ORDER_STATE_PARTIALLY_FILLED,UNSOLICITED_CXL_REASON_UNDEFINED,ORD_REJECT_REASON_EXCHANGE_OPTION,,
1790425735.1,2026-09-26T12:28:55.062652018Z,ACTIVITY_TYPE_TRADE,scc-senate-gop-2026-11-03-lte45,SELL,ORDER_INTENT_SELL_LONG,0.09,44,CQMV7725YYBY,passive,-19.73,2026-09-26T06:52:54.124002725Z,5.6,-0.05,0,1,ORDER_STATE_FILLED,UNSOLICITED_CXL_REASON_UNDEFINED,ORD_REJECT_REASON_EXCHANGE_OPTION,,
1790426229.3,2026-09-26T12:37:09.323179966Z,ACTIVITY_TYPE_TRADE,vtc-usgubto-ny-2026-11-03-gt6m,SELL,ORDER_INTENT_BUY_SHORT,0.44,1,CQSRG6JB4YB5,passive,,2026-09-26T12:32:30.594554710Z,0.077,0,0,1,ORDER_STATE_FILLED,UNSOLICITED_CXL_REASON_UNDEFINED,ORD_REJECT_REASON_EXCHANGE_OPTION,,
1790426229.4,2026-09-26T12:37:09.409755013Z,ACTIVITY_TYPE_TRADE,vtc-usgubto-ny-2026-11-03-gt6pt5m,BUY,ORDER_INTENT_BUY_LONG,0.52,0.99,CQMR54WMAYCC,passive,,2026-09-26T06:46:15.917099093Z,5.848,0,0,1,ORDER_STATE_PARTIALLY_FILLED,UNSOLICITED_CXL_REASON_UNDEFINED,ORD_REJECT_REASON_EXCHANGE_OPTION,,
1790426784.4,2026-09-26T12:46:24.432496900Z,ACTIVITY_TYPE_TRADE,vtc-usseto-al-2026-11-03-gt1pt7m,BUY,ORDER_INTENT_BUY_LONG,0.53,0.99,CQSYBJZTAYAQ,passive,,2026-09-26T12:44:12.543163414Z,0.037,0,0,1,ORDER_STATE_PARTIALLY_FILLED,UNSOLICITED_CXL_REASON_UNDEFINED,ORD_REJECT_REASON_EXCHANGE_OPTION,,
1790426961.8,2026-09-26T12:49:21.836350842Z,ACTIVITY_TYPE_TRADE,vmc-ussemov-al-2026-11-03-r20-25,SELL,ORDER_INTENT_BUY_SHORT,0.11,1,CQSAQ5CNRYCA,passive,,2026-09-26T12:05:26.363941667Z,0.732,0,0,1,ORDER_STATE_FILLED,UNSOLICITED_CXL_REASON_UNDEFINED,ORD_REJECT_REASON_EXCHANGE_OPTION,,
1790427017.2,2026-09-26T12:50:17.199558904Z,ACTIVITY_TYPE_TRADE,vmc-usgubmov-il-2026-11-03-d10-15,SELL,ORDER_INTENT_BUY_SHORT,0.08,1,CQT0FR6MGYBQ,passive,,2026-09-26T12:49:41.623665612Z,0.01,0,0,1,ORDER_STATE_FILLED,UNSOLICITED_CXL_REASON_UNDEFINED,ORD_REJECT_REASON_EXCHANGE_OPTION,,
1790427024.2,2026-09-26T12:50:24.156471682Z,ACTIVITY_TYPE_TRADE,usgubewc-usgub-tx-2026-11-03-rep,SELL,ORDER_INTENT_SELL_LONG,0.77,83,CQMYSJQF2YCD,passive,29.85,2026-09-26T07:00:12.048701327Z,5.837,-0.18,0,1,ORDER_STATE_FILLED,UNSOLICITED_CXL_REASON_UNDEFINED,ORD_REJECT_REASON_EXCHANGE_OPTION,,
1790427048.9,2026-09-26T12:50:48.940551234Z,ACTIVITY_TYPE_TRADE,usgubewc-usgub-tx-2026-11-03-dem,BUY,ORDER_INTENT_BUY_LONG,0.24,148,CQT0TK016YB5,passive,,2026-09-26T12:50:44.047168837Z,0.001,-0.34,0,1,ORDER_STATE_FILLED,UNSOLICITED_CXL_REASON_UNDEFINED,ORD_REJECT_REASON_EXCHANGE_OPTION,,
1790427662.6,2026-09-26T13:01:02.587077486Z,ACTIVITY_TYPE_TRADE,vtc-usgubto-wi-2026-11-03-gt3m,BUY,ORDER_INTENT_BUY_LONG,0.46,0.99,CQT4DF30MYC3,passive,,2026-09-26T12:59:50.766285824Z,0.02,0,0,1,ORDER_STATE_PARTIALLY_FILLED,UNSOLICITED_CXL_REASON_UNDEFINED,ORD_REJECT_REASON_EXCHANGE_OPTION,,
1790427663.1,2026-09-26T13:01:03.059831891Z,ACTIVITY_TYPE_TRADE,vtc-usgubto-wi-2026-11-03-gt3m,BUY,ORDER_INTENT_BUY_LONG,0.46,0.01,CQT4DF30MYC3,passive,,2026-09-26T12:59:50.766285824Z,0.02,0,0,1,ORDER_STATE_FILLED,UNSOLICITED_CXL_REASON_UNDEFINED,ORD_REJECT_REASON_EXCHANGE_OPTION,,
1790427854.6,2026-09-26T13:04:14.579629433Z,ACTIVITY_TYPE_TRADE,vtc-usseto-de-2026-11-03-gt350k,SELL,ORDER_INTENT_BUY_SHORT,0.55,0.06,CQREN5R6GYC6,passive,,2026-09-26T11:06:03.458968689Z,1.97,0,0,1,ORDER_STATE_PARTIALLY_FILLED,UNSOLICITED_CXL_REASON_UNDEFINED,ORD_REJECT_REASON_EXCHANGE_OPTION,,
1790427871.1,2026-09-26T13:04:31.072836890Z,ACTIVITY_TYPE_TRADE,vtc-usgubto-md-2026-11-03-gt2m,SELL,ORDER_INTENT_BUY_SHORT,0.57,0.01,CQP3ARJ16YBQ,passive,,2026-09-26T08:24:15.867211660Z,4.671,0,0,1,ORDER_STATE_PARTIALLY_FILLED,UNSOLICITED_CXL_REASON_UNDEFINED,ORD_REJECT_REASON_EXCHANGE_OPTION,,
1790427882.1,2026-09-26T13:04:42.059142566Z,ACTIVITY_TYPE_TRADE,vtc-usgubto-md-2026-11-03-gt2m,SELL,ORDER_INTENT_BUY_SHORT,0.57,0.99,CQP3ARJ16YBQ,passive,,2026-09-26T08:24:15.867211660Z,4.674,0,0,1,ORDER_STATE_FILLED,UNSOLICITED_CXL_REASON_UNDEFINED,ORD_REJECT_REASON_EXCHANGE_OPTION,,
1790427977.2,2026-09-26T13:06:17.231973500Z,ACTIVITY_TYPE_TRADE,vtc-usseto-tx-2026-11-03-gt9pt2m,SELL,ORDER_INTENT_BUY_SHORT,0.74,1,CQJG7JPJJYBQ,passive,,2026-09-26T03:53:02.969172322Z,9.221,0,0,1,ORDER_STATE_FILLED,UNSOLICITED_CXL_REASON_UNDEFINED,ORD_REJECT_REASON_EXCHANGE_OPTION,,
1790428514.0,2026-09-26T13:15:13.961781018Z,ACTIVITY_TYPE_TRADE,vtc-usgubto-md-2026-11-03-gt2m,SELL,ORDER_INTENT_BUY_SHORT,0.57,1,CQT6EYS0AYBY,passive,,2026-09-26T13:04:46.310295028Z,0.174,0,0,1,ORDER_STATE_FILLED,UNSOLICITED_CXL_REASON_UNDEFINED,ORD_REJECT_REASON_EXCHANGE_OPTION,,
1790428938.5,2026-09-26T13:22:18.495220289Z,ACTIVITY_TYPE_TRADE,vtc-usgubto-ct-2026-11-03-gt1pt3m,SELL,ORDER_INTENT_BUY_SHORT,0.43,1,CQQEHD5QGYBE,passive,,2026-09-26T09:54:54.431009980Z,3.457,0,0,1,ORDER_STATE_FILLED,UNSOLICITED_CXL_REASON_UNDEFINED,ORD_REJECT_REASON_EXCHANGE_OPTION,,
1790430643.2,2026-09-26T13:50:43.195136829Z,ACTIVITY_TYPE_TRADE,ewc-usse-tx-2026-11-03-dem,BUY,ORDER_INTENT_SELL_SHORT,0.6,2,CQM43AJRCYBE,passive,1.05,2026-09-26T05:57:23.489564291Z,7.889,-0.01,0,1,ORDER_STATE_PARTIALLY_FILLED,UNSOLICITED_CXL_REASON_UNDEFINED,ORD_REJECT_REASON_EXCHANGE_OPTION,,
1790432243.8,2026-09-26T14:17:23.816988740Z,ACTIVITY_TYPE_TRADE,vtc-usseto-al-2026-11-03-gt1pt5m,BUY,ORDER_INTENT_SELL_SHORT,0.53,0.91,CQTKVERX6YC3,passive,0.09,2026-09-26T13:31:19.693388989Z,0.768,0,0,1,ORDER_STATE_PARTIALLY_FILLED,UNSOLICITED_CXL_REASON_UNDEFINED,ORD_REJECT_REASON_EXCHANGE_OPTION,,
1790433389.9,2026-09-26T14:36:29.931228346Z,ACTIVITY_TYPE_TRADE,ewc-usse-tx-2026-11-03-dem,BUY,ORDER_INTENT_SELL_SHORT,0.6,41,CQM43AJRCYBE,passive,21.4,2026-09-26T05:57:23.489564291Z,8.652,-0.12,0,1,ORDER_STATE_FILLED,UNSOLICITED_CXL_REASON_UNDEFINED,ORD_REJECT_REASON_EXCHANGE_OPTION,,
1790435217.4,2026-09-26T15:06:57.434187498Z,ACTIVITY_TYPE_TRADE,usgubewc-usgub-co-2026-11-03-dem,BUY,ORDER_INTENT_BUY_LONG,0.97,6.94,CQP697R3CYAQ,passive,,2026-09-26T08:29:03.455073217Z,6.632,0,0,1,ORDER_STATE_PARTIALLY_FILLED,UNSOLICITED_CXL_REASON_UNDEFINED,ORD_REJECT_REASON_EXCHANGE_OPTION,,
1790438501.5,2026-09-26T16:01:41.546300240Z,ACTIVITY_TYPE_TRADE,vtc-usseto-mn-2026-11-03-gt2pt75m,SELL,ORDER_INTENT_BUY_SHORT,0.05,0.96,CQWT09BY4YBY,passive,,2026-09-26T16:00:47.323059059Z,0.015,0,0,1,ORDER_STATE_PARTIALLY_FILLED,UNSOLICITED_CXL_REASON_UNDEFINED,ORD_REJECT_REASON_EXCHANGE_OPTION,,
1790438518.1,2026-09-26T16:01:58.087231063Z,ACTIVITY_TYPE_TRADE,cpoc-ussegubc-oh-2026-11-03-rsweep,SELL,ORDER_INTENT_SELL_LONG,0.19,4.11,CQW4BP9F2YC3,passive,-12.14,2026-09-26T15:17:45.690012723Z,0.737,-0.01,0,1,ORDER_STATE_PARTIALLY_FILLED,UNSOLICITED_CXL_REASON_UNDEFINED,ORD_REJECT_REASON_EXCHANGE_OPTION,,
1790438550.2,2026-09-26T16:02:30.207924218Z,ACTIVITY_TYPE_TRADE,cpoc-ussegubc-oh-2026-11-03-rsweep,SELL,ORDER_INTENT_SELL_LONG,0.19,0.89,CQW4BP9F2YC3,passive,-2.63,2026-09-26T15:17:45.690012723Z,0.746,0,0,1,ORDER_STATE_FILLED,UNSOLICITED_CXL_REASON_UNDEFINED,ORD_REJECT_REASON_EXCHANGE_OPTION,,
1790439375.7,2026-09-26T16:16:15.711488329Z,ACTIVITY_TYPE_TRADE,cpoc-ussegubc-oh-2026-11-03-dgov-rsen,SELL,ORDER_INTENT_SELL_LONG,0.12,15.81,CQW4DFV1AYBQ,passive,-1.31,2026-09-26T15:17:44.070374072Z,0.975,-0.02,0,1,ORDER_STATE_PARTIALLY_FILLED,UNSOLICITED_CXL_REASON_UNDEFINED,ORD_REJECT_REASON_EXCHANGE_OPTION,,
1790439455.2,2026-09-26T16:17:35.226505549Z,ACTIVITY_TYPE_TRADE,cpoc-ussegubc-oh-2026-11-03-dgov-rsen,SELL,ORDER_INTENT_SELL_LONG,0.12,12,CQW4DFV1AYBQ,passive,-4.88,2026-09-26T15:17:44.070374072Z,0.998,-0.02,0,1,ORDER_STATE_PARTIALLY_FILLED,UNSOLICITED_CXL_REASON_UNDEFINED,ORD_REJECT_REASON_EXCHANGE_OPTION,,
1790441005.9,2026-09-26T16:43:25.912856020Z,ACTIVITY_TYPE_TRADE,scc-hrep-rep-2026-11-03-gte205,BUY,ORDER_INTENT_BUY_LONG,0.42,86,CQXK94KY8YC6,passive,,2026-09-26T16:42:38.717292029Z,0.013,-0.26,0,1,ORDER_STATE_FILLED,UNSOLICITED_CXL_REASON_UNDEFINED,ORD_REJECT_REASON_EXCHANGE_OPTION,,
1790446416.4,2026-09-26T18:13:36.433118515Z,ACTIVITY_TYPE_TRADE,cpoc-ussegubc-ia-2026-11-03-rsweep,SELL,ORDER_INTENT_BUY_SHORT,0.15,10,CQD1MK756YCC,passive,,2026-09-25T21:38:32.399974854Z,20.584,-0.02,0,1,ORDER_STATE_FILLED,UNSOLICITED_CXL_REASON_UNDEFINED,ORD_REJECT_REASON_EXCHANGE_OPTION,,
1790447682.9,2026-09-26T18:34:42.855734670Z,ACTIVITY_TYPE_TRADE,paccc-usho-midterms-2026-11-03-rep,BUY,ORDER_INTENT_SELL_SHORT,0.087,2,CQMQ2WYNJYBY,passive,-100.66,2026-09-26T06:43:24.076840944Z,11.855,0,0,1,ORDER_STATE_FILLED,UNSOLICITED_CXL_REASON_UNDEFINED,ORD_REJECT_REASON_EXCHANGE_OPTION,,
1790448087.7,2026-09-26T18:41:27.687692216Z,ACTIVITY_TYPE_TRADE,ewc-usgub-az-2026-11-03-rep,BUY,ORDER_INTENT_SELL_SHORT,0.13,1,CQ5KRBM68YC3,passive,-0.23,2026-09-25T12:58:23.833694783Z,29.718,0,0,1,ORDER_STATE_PARTIALLY_FILLED,UNSOLICITED_CXL_REASON_UNDEFINED,ORD_REJECT_REASON_EXCHANGE_OPTION,,
1790449001.3,2026-09-26T18:56:41.342977778Z,ACTIVITY_TYPE_TRADE,paccc-usse-midterms-2026-11-03-dem,BUY,ORDER_INTENT_SELL_SHORT,0.618,5,CQPNEHE9AYBY,passive,0.62,2026-09-26T09:02:29.253200973Z,9.903,-0.01,0,1,ORDER_STATE_PARTIALLY_FILLED,UNSOLICITED_CXL_REASON_UNDEFINED,ORD_REJECT_REASON_EXCHANGE_OPTION,,
1790449798.2,2026-09-26T19:09:58.177332749Z,ACTIVITY_TYPE_TRADE,paccc-usse-midterms-2026-11-03-dem,BUY,ORDER_INTENT_SELL_SHORT,0.618,45,CQPNEHE9AYBY,passive,-588.73,2026-09-26T09:02:29.253200973Z,10.125,-0.13,0,1,ORDER_STATE_PARTIALLY_FILLED,UNSOLICITED_CXL_REASON_UNDEFINED,ORD_REJECT_REASON_EXCHANGE_OPTION,,
1790450438.6,2026-09-26T19:20:38.568132806Z,ACTIVITY_TYPE_TRADE,paccc-usse-midterms-2026-11-03-dem,BUY,ORDER_INTENT_SELL_SHORT,0.618,3,CQPNEHE9AYBY,passive,-39.25,2026-09-26T09:02:29.253200973Z,10.303,-0.01,0,1,ORDER_STATE_FILLED,UNSOLICITED_CXL_REASON_UNDEFINED,ORD_REJECT_REASON_EXCHANGE_OPTION,,
1790454737.0,2026-09-26T20:32:16.977563413Z,ACTIVITY_TYPE_TRADE,paccc-usho-midterms-2026-11-03-rep,BUY,ORDER_INTENT_BUY_LONG,0.087,43,CR0QZYZ0JYBQ,passive,,2026-09-26T20:22:03.018715170Z,0.171,-0.04,0,1,ORDER_STATE_PARTIALLY_FILLED,UNSOLICITED_CXL_REASON_UNDEFINED,ORD_REJECT_REASON_EXCHANGE_OPTION,,
1790465813.6,2026-09-26T23:36:53.628821385Z,ACTIVITY_TYPE_TRADE,usgubewc-usgub-tx-2026-11-03-dem,SELL,ORDER_INTENT_SELL_LONG,0.22,4.31,CQT8F9FJ0YCD,passive,0.31,2026-09-26T13:09:14.328234735Z,10.461,-0.01,0,1,ORDER_STATE_PARTIALLY_FILLED,UNSOLICITED_CXL_REASON_UNDEFINED,ORD_REJECT_REASON_EXCHANGE_OPTION,,
1790466907.8,2026-09-26T23:55:07.816277394Z,ACTIVITY_TYPE_TRADE,scc-hrep-rep-2026-11-03-gte180,SELL,ORDER_INTENT_SELL_LONG,0.82,88,CR36B7HMPYBY,passive,-60.02,2026-09-26T23:13:55.299894897Z,0.687,-0.16,0,1,ORDER_STATE_FILLED,UNSOLICITED_CXL_REASON_UNDEFINED,ORD_REJECT_REASON_EXCHANGE_OPTION,,
1790468920.4,2026-09-27T00:28:40.393757250Z,ACTIVITY_TYPE_TRADE,ewc-usse-me-2026-11-03-rep,BUY,ORDER_INTENT_SELL_SHORT,0.4,42,CR3WGHFRPYCA,passive,-4.49,2026-09-27T00:01:09.188297771Z,0.459,-0.13,0,1,ORDER_STATE_FILLED,UNSOLICITED_CXL_REASON_UNDEFINED,ORD_REJECT_REASON_EXCHANGE_OPTION,,
1790465813.6,2026-09-26T23:36:53.628821385Z,ACTIVITY_TYPE_TRADE,usgubewc-usgub-tx-2026-11-03-dem,SELL,ORDER_INTENT_SELL_LONG,0.22,4.31,CQT8F9FJ0YCD,passive,0.32,2026-09-26T13:09:14.328234735Z,10.461,-0.01,0,1,ORDER_STATE_PARTIALLY_FILLED,UNSOLICITED_CXL_REASON_UNDEFINED,ORD_REJECT_REASON_EXCHANGE_OPTION,,
1790475141.7,2026-09-27T02:12:21.675518255Z,ACTIVITY_TYPE_TRADE,paccc-usho-midterms-2026-11-03-rep,BUY,ORDER_INTENT_BUY_LONG,0.087,128,CR5NBMYYTYCA,passive,,2026-09-27T02:05:56.174860110Z,0.107,-0.13,0,1,ORDER_STATE_PARTIALLY_FILLED,UNSOLICITED_CXL_REASON_UNDEFINED,ORD_REJECT_REASON_EXCHANGE_OPTION,,
1790476063.6,2026-09-27T02:27:43.590601789Z,ACTIVITY_TYPE_TRADE,cpoc-ussec-tx-mi-me-2026-11-03-rsweep,BUY,ORDER_INTENT_BUY_LONG,0.24,0.94,CR5XWZ5W4YAQ,passive,,2026-09-27T02:25:06.222508399Z,0.044,0,0,1,ORDER_STATE_PARTIALLY_FILLED,UNSOLICITED_CXL_REASON_UNDEFINED,ORD_REJECT_REASON_EXCHANGE_OPTION,,
1790476195.0,2026-09-27T02:29:55.033342153Z,ACTIVITY_TYPE_TRADE,cpoc-ussec-tx-mi-me-2026-11-03-dsweep,BUY,ORDER_INTENT_BUY_LONG,0.45,20,CR19874E8YBY,passive,,2026-09-26T21:00:23.020131246Z,5.492,-0.06,0,1,ORDER_STATE_FILLED,UNSOLICITED_CXL_REASON_UNDEFINED,ORD_REJECT_REASON_EXCHANGE_OPTION,,
1790477506.0,2026-09-27T02:51:46.047764951Z,ACTIVITY_TYPE_TRADE,usgubewc-usgub-tx-2026-11-03-dem,SELL,ORDER_INTENT_SELL_LONG,0.22,64.68,CQT8F9FJ0YCD,passive,4.85,2026-09-26T13:09:14.328234735Z,13.709,-0.14,0,1,ORDER_STATE_PARTIALLY_FILLED,UNSOLICITED_CXL_REASON_UNDEFINED,ORD_REJECT_REASON_EXCHANGE_OPTION,,
1790478324.6,2026-09-27T03:05:24.617637719Z,ACTIVITY_TYPE_TRADE,usgubewc-usgub-ne-2026-11-03-rep,BUY,ORDER_INTENT_BUY_LONG,0.91,0.01,CR64TAA2TYC6,passive,,2026-09-27T02:40:12.576091592Z,0.42,0,0,1,ORDER_STATE_PARTIALLY_FILLED,UNSOLICITED_CXL_REASON_UNDEFINED,ORD_REJECT_REASON_EXCHANGE_OPTION,,
1790478747.7,2026-09-27T03:12:27.725948712Z,ACTIVITY_TYPE_TRADE,vmc-ushrmov-ca-47-2026-11-03-rwin,SELL,ORDER_INTENT_BUY_SHORT,0.02,9,CQE9P9GT6YCD,passive,,2026-09-25T23:00:48.022466136Z,28.194,0,0,1,ORDER_STATE_FILLED,UNSOLICITED_CXL_REASON_UNDEFINED,ORD_REJECT_REASON_EXCHANGE_OPTION,,
1790479454.0,2026-09-27T03:24:13.999955736Z,ACTIVITY_TYPE_TRADE,cpoc-ussegubc-me-2026-11-03-rsweep,SELL,ORDER_INTENT_BUY_SHORT,0.05,10,CQMQEQ1ZAYBQ,passive,,2026-09-26T06:44:54.275051746Z,20.655,-0.01,0,1,ORDER_STATE_FILLED,UNSOLICITED_CXL_REASON_UNDEFINED,ORD_REJECT_REASON_EXCHANGE_OPTION,,
1790483226.1,2026-09-27T04:27:06.124321153Z,ACTIVITY_TYPE_TRADE,vtc-usseto-mi-2026-11-03-gt4pt6m,SELL,ORDER_INTENT_SELL_LONG,0.98,1,CR5HSYBAYYC3,passive,0.04,2026-09-27T01:58:09.740557041Z,2.482,0,0,1,ORDER_STATE_FILLED,UNSOLICITED_CXL_REASON_UNDEFINED,ORD_REJECT_REASON_EXCHANGE_OPTION,,
1790484374.3,2026-09-27T04:46:14.276762834Z,ACTIVITY_TYPE_TRADE,usgubewc-usgub-fl-2026-11-03-rep,BUY,ORDER_INTENT_SELL_SHORT,0.77,50,CQKZV7PMTYCA,passive,-108.19,2026-09-26T05:45:06.241334414Z,23.019,-0.11,0,1,ORDER_STATE_FILLED,UNSOLICITED_CXL_REASON_UNDEFINED,ORD_REJECT_REASON_EXCHANGE_OPTION,,
1790485162.4,2026-09-27T04:59:22.385189580Z,ACTIVITY_TYPE_POSITION_RESOLUTION,aachc-cfb-wins-2026-11-28-duke-3pt5wins,,,,,,,,,,,,,,,,,keys=afterPosition|beforePosition|comboLegDetails|market|marketSlug|side|tradeId|updateTime
1790485222.4,2026-09-27T05:00:22.401509796Z,ACTIVITY_TYPE_POSITION_RESOLUTION,aachc-cfb-wins-2026-11-28-mspst-3pt5wins,,,,,,,,,,,,,,,,,keys=afterPosition|beforePosition|comboLegDetails|market|marketSlug|side|tradeId|updateTime
1790477506.0,2026-09-27T02:51:46.047764951Z,ACTIVITY_TYPE_TRADE,usgubewc-usgub-tx-2026-11-03-dem,SELL,ORDER_INTENT_SELL_LONG,0.22,64.68,CQT8F9FJ0YCD,passive,8.49,2026-09-26T13:09:14.328234735Z,13.709,-0.14,0,1,ORDER_STATE_PARTIALLY_FILLED,UNSOLICITED_CXL_REASON_UNDEFINED,ORD_REJECT_REASON_EXCHANGE_OPTION,,
1790485776.7,2026-09-27T05:09:36.709802401Z,ACTIVITY_TYPE_TRADE,ussewc-usse-nm-2026-11-03-dem,BUY,ORDER_INTENT_BUY_LONG,0.98,10,CQT36SZ06YBQ,passive,,2026-09-26T12:57:01.227321532Z,16.21,0,0,1,ORDER_STATE_FILLED,UNSOLICITED_CXL_REASON_UNDEFINED,ORD_REJECT_REASON_EXCHANGE_OPTION,,
1790488563.7,2026-09-27T05:56:03.714948831Z,ACTIVITY_TYPE_TRADE,ussewc-usse-al-2026-11-03-dem,SELL,ORDER_INTENT_BUY_SHORT,0.02,4,CQ8Q90308YBE,passive,,2026-09-25T16:36:06.239305752Z,37.333,0,0,1,ORDER_STATE_PARTIALLY_FILLED,UNSOLICITED_CXL_REASON_UNDEFINED,ORD_REJECT_REASON_EXCHANGE_OPTION,,
1790488916.0,2026-09-27T06:01:55.962598247Z,ACTIVITY_TYPE_TRADE,aachc-cfb-wins-2026-11-28-kan-5pt5wins,SELL,ORDER_INTENT_SELL_LONG,0.36,1,CR8TT3M5YYB5,aggressor,0.2,2026-09-27T06:01:55.960436580Z,0,0.02,0,1,ORDER_STATE_FILLED,UNSOLICITED_CXL_REASON_UNDEFINED,ORD_REJECT_REASON_EXCHANGE_OPTION,,
1790488916.0,2026-09-27T06:01:56.019683450Z,ACTIVITY_TYPE_TRADE,aachc-cfb-wins-2026-11-28-hou-9pt5wins,SELL,ORDER_INTENT_SELL_LONG,0.19,0.9,CR8TSZ7ZEYAQ,aggressor,0.03,2026-09-27T06:01:56.018016079Z,0,0.01,0,1,ORDER_STATE_FILLED,UNSOLICITED_CXL_REASON_UNDEFINED,ORD_REJECT_REASON_EXCHANGE_OPTION,,
1790488916.0,2026-09-27T06:01:56.019683450Z,ACTIVITY_TYPE_TRADE,aachc-cfb-wins-2026-11-28-hou-9pt5wins,SELL,ORDER_INTENT_SELL_LONG,0.19,0.1,CR8TSZ7ZEYAQ,aggressor,0,2026-09-27T06:01:56.018016079Z,0,0,0,1,ORDER_STATE_PARTIALLY_FILLED,UNSOLICITED_CXL_REASON_UNDEFINED,ORD_REJECT_REASON_EXCHANGE_OPTION,,
1790488916.1,2026-09-27T06:01:56.054865070Z,ACTIVITY_TYPE_TRADE,aachc-cfb-wins-2026-11-28-pennst-9pt5wins,SELL,ORDER_INTENT_SELL_LONG,0.3,0.9,CR8TNW2D8YBE,aggressor,0.11,2026-09-27T06:01:56.052826535Z,0,0.01,0,1,ORDER_STATE_FILLED,UNSOLICITED_CXL_REASON_UNDEFINED,ORD_REJECT_REASON_EXCHANGE_OPTION,,
1790488916.1,2026-09-27T06:01:56.054865070Z,ACTIVITY_TYPE_TRADE,aachc-cfb-wins-2026-11-28-pennst-9pt5wins,SELL,ORDER_INTENT_SELL_LONG,0.3,0.1,CR8TNW2D8YBE,aggressor,0.01,2026-09-27T06:01:56.052826535Z,0,0,0,1,ORDER_STATE_PARTIALLY_FILLED,UNSOLICITED_CXL_REASON_UNDEFINED,ORD_REJECT_REASON_EXCHANGE_OPTION,,
1790489193.7,2026-09-27T06:06:33.718664976Z,ACTIVITY_TYPE_TRADE,aachc-cfb-wins-2026-11-28-pennst-9pt5wins,BUY,ORDER_INTENT_SELL_SHORT,0.3,1,CR8V6EEHGYCA,passive,-0.53,2026-09-27T06:02:33.820714133Z,0.067,0,0,1,ORDER_STATE_FILLED,UNSOLICITED_CXL_REASON_UNDEFINED,ORD_REJECT_REASON_EXCHANGE_OPTION,,
1790490805.9,2026-09-27T06:33:25.888997112Z,ACTIVITY_TYPE_TRADE,ushrewc-ushr-nc-01-2026-11-03-rep,BUY,ORDER_INTENT_SELL_SHORT,0.4,7,CQ4YH8RM4YBY,passive,-2.22,2026-09-25T12:14:23.800836409Z,42.317,-0.02,0,1,ORDER_STATE_FILLED,UNSOLICITED_CXL_REASON_UNDEFINED,ORD_REJECT_REASON_EXCHANGE_OPTION,,
1790490854.4,2026-09-27T06:34:14.415234336Z,ACTIVITY_TYPE_TRADE,ushrewc-ushr-nc-01-2026-11-03-rep,BUY,ORDER_INTENT_SELL_SHORT,0.4,7,CR97KNSH0YCC,passive,-2.22,2026-09-27T06:33:47.879750302Z,0.007,-0.02,0,1,ORDER_STATE_FILLED,UNSOLICITED_CXL_REASON_UNDEFINED,ORD_REJECT_REASON_EXCHANGE_OPTION,,
1790490854.4,2026-09-27T06:34:14.415234336Z,ACTIVITY_TYPE_TRADE,ushrewc-ushr-nc-01-2026-11-03-rep,BUY,ORDER_INTENT_SELL_SHORT,0.4,7,CR97KNSH0YCC,passive,-0.54,2026-09-27T06:33:47.879750302Z,0.007,-0.02,0,1,ORDER_STATE_FILLED,UNSOLICITED_CXL_REASON_UNDEFINED,ORD_REJECT_REASON_EXCHANGE_OPTION,,
1790495194.5,2026-09-27T07:46:34.496966667Z,ACTIVITY_TYPE_TRADE,ussewc-usse-al-2026-11-03-dem,SELL,ORDER_INTENT_BUY_SHORT,0.02,6,CQ8Q90308YBE,passive,,2026-09-25T16:36:06.239305752Z,39.175,0,0,1,ORDER_STATE_FILLED,UNSOLICITED_CXL_REASON_UNDEFINED,ORD_REJECT_REASON_EXCHANGE_OPTION,,
1790496152.2,2026-09-27T08:02:32.164672593Z,ACTIVITY_TYPE_TRADE,usgubewc-usgub-ct-2026-11-03-rep,BUY,ORDER_INTENT_SELL_SHORT,0.02,10.94,CQ440V4PAYBY,passive,-4.95,2026-09-25T12:04:50.751766300Z,43.962,0,0,1,ORDER_STATE_PARTIALLY_FILLED,UNSOLICITED_CXL_REASON_UNDEFINED,ORD_REJECT_REASON_EXCHANGE_OPTION,,
1790488916.0,2026-09-27T06:01:55.962598247Z,ACTIVITY_TYPE_TRADE,aachc-cfb-wins-2026-11-28-kan-5pt5wins,SELL,ORDER_INTENT_SELL_LONG,0.36,1,CR8TT3M5YYB5,aggressor,0.11,2026-09-27T06:01:55.960436580Z,0,0.02,0,1,ORDER_STATE_FILLED,UNSOLICITED_CXL_REASON_UNDEFINED,ORD_REJECT_REASON_EXCHANGE_OPTION,,
1790488916.1,2026-09-27T06:01:56.054865070Z,ACTIVITY_TYPE_TRADE,aachc-cfb-wins-2026-11-28-pennst-9pt5wins,SELL,ORDER_INTENT_SELL_LONG,0.3,0.9,CR8TNW2D8YBE,aggressor,0.19,2026-09-27T06:01:56.052826535Z,0,0.01,0,1,ORDER_STATE_FILLED,UNSOLICITED_CXL_REASON_UNDEFINED,ORD_REJECT_REASON_EXCHANGE_OPTION,,
1790488916.1,2026-09-27T06:01:56.054865070Z,ACTIVITY_TYPE_TRADE,aachc-cfb-wins-2026-11-28-pennst-9pt5wins,SELL,ORDER_INTENT_SELL_LONG,0.3,0.1,CR8TNW2D8YBE,aggressor,0.02,2026-09-27T06:01:56.052826535Z,0,0,0,1,ORDER_STATE_PARTIALLY_FILLED,UNSOLICITED_CXL_REASON_UNDEFINED,ORD_REJECT_REASON_EXCHANGE_OPTION,,
1790489193.7,2026-09-27T06:06:33.718664976Z,ACTIVITY_TYPE_TRADE,aachc-cfb-wins-2026-11-28-pennst-9pt5wins,BUY,ORDER_INTENT_SELL_SHORT,0.3,1,CR8V6EEHGYCA,passive,-0.47,2026-09-27T06:02:33.820714133Z,0.067,0,0,1,ORDER_STATE_FILLED,UNSOLICITED_CXL_REASON_UNDEFINED,ORD_REJECT_REASON_EXCHANGE_OPTION,,
1790496627.2,2026-09-27T08:10:27.165217012Z,ACTIVITY_TYPE_TRADE,vtc-usseto-ok-2026-11-03-gt900k,SELL,ORDER_INTENT_BUY_SHORT,0.75,0.9,CRAJFGCF2YBQ,passive,,2026-09-27T08:09:30.900248893Z,0.016,0,0,1,ORDER_STATE_PARTIALLY_FILLED,UNSOLICITED_CXL_REASON_UNDEFINED,ORD_REJECT_REASON_EXCHANGE_OPTION,,
1790497044.8,2026-09-27T08:17:24.764047427Z,ACTIVITY_TYPE_TRADE,cpoc-ussegubc-tx-2026-11-03-dsweep,SELL,ORDER_INTENT_SELL_LONG,0.24,6.01,CRAP3PT5YYCA,aggressor,-0.13,2026-09-27T08:17:24.763055840Z,0,0.07,0,1,ORDER_STATE_FILLED,UNSOLICITED_CXL_REASON_UNDEFINED,ORD_REJECT_REASON_EXCHANGE_OPTION,,
1790497044.8,2026-09-27T08:17:24.764047427Z,ACTIVITY_TYPE_TRADE,cpoc-ussegubc-tx-2026-11-03-dsweep,SELL,ORDER_INTENT_SELL_LONG,0.24,1,CRAP3PT5YYCA,aggressor,-0.02,2026-09-27T08:17:24.763055840Z,0,0.01,0,1,ORDER_STATE_PARTIALLY_FILLED,UNSOLICITED_CXL_REASON_UNDEFINED,ORD_REJECT_REASON_EXCHANGE_OPTION,,
1790497044.8,2026-09-27T08:17:24.764047427Z,ACTIVITY_TYPE_TRADE,cpoc-ussegubc-tx-2026-11-03-dsweep,SELL,ORDER_INTENT_SELL_LONG,0.24,1.99,CRAP3PT5YYCA,aggressor,-0.05,2026-09-27T08:17:24.763055840Z,0,0.03,0,1,ORDER_STATE_PARTIALLY_FILLED,UNSOLICITED_CXL_REASON_UNDEFINED,ORD_REJECT_REASON_EXCHANGE_OPTION,,
1790502770.9,2026-09-27T09:52:50.949208556Z,ACTIVITY_TYPE_TRADE,vtc-usgubto-vt-2026-11-03-gt275k,SELL,ORDER_INTENT_BUY_SHORT,0.77,0.9,CRC2ZSAMJYBY,passive,,2026-09-27T09:52:14.805854257Z,0.01,0,0,1,ORDER_STATE_PARTIALLY_FILLED,UNSOLICITED_CXL_REASON_UNDEFINED,ORD_REJECT_REASON_EXCHANGE_OPTION,,
1790502821.5,2026-09-27T09:53:41.515144578Z,ACTIVITY_TYPE_TRADE,vmc-ussemov-ky-2026-11-03-r10-15,BUY,ORDER_INTENT_BUY_LONG,0.27,0.8,CRC3G92QEYBY,passive,,2026-09-27T09:53:41.272863662Z,0,0,0,1,ORDER_STATE_PARTIALLY_FILLED,UNSOLICITED_CXL_REASON_UNDEFINED,ORD_REJECT_REASON_EXCHANGE_OPTION,,
1790502821.5,2026-09-27T09:53:41.516299158Z,ACTIVITY_TYPE_TRADE,vmc-ussemov-ky-2026-11-03-r0-10,BUY,ORDER_INTENT_BUY_LONG,0.22,0.9,CRBV0FQS0YBY,passive,,2026-09-27T09:34:28.260783247Z,0.32,0,0,1,ORDER_STATE_PARTIALLY_FILLED,UNSOLICITED_CXL_REASON_UNDEFINED,ORD_REJECT_REASON_EXCHANGE_OPTION,,
1790503382.1,2026-09-27T10:03:02.131765927Z,ACTIVITY_TYPE_TRADE,aachc-cfb-wins-2026-11-28-arz-7pt5wins,SELL,ORDER_INTENT_SELL_LONG,0.48,0.5,CR8TSRWGWYBY,passive,0.12,2026-09-27T06:01:55.883290692Z,4.018,0,0,1,ORDER_STATE_PARTIALLY_FILLED,UNSOLICITED_CXL_REASON_UNDEFINED,ORD_REJECT_REASON_EXCHANGE_OPTION,,
1790488916.0,2026-09-27T06:01:56.019683450Z,ACTIVITY_TYPE_TRADE,aachc-cfb-wins-2026-11-28-hou-9pt5wins,SELL,ORDER_INTENT_SELL_LONG,0.19,0.9,CR8TSZ7ZEYAQ,aggressor,0.15,2026-09-27T06:01:56.018016079Z,0,0.01,0,1,ORDER_STATE_FILLED,UNSOLICITED_CXL_REASON_UNDEFINED,ORD_REJECT_REASON_EXCHANGE_OPTION,,
1790488916.0,2026-09-27T06:01:56.019683450Z,ACTIVITY_TYPE_TRADE,aachc-cfb-wins-2026-11-28-hou-9pt5wins,SELL,ORDER_INTENT_SELL_LONG,0.19,0.1,CR8TSZ7ZEYAQ,aggressor,0.02,2026-09-27T06:01:56.018016079Z,0,0,0,1,ORDER_STATE_PARTIALLY_FILLED,UNSOLICITED_CXL_REASON_UNDEFINED,ORD_REJECT_REASON_EXCHANGE_OPTION,,
1790504376.9,2026-09-27T10:19:36.859540601Z,ACTIVITY_TYPE_TRADE,aachc-cfb-wins-2026-11-28-arz-7pt5wins,SELL,ORDER_INTENT_SELL_LONG,0.34,0.1,CRCF7JFTCYBQ,passive,0.01,2026-09-27T10:18:28.044328399Z,0.019,0,0,1,ORDER_STATE_PARTIALLY_FILLED,UNSOLICITED_CXL_REASON_UNDEFINED,ORD_REJECT_REASON_EXCHANGE_OPTION,,
1790504877.2,2026-09-27T10:27:57.191033144Z,ACTIVITY_TYPE_TRADE,aachc-cfb-wins-2026-11-28-pennst-9pt5wins,SELL,ORDER_INTENT_SELL_LONG,0.26,1,CRCKHM2Z2YCD,aggressor,0.21,2026-09-27T10:27:57.189239041Z,0,0.01,0,1,ORDER_STATE_FILLED,UNSOLICITED_CXL_REASON_UNDEFINED,ORD_REJECT_REASON_EXCHANGE_OPTION,,
1790505444.9,2026-09-27T10:37:24.903734493Z,ACTIVITY_TYPE_TRADE,aachc-cfb-wins-2026-11-28-pennst-7pt5wins,BUY,ORDER_INTENT_BUY_LONG,0.83,0.35,CRBVK5PX0YAQ,passive,,2026-09-27T09:34:48.583053558Z,1.043,0,0,1,ORDER_STATE_PARTIALLY_FILLED,UNSOLICITED_CXL_REASON_UNDEFINED,ORD_REJECT_REASON_EXCHANGE_OPTION,,
1790505484.9,2026-09-27T10:38:04.856985942Z,ACTIVITY_TYPE_TRADE,aachc-cfb-wins-2026-11-28-pennst-7pt5wins,BUY,ORDER_INTENT_BUY_LONG,0.83,0.1,CRBVK5PX0YAQ,passive,,2026-09-27T09:34:48.583053558Z,1.055,0,0,1,ORDER_STATE_PARTIALLY_FILLED,UNSOLICITED_CXL_REASON_UNDEFINED,ORD_REJECT_REASON_EXCHANGE_OPTION,,
1790505928.0,2026-09-27T10:45:28.010485022Z,ACTIVITY_TYPE_TRADE,vmc-ussemov-id-2026-11-03-rgte40,BUY,ORDER_INTENT_BUY_LONG,0.11,1,CRCTKA04GYB5,passive,,2026-09-27T10:45:16.667109285Z,0.003,0,0,1,ORDER_STATE_FILLED,UNSOLICITED_CXL_REASON_UNDEFINED,ORD_REJECT_REASON_EXCHANGE_OPTION,,
1790507499.0,2026-09-27T11:11:38.954391851Z,ACTIVITY_TYPE_TRADE,ussewc-usse-nm-2026-11-03-dem,SELL,ORDER_INTENT_SELL_LONG,0.97,1.73,CRD7H4C7EYCD,aggressor,-53.66,2026-09-27T11:11:38.953233728Z,0,0,0,1,ORDER_STATE_FILLED,UNSOLICITED_CXL_REASON_UNDEFINED,ORD_REJECT_REASON_EXCHANGE_OPTION,,
1790507499.0,2026-09-27T11:11:38.954391851Z,ACTIVITY_TYPE_TRADE,ussewc-usse-nm-2026-11-03-dem,SELL,ORDER_INTENT_SELL_LONG,0.97,0.1,CRD7H4C7EYCD,aggressor,-3.1,2026-09-27T11:11:38.953233728Z,0,0,0,1,ORDER_STATE_PARTIALLY_FILLED,UNSOLICITED_CXL_REASON_UNDEFINED,ORD_REJECT_REASON_EXCHANGE_OPTION,,
1790507499.0,2026-09-27T11:11:38.954391851Z,ACTIVITY_TYPE_TRADE,ussewc-usse-nm-2026-11-03-dem,SELL,ORDER_INTENT_SELL_LONG,0.97,8.07,CRD7H4C7EYCD,aggressor,-250.33,2026-09-27T11:11:38.953233728Z,0,0.02,0,1,ORDER_STATE_PARTIALLY_FILLED,UNSOLICITED_CXL_REASON_UNDEFINED,ORD_REJECT_REASON_EXCHANGE_OPTION,,
1790509785.4,2026-09-27T11:49:45.353208679Z,ACTIVITY_TYPE_TRADE,ewc-usgub-az-2026-11-03-rep,BUY,ORDER_INTENT_SELL_SHORT,0.13,1,CQ5KRBM68YC3,passive,-0.29,2026-09-25T12:58:23.833694783Z,46.856,0,0,1,ORDER_STATE_PARTIALLY_FILLED,UNSOLICITED_CXL_REASON_UNDEFINED,ORD_REJECT_REASON_EXCHANGE_OPTION,,
1790512566.7,2026-09-27T12:36:06.694727051Z,ACTIVITY_TYPE_TRADE,ushrewc-ushr-nc-01-2026-11-03-rep,SELL,ORDER_INTENT_SELL_LONG,0.39,7,CREDY3QKWYC6,aggressor,-1.03,2026-09-27T12:36:06.693082452Z,0,0.12,0,1,ORDER_STATE_FILLED,UNSOLICITED_CXL_REASON_UNDEFINED,ORD_REJECT_REASON_EXCHANGE_OPTION,,
1790514295.5,2026-09-27T13:04:55.488228813Z,ACTIVITY_TYPE_TRADE,aachc-cfb-wins-2026-11-28-pennst-9pt5wins,BUY,ORDER_INTENT_SELL_SHORT,0.26,1,CRCN3QCQMYCD,passive,-0.52,2026-09-27T10:32:42.667335094Z,2.537,0,0,1,ORDER_STATE_FILLED,UNSOLICITED_CXL_REASON_UNDEFINED,ORD_REJECT_REASON_EXCHANGE_OPTION,,
1790515818.2,2026-09-27T13:30:18.195378247Z,ACTIVITY_TYPE_TRADE,ussewc-usse-ks-2026-11-03-rep,SELL,ORDER_INTENT_BUY_SHORT,0.67,20,CREQHJB18YAQ,passive,,2026-09-27T12:58:14.885884955Z,0.534,-0.06,0,1,ORDER_STATE_FILLED,UNSOLICITED_CXL_REASON_UNDEFINED,ORD_REJECT_REASON_EXCHANGE_OPTION,,
1790518218.6,2026-09-27T14:10:18.620551763Z,ACTIVITY_TYPE_TRADE,cpoc-ussec-tx-mi-me-2026-11-03-dsweep,SELL,ORDER_INTENT_SELL_LONG,0.43,8.25,CRFV3WGW2YBY,aggressor,1.98,2026-09-27T14:10:18.618974155Z,0,0.14,0,1,ORDER_STATE_FILLED,UNSOLICITED_CXL_REASON_UNDEFINED,ORD_REJECT_REASON_EXCHANGE_OPTION,,
1790518218.6,2026-09-27T14:10:18.620551763Z,ACTIVITY_TYPE_TRADE,cpoc-ussec-tx-mi-me-2026-11-03-dsweep,SELL,ORDER_INTENT_SELL_LONG,0.43,1,CRFV3WGW2YBY,aggressor,0.24,2026-09-27T14:10:18.618974155Z,0,0.02,0,1,ORDER_STATE_PARTIALLY_FILLED,UNSOLICITED_CXL_REASON_UNDEFINED,ORD_REJECT_REASON_EXCHANGE_OPTION,,
1790518218.6,2026-09-27T14:10:18.620551763Z,ACTIVITY_TYPE_TRADE,cpoc-ussec-tx-mi-me-2026-11-03-dsweep,SELL,ORDER_INTENT_SELL_LONG,0.43,9.73,CRFV3WGW2YBY,aggressor,2.34,2026-09-27T14:10:18.618974155Z,0,0.16,0,1,ORDER_STATE_PARTIALLY_FILLED,UNSOLICITED_CXL_REASON_UNDEFINED,ORD_REJECT_REASON_EXCHANGE_OPTION,,
1790518218.6,2026-09-27T14:10:18.620551763Z,ACTIVITY_TYPE_TRADE,cpoc-ussec-tx-mi-me-2026-11-03-dsweep,SELL,ORDER_INTENT_SELL_LONG,0.43,0.02,CRFV3WGW2YBY,aggressor,0.01,2026-09-27T14:10:18.618974155Z,0,0,0,1,ORDER_STATE_PARTIALLY_FILLED,UNSOLICITED_CXL_REASON_UNDEFINED,ORD_REJECT_REASON_EXCHANGE_OPTION,,
1790519566.4,2026-09-27T14:32:46.395295220Z,ACTIVITY_TYPE_TRADE,vtc-usseto-mt-2026-11-03-gt550k,BUY,ORDER_INTENT_BUY_LONG,0.26,1,CRFK8626TYCA,passive,,2026-09-27T13:55:07.502734941Z,0.627,0,0,1,ORDER_STATE_FILLED,UNSOLICITED_CXL_REASON_UNDEFINED,ORD_REJECT_REASON_EXCHANGE_OPTION,,
1790520695.6,2026-09-27T14:51:35.646897499Z,ACTIVITY_TYPE_TRADE,ewc-usse-me-2026-11-03-rep,SELL,ORDER_INTENT_BUY_SHORT,0.41,22,CRFZ4YW3YYB5,passive,,2026-09-27T14:18:53.722187331Z,0.545,-0.07,0,1,ORDER_STATE_PARTIALLY_FILLED,UNSOLICITED_CXL_REASON_UNDEFINED,ORD_REJECT_REASON_EXCHANGE_OPTION,,
1790521974.7,2026-09-27T15:12:54.695233621Z,ACTIVITY_TYPE_TRADE,ewc-usgub-az-2026-11-03-rep,BUY,ORDER_INTENT_SELL_SHORT,0.13,19,CQ5KRBM68YC3,passive,-5.57,2026-09-25T12:58:23.833694783Z,50.242,-0.03,0,1,ORDER_STATE_FILLED,UNSOLICITED_CXL_REASON_UNDEFINED,ORD_REJECT_REASON_EXCHANGE_OPTION,,
1790523447.8,2026-09-27T15:37:27.803153647Z,ACTIVITY_TYPE_TRADE,cpoc-ussegubc-ia-2026-11-03-rsweep,BUY,ORDER_INTENT_SELL_SHORT,0.14,1,CQ9QDEZGGYBQ,passive,-0.71,2026-09-25T17:44:01.980285260Z,45.891,0,0,1,ORDER_STATE_FILLED,UNSOLICITED_CXL_REASON_UNDEFINED,ORD_REJECT_REASON_EXCHANGE_OPTION,,
1790525259.9,2026-09-27T16:07:39.943130066Z,ACTIVITY_TYPE_TRADE,usgubewc-usgub-ct-2026-11-03-dem,SELL,ORDER_INTENT_SELL_LONG,0.97,3,CRHH6A5ZYYAQ,aggressor,1.87,2026-09-27T16:07:39.941266181Z,0,0.01,0,1,ORDER_STATE_FILLED,UNSOLICITED_CXL_REASON_UNDEFINED,ORD_REJECT_REASON_EXCHANGE_OPTION,,
1790530382.5,2026-09-27T17:33:02.476787902Z,ACTIVITY_TYPE_TRADE,ewc-usgub-ia-2026-11-03-dem,SELL,ORDER_INTENT_SELL_LONG,0.85,6,CQ3WBZ830YAQ,passive,-108.27,2026-09-25T12:05:38.963162943Z,53.457,-0.01,0,1,ORDER_STATE_PARTIALLY_FILLED,UNSOLICITED_CXL_REASON_UNDEFINED,ORD_REJECT_REASON_EXCHANGE_OPTION,,
1790536211.1,2026-09-27T19:10:11.058006709Z,ACTIVITY_TYPE_TRADE,cpoc-ussec-tx-me-2026-11-03-rtx-dme,BUY,ORDER_INTENT_BUY_LONG,0.14,1.22,CQZ6Q5FSGYB5,passive,,2026-09-26T18:34:16.529373232Z,24.598,0,0,1,ORDER_STATE_PARTIALLY_FILLED,UNSOLICITED_CXL_REASON_UNDEFINED,ORD_REJECT_REASON_EXCHANGE_OPTION,,
1790536214.3,2026-09-27T19:10:14.290005124Z,ACTIVITY_TYPE_TRADE,cpoc-ussec-tx-me-2026-11-03-rtx-dme,BUY,ORDER_INTENT_BUY_LONG,0.14,15,CQZ6Q5FSGYB5,passive,,2026-09-26T18:34:16.529373232Z,24.599,-0.02,0,1,ORDER_STATE_PARTIALLY_FILLED,UNSOLICITED_CXL_REASON_UNDEFINED,ORD_REJECT_REASON_EXCHANGE_OPTION,,
1790536224.0,2026-09-27T19:10:23.959030609Z,ACTIVITY_TYPE_TRADE,cpoc-ussec-tx-me-2026-11-03-rtx-dme,BUY,ORDER_INTENT_BUY_LONG,0.14,15,CQZ6Q5FSGYB5,passive,,2026-09-26T18:34:16.529373232Z,24.602,-0.02,0,1,ORDER_STATE_PARTIALLY_FILLED,UNSOLICITED_CXL_REASON_UNDEFINED,ORD_REJECT_REASON_EXCHANGE_OPTION,,
1790536231.7,2026-09-27T19:10:31.660473251Z,ACTIVITY_TYPE_TRADE,cpoc-ussec-tx-me-2026-11-03-rtx-dme,BUY,ORDER_INTENT_BUY_LONG,0.14,14,CQZ6Q5FSGYB5,passive,,2026-09-26T18:34:16.529373232Z,24.604,-0.02,0,1,ORDER_STATE_PARTIALLY_FILLED,UNSOLICITED_CXL_REASON_UNDEFINED,ORD_REJECT_REASON_EXCHANGE_OPTION,,
1790536232.3,2026-09-27T19:10:32.321076379Z,ACTIVITY_TYPE_TRADE,cpoc-ussec-tx-me-2026-11-03-rtx-dme,BUY,ORDER_INTENT_BUY_LONG,0.14,4.78,CQZ6Q5FSGYB5,passive,,2026-09-26T18:34:16.529373232Z,24.604,-0.01,0,1,ORDER_STATE_FILLED,UNSOLICITED_CXL_REASON_UNDEFINED,ORD_REJECT_REASON_EXCHANGE_OPTION,,
1790540291.8,2026-09-27T20:18:11.823409302Z,ACTIVITY_TYPE_TRADE,cpoc-ussec-tx-mi-me-2026-11-03-rsweep,SELL,ORDER_INTENT_SELL_LONG,0.09,1,CRN6Q7FVGYCA,passive,-11.68,2026-09-27T20:14:34.687401502Z,0.06,0,0,1,ORDER_STATE_FILLED,UNSOLICITED_CXL_REASON_UNDEFINED,ORD_REJECT_REASON_EXCHANGE_OPTION,,
1790541549.1,2026-09-27T20:39:09.131140419Z,ACTIVITY_TYPE_TRADE,scc-hrep-rep-2026-11-03-gte195,SELL,ORDER_INTENT_BUY_SHORT,0.61,27.18,CRMHCTDBCYBY,passive,,2026-09-27T19:25:37.654878338Z,1.225,-0.08,0,1,ORDER_STATE_PARTIALLY_FILLED,UNSOLICITED_CXL_REASON_UNDEFINED,ORD_REJECT_REASON_EXCHANGE_OPTION,,
1790547215.3,2026-09-27T22:13:35.256375828Z,ACTIVITY_TYPE_TRADE,vtc-usseto-la-2026-11-03-gt1pt4m,BUY,ORDER_INTENT_BUY_LONG,0.76,1,CRPWJQW60YBE,passive,,2026-09-27T22:13:25.513324838Z,0.003,0,0,1,ORDER_STATE_FILLED,UNSOLICITED_CXL_REASON_UNDEFINED,ORD_REJECT_REASON_EXCHANGE_OPTION,,
1790548206.6,2026-09-27T22:30:06.641451109Z,ACTIVITY_TYPE_TRADE,cpoc-ussegubc-nh-2026-11-03-dsweep,SELL,ORDER_INTENT_SELL_LONG,0.05,50,CRPFXVWSEYC3,passive,2.53,2026-09-27T21:44:04.125051089Z,0.767,-0.03,0,1,ORDER_STATE_FILLED,UNSOLICITED_CXL_REASON_UNDEFINED,ORD_REJECT_REASON_EXCHANGE_OPTION,,
1790548558.0,2026-09-27T22:35:58.032901422Z,ACTIVITY_TYPE_TRADE,cpoc-ussegubc-nh-2026-11-03-dsweep,SELL,ORDER_INTENT_SELL_LONG,0.07,11.07,CRQ578TRWYAQ,passive,0.78,2026-09-27T22:30:22.499293116Z,0.093,-0.01,0,1,ORDER_STATE_PARTIALLY_FILLED,UNSOLICITED_CXL_REASON_UNDEFINED,ORD_REJECT_REASON_EXCHANGE_OPTION,,
1790548804.5,2026-09-27T22:40:04.458673935Z,ACTIVITY_TYPE_TRADE,cpoc-ussegubc-nh-2026-11-03-dsweep,SELL,ORDER_INTENT_SELL_LONG,0.07,0.87,CRQ578TRWYAQ,passive,0.06,2026-09-27T22:30:22.499293116Z,0.162,0,0,1,ORDER_STATE_PARTIALLY_FILLED,UNSOLICITED_CXL_REASON_UNDEFINED,ORD_REJECT_REASON_EXCHANGE_OPTION,,
1790551472.7,2026-09-27T23:24:32.682537784Z,ACTIVITY_TYPE_TRADE,cpoc-ussegubc-oh-2026-11-03-rgov-dsen,SELL,ORDER_INTENT_SELL_LONG,0.08,2.28,CRQJAS9SGYBY,passive,-0.18,2026-09-27T22:59:56.481853995Z,0.41,0,0,1,ORDER_STATE_PARTIALLY_FILLED,UNSOLICITED_CXL_REASON_UNDEFINED,ORD_REJECT_REASON_EXCHANGE_OPTION,,
1790551482.9,2026-09-27T23:24:42.862278726Z,ACTIVITY_TYPE_TRADE,cpoc-ussegubc-ks-2026-11-03-rgov-dsen,SELL,ORDER_INTENT_BUY_SHORT,0.2,5,CRHV9ZA22YC6,passive,,2026-09-27T16:29:16.647744815Z,6.924,-0.01,0,1,ORDER_STATE_FILLED,UNSOLICITED_CXL_REASON_UNDEFINED,ORD_REJECT_REASON_EXCHANGE_OPTION,,
1790551634.4,2026-09-27T23:27:14.377095530Z,ACTIVITY_TYPE_TRADE,scc-senate-gop-2026-11-03-49,BUY,ORDER_INTENT_SELL_SHORT,0.12,19,CQ40M7ANYYBE,passive,-13.23,2026-09-25T12:10:35.644793458Z,59.277,-0.03,0,1,ORDER_STATE_FILLED,UNSOLICITED_CXL_REASON_UNDEFINED,ORD_REJECT_REASON_EXCHANGE_OPTION,,
1790552343.5,2026-09-27T23:39:03.459135350Z,ACTIVITY_TYPE_TRADE,ewc-usgub-ia-2026-11-03-dem,SELL,ORDER_INTENT_SELL_LONG,0.85,4,CQ3WBZ830YAQ,passive,-72.18,2026-09-25T12:05:38.963162943Z,59.557,-0.01,0,1,ORDER_STATE_FILLED,UNSOLICITED_CXL_REASON_UNDEFINED,ORD_REJECT_REASON_EXCHANGE_OPTION,,
1790553358.6,2026-09-27T23:55:58.627052559Z,ACTIVITY_TYPE_TRADE,cpoc-ussegubc-oh-2026-11-03-rgov-dsen,SELL,ORDER_INTENT_SELL_LONG,0.08,2.72,CRQJAS9SGYBY,passive,-0.22,2026-09-27T22:59:56.481853995Z,0.934,0,0,1,ORDER_STATE_FILLED,UNSOLICITED_CXL_REASON_UNDEFINED,ORD_REJECT_REASON_EXCHANGE_OPTION,,
1790553592.8,2026-09-27T23:59:52.805951816Z,ACTIVITY_TYPE_TRADE,vtc-usgubto-wi-2026-11-03-gt3m,BUY,ORDER_INTENT_BUY_LONG,0.34,1,CRQM2YWYYYBQ,passive,,2026-09-27T23:03:08.956590628Z,0.946,0,0,1,ORDER_STATE_FILLED,UNSOLICITED_CXL_REASON_UNDEFINED,ORD_REJECT_REASON_EXCHANGE_OPTION,,
1790555786.1,2026-09-28T00:36:26.115236917Z,ACTIVITY_TYPE_TRADE,scc-hrep-rep-2026-11-03-gte195,BUY,ORDER_INTENT_SELL_SHORT,0.7,27,CRNMP2XRRYB5,passive,0.36,2026-09-27T20:42:53.999875420Z,3.892,-0.07,0,1,ORDER_STATE_FILLED,UNSOLICITED_CXL_REASON_UNDEFINED,ORD_REJECT_REASON_EXCHANGE_OPTION,,
1790556983.9,2026-09-28T00:56:23.890609335Z,ACTIVITY_TYPE_TRADE,usgubewc-usgub-tn-2026-11-03-rep,BUY,ORDER_INTENT_BUY_LONG,0.94,10,CRS52H1Q8YC6,passive,,2026-09-28T00:55:40.054212154Z,0.012,-0.01,0,1,ORDER_STATE_FILLED,UNSOLICITED_CXL_REASON_UNDEFINED,ORD_REJECT_REASON_EXCHANGE_OPTION,,
1790558313.0,2026-09-28T01:18:32.951112890Z,ACTIVITY_TYPE_TRADE,cpoc-ussegubc-me-2026-11-03-rsweep,BUY,ORDER_INTENT_SELL_SHORT,0.08,6,CR96WH3ZCYC6,passive,-5.21,2026-09-27T06:31:39.245450115Z,18.782,-0.01,0,1,ORDER_STATE_PARTIALLY_FILLED,UNSOLICITED_CXL_REASON_UNDEFINED,ORD_REJECT_REASON_EXCHANGE_OPTION,,
1790558534.5,2026-09-28T01:22:14.492922350Z,ACTIVITY_TYPE_TRADE,cpoc-ussegubc-ks-2026-11-03-rgov-dsen,BUY,ORDER_INTENT_SELL_SHORT,0.23,8,CRS8GW8X0YC3,passive,-5.47,2026-09-28T01:04:09.107180542Z,0.301,-0.02,0,1,ORDER_STATE_FILLED,UNSOLICITED_CXL_REASON_UNDEFINED,ORD_REJECT_REASON_EXCHANGE_OPTION,,
1790558708.8,2026-09-28T01:25:08.842844099Z,ACTIVITY_TYPE_TRADE,scc-hrep-rep-2026-11-03-gte210,BUY,ORDER_INTENT_BUY_LONG,0.33,110,CRSH6QRPGYC3,passive,,2026-09-28T01:22:29.502126864Z,0.044,-0.3,0,1,ORDER_STATE_FILLED,UNSOLICITED_CXL_REASON_UNDEFINED,ORD_REJECT_REASON_EXCHANGE_OPTION,,
1790551472.7,2026-09-27T23:24:32.682537784Z,ACTIVITY_TYPE_TRADE,cpoc-ussegubc-oh-2026-11-03-rgov-dsen,SELL,ORDER_INTENT_SELL_LONG,0.08,2.28,CRQJAS9SGYBY,passive,-0.15,2026-09-27T22:59:56.481853995Z,0.41,0,0,1,ORDER_STATE_PARTIALLY_FILLED,UNSOLICITED_CXL_REASON_UNDEFINED,ORD_REJECT_REASON_EXCHANGE_OPTION,,
1790553358.6,2026-09-27T23:55:58.627052559Z,ACTIVITY_TYPE_TRADE,cpoc-ussegubc-oh-2026-11-03-rgov-dsen,SELL,ORDER_INTENT_SELL_LONG,0.08,2.72,CRQJAS9SGYBY,passive,-0.18,2026-09-27T22:59:56.481853995Z,0.934,0,0,1,ORDER_STATE_FILLED,UNSOLICITED_CXL_REASON_UNDEFINED,ORD_REJECT_REASON_EXCHANGE_OPTION,,
1790558534.5,2026-09-28T01:22:14.492922350Z,ACTIVITY_TYPE_TRADE,cpoc-ussegubc-ks-2026-11-03-rgov-dsen,BUY,ORDER_INTENT_SELL_SHORT,0.23,8,CRS8GW8X0YC3,passive,-4.89,2026-09-28T01:04:09.107180542Z,0.301,-0.02,0,1,ORDER_STATE_FILLED,UNSOLICITED_CXL_REASON_UNDEFINED,ORD_REJECT_REASON_EXCHANGE_OPTION,,
1790559782.2,2026-09-28T01:43:02.175426022Z,ACTIVITY_TYPE_TRADE,cpoc-ussegubc-ia-2026-11-03-rsweep,BUY,ORDER_INTENT_SELL_SHORT,0.19,10,CRHDPZ2G0YCC,passive,-6.58,2026-09-27T15:59:59.561219050Z,9.717,-0.02,0,1,ORDER_STATE_FILLED,UNSOLICITED_CXL_REASON_UNDEFINED,ORD_REJECT_REASON_EXCHANGE_OPTION,,
1790560320.3,2026-09-28T01:52:00.327305054Z,ACTIVITY_TYPE_TRADE,ewc-usse-mi-2026-11-03-dem,BUY,ORDER_INTENT_SELL_SHORT,0.73,151,CR3PZFBK0YBY,passive,66.78,2026-09-26T23:49:08.814102984Z,26.048,-0.37,0,1,ORDER_STATE_FILLED,UNSOLICITED_CXL_REASON_UNDEFINED,ORD_REJECT_REASON_EXCHANGE_OPTION,,
1790560568.5,2026-09-28T01:56:08.471934395Z,ACTIVITY_TYPE_TRADE,aachc-cfb-wins-2026-11-28-mspst-5pt5wins,BUY,ORDER_INTENT_BUY_LONG,0.97,0.01,CRSFYKB26YCD,passive,,2026-09-28T01:20:03.066914777Z,0.602,0,0,1,ORDER_STATE_FILLED,UNSOLICITED_CXL_REASON_UNDEFINED,ORD_REJECT_REASON_EXCHANGE_OPTION,,
1790561126.4,2026-09-28T02:05:26.441456276Z,ACTIVITY_TYPE_TRADE,cpoc-ussegubc-me-2026-11-03-rsweep,BUY,ORDER_INTENT_SELL_SHORT,0.08,4,CR96WH3ZCYC6,passive,-3.48,2026-09-27T06:31:39.245450115Z,19.563,0,0,1,ORDER_STATE_FILLED,UNSOLICITED_CXL_REASON_UNDEFINED,ORD_REJECT_REASON_EXCHANGE_OPTION,,
1790561858.0,2026-09-28T02:17:38.011717728Z,ACTIVITY_TYPE_TRADE,scc-hrep-demst-2026-11-03-gte235,SELL,ORDER_INTENT_SELL_LONG,0.52,20,CRT37W7H8YCC,passive,-3.42,2026-09-28T02:08:57.036768741Z,0.145,-0.06,0,1,ORDER_STATE_FILLED,UNSOLICITED_CXL_REASON_UNDEFINED,ORD_REJECT_REASON_EXCHANGE_OPTION,,
1790562686.5,2026-09-28T02:31:26.544470841Z,ACTIVITY_TYPE_TRADE,usgubewc-usgub-hi-2026-11-03-rep,SELL,ORDER_INTENT_BUY_SHORT,0.02,10,CRTF81KWAYC3,passive,,2026-09-28T02:30:41.062621038Z,0.013,0,0,1,ORDER_STATE_FILLED,UNSOLICITED_CXL_REASON_UNDEFINED,ORD_REJECT_REASON_EXCHANGE_OPTION,,
1790548558.0,2026-09-27T22:35:58.032901422Z,ACTIVITY_TYPE_TRADE,cpoc-ussegubc-nh-2026-11-03-dsweep,SELL,ORDER_INTENT_SELL_LONG,0.07,11.07,CRQ578TRWYAQ,passive,-8,2026-09-27T22:30:22.499293116Z,0.093,-0.01,0,1,ORDER_STATE_PARTIALLY_FILLED,UNSOLICITED_CXL_REASON_UNDEFINED,ORD_REJECT_REASON_EXCHANGE_OPTION,,
1790548804.5,2026-09-27T22:40:04.458673935Z,ACTIVITY_TYPE_TRADE,cpoc-ussegubc-nh-2026-11-03-dsweep,SELL,ORDER_INTENT_SELL_LONG,0.07,0.87,CRQ578TRWYAQ,passive,-0.63,2026-09-27T22:30:22.499293116Z,0.162,0,0,1,ORDER_STATE_PARTIALLY_FILLED,UNSOLICITED_CXL_REASON_UNDEFINED,ORD_REJECT_REASON_EXCHANGE_OPTION,,
1790566505.5,2026-09-28T03:35:05.527077150Z,ACTIVITY_TYPE_TRADE,cpoc-ussec-tx-me-2026-11-03-dsweep,BUY,ORDER_INTENT_BUY_LONG,0.48,1,CRV2FSPNYYBY,passive,,2026-09-28T03:10:17.247040194Z,0.413,0,0,1,ORDER_STATE_FILLED,UNSOLICITED_CXL_REASON_UNDEFINED,ORD_REJECT_REASON_EXCHANGE_OPTION,,
1790548804.5,2026-09-27T22:40:04.458673935Z,ACTIVITY_TYPE_TRADE,cpoc-ussegubc-nh-2026-11-03-dsweep,SELL,ORDER_INTENT_SELL_LONG,0.07,0.87,CRQ578TRWYAQ,passive,-0.57,2026-09-27T22:30:22.499293116Z,0.162,0,0,1,ORDER_STATE_PARTIALLY_FILLED,UNSOLICITED_CXL_REASON_UNDEFINED,ORD_REJECT_REASON_EXCHANGE_OPTION,,
1790570057.1,2026-09-28T04:34:17.053117014Z,ACTIVITY_TYPE_TRADE,aachc-cfb-wins-2026-11-28-pennst-7pt5wins,BUY,ORDER_INTENT_BUY_LONG,0.84,0.5,CRDRSRNRCYB5,passive,,2026-09-27T11:48:44.430018443Z,16.759,0,0,1,ORDER_STATE_FILLED,UNSOLICITED_CXL_REASON_UNDEFINED,ORD_REJECT_REASON_EXCHANGE_OPTION,,
1790575486.4,2026-09-28T06:04:46.411743594Z,ACTIVITY_TYPE_TRADE,vtc-usseto-tx-2026-11-03-gt11pt2m,SELL,ORDER_INTENT_SELL_LONG,0.2,1,CRXB93ZHEYBQ,aggressor,-0.01,2026-09-28T06:04:46.410553745Z,0,0.01,0,1,ORDER_STATE_FILLED,UNSOLICITED_CXL_REASON_UNDEFINED,ORD_REJECT_REASON_EXCHANGE_OPTION,,
1790578799.6,2026-09-28T06:59:59.554111804Z,ACTIVITY_TYPE_TRADE,scc-senate-demst-2026-11-03-gte51,BUY,ORDER_INTENT_BUY_LONG,0.54,10,CRJMW6H6YYC3,passive,,2026-09-27T17:13:40.603271140Z,13.772,-0.03,0,1,ORDER_STATE_FILLED,UNSOLICITED_CXL_REASON_UNDEFINED,ORD_REJECT_REASON_EXCHANGE_OPTION,,
1790578935.7,2026-09-28T07:02:15.661497092Z,ACTIVITY_TYPE_TRADE,vtc-usgubto-vt-2026-11-03-gt300k,SELL,ORDER_INTENT_BUY_SHORT,0.74,1,CRJ1G2P8WYCC,passive,,2026-09-27T16:42:12.592118373Z,14.334,0,0,1,ORDER_STATE_FILLED,UNSOLICITED_CXL_REASON_UNDEFINED,ORD_REJECT_REASON_EXCHANGE_OPTION,,
1790593843.0,2026-09-28T11:10:43.023606387Z,ACTIVITY_TYPE_TRADE,cpoc-ussegubc-me-2026-11-03-rgov-dsen,SELL,ORDER_INTENT_BUY_SHORT,0.02,5,CRTCFQSFRYC6,passive,,2026-09-28T02:25:40.666638875Z,8.751,0,0,1,ORDER_STATE_FILLED,UNSOLICITED_CXL_REASON_UNDEFINED,ORD_REJECT_REASON_EXCHANGE_OPTION,,
1790594031.5,2026-09-28T11:13:51.493273072Z,ACTIVITY_TYPE_TRADE,cpoc-ussegubc-mn-2026-11-03-rgov-dsen,SELL,ORDER_INTENT_SELL_LONG,0.02,18.02,CS0Z8PM3RYBY,passive,-75.32,2026-09-28T10:14:38.093840097Z,0.987,0,0,1,ORDER_STATE_PARTIALLY_FILLED,UNSOLICITED_CXL_REASON_UNDEFINED,ORD_REJECT_REASON_EXCHANGE_OPTION,,
1790594104.0,2026-09-28T11:15:04.011458498Z,ACTIVITY_TYPE_TRADE,cpoc-ussegubc-mn-2026-11-03-rgov-dsen,SELL,ORDER_INTENT_SELL_LONG,0.02,0.98,CS0Z8PM3RYBY,passive,-4.1,2026-09-28T10:14:38.093840097Z,1.007,0,0,1,ORDER_STATE_FILLED,UNSOLICITED_CXL_REASON_UNDEFINED,ORD_REJECT_REASON_EXCHANGE_OPTION,,
1790594925.1,2026-09-28T11:28:45.064326551Z,ACTIVITY_TYPE_TRADE,usgubewc-usgub-tx-2026-11-03-dem,SELL,ORDER_INTENT_SELL_LONG,0.22,101.05,CR6D2EK1MYBQ,passive,13.26,2026-09-27T02:58:07.714709916Z,32.51,-0.22,0,1,ORDER_STATE_PARTIALLY_FILLED,UNSOLICITED_CXL_REASON_UNDEFINED,ORD_REJECT_REASON_EXCHANGE_OPTION,,
1790595770.4,2026-09-28T11:42:50.437220869Z,ACTIVITY_TYPE_TRADE,vtc-usseto-de-2026-11-03-gt475k,BUY,ORDER_INTENT_BUY_LONG,0.14,1,CRBT3QRSMYCC,passive,,2026-09-27T09:32:46.884220061Z,26.168,0,0,1,ORDER_STATE_FILLED,UNSOLICITED_CXL_REASON_UNDEFINED,ORD_REJECT_REASON_EXCHANGE_OPTION,,
1790595771.1,2026-09-28T11:42:51.050118551Z,ACTIVITY_TYPE_TRADE,usgubewc-usgub-tx-2026-11-03-dem,SELL,ORDER_INTENT_SELL_LONG,0.22,4.95,CR6D2EK1MYBQ,passive,0.65,2026-09-27T02:58:07.714709916Z,32.745,-0.01,0,1,ORDER_STATE_FILLED,UNSOLICITED_CXL_REASON_UNDEFINED,ORD_REJECT_REASON_EXCHANGE_OPTION,,
1790594925.1,2026-09-28T11:28:45.064326551Z,ACTIVITY_TYPE_TRADE,usgubewc-usgub-tx-2026-11-03-dem,SELL,ORDER_INTENT_SELL_LONG,0.22,101.05,CR6D2EK1MYBQ,passive,-272.85,2026-09-27T02:58:07.714709916Z,32.51,-0.22,0,1,ORDER_STATE_PARTIALLY_FILLED,UNSOLICITED_CXL_REASON_UNDEFINED,ORD_REJECT_REASON_EXCHANGE_OPTION,,
1790595771.1,2026-09-28T11:42:51.050118551Z,ACTIVITY_TYPE_TRADE,usgubewc-usgub-tx-2026-11-03-dem,SELL,ORDER_INTENT_SELL_LONG,0.22,4.95,CR6D2EK1MYBQ,passive,-13.37,2026-09-27T02:58:07.714709916Z,32.745,-0.01,0,1,ORDER_STATE_FILLED,UNSOLICITED_CXL_REASON_UNDEFINED,ORD_REJECT_REASON_EXCHANGE_OPTION,,
1790601675.9,2026-09-28T13:21:15.884268284Z,ACTIVITY_TYPE_TRADE,cpoc-ussegubc-nh-2026-11-03-dsweep,BUY,ORDER_INTENT_SELL_SHORT,0.06,4.59,CRQBTS6DAYC6,passive,-0.97,2026-09-27T22:46:23.412214988Z,14.581,0,0,1,ORDER_STATE_PARTIALLY_FILLED,UNSOLICITED_CXL_REASON_UNDEFINED,ORD_REJECT_REASON_EXCHANGE_OPTION,,
1790604391.3,2026-09-28T14:06:31.348895465Z,ACTIVITY_TYPE_TRADE,vtc-usseto-nc-2026-11-03-gt3pt9m,SELL,ORDER_INTENT_BUY_SHORT,0.64,1,CS46AA952YCC,passive,,2026-09-28T14:04:33.197792065Z,0.033,0,0,1,ORDER_STATE_FILLED,UNSOLICITED_CXL_REASON_UNDEFINED,ORD_REJECT_REASON_EXCHANGE_OPTION,,
1790604922.4,2026-09-28T14:15:22.378519859Z,ACTIVITY_TYPE_POSITION_RESOLUTION,aachc-cfb-wins-2026-11-28-sdst-9pt5wins,,,,,,,,,,,,,,,,,keys=afterPosition|beforePosition|comboLegDetails|market|marketSlug|side|tradeId|updateTime
1790607659.8,2026-09-28T15:00:59.839581323Z,ACTIVITY_TYPE_TRADE,vmc-usgubmov-ga-2026-11-03-r9-12,BUY,ORDER_INTENT_BUY_LONG,0.23,0.9,CS31Z0TEPYAQ,passive,,2026-09-28T12:44:27.365104784Z,2.276,0,0,1,ORDER_STATE_PARTIALLY_FILLED,UNSOLICITED_CXL_REASON_UNDEFINED,ORD_REJECT_REASON_EXCHANGE_OPTION,,
1790607659.8,2026-09-28T15:00:59.843820067Z,ACTIVITY_TYPE_TRADE,vmc-usgubmov-ga-2026-11-03-r0-3,BUY,ORDER_INTENT_BUY_LONG,0.27,0.9,CRQYYK5D2YBQ,passive,,2026-09-27T23:32:03.461442941Z,15.482,0,0,1,ORDER_STATE_PARTIALLY_FILLED,UNSOLICITED_CXL_REASON_UNDEFINED,ORD_REJECT_REASON_EXCHANGE_OPTION,,
1790610670.5,2026-09-28T15:51:10.486552231Z,ACTIVITY_TYPE_TRADE,aachc-cfb-wins-2026-11-28-gtech-6pt5wins,BUY,ORDER_INTENT_BUY_LONG,0.05,0.1,CS59Z5XDWYBE,passive,,2026-09-28T15:21:28.076640833Z,0.495,0,0,1,ORDER_STATE_PARTIALLY_FILLED,UNSOLICITED_CXL_REASON_UNDEFINED,ORD_REJECT_REASON_EXCHANGE_OPTION,,
1790610743.1,2026-09-28T15:52:23.082641378Z,ACTIVITY_TYPE_TRADE,vtc-usseto-tx-2026-11-03-gt9pt2m,BUY,ORDER_INTENT_SELL_SHORT,0.94,1,CRT9XTJ68YCA,passive,0.68,2026-09-28T02:22:34.646475947Z,13.497,0,0,1,ORDER_STATE_FILLED,UNSOLICITED_CXL_REASON_UNDEFINED,ORD_REJECT_REASON_EXCHANGE_OPTION,,
1790610747.2,2026-09-28T15:52:27.173126983Z,ACTIVITY_TYPE_TRADE,scc-hrep-rep-2026-11-03-gte185,BUY,ORDER_INTENT_BUY_LONG,0.88,55,CS5NZCHWJYCD,passive,,2026-09-28T15:52:27.020735259Z,0,-0.07,0,1,ORDER_STATE_FILLED,UNSOLICITED_CXL_REASON_UNDEFINED,ORD_REJECT_REASON_EXCHANGE_OPTION,,
1790610792.8,2026-09-28T15:53:12.784289519Z,ACTIVITY_TYPE_TRADE,scc-hrep-rep-2026-11-03-gte185,SELL,ORDER_INTENT_BUY_SHORT,0.9,0.06,CS5NZCHMCYCD,passive,,2026-09-28T15:52:25.596619226Z,0.013,0,0,1,ORDER_STATE_PARTIALLY_FILLED,UNSOLICITED_CXL_REASON_UNDEFINED,ORD_REJECT_REASON_EXCHANGE_OPTION,,
1790611045.5,2026-09-28T15:57:25.540536504Z,ACTIVITY_TYPE_TRADE,aachc-cfb-wins-2026-11-28-gtech-6pt5wins,BUY,ORDER_INTENT_BUY_LONG,0.05,0.1,CS59Z5XDWYBE,passive,,2026-09-28T15:21:28.076640833Z,0.599,0,0,1,ORDER_STATE_PARTIALLY_FILLED,UNSOLICITED_CXL_REASON_UNDEFINED,ORD_REJECT_REASON_EXCHANGE_OPTION,,
1790612826.0,2026-09-28T16:27:06.035805436Z,ACTIVITY_TYPE_TRADE,aachc-cfb-wins-2026-11-28-pennst-9pt5wins,SELL,ORDER_INTENT_SELL_LONG,0.24,1,CS69ASPKRYC6,aggressor,0.2,2026-09-28T16:27:06.034193456Z,0,0.01,0,1,ORDER_STATE_FILLED,UNSOLICITED_CXL_REASON_UNDEFINED,ORD_REJECT_REASON_EXCHANGE_OPTION,,
1789391394.9,2026-09-14T13:09:54.878564890Z,ACTIVITY_TYPE_TRADE,ushrewc-ushr-me-02-2026-11-03-dem,SELL,ORDER_INTENT_SELL_LONG,0.39,5,CG37F396AVBE,passive,-0.4,2026-09-14T13:02:50.116746302Z,0.118,-0.01,0,1,ORDER_STATE_PARTIALLY_FILLED,UNSOLICITED_CXL_REASON_UNDEFINED,ORD_REJECT_REASON_EXCHANGE_OPTION,,
1789391505.0,2026-09-14T13:11:45.009813202Z,ACTIVITY_TYPE_TRADE,ushrewc-ushr-ne-02-2026-11-03-rep,BUY,ORDER_INTENT_BUY_LONG,0.11,290,CG3BC13J6VB4,passive,,2026-09-14T13:11:44.934517119Z,0,-0.35,0,1,ORDER_STATE_FILLED,UNSOLICITED_CXL_REASON_UNDEFINED,ORD_REJECT_REASON_EXCHANGE_OPTION,,
1789391567.6,2026-09-14T13:12:47.643808694Z,ACTIVITY_TYPE_TRADE,paccc-usse-midterms-2026-11-03-rep,SELL,ORDER_INTENT_SELL_LONG,0.51,4,CG2Z697PTVB2,passive,-0.44,2026-09-14T12:45:25.862633056Z,0.456,-0.01,0,1,ORDER_STATE_PARTIALLY_FILLED,UNSOLICITED_CXL_REASON_UNDEFINED,ORD_REJECT_REASON_EXCHANGE_OPTION,,
1789391641.4,2026-09-14T13:14:01.433236932Z,ACTIVITY_TYPE_TRADE,paccc-usho-midterms-2026-11-03-rep,SELL,ORDER_INTENT_SELL_LONG,0.165,37,CG35ZZ4YJVB2,passive,-13.47,2026-09-14T12:59:51.086786597Z,0.236,-0.06,0,1,ORDER_STATE_PARTIALLY_FILLED,UNSOLICITED_CXL_REASON_UNDEFINED,ORD_REJECT_REASON_EXCHANGE_OPTION,,
1789391711.1,2026-09-14T13:15:11.073803221Z,ACTIVITY_TYPE_TRADE,ushrewc-ushr-wa-03-2026-11-03-dem,SELL,ORDER_INTENT_BUY_SHORT,0.85,17.75,CG3BA2YPGVB8,passive,,2026-09-14T13:11:28.358594489Z,0.062,-0.03,0,1,ORDER_STATE_PARTIALLY_FILLED,UNSOLICITED_CXL_REASON_UNDEFINED,ORD_REJECT_REASON_EXCHANGE_OPTION,,
1789391711.3,2026-09-14T13:15:11.318891762Z,ACTIVITY_TYPE_TRADE,ushrewc-ushr-wa-03-2026-11-03-dem,SELL,ORDER_INTENT_BUY_SHORT,0.85,22.75,CG3BA2YPGVB8,passive,,2026-09-14T13:11:28.358594489Z,0.062,-0.04,0,1,ORDER_STATE_PARTIALLY_FILLED,UNSOLICITED_CXL_REASON_UNDEFINED,ORD_REJECT_REASON_EXCHANGE_OPTION,,
1789391711.6,2026-09-14T13:15:11.568989478Z,ACTIVITY_TYPE_TRADE,ushrewc-ushr-wa-03-2026-11-03-dem,SELL,ORDER_INTENT_BUY_SHORT,0.85,22.75,CG3BA2YPGVB8,passive,,2026-09-14T13:11:28.358594489Z,0.062,-0.04,0,1,ORDER_STATE_PARTIALLY_FILLED,UNSOLICITED_CXL_REASON_UNDEFINED,ORD_REJECT_REASON_EXCHANGE_OPTION,,
1789391711.8,2026-09-14T13:15:11.818385136Z,ACTIVITY_TYPE_TRADE,ushrewc-ushr-wa-03-2026-11-03-dem,SELL,ORDER_INTENT_BUY_SHORT,0.85,19.75,CG3BA2YPGVB8,passive,,2026-09-14T13:11:28.358594489Z,0.062,-0.03,0,1,ORDER_STATE_FILLED,UNSOLICITED_CXL_REASON_UNDEFINED,ORD_REJECT_REASON_EXCHANGE_OPTION,,
1789391811.2,2026-09-14T13:16:51.218565095Z,ACTIVITY_TYPE_TRADE,paccc-usse-midterms-2026-11-03-rep,SELL,ORDER_INTENT_SELL_LONG,0.51,33,CG2Z697PTVB2,passive,-3.6,2026-09-14T12:45:25.862633056Z,0.524,-0.1,0,1,ORDER_STATE_FILLED,UNSOLICITED_CXL_REASON_UNDEFINED,ORD_REJECT_REASON_EXCHANGE_OPTION,,
1789392043.9,2026-09-14T13:20:43.904175767Z,ACTIVITY_TYPE_TRADE,paccc-usho-midterms-2026-11-03-dem,SELL,ORDER_INTENT_BUY_SHORT,0.847,50,CG3BC19NTVB4,passive,,2026-09-14T13:11:56.552162808Z,0.146,-0.08,0,1,ORDER_STATE_PARTIALLY_FILLED,UNSOLICITED_CXL_REASON_UNDEFINED,ORD_REJECT_REASON_EXCHANGE_OPTION,,
1789392292.9,2026-09-14T13:24:52.919608317Z,ACTIVITY_TYPE_TRADE,enwc-uspres-nom-dem-2028-dwajoh,SELL,ORDER_INTENT_SELL_LONG,0.01,9,CG33CNY3YVB2,passive,-0.63,2026-09-14T12:53:12.376171557Z,0.528,0,0,1,ORDER_STATE_PARTIALLY_FILLED,UNSOLICITED_CXL_REASON_UNDEFINED,ORD_REJECT_REASON_EXCHANGE_OPTION,,
1789392448.7,2026-09-14T13:27:28.664966761Z,ACTIVITY_TYPE_TRADE,ushrewc-ushr-me-02-2026-11-03-dem,SELL,ORDER_INTENT_SELL_LONG,0.39,10,CG37F396AVBE,passive,-1.01,2026-09-14T13:02:50.116746302Z,0.411,-0.03,0,1,ORDER_STATE_PARTIALLY_FILLED,UNSOLICITED_CXL_REASON_UNDEFINED,ORD_REJECT_REASON_EXCHANGE_OPTION,,
1789392590.3,2026-09-14T13:29:50.254838163Z,ACTIVITY_TYPE_TRADE,paccc-usse-midterms-2026-11-03-dem,BUY,ORDER_INTENT_SELL_SHORT,0.493,11,CG325K3XPVB5,passive,-7,2026-09-14T12:50:43.321571775Z,0.652,-0.03,0,1,ORDER_STATE_PARTIALLY_FILLED,UNSOLICITED_CXL_REASON_UNDEFINED,ORD_REJECT_REASON_EXCHANGE_OPTION,,
1789392774.3,2026-09-14T13:32:54.286782750Z,ACTIVITY_TYPE_TRADE,paccc-balpow-2026-11-03-dhou-rsen,SELL,ORDER_INTENT_BUY_SHORT,0.3,2,CG38GT4W6VB8,passive,,2026-09-14T13:04:45.081988218Z,0.469,-0.01,0,1,ORDER_STATE_FILLED,UNSOLICITED_CXL_REASON_UNDEFINED,ORD_REJECT_REASON_EXCHANGE_OPTION,,
1789392875.0,2026-09-14T13:34:35.035948039Z,ACTIVITY_TYPE_TRADE,paccc-usse-midterms-2026-11-03-rep,BUY,ORDER_INTENT_BUY_LONG,0.509,84,CG3FV5CFPVBA,passive,,2026-09-14T13:22:13.917661428Z,0.206,-0.26,0,1,ORDER_STATE_FILLED,UNSOLICITED_CXL_REASON_UNDEFINED,ORD_REJECT_REASON_EXCHANGE_OPTION,,
1789393038.2,2026-09-14T13:37:18.248868958Z,ACTIVITY_TYPE_TRADE,paccc-usho-midterms-2026-11-03-dem,BUY,ORDER_INTENT_SELL_SHORT,0.849,69,CG3MZBP34VB7,passive,57.7,2026-09-14T13:32:46.225406683Z,0.076,-0.11,0,1,ORDER_STATE_PARTIALLY_FILLED,UNSOLICITED_CXL_REASON_UNDEFINED,ORD_REJECT_REASON_EXCHANGE_OPTION,,
1789393068.8,2026-09-14T13:37:48.751456136Z,ACTIVITY_TYPE_TRADE,ewc-usgub-wi-2026-11-03-rep,SELL,ORDER_INTENT_BUY_SHORT,0.17,6,CG3KCRYEYVB2,passive,,2026-09-14T13:29:00.092174763Z,0.147,-0.01,0,1,ORDER_STATE_FILLED,UNSOLICITED_CXL_REASON_UNDEFINED,ORD_REJECT_REASON_EXCHANGE_OPTION,,
1789393455.7,2026-09-14T13:44:15.675039539Z,ACTIVITY_TYPE_TRADE,paccc-usho-midterms-2026-11-03-dem,SELL,ORDER_INTENT_BUY_SHORT,0.85,19,CG3QN84ZYVBE,passive,,2026-09-14T13:38:16.426007718Z,0.1,-0.03,0,1,ORDER_STATE_PARTIALLY_FILLED,UNSOLICITED_CXL_REASON_UNDEFINED,ORD_REJECT_REASON_EXCHANGE_OPTION,,
1789393463.4,2026-09-14T13:44:23.372127458Z,ACTIVITY_TYPE_TRADE,paccc-usho-midterms-2026-11-03-dem,SELL,ORDER_INTENT_BUY_SHORT,0.85,67,CG3QN84ZYVBE,passive,,2026-09-14T13:38:16.426007718Z,0.102,-0.11,0,1,ORDER_STATE_PARTIALLY_FILLED,UNSOLICITED_CXL_REASON_UNDEFINED,ORD_REJECT_REASON_EXCHANGE_OPTION,,
1789393468.6,2026-09-14T13:44:28.639392747Z,ACTIVITY_TYPE_TRADE,paccc-usho-midterms-2026-11-03-dem,SELL,ORDER_INTENT_BUY_SHORT,0.85,2,CG3QN84ZYVBE,passive,,2026-09-14T13:38:16.426007718Z,0.103,0,0,1,ORDER_STATE_PARTIALLY_FILLED,UNSOLICITED_CXL_REASON_UNDEFINED,ORD_REJECT_REASON_EXCHANGE_OPTION,,
1789393469.7,2026-09-14T13:44:29.675916763Z,ACTIVITY_TYPE_TRADE,paccc-usho-midterms-2026-11-03-dem,BUY,ORDER_INTENT_SELL_SHORT,0.849,67,CG3R01SB0VB6,passive,44.99,2026-09-14T13:38:44.805795794Z,0.096,-0.11,0,1,ORDER_STATE_PARTIALLY_FILLED,UNSOLICITED_CXL_REASON_UNDEFINED,ORD_REJECT_REASON_EXCHANGE_OPTION,,
1789393474.5,2026-09-14T13:44:34.545844487Z,ACTIVITY_TYPE_TRADE,paccc-usho-midterms-2026-11-03-dem,BUY,ORDER_INTENT_SELL_SHORT,0.849,69,CG3R01SB0VB6,passive,44.54,2026-09-14T13:38:44.805795794Z,0.097,-0.11,0,1,ORDER_STATE_PARTIALLY_FILLED,UNSOLICITED_CXL_REASON_UNDEFINED,ORD_REJECT_REASON_EXCHANGE_OPTION,,
1789393552.3,2026-09-14T13:45:52.342075001Z,ACTIVITY_TYPE_TRADE,paccc-usse-midterms-2026-11-03-dem,BUY,ORDER_INTENT_SELL_SHORT,0.493,24,CG325K3XPVB5,passive,-15.28,2026-09-14T12:50:43.321571775Z,0.919,-0.07,0,1,ORDER_STATE_FILLED,UNSOLICITED_CXL_REASON_UNDEFINED,ORD_REJECT_REASON_EXCHANGE_OPTION,,
1789394126.0,2026-09-14T13:55:26.034234228Z,ACTIVITY_TYPE_TRADE,paccc-usho-midterms-2026-11-03-dem,BUY,ORDER_INTENT_SELL_SHORT,0.849,67,CG3VG258EVB5,passive,17.84,2026-09-14T13:45:45.044168731Z,0.161,-0.11,0,1,ORDER_STATE_PARTIALLY_FILLED,UNSOLICITED_CXL_REASON_UNDEFINED,ORD_REJECT_REASON_EXCHANGE_OPTION,,
1789394317.4,2026-09-14T13:58:37.434139921Z,ACTIVITY_TYPE_TRADE,paccc-usho-midterms-2026-11-03-dem,BUY,ORDER_INTENT_SELL_SHORT,0.849,69,CG3VG258EVB5,passive,-25.12,2026-09-14T13:45:45.044168731Z,0.215,-0.11,0,1,ORDER_STATE_PARTIALLY_FILLED,UNSOLICITED_CXL_REASON_UNDEFINED,ORD_REJECT_REASON_EXCHANGE_OPTION,,
1789394449.2,2026-09-14T14:00:49.196655192Z,ACTIVITY_TYPE_TRADE,ushrewc-ushr-me-02-2026-11-03-dem,SELL,ORDER_INTENT_SELL_LONG,0.39,10,CG3R4C4VTVB4,passive,-1.25,2026-09-14T13:39:27.385238303Z,0.356,-0.03,0,1,ORDER_STATE_PARTIALLY_FILLED,UNSOLICITED_CXL_REASON_UNDEFINED,ORD_REJECT_REASON_EXCHANGE_OPTION,,
1789394704.8,2026-09-14T14:05:04.825646730Z,ACTIVITY_TYPE_TRADE,ushrewc-ushr-me-02-2026-11-03-dem,SELL,ORDER_INTENT_SELL_LONG,0.39,10,CG3R4C4VTVB4,passive,-1.51,2026-09-14T13:39:27.385238303Z,0.427,-0.03,0,1,ORDER_STATE_PARTIALLY_FILLED,UNSOLICITED_CXL_REASON_UNDEFINED,ORD_REJECT_REASON_EXCHANGE_OPTION,,
1789394705.0,2026-09-14T14:05:04.990676014Z,ACTIVITY_TYPE_TRADE,ushrewc-ushr-oh-09-2026-11-03-rep,SELL,ORDER_INTENT_BUY_SHORT,0.24,25,CG42XYHMRVB7,passive,,2026-09-14T14:02:13.601048067Z,0.048,-0.06,0,1,ORDER_STATE_FILLED,UNSOLICITED_CXL_REASON_UNDEFINED,ORD_REJECT_REASON_EXCHANGE_OPTION,,
1789394731.0,2026-09-14T14:05:31.023007839Z,ACTIVITY_TYPE_TRADE,ushrewc-ushr-oh-09-2026-11-03-rep,SELL,ORDER_INTENT_BUY_SHORT,0.24,13.24,CG447Z8C0VBE,passive,,2026-09-14T14:05:30.960884284Z,0,-0.03,0,1,ORDER_STATE_PARTIALLY_FILLED,UNSOLICITED_CXL_REASON_UNDEFINED,ORD_REJECT_REASON_EXCHANGE_OPTION,,
1789394744.1,2026-09-14T14:05:44.099815808Z,ACTIVITY_TYPE_TRADE,ushrewc-ushr-oh-09-2026-11-03-rep,SELL,ORDER_INTENT_BUY_SHORT,0.24,10,CG447Z8C0VBE,passive,,2026-09-14T14:05:30.960884284Z,0.004,-0.02,0,1,ORDER_STATE_PARTIALLY_FILLED,UNSOLICITED_CXL_REASON_UNDEFINED,ORD_REJECT_REASON_EXCHANGE_OPTION,,
1789394957.6,2026-09-14T14:09:17.560672477Z,ACTIVITY_TYPE_TRADE,paccc-usse-midterms-2026-11-03-dem,SELL,ORDER_INTENT_SELL_LONG,0.494,83,CG3Z864V6VB3,passive,39.61,2026-09-14T13:54:15.951235811Z,0.25,-0.26,0,1,ORDER_STATE_FILLED,UNSOLICITED_CXL_REASON_UNDEFINED,ORD_REJECT_REASON_EXCHANGE_OPTION,,
1789395193.6,2026-09-14T14:13:13.619735724Z,ACTIVITY_TYPE_TRADE,paccc-balpow-2026-11-03-dhou-rsen,BUY,ORDER_INTENT_BUY_LONG,0.43,86,CG47W1PJ2VBA,passive,,2026-09-14T14:13:13.511739954Z,0,-0.26,0,1,ORDER_STATE_FILLED,UNSOLICITED_CXL_REASON_UNDEFINED,ORD_REJECT_REASON_EXCHANGE_OPTION,,
1789395332.9,2026-09-14T14:15:32.851744897Z,ACTIVITY_TYPE_TRADE,paccc-balpow-2026-11-03-dhou-rsen,BUY,ORDER_INTENT_SELL_SHORT,0.42,62,CG47WAZJ4VB7,passive,-8.41,2026-09-14T14:13:01.267522141Z,0.042,-0.19,0,1,ORDER_STATE_FILLED,UNSOLICITED_CXL_REASON_UNDEFINED,ORD_REJECT_REASON_EXCHANGE_OPTION,,
1789395453.6,2026-09-14T14:17:33.613250126Z,ACTIVITY_TYPE_TRADE,paccc-balpow-2026-11-03-dhou-rsen,SELL,ORDER_INTENT_SELL_LONG,0.33,86,CG49KE4CMVBE,passive,-9.33,2026-09-14T14:16:36.359255108Z,0.016,-0.24,0,1,ORDER_STATE_FILLED,UNSOLICITED_CXL_REASON_UNDEFINED,ORD_REJECT_REASON_EXCHANGE_OPTION,,
1789395611.9,2026-09-14T14:20:11.874430887Z,ACTIVITY_TYPE_TRADE,ewc-usse-me-2026-11-03-rep,SELL,ORDER_INTENT_SELL_LONG,0.33,182,CG2R7Y26JVBE,passive,-46.87,2026-09-14T12:31:39.480954809Z,1.809,-0.5,0,1,ORDER_STATE_PARTIALLY_FILLED,UNSOLICITED_CXL_REASON_UNDEFINED,ORD_REJECT_REASON_EXCHANGE_OPTION,,
1789395665.1,2026-09-14T14:21:05.073865518Z,ACTIVITY_TYPE_TRADE,ushrewc-ushr-me-02-2026-11-03-dem,SELL,ORDER_INTENT_SELL_LONG,0.39,10,CG3R4C4VTVB4,passive,-1.81,2026-09-14T13:39:27.385238303Z,0.694,-0.03,0,1,ORDER_STATE_PARTIALLY_FILLED,UNSOLICITED_CXL_REASON_UNDEFINED,ORD_REJECT_REASON_EXCHANGE_OPTION,,
1789395851.8,2026-09-14T14:24:11.790182899Z,ACTIVITY_TYPE_TRADE,paccc-usse-midterms-2026-11-03-rep,BUY,ORDER_INTENT_BUY_LONG,0.509,6,CG4B1FHA2VB4,passive,,2026-09-14T14:20:39.553769514Z,0.059,-0.02,0,1,ORDER_STATE_FILLED,UNSOLICITED_CXL_REASON_UNDEFINED,ORD_REJECT_REASON_EXCHANGE_OPTION,,
1789395908.9,2026-09-14T14:25:08.872531192Z,ACTIVITY_TYPE_TRADE,ewc-usgub-ia-2026-11-03-rep,BUY,ORDER_INTENT_SELL_SHORT,0.27,1,CG2YZJMMEVB7,passive,-0.49,2026-09-14T12:45:10.377111579Z,1.666,0,0,1,ORDER_STATE_PARTIALLY_FILLED,UNSOLICITED_CXL_REASON_UNDEFINED,ORD_REJECT_REASON_EXCHANGE_OPTION,,
1789396056.6,2026-09-14T14:27:36.607592464Z,ACTIVITY_TYPE_TRADE,paccc-balpow-2026-11-03-dhou-rsen,BUY,ORDER_INTENT_BUY_LONG,0.43,53,CG4EB62JMVB9,passive,,2026-09-14T14:27:36.474829680Z,0,-0.16,0,1,ORDER_STATE_FILLED,UNSOLICITED_CXL_REASON_UNDEFINED,ORD_REJECT_REASON_EXCHANGE_OPTION,,
1789396056.7,2026-09-14T14:27:36.675656541Z,ACTIVITY_TYPE_TRADE,usgubewc-usgub-fl-2026-11-03-dem,BUY,ORDER_INTENT_BUY_LONG,0.26,30,CG4ECK4RYVB4,passive,,2026-09-14T14:27:36.599659935Z,0,-0.07,0,1,ORDER_STATE_FILLED,UNSOLICITED_CXL_REASON_UNDEFINED,ORD_REJECT_REASON_EXCHANGE_OPTION,,
1789396189.8,2026-09-14T14:29:49.831794180Z,ACTIVITY_TYPE_TRADE,scc-hrep-rep-2026-11-03-gte185,SELL,ORDER_INTENT_BUY_SHORT,0.99,48.3,CG340FNH2VB6,passive,,2026-09-14T12:54:52.244923147Z,1.583,-0.01,0,1,ORDER_STATE_PARTIALLY_FILLED,UNSOLICITED_CXL_REASON_UNDEFINED,ORD_REJECT_REASON_EXCHANGE_OPTION,,
1789396276.5,2026-09-14T14:31:16.491788164Z,ACTIVITY_TYPE_TRADE,paccc-usho-midterms-2026-11-03-rep,SELL,ORDER_INTENT_SELL_LONG,0.165,131,CG35ZZ4YJVB2,passive,-47.68,2026-09-14T12:59:51.086786597Z,1.524,-0.23,0,1,ORDER_STATE_FILLED,UNSOLICITED_CXL_REASON_UNDEFINED,ORD_REJECT_REASON_EXCHANGE_OPTION,,
1789396420.5,2026-09-14T14:33:40.497146846Z,ACTIVITY_TYPE_TRADE,ussewc-usse-sd-2026-11-03-rep,SELL,ORDER_INTENT_BUY_SHORT,0.93,2.04,CG34QVYSGVB4,passive,,2026-09-14T12:56:19.829944875Z,1.622,0,0,1,ORDER_STATE_FILLED,UNSOLICITED_CXL_REASON_UNDEFINED,ORD_REJECT_REASON_EXCHANGE_OPTION,,
1789396433.7,2026-09-14T14:33:53.696214821Z,ACTIVITY_TYPE_TRADE,ussewc-usse-sd-2026-11-03-rep,BUY,ORDER_INTENT_SELL_SHORT,0.92,2,CG32F1TSPVB4,passive,-128.64,2026-09-14T12:51:22.470467026Z,1.709,0,0,1,ORDER_STATE_FILLED,UNSOLICITED_CXL_REASON_UNDEFINED,ORD_REJECT_REASON_EXCHANGE_OPTION,,
1789396629.2,2026-09-14T14:37:09.161770152Z,ACTIVITY_TYPE_TRADE,ushrewc-ushr-me-02-2026-11-03-dem,SELL,ORDER_INTENT_SELL_LONG,0.39,185,CG3R4C4VTVB4,passive,-33.45,2026-09-14T13:39:27.385238303Z,0.962,-0.55,0,1,ORDER_STATE_FILLED,UNSOLICITED_CXL_REASON_UNDEFINED,ORD_REJECT_REASON_EXCHANGE_OPTION,,
1789396969.2,2026-09-14T14:42:49.153410871Z,ACTIVITY_TYPE_TRADE,paccc-balpow-2026-11-03-dhou-rsen,BUY,ORDER_INTENT_BUY_LONG,0.43,25,CG4NCPCXMVB3,passive,,2026-09-14T14:42:49.045038937Z,0,-0.08,0,1,ORDER_STATE_FILLED,UNSOLICITED_CXL_REASON_UNDEFINED,ORD_REJECT_REASON_EXCHANGE_OPTION,,
1789397533.0,2026-09-14T14:52:12.963376027Z,ACTIVITY_TYPE_TRADE,ussewc-usse-va-2026-11-03-rep,BUY,ORDER_INTENT_SELL_SHORT,0.06,44,CG3CDTJ7EVB7,passive,-39.24,2026-09-14T13:13:58.995030319Z,1.637,-0.03,0,1,ORDER_STATE_FILLED,UNSOLICITED_CXL_REASON_UNDEFINED,ORD_REJECT_REASON_EXCHANGE_OPTION,,
1789397533.6,2026-09-14T14:52:13.598570209Z,ACTIVITY_TYPE_TRADE,usgubewc-usgub-fl-2026-11-03-dem,BUY,ORDER_INTENT_BUY_LONG,0.24,5.5,CG4S3PW3WVB4,passive,,2026-09-14T14:50:37.180406053Z,0.027,-0.01,0,1,ORDER_STATE_PARTIALLY_FILLED,UNSOLICITED_CXL_REASON_UNDEFINED,ORD_REJECT_REASON_EXCHANGE_OPTION,,
1789397534.0,2026-09-14T14:52:13.979199321Z,ACTIVITY_TYPE_TRADE,ewc-usgub-ia-2026-11-03-rep,BUY,ORDER_INTENT_SELL_SHORT,0.27,12,CG2YZJMMEVB7,passive,-5.84,2026-09-14T12:45:10.377111579Z,2.118,-0.03,0,1,ORDER_STATE_PARTIALLY_FILLED,UNSOLICITED_CXL_REASON_UNDEFINED,ORD_REJECT_REASON_EXCHANGE_OPTION,,
1789397537.2,2026-09-14T14:52:17.168440077Z,ACTIVITY_TYPE_TRADE,ewc-usgub-ia-2026-11-03-rep,BUY,ORDER_INTENT_SELL_SHORT,0.27,35,CG2YZJMMEVB7,passive,-15.68,2026-09-14T12:45:10.377111579Z,2.119,-0.09,0,1,ORDER_STATE_PARTIALLY_FILLED,UNSOLICITED_CXL_REASON_UNDEFINED,ORD_REJECT_REASON_EXCHANGE_OPTION,,
1789397537.5,2026-09-14T14:52:17.524117258Z,ACTIVITY_TYPE_TRADE,usgubewc-usgub-fl-2026-11-03-dem,BUY,ORDER_INTENT_BUY_LONG,0.24,0.5,CG4S3PW3WVB4,passive,,2026-09-14T14:50:37.180406053Z,0.028,0,0,1,ORDER_STATE_FILLED,UNSOLICITED_CXL_REASON_UNDEFINED,ORD_REJECT_REASON_EXCHANGE_OPTION,,
1789397549.3,2026-09-14T14:52:29.300665810Z,ACTIVITY_TYPE_TRADE,ewc-usgub-ia-2026-11-03-rep,BUY,ORDER_INTENT_SELL_SHORT,0.27,100,CG2YZJMMEVB7,passive,4.82,2026-09-14T12:45:10.377111579Z,2.122,-0.25,0,1,ORDER_STATE_PARTIALLY_FILLED,UNSOLICITED_CXL_REASON_UNDEFINED,ORD_REJECT_REASON_EXCHANGE_OPTION,,
1789397555.1,2026-09-14T14:52:35.148698961Z,ACTIVITY_TYPE_TRADE,ewc-usgub-ia-2026-11-03-rep,BUY,ORDER_INTENT_SELL_SHORT,0.27,28,CG2YZJMMEVB7,passive,1.35,2026-09-14T12:45:10.377111579Z,2.124,-0.07,0,1,ORDER_STATE_FILLED,UNSOLICITED_CXL_REASON_UNDEFINED,ORD_REJECT_REASON_EXCHANGE_OPTION,,
1789397597.4,2026-09-14T14:53:17.354552975Z,ACTIVITY_TYPE_TRADE,usgubewc-usgub-fl-2026-11-03-dem,BUY,ORDER_INTENT_BUY_LONG,0.22,32,CG4T81JKEVB2,passive,,2026-09-14T14:53:07.647753138Z,0.003,-0.07,0,1,ORDER_STATE_FILLED,UNSOLICITED_CXL_REASON_UNDEFINED,ORD_REJECT_REASON_EXCHANGE_OPTION,,
1789397616.0,2026-09-14T14:53:35.961618440Z,ACTIVITY_TYPE_TRADE,ewc-usgub-ia-2026-11-03-rep,BUY,ORDER_INTENT_SELL_SHORT,0.27,37,CG4T3YPPYVB7,passive,-7.63,2026-09-14T14:53:06.919183472Z,0.008,-0.09,0,1,ORDER_STATE_PARTIALLY_FILLED,UNSOLICITED_CXL_REASON_UNDEFINED,ORD_REJECT_REASON_EXCHANGE_OPTION,,
1789397620.0,2026-09-14T14:53:39.978093087Z,ACTIVITY_TYPE_TRADE,ewc-usgub-ia-2026-11-03-rep,BUY,ORDER_INTENT_SELL_SHORT,0.27,100,CG4T3YPPYVB7,passive,-67.12,2026-09-14T14:53:06.919183472Z,0.009,-0.25,0,1,ORDER_STATE_PARTIALLY_FILLED,UNSOLICITED_CXL_REASON_UNDEFINED,ORD_REJECT_REASON_EXCHANGE_OPTION,,
1789397622.5,2026-09-14T14:53:42.463245585Z,ACTIVITY_TYPE_TRADE,ewc-usgub-ia-2026-11-03-rep,BUY,ORDER_INTENT_SELL_SHORT,0.27,38,CG4T3YPPYVB7,passive,-23.75,2026-09-14T14:53:06.919183472Z,0.01,-0.09,0,1,ORDER_STATE_FILLED,UNSOLICITED_CXL_REASON_UNDEFINED,ORD_REJECT_REASON_EXCHANGE_OPTION,,
1789397629.2,2026-09-14T14:53:49.209879174Z,ACTIVITY_TYPE_TRADE,ewc-usse-nc-2026-11-03-rep,BUY,ORDER_INTENT_BUY_LONG,0.12,37,CG4T8AEW2VB9,passive,,2026-09-14T14:52:39.754345451Z,0.019,-0.05,0,1,ORDER_STATE_PARTIALLY_FILLED,UNSOLICITED_CXL_REASON_UNDEFINED,ORD_REJECT_REASON_EXCHANGE_OPTION,,
1789397629.2,2026-09-14T14:53:49.227724612Z,ACTIVITY_TYPE_TRADE,ewc-usp-2028-11-07-dontru,BUY,ORDER_INTENT_SELL_SHORT,0.03,12.77,CG2WDKVZ8VB2,passive,-11.45,2026-09-14T12:40:08.036747723Z,2.228,0,0,1,ORDER_STATE_PARTIALLY_FILLED,UNSOLICITED_CXL_REASON_UNDEFINED,ORD_REJECT_REASON_EXCHANGE_OPTION,,
1789397630.6,2026-09-14T14:53:50.562732687Z,ACTIVITY_TYPE_TRADE,ewc-usse-nc-2026-11-03-rep,BUY,ORDER_INTENT_BUY_LONG,0.12,100,CG4T8AEW2VB9,passive,,2026-09-14T14:52:39.754345451Z,0.02,-0.13,0,1,ORDER_STATE_PARTIALLY_FILLED,UNSOLICITED_CXL_REASON_UNDEFINED,ORD_REJECT_REASON_EXCHANGE_OPTION,,
1789397632.7,2026-09-14T14:53:52.722956243Z,ACTIVITY_TYPE_TRADE,ewc-usse-nc-2026-11-03-rep,BUY,ORDER_INTENT_BUY_LONG,0.12,100,CG4T8AEW2VB9,passive,,2026-09-14T14:52:39.754345451Z,0.02,-0.13,0,1,ORDER_STATE_PARTIALLY_FILLED,UNSOLICITED_CXL_REASON_UNDEFINED,ORD_REJECT_REASON_EXCHANGE_OPTION,,
1789397634.9,2026-09-14T14:53:54.949889417Z,ACTIVITY_TYPE_TRADE,ewc-usse-nc-2026-11-03-rep,BUY,ORDER_INTENT_BUY_LONG,0.12,100,CG4T8AEW2VB9,passive,,2026-09-14T14:52:39.754345451Z,0.021,-0.13,0,1,ORDER_STATE_PARTIALLY_FILLED,UNSOLICITED_CXL_REASON_UNDEFINED,ORD_REJECT_REASON_EXCHANGE_OPTION,,
1789397635.6,2026-09-14T14:53:55.611316288Z,ACTIVITY_TYPE_TRADE,ewc-usse-nc-2026-11-03-rep,BUY,ORDER_INTENT_BUY_LONG,0.12,100,CG4T8AEW2VB9,passive,,2026-09-14T14:52:39.754345451Z,0.021,-0.13,0,1,ORDER_STATE_PARTIALLY_FILLED,UNSOLICITED_CXL_REASON_UNDEFINED,ORD_REJECT_REASON_EXCHANGE_OPTION,,
1789397636.5,2026-09-14T14:53:56.493854597Z,ACTIVITY_TYPE_TRADE,ewc-usse-nc-2026-11-03-rep,BUY,ORDER_INTENT_BUY_LONG,0.12,100,CG4T8AEW2VB9,passive,,2026-09-14T14:52:39.754345451Z,0.021,-0.13,0,1,ORDER_STATE_PARTIALLY_FILLED,UNSOLICITED_CXL_REASON_UNDEFINED,ORD_REJECT_REASON_EXCHANGE_OPTION,,
1789397638.8,2026-09-14T14:53:58.845739377Z,ACTIVITY_TYPE_TRADE,ewc-usse-nc-2026-11-03-rep,BUY,ORDER_INTENT_BUY_LONG,0.12,34,CG4T8AEW2VB9,passive,,2026-09-14T14:52:39.754345451Z,0.022,-0.04,0,1,ORDER_STATE_FILLED,UNSOLICITED_CXL_REASON_UNDEFINED,ORD_REJECT_REASON_EXCHANGE_OPTION,,
1789397666.8,2026-09-14T14:54:26.820155216Z,ACTIVITY_TYPE_TRADE,ewc-usse-nc-2026-11-03-rep,BUY,ORDER_INTENT_BUY_LONG,0.12,1,CG4TRK582VB6,passive,,2026-09-14T14:54:09.455821467Z,0.005,0,0,1,ORDER_STATE_PARTIALLY_FILLED,UNSOLICITED_CXL_REASON_UNDEFINED,ORD_REJECT_REASON_EXCHANGE_OPTION,,
1789397669.2,2026-09-14T14:54:29.153167111Z,ACTIVITY_TYPE_TRADE,ewc-usse-nc-2026-11-03-rep,BUY,ORDER_INTENT_BUY_LONG,0.12,100,CG4TRK582VB6,passive,,2026-09-14T14:54:09.455821467Z,0.005,-0.13,0,1,ORDER_STATE_PARTIALLY_FILLED,UNSOLICITED_CXL_REASON_UNDEFINED,ORD_REJECT_REASON_EXCHANGE_OPTION,,
1789397678.2,2026-09-14T14:54:38.155311133Z,ACTIVITY_TYPE_TRADE,ewc-usse-nc-2026-11-03-rep,BUY,ORDER_INTENT_BUY_LONG,0.12,100,CG4TRK582VB6,passive,,2026-09-14T14:54:09.455821467Z,0.008,-0.13,0,1,ORDER_STATE_PARTIALLY_FILLED,UNSOLICITED_CXL_REASON_UNDEFINED,ORD_REJECT_REASON_EXCHANGE_OPTION,,
1789397685.5,2026-09-14T14:54:45.495059806Z,ACTIVITY_TYPE_TRADE,paccc-usse-midterms-2026-11-03-rep,BUY,ORDER_INTENT_BUY_LONG,0.509,17,CG4T051DYVB3,passive,,2026-09-14T14:52:37.441459938Z,0.036,-0.05,0,1,ORDER_STATE_FILLED,UNSOLICITED_CXL_REASON_UNDEFINED,ORD_REJECT_REASON_EXCHANGE_OPTION,,
1789397734.5,2026-09-14T14:55:34.463354588Z,ACTIVITY_TYPE_TRADE,ftsc-nfl-temostfp-w1-2026-09-14-orogad,BUY,ORDER_INTENT_BUY_LONG,0.01,0.01,CG37FFWY2VB9,passive,,2026-09-14T13:02:45.822054890Z,1.88,0,0,1,ORDER_STATE_FILLED,UNSOLICITED_CXL_REASON_UNDEFINED,ORD_REJECT_REASON_EXCHANGE_OPTION,,
1789397734.5,2026-09-14T14:55:34.463354588Z,ACTIVITY_TYPE_TRADE,ftsc-nfl-temostfp-w1-2026-09-14-orogad,BUY,ORDER_INTENT_BUY_LONG,0.01,0.01,CG3776FYWVB5,passive,,2026-09-14T13:02:45.714230086Z,1.88,0,0,1,ORDER_STATE_FILLED,UNSOLICITED_CXL_REASON_UNDEFINED,ORD_REJECT_REASON_EXCHANGE_OPTION,,
1789398208.2,2026-09-14T15:03:28.232546800Z,ACTIVITY_TYPE_TRADE,paccc-usho-midterms-2026-11-03-dem,BUY,ORDER_INTENT_SELL_SHORT,0.849,67,CG422PD76VB3,passive,-129.82,2026-09-14T14:00:31.577996125Z,1.049,-0.11,0,1,ORDER_STATE_PARTIALLY_FILLED,UNSOLICITED_CXL_REASON_UNDEFINED,ORD_REJECT_REASON_EXCHANGE_OPTION,,
1789398399.3,2026-09-14T15:06:39.254629132Z,ACTIVITY_TYPE_TRADE,paccc-usho-midterms-2026-11-03-dem,SELL,ORDER_INTENT_BUY_SHORT,0.85,44,CG4Z7YND2VB9,passive,,2026-09-14T15:02:22.382722577Z,0.071,-0.07,0,1,ORDER_STATE_PARTIALLY_FILLED,UNSOLICITED_CXL_REASON_UNDEFINED,ORD_REJECT_REASON_EXCHANGE_OPTION,,
1789398403.7,2026-09-14T15:06:43.671991098Z,ACTIVITY_TYPE_TRADE,paccc-usho-midterms-2026-11-03-dem,SELL,ORDER_INTENT_BUY_SHORT,0.85,2,CG4Z7YND2VB9,passive,,2026-09-14T15:02:22.382722577Z,0.073,0,0,1,ORDER_STATE_PARTIALLY_FILLED,UNSOLICITED_CXL_REASON_UNDEFINED,ORD_REJECT_REASON_EXCHANGE_OPTION,,
1789398486.2,2026-09-14T15:08:06.157166754Z,ACTIVITY_TYPE_TRADE,paccc-usse-midterms-2026-11-03-dem,BUY,ORDER_INTENT_SELL_SHORT,0.493,12,CG4709W90VBE,passive,-4.76,2026-09-14T14:11:31.058916820Z,0.943,-0.04,0,1,ORDER_STATE_PARTIALLY_FILLED,UNSOLICITED_CXL_REASON_UNDEFINED,ORD_REJECT_REASON_EXCHANGE_OPTION,,
1789398522.3,2026-09-14T15:08:42.266323982Z,ACTIVITY_TYPE_TRADE,paccc-usse-midterms-2026-11-03-rep,SELL,ORDER_INTENT_SELL_LONG,0.492,107,CG4VSERJEVB2,passive,2.24,2026-09-14T14:55:49.097090738Z,0.215,-0.33,0,1,ORDER_STATE_FILLED,UNSOLICITED_CXL_REASON_UNDEFINED,ORD_REJECT_REASON_EXCHANGE_OPTION,,
1789398720.7,2026-09-14T15:12:00.723890013Z,ACTIVITY_TYPE_TRADE,ewc-usp-2028-11-07-dontru,BUY,ORDER_INTENT_SELL_SHORT,0.1,4,CG4VFGG38VB6,passive,-3.31,2026-09-14T14:55:07.294878398Z,0.282,0,0,1,ORDER_STATE_FILLED,UNSOLICITED_CXL_REASON_UNDEFINED,ORD_REJECT_REASON_EXCHANGE_OPTION,,
1789398905.1,2026-09-14T15:15:05.063564508Z,ACTIVITY_TYPE_TRADE,usgubewc-usgub-fl-2026-11-03-rep,SELL,ORDER_INTENT_BUY_SHORT,0.79,17,CG539Q708VB7,passive,,2026-09-14T15:11:34.452696023Z,0.059,-0.04,0,1,ORDER_STATE_FILLED,UNSOLICITED_CXL_REASON_UNDEFINED,ORD_REJECT_REASON_EXCHANGE_OPTION,,
1789399022.0,2026-09-14T15:17:02.012193907Z,ACTIVITY_TYPE_TRADE,paccc-usse-midterms-2026-11-03-rep,SELL,ORDER_INTENT_BUY_SHORT,0.492,23,CG54FW14WVBA,passive,,2026-09-14T15:15:22.312698438Z,0.028,-0.07,0,1,ORDER_STATE_PARTIALLY_FILLED,UNSOLICITED_CXL_REASON_UNDEFINED,ORD_REJECT_REASON_EXCHANGE_OPTION,,
1789399063.1,2026-09-14T15:17:43.084625008Z,ACTIVITY_TYPE_TRADE,paccc-usse-midterms-2026-11-03-rep,BUY,ORDER_INTENT_BUY_LONG,0.491,35,CG54GG38AVBE,passive,,2026-09-14T15:15:22.496976594Z,0.039,-0.11,0,1,ORDER_STATE_FILLED,UNSOLICITED_CXL_REASON_UNDEFINED,ORD_REJECT_REASON_EXCHANGE_OPTION,,
1789399341.2,2026-09-14T15:22:21.158143395Z,ACTIVITY_TYPE_TRADE,aachc-cfb-wins-2026-11-28-nd-8pt5wins,BUY,ORDER_INTENT_BUY_LONG,0.88,0.1,CG2Y8R20MVB2,passive,,2026-09-14T12:43:07.869496002Z,2.654,0,0,1,ORDER_STATE_PARTIALLY_FILLED,UNSOLICITED_CXL_REASON_UNDEFINED,ORD_REJECT_REASON_EXCHANGE_OPTION,,
1789399552.8,2026-09-14T15:25:52.772165788Z,ACTIVITY_TYPE_TRADE,usgubewc-usgub-ct-2026-11-03-dem,BUY,ORDER_INTENT_BUY_LONG,0.74,6.75,CG35NYBVWVB8,passive,,2026-09-14T12:58:45.210713690Z,2.452,-0.02,0,1,ORDER_STATE_PARTIALLY_FILLED,UNSOLICITED_CXL_REASON_UNDEFINED,ORD_REJECT_REASON_EXCHANGE_OPTION,,
1789399564.9,2026-09-14T15:26:04.925524944Z,ACTIVITY_TYPE_TRADE,usgubewc-usgub-ct-2026-11-03-dem,BUY,ORDER_INTENT_BUY_LONG,0.74,3.25,CG35NYBVWVB8,passive,,2026-09-14T12:58:45.210713690Z,2.455,-0.01,0,1,ORDER_STATE_FILLED,UNSOLICITED_CXL_REASON_UNDEFINED,ORD_REJECT_REASON_EXCHANGE_OPTION,,
1789399571.8,2026-09-14T15:26:11.792359512Z,ACTIVITY_TYPE_TRADE,paccc-balpow-2026-11-03-dhou-rsen,SELL,ORDER_INTENT_SELL_LONG,0.43,78,CG4R0QD1RVB9,passive,31.33,2026-09-14T14:47:39.448297735Z,0.642,-0.24,0,1,ORDER_STATE_FILLED,UNSOLICITED_CXL_REASON_UNDEFINED,ORD_REJECT_REASON_EXCHANGE_OPTION,,
1789399834.0,2026-09-14T15:30:33.987146512Z,ACTIVITY_TYPE_TRADE,paccc-balpow-2026-11-03-dhou-rsen,BUY,ORDER_INTENT_BUY_LONG,0.42,35,CG5B34J00VB5,passive,,2026-09-14T15:29:34.659185121Z,0.016,-0.11,0,1,ORDER_STATE_PARTIALLY_FILLED,UNSOLICITED_CXL_REASON_UNDEFINED,ORD_REJECT_REASON_EXCHANGE_OPTION,,
1789399837.2,2026-09-14T15:30:37.223027554Z,ACTIVITY_TYPE_TRADE,paccc-balpow-2026-11-03-dhou-rsen,BUY,ORDER_INTENT_BUY_LONG,0.42,34,CG5B34J00VB5,passive,,2026-09-14T15:29:34.659185121Z,0.017,-0.1,0,1,ORDER_STATE_FILLED,UNSOLICITED_CXL_REASON_UNDEFINED,ORD_REJECT_REASON_EXCHANGE_OPTION,,
1789399907.4,2026-09-14T15:31:47.394848672Z,ACTIVITY_TYPE_TRADE,ewc-usse-me-2026-11-03-rep,SELL,ORDER_INTENT_SELL_LONG,0.33,68,CG2R7Y26JVBE,passive,-17.51,2026-09-14T12:31:39.480954809Z,3.002,-0.19,0,1,ORDER_STATE_FILLED,UNSOLICITED_CXL_REASON_UNDEFINED,ORD_REJECT_REASON_EXCHANGE_OPTION,,
1789399975.9,2026-09-14T15:32:55.926540231Z,ACTIVITY_TYPE_TRADE,paccc-usse-midterms-2026-11-03-rep,SELL,ORDER_INTENT_SELL_LONG,0.492,12,CG55ADKA6VB3,passive,-16.16,2026-09-14T15:17:53.239980915Z,0.251,-0.04,0,1,ORDER_STATE_FILLED,UNSOLICITED_CXL_REASON_UNDEFINED,ORD_REJECT_REASON_EXCHANGE_OPTION,,
1789400461.9,2026-09-14T15:41:01.886936606Z,ACTIVITY_TYPE_TRADE,ewc-usse-mn-2026-11-03-rep,SELL,ORDER_INTENT_SELL_LONG,0.13,207,CG2RBQ6R8VB9,passive,0.29,2026-09-14T12:31:37.942194221Z,3.157,-0.29,0,1,ORDER_STATE_PARTIALLY_FILLED,UNSOLICITED_CXL_REASON_UNDEFINED,ORD_REJECT_REASON_EXCHANGE_OPTION,,
1789400834.0,2026-09-14T15:47:13.960414087Z,ACTIVITY_TYPE_TRADE,ewc-usgub-ia-2026-11-03-rep,BUY,ORDER_INTENT_BUY_LONG,0.26,165,CG51X6XEWVBE,passive,,2026-09-14T15:09:05.134061749Z,0.636,-0.4,0,1,ORDER_STATE_FILLED,UNSOLICITED_CXL_REASON_UNDEFINED,ORD_REJECT_REASON_EXCHANGE_OPTION,,
1789400913.7,2026-09-14T15:48:33.694734579Z,ACTIVITY_TYPE_TRADE,ewc-usgub-ia-2026-11-03-dem,BUY,ORDER_INTENT_BUY_LONG,0.76,79,CG52D9WJMVB6,passive,,2026-09-14T15:09:53.047743379Z,0.645,-0.18,0,1,ORDER_STATE_FILLED,UNSOLICITED_CXL_REASON_UNDEFINED,ORD_REJECT_REASON_EXCHANGE_OPTION,,
1789401224.5,2026-09-14T15:53:44.515045888Z,ACTIVITY_TYPE_TRADE,paccc-usse-midterms-2026-11-03-dem,BUY,ORDER_INTENT_SELL_SHORT,0.508,71,CG5A6MTVGVB6,passive,-27.14,2026-09-14T15:27:20.975204298Z,0.44,-0.22,0,1,ORDER_STATE_FILLED,UNSOLICITED_CXL_REASON_UNDEFINED,ORD_REJECT_REASON_EXCHANGE_OPTION,,
1789401844.5,2026-09-14T16:04:04.529824962Z,ACTIVITY_TYPE_TRADE,ushrewc-ushr-oh-09-2026-11-03-rep,SELL,ORDER_INTENT_BUY_SHORT,0.24,17.89,CG5S7R3T0VBA,passive,,2026-09-14T16:04:04.441325554Z,0,-0.04,0,1,ORDER_STATE_PARTIALLY_FILLED,UNSOLICITED_CXL_REASON_UNDEFINED,ORD_REJECT_REASON_EXCHANGE_OPTION,,
1789401909.7,2026-09-14T16:05:09.658670218Z,ACTIVITY_TYPE_TRADE,paccc-usse-midterms-2026-11-03-rep,BUY,ORDER_INTENT_BUY_LONG,0.491,53,CG5R6WZ9TVB2,passive,,2026-09-14T16:01:04.649574961Z,0.068,-0.17,0,1,ORDER_STATE_FILLED,UNSOLICITED_CXL_REASON_UNDEFINED,ORD_REJECT_REASON_EXCHANGE_OPTION,,
1789402539.7,2026-09-14T16:15:39.741267303Z,ACTIVITY_TYPE_TRADE,paccc-usse-midterms-2026-11-03-dem,SELL,ORDER_INTENT_BUY_SHORT,0.509,106,CG5NMWC7AVB7,passive,,2026-09-14T15:54:35.443822314Z,0.351,-0.33,0,1,ORDER_STATE_FILLED,UNSOLICITED_CXL_REASON_UNDEFINED,ORD_REJECT_REASON_EXCHANGE_OPTION,,
1789402701.1,2026-09-14T16:18:21.148562258Z,ACTIVITY_TYPE_TRADE,ussewc-usse-il-2026-11-03-dem,BUY,ORDER_INTENT_BUY_LONG,0.93,5.18,CG2Z6EJVRVB3,passive,,2026-09-14T12:45:56.660740297Z,3.54,0,0,1,ORDER_STATE_PARTIALLY_FILLED,UNSOLICITED_CXL_REASON_UNDEFINED,ORD_REJECT_REASON_EXCHANGE_OPTION,,
1789403086.1,2026-09-14T16:24:46.137624893Z,ACTIVITY_TYPE_TRADE,scc-hrep-rep-2026-11-03-gte185,SELL,ORDER_INTENT_BUY_SHORT,0.99,57.57,CG340FNH2VB6,passive,,2026-09-14T12:54:52.244923147Z,3.498,-0.01,0,1,ORDER_STATE_PARTIALLY_FILLED,UNSOLICITED_CXL_REASON_UNDEFINED,ORD_REJECT_REASON_EXCHANGE_OPTION,,
1789403151.0,2026-09-14T16:25:51.018945104Z,ACTIVITY_TYPE_TRADE,paccc-usse-midterms-2026-11-03-dem,BUY,ORDER_INTENT_SELL_SHORT,0.508,106,CG6086P7MVB2,passive,-17.48,2026-09-14T16:17:59.447187173Z,0.131,-0.33,0,1,ORDER_STATE_FILLED,UNSOLICITED_CXL_REASON_UNDEFINED,ORD_REJECT_REASON_EXCHANGE_OPTION,,
1789403777.2,2026-09-14T16:36:17.235935822Z,ACTIVITY_TYPE_TRADE,paccc-usho-midterms-2026-11-03-dem,SELL,ORDER_INTENT_BUY_SHORT,0.85,52,CG68E0BMRVBA,passive,,2026-09-14T16:35:12.481870913Z,0.018,-0.08,0,1,ORDER_STATE_PARTIALLY_FILLED,UNSOLICITED_CXL_REASON_UNDEFINED,ORD_REJECT_REASON_EXCHANGE_OPTION,,
1789403809.4,2026-09-14T16:36:49.442697909Z,ACTIVITY_TYPE_TRADE,scc-hrep-rep-2026-11-03-gte185,SELL,ORDER_INTENT_BUY_SHORT,0.99,0.1,CG340FNH2VB6,passive,,2026-09-14T12:54:52.244923147Z,3.699,0,0,1,ORDER_STATE_PARTIALLY_FILLED,UNSOLICITED_CXL_REASON_UNDEFINED,ORD_REJECT_REASON_EXCHANGE_OPTION,,
1789403841.7,2026-09-14T16:37:21.743952987Z,ACTIVITY_TYPE_TRADE,usgubewc-usgub-tx-2026-11-03-rep,SELL,ORDER_INTENT_SELL_LONG,0.77,5,CG5ZFEDGEVB8,passive,-0.61,2026-09-14T16:16:30.502387231Z,0.348,-0.01,0,1,ORDER_STATE_PARTIALLY_FILLED,UNSOLICITED_CXL_REASON_UNDEFINED,ORD_REJECT_REASON_EXCHANGE_OPTION,,
1789404271.1,2026-09-14T16:44:31.118095249Z,ACTIVITY_TYPE_TRADE,paccc-usse-midterms-2026-11-03-rep,SELL,ORDER_INTENT_SELL_LONG,0.491,3,CG5T7AB22VB4,passive,-0.95,2026-09-14T16:07:30.745453519Z,0.617,-0.01,0,1,ORDER_STATE_PARTIALLY_FILLED,UNSOLICITED_CXL_REASON_UNDEFINED,ORD_REJECT_REASON_EXCHANGE_OPTION,,
1789404379.3,2026-09-14T16:46:19.320436629Z,ACTIVITY_TYPE_TRADE,usgubewc-usgub-tx-2026-11-03-rep,SELL,ORDER_INTENT_SELL_LONG,0.77,10,CG5ZFEDGEVB8,passive,-1.71,2026-09-14T16:16:30.502387231Z,0.497,-0.02,0,1,ORDER_STATE_PARTIALLY_FILLED,UNSOLICITED_CXL_REASON_UNDEFINED,ORD_REJECT_REASON_EXCHANGE_OPTION,,
1789404398.2,2026-09-14T16:46:38.199862252Z,ACTIVITY_TYPE_TRADE,usgubewc-usgub-tx-2026-11-03-rep,SELL,ORDER_INTENT_SELL_LONG,0.77,10,CG5ZFEDGEVB8,passive,-2.26,2026-09-14T16:16:30.502387231Z,0.502,-0.02,0,1,ORDER_STATE_PARTIALLY_FILLED,UNSOLICITED_CXL_REASON_UNDEFINED,ORD_REJECT_REASON_EXCHANGE_OPTION,,
1789404445.5,2026-09-14T16:47:25.528669245Z,ACTIVITY_TYPE_TRADE,paccc-usse-midterms-2026-11-03-rep,SELL,ORDER_INTENT_SELL_LONG,0.491,50,CG5T7AB22VB4,passive,-15.79,2026-09-14T16:07:30.745453519Z,0.665,-0.16,0,1,ORDER_STATE_FILLED,UNSOLICITED_CXL_REASON_UNDEFINED,ORD_REJECT_REASON_EXCHANGE_OPTION,,
1789404581.7,2026-09-14T16:49:41.673249357Z,ACTIVITY_TYPE_TRADE,paccc-balpow-2026-11-03-dhou-rsen,BUY,ORDER_INTENT_BUY_LONG,0.4,86,CG6DP9CA0VB2,passive,,2026-09-14T16:44:44.231482852Z,0.083,-0.26,0,1,ORDER_STATE_FILLED,UNSOLICITED_CXL_REASON_UNDEFINED,ORD_REJECT_REASON_EXCHANGE_OPTION,,
1789404658.6,2026-09-14T16:50:58.637099809Z,ACTIVITY_TYPE_TRADE,usgubewc-usgub-or-2026-11-03-rep,BUY,ORDER_INTENT_BUY_LONG,0.15,2.56,CG33CC53MVB8,passive,,2026-09-14T12:53:14.743411214Z,3.962,0,0,1,ORDER_STATE_PARTIALLY_FILLED,UNSOLICITED_CXL_REASON_UNDEFINED,ORD_REJECT_REASON_EXCHANGE_OPTION,,
1789404898.9,2026-09-14T16:54:58.854016911Z,ACTIVITY_TYPE_TRADE,ussewc-usse-tn-2026-11-03-rep,BUY,ORDER_INTENT_BUY_LONG,0.52,10,CG2WACT00VB8,passive,,2026-09-14T12:39:38.326555169Z,4.256,-0.03,0,1,ORDER_STATE_FILLED,UNSOLICITED_CXL_REASON_UNDEFINED,ORD_REJECT_REASON_EXCHANGE_OPTION,,
1789405165.9,2026-09-14T16:59:25.861173176Z,ACTIVITY_TYPE_TRADE,ushrewc-ushr-pa-01-2026-11-03-rep,SELL,ORDER_INTENT_BUY_SHORT,0.54,36,CG6F8G2CAVB3,passive,,2026-09-14T16:48:29.007386512Z,0.182,-0.11,0,1,ORDER_STATE_PARTIALLY_FILLED,UNSOLICITED_CXL_REASON_UNDEFINED,ORD_REJECT_REASON_EXCHANGE_OPTION,,
1789405498.9,2026-09-14T17:04:58.938003303Z,ACTIVITY_TYPE_TRADE,paccc-usho-midterms-2026-11-03-dem,SELL,ORDER_INTENT_BUY_SHORT,0.85,67,CG6KX38XCVB7,passive,,2026-09-14T16:59:29.776704403Z,0.091,-0.11,0,1,ORDER_STATE_PARTIALLY_FILLED,UNSOLICITED_CXL_REASON_UNDEFINED,ORD_REJECT_REASON_EXCHANGE_OPTION,,
1789405503.1,2026-09-14T17:05:03.069261601Z,ACTIVITY_TYPE_TRADE,paccc-usho-midterms-2026-11-03-dem,SELL,ORDER_INTENT_BUY_SHORT,0.85,2,CG6KX38XCVB7,passive,,2026-09-14T16:59:29.776704403Z,0.093,0,0,1,ORDER_STATE_PARTIALLY_FILLED,UNSOLICITED_CXL_REASON_UNDEFINED,ORD_REJECT_REASON_EXCHANGE_OPTION,,
1789405576.0,2026-09-14T17:06:16.021315678Z,ACTIVITY_TYPE_TRADE,paccc-usse-midterms-2026-11-03-rep,BUY,ORDER_INTENT_SELL_SHORT,0.49,56,CG6K4T0F2VB4,passive,17.69,2026-09-14T16:58:00.024055117Z,0.138,-0.17,0,1,ORDER_STATE_FILLED,UNSOLICITED_CXL_REASON_UNDEFINED,ORD_REJECT_REASON_EXCHANGE_OPTION,,
1789406225.6,2026-09-14T17:17:05.634851088Z,ACTIVITY_TYPE_TRADE,paccc-usse-midterms-2026-11-03-rep,SELL,ORDER_INTENT_SELL_LONG,0.491,56,CG6QV3Z2MVB5,passive,-38.26,2026-09-14T17:07:59.196284128Z,0.152,-0.17,0,1,ORDER_STATE_FILLED,UNSOLICITED_CXL_REASON_UNDEFINED,ORD_REJECT_REASON_EXCHANGE_OPTION,,
1789406571.2,2026-09-14T17:22:51.210585816Z,ACTIVITY_TYPE_TRADE,ushrewc-ushr-ca-45-2026-11-03-dem,BUY,ORDER_INTENT_BUY_LONG,0.93,52,CG6QD7XXCVB4,passive,,2026-09-14T17:07:19.362117958Z,0.259,-0.04,0,1,ORDER_STATE_FILLED,UNSOLICITED_CXL_REASON_UNDEFINED,ORD_REJECT_REASON_EXCHANGE_OPTION,,
1789406748.9,2026-09-14T17:25:48.884059422Z,ACTIVITY_TYPE_TRADE,usgubewc-usgub-tx-2026-11-03-rep,SELL,ORDER_INTENT_SELL_LONG,0.77,10,CG6VZMNFMVB6,passive,-2.88,2026-09-14T17:16:28.986003588Z,0.156,-0.02,0,1,ORDER_STATE_PARTIALLY_FILLED,UNSOLICITED_CXL_REASON_UNDEFINED,ORD_REJECT_REASON_EXCHANGE_OPTION,,
1789406913.2,2026-09-14T17:28:33.161367458Z,ACTIVITY_TYPE_TRADE,paccc-usse-midterms-2026-11-03-dem,SELL,ORDER_INTENT_BUY_SHORT,0.509,60,CG6VX0KEYVB2,passive,,2026-09-14T17:17:17.690896930Z,0.188,-0.19,0,1,ORDER_STATE_FILLED,UNSOLICITED_CXL_REASON_UNDEFINED,ORD_REJECT_REASON_EXCHANGE_OPTION,,
1789406926.4,2026-09-14T17:28:46.444365333Z,ACTIVITY_TYPE_TRADE,usgubewc-usgub-tx-2026-11-03-rep,SELL,ORDER_INTENT_SELL_LONG,0.77,10,CG6VZMNFMVB6,passive,-3.57,2026-09-14T17:16:28.986003588Z,0.205,-0.02,0,1,ORDER_STATE_PARTIALLY_FILLED,UNSOLICITED_CXL_REASON_UNDEFINED,ORD_REJECT_REASON_EXCHANGE_OPTION,,
1789406954.8,2026-09-14T17:29:14.763980739Z,ACTIVITY_TYPE_TRADE,paccc-balpow-2026-11-03-dhou-rsen,BUY,ORDER_INTENT_BUY_LONG,0.39,35,CG6ZE4W34VB3,passive,,2026-09-14T17:24:59.182044248Z,0.071,-0.1,0,1,ORDER_STATE_FILLED,UNSOLICITED_CXL_REASON_UNDEFINED,ORD_REJECT_REASON_EXCHANGE_OPTION,,
1789407065.4,2026-09-14T17:31:05.423289104Z,ACTIVITY_TYPE_TRADE,usgubewc-usgub-or-2026-11-03-rep,BUY,ORDER_INTENT_BUY_LONG,0.15,14.44,CG33CC53MVB8,passive,,2026-09-14T12:53:14.743411214Z,4.631,-0.02,0,1,ORDER_STATE_FILLED,UNSOLICITED_CXL_REASON_UNDEFINED,ORD_REJECT_REASON_EXCHANGE_OPTION,,
1789407123.2,2026-09-14T17:32:03.171107056Z,ACTIVITY_TYPE_TRADE,usgubewc-usgub-fl-2026-11-03-dem,SELL,ORDER_INTENT_SELL_LONG,0.24,31.87,CG64ZKN3RVB8,passive,-0.47,2026-09-14T16:27:57.629228606Z,1.068,-0.07,0,1,ORDER_STATE_PARTIALLY_FILLED,UNSOLICITED_CXL_REASON_UNDEFINED,ORD_REJECT_REASON_EXCHANGE_OPTION,,
1789407236.9,2026-09-14T17:33:56.909281484Z,ACTIVITY_TYPE_TRADE,paccc-usho-midterms-2026-11-03-dem,SELL,ORDER_INTENT_BUY_SHORT,0.85,3,CG732BDKEVB5,passive,,2026-09-14T17:32:47.056278195Z,0.019,0,0,1,ORDER_STATE_PARTIALLY_FILLED,UNSOLICITED_CXL_REASON_UNDEFINED,ORD_REJECT_REASON_EXCHANGE_OPTION,,
1789407283.9,2026-09-14T17:34:43.852782996Z,ACTIVITY_TYPE_TRADE,paccc-usse-midterms-2026-11-03-rep,SELL,ORDER_INTENT_BUY_SHORT,0.491,32,CG6Z24VR0VB4,passive,,2026-09-14T17:23:17.492571179Z,0.191,-0.1,0,1,ORDER_STATE_PARTIALLY_FILLED,UNSOLICITED_CXL_REASON_UNDEFINED,ORD_REJECT_REASON_EXCHANGE_OPTION,,
1789408224.2,2026-09-14T17:50:24.172436670Z,ACTIVITY_TYPE_TRADE,paccc-usse-midterms-2026-11-03-rep,BUY,ORDER_INTENT_SELL_SHORT,0.49,32,CG74H1RHMVB5,passive,6.52,2026-09-14T17:35:47.093415156Z,0.244,-0.1,0,1,ORDER_STATE_FILLED,UNSOLICITED_CXL_REASON_UNDEFINED,ORD_REJECT_REASON_EXCHANGE_OPTION,,
1789408302.8,2026-09-14T17:51:42.847496583Z,ACTIVITY_TYPE_TRADE,usgubewc-usgub-tx-2026-11-03-rep,SELL,ORDER_INTENT_SELL_LONG,0.77,10,CG6VZMNFMVB6,passive,-4.37,2026-09-14T17:16:28.986003588Z,0.587,-0.02,0,1,ORDER_STATE_PARTIALLY_FILLED,UNSOLICITED_CXL_REASON_UNDEFINED,ORD_REJECT_REASON_EXCHANGE_OPTION,,
1789409335.2,2026-09-14T18:08:55.174317619Z,ACTIVITY_TYPE_TRADE,paccc-usho-midterms-2026-11-03-dem,SELL,ORDER_INTENT_BUY_SHORT,0.85,6,CG7FRRRCRVB4,passive,,2026-09-14T18:01:15.742567103Z,0.128,-0.01,0,1,ORDER_STATE_FILLED,UNSOLICITED_CXL_REASON_UNDEFINED,ORD_REJECT_REASON_EXCHANGE_OPTION,,
1789409369.4,2026-09-14T18:09:29.426755884Z,ACTIVITY_TYPE_TRADE,aqc-nfl-nfc-2027-01-24-champq-nyg,SELL,ORDER_INTENT_BUY_SHORT,0.15,0.1,CG3648PEMVB8,passive,,2026-09-14T12:59:26.132133408Z,5.168,0,0,1,ORDER_STATE_PARTIALLY_FILLED,UNSOLICITED_CXL_REASON_UNDEFINED,ORD_REJECT_REASON_EXCHANGE_OPTION,,
1789409473.9,2026-09-14T18:11:13.856780896Z,ACTIVITY_TYPE_TRADE,ussewc-usse-sd-2026-11-03-rep,BUY,ORDER_INTENT_SELL_SHORT,0.92,2,CG6CTQTEMVB8,passive,-128.64,2026-09-14T16:43:17.168721830Z,1.466,0,0,1,ORDER_STATE_FILLED,UNSOLICITED_CXL_REASON_UNDEFINED,ORD_REJECT_REASON_EXCHANGE_OPTION,,
1789409694.0,2026-09-14T18:14:53.988159991Z,ACTIVITY_TYPE_TRADE,ewc-usse-nc-2026-11-03-rep,SELL,ORDER_INTENT_SELL_LONG,0.11,100,CG4V9GR2GVB3,passive,-9.37,2026-09-14T14:55:18.976938983Z,3.326,-0.12,0,1,ORDER_STATE_PARTIALLY_FILLED,UNSOLICITED_CXL_REASON_UNDEFINED,ORD_REJECT_REASON_EXCHANGE_OPTION,,
1789409730.6,2026-09-14T18:15:30.646332177Z,ACTIVITY_TYPE_TRADE,ussewc-usse-tn-2026-11-03-rep,BUY,ORDER_INTENT_SELL_SHORT,0.98,57.57,CG7PK37WCVB8,passive,4.6,2026-09-14T18:15:05.755599850Z,0.007,-0.01,0,1,ORDER_STATE_PARTIALLY_FILLED,UNSOLICITED_CXL_REASON_UNDEFINED,ORD_REJECT_REASON_EXCHANGE_OPTION,,
1789410227.6,2026-09-14T18:23:47.577135490Z,ACTIVITY_TYPE_TRADE,ewc-usse-mn-2026-11-03-rep,SELL,ORDER_INTENT_SELL_LONG,0.13,155,CG2RBQ6R8VB9,passive,0.22,2026-09-14T12:31:37.942194221Z,5.869,-0.22,0,1,ORDER_STATE_FILLED,UNSOLICITED_CXL_REASON_UNDEFINED,ORD_REJECT_REASON_EXCHANGE_OPTION,,
1789410524.1,2026-09-14T18:28:44.080405735Z,ACTIVITY_TYPE_TRADE,ewc-usgub-wi-2026-11-03-rep,SELL,ORDER_INTENT_BUY_SHORT,0.18,14,CG7VN5ZDWVB5,passive,,2026-09-14T18:25:17.001039861Z,0.058,-0.03,0,1,ORDER_STATE_FILLED,UNSOLICITED_CXL_REASON_UNDEFINED,ORD_REJECT_REASON_EXCHANGE_OPTION,,
1789410704.2,2026-09-14T18:31:44.203315573Z,ACTIVITY_TYPE_TRADE,paccc-usho-midterms-2026-11-03-dem,BUY,ORDER_INTENT_SELL_SHORT,0.849,14,CG6PK6DY2VB2,passive,9.04,2026-09-14T17:05:28.960112427Z,1.438,-0.02,0,1,ORDER_STATE_PARTIALLY_FILLED,UNSOLICITED_CXL_REASON_UNDEFINED,ORD_REJECT_REASON_EXCHANGE_OPTION,,
1789410802.6,2026-09-14T18:33:22.556588081Z,ACTIVITY_TYPE_TRADE,paccc-usho-midterms-2026-11-03-dem,BUY,ORDER_INTENT_SELL_SHORT,0.849,67,CG6PK6DY2VB2,passive,45.29,2026-09-14T17:05:28.960112427Z,1.465,-0.11,0,1,ORDER_STATE_PARTIALLY_FILLED,UNSOLICITED_CXL_REASON_UNDEFINED,ORD_REJECT_REASON_EXCHANGE_OPTION,,
1789410945.0,2026-09-14T18:35:45.010171783Z,ACTIVITY_TYPE_TRADE,usgubewc-usgub-sd-2026-11-03-rep,SELL,ORDER_INTENT_SELL_LONG,0.99,20,CG328Y4J8VB8,passive,6.76,2026-09-14T12:51:14.863909908Z,5.742,0,0,1,ORDER_STATE_FILLED,UNSOLICITED_CXL_REASON_UNDEFINED,ORD_REJECT_REASON_EXCHANGE_OPTION,,
1789410945.0,2026-09-14T18:35:45.010171783Z,ACTIVITY_TYPE_TRADE,usgubewc-usgub-sd-2026-11-03-rep,SELL,ORDER_INTENT_SELL_LONG,0.99,9,CG321FXCTVB7,passive,3.04,2026-09-14T12:51:14.718781727Z,5.742,0,0,1,ORDER_STATE_FILLED,UNSOLICITED_CXL_REASON_UNDEFINED,ORD_REJECT_REASON_EXCHANGE_OPTION,,
1789412960.3,2026-09-14T19:09:20.293429077Z,ACTIVITY_TYPE_TRADE,aqc-nfl-nfc-2027-01-24-champq-nyg,SELL,ORDER_INTENT_BUY_SHORT,0.15,1.15,CG3648PEMVB8,passive,,2026-09-14T12:59:26.132133408Z,6.165,0,0,1,ORDER_STATE_FILLED,UNSOLICITED_CXL_REASON_UNDEFINED,ORD_REJECT_REASON_EXCHANGE_OPTION,,
1789413034.6,2026-09-14T19:10:34.595040544Z,ACTIVITY_TYPE_TRADE,paccc-usho-midterms-2026-11-03-dem,SELL,ORDER_INTENT_BUY_SHORT,0.85,21,CG8F0NVZGVB8,passive,,2026-09-14T19:07:20.038935388Z,0.054,-0.03,0,1,ORDER_STATE_PARTIALLY_FILLED,UNSOLICITED_CXL_REASON_UNDEFINED,ORD_REJECT_REASON_EXCHANGE_OPTION,,
1789413034.6,2026-09-14T19:10:34.641625361Z,ACTIVITY_TYPE_TRADE,paccc-usho-midterms-2026-11-03-dem,SELL,ORDER_INTENT_BUY_SHORT,0.85,20,CG8F0NVZGVB8,passive,,2026-09-14T19:07:20.038935388Z,0.054,-0.03,0,1,ORDER_STATE_PARTIALLY_FILLED,UNSOLICITED_CXL_REASON_UNDEFINED,ORD_REJECT_REASON_EXCHANGE_OPTION,,
1789413038.8,2026-09-14T19:10:38.833401134Z,ACTIVITY_TYPE_TRADE,paccc-usho-midterms-2026-11-03-dem,SELL,ORDER_INTENT_BUY_SHORT,0.85,67,CG8F0NVZGVB8,passive,,2026-09-14T19:07:20.038935388Z,0.055,-0.11,0,1,ORDER_STATE_PARTIALLY_FILLED,UNSOLICITED_CXL_REASON_UNDEFINED,ORD_REJECT_REASON_EXCHANGE_OPTION,,
1789413976.2,2026-09-14T19:26:16.194070950Z,ACTIVITY_TYPE_TRADE,paccc-usho-midterms-2026-11-03-dem,BUY,ORDER_INTENT_SELL_SHORT,0.853,16,CG8NQ83EPVB3,passive,5.98,2026-09-14T19:21:50.024030338Z,0.074,-0.03,0,1,ORDER_STATE_PARTIALLY_FILLED,UNSOLICITED_CXL_REASON_UNDEFINED,ORD_REJECT_REASON_EXCHANGE_OPTION,,
1789414070.5,2026-09-14T19:27:50.498694207Z,ACTIVITY_TYPE_TRADE,paccc-usho-midterms-2026-11-03-dem,BUY,ORDER_INTENT_SELL_SHORT,0.853,66,CG8NQ83EPVB3,passive,51.99,2026-09-14T19:21:50.024030338Z,0.1,-0.1,0,1,ORDER_STATE_PARTIALLY_FILLED,UNSOLICITED_CXL_REASON_UNDEFINED,ORD_REJECT_REASON_EXCHANGE_OPTION,,
1789414099.2,2026-09-14T19:28:19.244540245Z,ACTIVITY_TYPE_TRADE,paccc-usho-midterms-2026-11-03-dem,BUY,ORDER_INTENT_SELL_SHORT,0.853,66,CG8NQ83EPVB3,passive,9.7,2026-09-14T19:21:50.024030338Z,0.108,-0.1,0,1,ORDER_STATE_PARTIALLY_FILLED,UNSOLICITED_CXL_REASON_UNDEFINED,ORD_REJECT_REASON_EXCHANGE_OPTION,,
1789414099.8,2026-09-14T19:28:19.770612443Z,ACTIVITY_TYPE_TRADE,paccc-usho-midterms-2026-11-03-dem,BUY,ORDER_INTENT_SELL_SHORT,0.853,66,CG8NQ83EPVB3,passive,-119.84,2026-09-14T19:21:50.024030338Z,0.108,-0.1,0,1,ORDER_STATE_PARTIALLY_FILLED,UNSOLICITED_CXL_REASON_UNDEFINED,ORD_REJECT_REASON_EXCHANGE_OPTION,,
1789414107.0,2026-09-14T19:28:26.982996486Z,ACTIVITY_TYPE_TRADE,paccc-usho-midterms-2026-11-03-dem,BUY,ORDER_INTENT_SELL_SHORT,0.853,66,CG8NQ83EPVB3,passive,-1104.75,2026-09-14T19:21:50.024030338Z,0.11,-0.1,0,1,ORDER_STATE_PARTIALLY_FILLED,UNSOLICITED_CXL_REASON_UNDEFINED,ORD_REJECT_REASON_EXCHANGE_OPTION,,
1789414231.7,2026-09-14T19:30:31.705682850Z,ACTIVITY_TYPE_TRADE,paccc-usho-midterms-2026-11-03-dem,BUY,ORDER_INTENT_SELL_SHORT,0.853,20,CG8NQ83EPVB3,passive,-334.77,2026-09-14T19:21:50.024030338Z,0.145,-0.03,0,1,ORDER_STATE_FILLED,UNSOLICITED_CXL_REASON_UNDEFINED,ORD_REJECT_REASON_EXCHANGE_OPTION,,
1789414377.5,2026-09-14T19:32:57.493749067Z,ACTIVITY_TYPE_TRADE,paccc-usho-midterms-2026-11-03-dem,SELL,ORDER_INTENT_BUY_SHORT,0.854,53,CG8S9Y7QPVB7,passive,,2026-09-14T19:28:34.558669221Z,0.073,-0.08,0,1,ORDER_STATE_PARTIALLY_FILLED,UNSOLICITED_CXL_REASON_UNDEFINED,ORD_REJECT_REASON_EXCHANGE_OPTION,,
1789414474.4,2026-09-14T19:34:34.354966712Z,ACTIVITY_TYPE_TRADE,fptc-nfl-tefpou-2027-01-10-brobow,BUY,ORDER_INTENT_BUY_LONG,0.22,0.05,CG377VV68VBE,passive,,2026-09-14T13:02:25.139752016Z,6.536,0,0,1,ORDER_STATE_PARTIALLY_FILLED,UNSOLICITED_CXL_REASON_UNDEFINED,ORD_REJECT_REASON_EXCHANGE_OPTION,,
1789414587.6,2026-09-14T19:36:27.645560722Z,ACTIVITY_TYPE_TRADE,paccc-usho-midterms-2026-11-03-dem,BUY,ORDER_INTENT_SELL_SHORT,0.853,48,CG8W0AXTMVBE,passive,-2931.96,2026-09-14T19:34:17.703231468Z,0.036,-0.08,0,1,ORDER_STATE_PARTIALLY_FILLED,UNSOLICITED_CXL_REASON_UNDEFINED,ORD_REJECT_REASON_EXCHANGE_OPTION,,
1789414588.3,2026-09-14T19:36:28.294406817Z,ACTIVITY_TYPE_TRADE,paccc-usho-midterms-2026-11-03-dem,BUY,ORDER_INTENT_SELL_SHORT,0.853,5,CG8W0AXTMVBE,passive,-305.41,2026-09-14T19:34:17.703231468Z,0.036,-0.01,0,1,ORDER_STATE_FILLED,UNSOLICITED_CXL_REASON_UNDEFINED,ORD_REJECT_REASON_EXCHANGE_OPTION,,
1789415082.1,2026-09-14T19:44:42.110285147Z,ACTIVITY_TYPE_TRADE,paccc-usho-midterms-2026-11-03-dem,BUY,ORDER_INTENT_BUY_LONG,0.853,33,CG8XAXAZ6VB8,passive,,2026-09-14T19:36:47.624779637Z,0.132,-0.05,0,1,ORDER_STATE_PARTIALLY_FILLED,UNSOLICITED_CXL_REASON_UNDEFINED,ORD_REJECT_REASON_EXCHANGE_OPTION,,
1789415655.9,2026-09-14T19:54:15.893767485Z,ACTIVITY_TYPE_TRADE,ussewc-usse-id-2026-11-03-rep,SELL,ORDER_INTENT_SELL_LONG,0.99,10,CG36MD1AMVBA,passive,0.39,2026-09-14T13:01:26.795694864Z,6.88,0,0,1,ORDER_STATE_FILLED,UNSOLICITED_CXL_REASON_UNDEFINED,ORD_REJECT_REASON_EXCHANGE_OPTION,,
1789416066.9,2026-09-14T20:01:06.864790468Z,ACTIVITY_TYPE_TRADE,paccc-usho-midterms-2026-11-03-dem,BUY,ORDER_INTENT_BUY_LONG,0.853,14,CG97E1JS2VB8,passive,,2026-09-14T20:00:36.490502210Z,0.008,-0.02,0,1,ORDER_STATE_FILLED,UNSOLICITED_CXL_REASON_UNDEFINED,ORD_REJECT_REASON_EXCHANGE_OPTION,,
1789417145.2,2026-09-14T20:19:05.185513958Z,ACTIVITY_TYPE_TRADE,paccc-usho-midterms-2026-11-03-dem,SELL,ORDER_INTENT_SELL_LONG,0.853,38,CG9CJT1TPVB6,passive,-1498,2026-09-14T20:11:34.117830116Z,0.125,-0.06,0,1,ORDER_STATE_PARTIALLY_FILLED,UNSOLICITED_CXL_REASON_UNDEFINED,ORD_REJECT_REASON_EXCHANGE_OPTION,,
1789417153.4,2026-09-14T20:19:13.409858502Z,ACTIVITY_TYPE_TRADE,paccc-usho-midterms-2026-11-03-dem,SELL,ORDER_INTENT_SELL_LONG,0.853,3,CG9CJT1TPVB6,passive,-177.4,2026-09-14T20:11:34.117830116Z,0.128,0,0,1,ORDER_STATE_PARTIALLY_FILLED,UNSOLICITED_CXL_REASON_UNDEFINED,ORD_REJECT_REASON_EXCHANGE_OPTION,,
1789417167.5,2026-09-14T20:19:27.482095733Z,ACTIVITY_TYPE_TRADE,paccc-usse-midterms-2026-11-03-rep,BUY,ORDER_INTENT_BUY_LONG,0.49,29,CG8DT7YX4VB9,passive,,2026-09-14T19:04:02.450238282Z,1.257,-0.09,0,1,ORDER_STATE_PARTIALLY_FILLED,UNSOLICITED_CXL_REASON_UNDEFINED,ORD_REJECT_REASON_EXCHANGE_OPTION,,
1789417218.9,2026-09-14T20:20:18.938579610Z,ACTIVITY_TYPE_TRADE,paccc-usho-midterms-2026-11-03-dem,SELL,ORDER_INTENT_SELL_LONG,0.853,6,CG9CJT1TPVB6,passive,-354.79,2026-09-14T20:11:34.117830116Z,0.146,-0.01,0,1,ORDER_STATE_FILLED,UNSOLICITED_CXL_REASON_UNDEFINED,ORD_REJECT_REASON_EXCHANGE_OPTION,,
1789417444.1,2026-09-14T20:24:04.144710447Z,ACTIVITY_TYPE_TRADE,paccc-usse-midterms-2026-11-03-dem,SELL,ORDER_INTENT_BUY_SHORT,0.51,2,CG9GJ9TNPVB8,passive,,2026-09-14T20:20:50.643329749Z,0.054,-0.01,0,1,ORDER_STATE_FILLED,UNSOLICITED_CXL_REASON_UNDEFINED,ORD_REJECT_REASON_EXCHANGE_OPTION,,
1789417626.0,2026-09-14T20:27:06.042119214Z,ACTIVITY_TYPE_TRADE,enwc-uspres-nom-dem-2028-dwajoh,SELL,ORDER_INTENT_SELL_LONG,0.01,9,CG33CNY3YVB2,passive,-0.79,2026-09-14T12:53:12.376171557Z,7.565,0,0,1,ORDER_STATE_PARTIALLY_FILLED,UNSOLICITED_CXL_REASON_UNDEFINED,ORD_REJECT_REASON_EXCHANGE_OPTION,,
1789418055.4,2026-09-14T20:34:15.360914091Z,ACTIVITY_TYPE_TRADE,paccc-usho-midterms-2026-11-03-dem,SELL,ORDER_INTENT_SELL_LONG,0.853,13,CG9K0NV2PVBA,passive,-332.6,2026-09-14T20:25:34.345251578Z,0.145,-0.02,0,1,ORDER_STATE_PARTIALLY_FILLED,UNSOLICITED_CXL_REASON_UNDEFINED,ORD_REJECT_REASON_EXCHANGE_OPTION,,
1789418198.6,2026-09-14T20:36:38.626966038Z,ACTIVITY_TYPE_TRADE,paccc-usse-midterms-2026-11-03-rep,BUY,ORDER_INTENT_BUY_LONG,0.49,52,CG9K3TJB2VB2,passive,,2026-09-14T20:25:34.510732072Z,0.184,-0.16,0,1,ORDER_STATE_PARTIALLY_FILLED,UNSOLICITED_CXL_REASON_UNDEFINED,ORD_REJECT_REASON_EXCHANGE_OPTION,,
1789418206.8,2026-09-14T20:36:46.801095368Z,ACTIVITY_TYPE_TRADE,paccc-usse-midterms-2026-11-03-rep,BUY,ORDER_INTENT_BUY_LONG,0.49,1,CG9K3TJB2VB2,passive,,2026-09-14T20:25:34.510732072Z,0.187,0,0,1,ORDER_STATE_FILLED,UNSOLICITED_CXL_REASON_UNDEFINED,ORD_REJECT_REASON_EXCHANGE_OPTION,,
1789418404.0,2026-09-14T20:40:04.025015055Z,ACTIVITY_TYPE_TRADE,ushrewc-ushr-me-02-2026-11-03-dem,SELL,ORDER_INTENT_BUY_SHORT,0.39,73,CG9JXW02YVB3,passive,,2026-09-14T20:25:19.653835793Z,0.246,-0.22,0,1,ORDER_STATE_FILLED,UNSOLICITED_CXL_REASON_UNDEFINED,ORD_REJECT_REASON_EXCHANGE_OPTION,,
1789418544.0,2026-09-14T20:42:23.951894209Z,ACTIVITY_TYPE_TRADE,ewc-usse-oh-2026-11-03-rep,BUY,ORDER_INTENT_SELL_SHORT,0.46,2,CG2QVPEGGVB8,passive,0.29,2026-09-14T12:31:37.704742184Z,8.18,-0.01,0,1,ORDER_STATE_FILLED,UNSOLICITED_CXL_REASON_UNDEFINED,ORD_REJECT_REASON_EXCHANGE_OPTION,,
1789419375.9,2026-09-14T20:56:15.861001465Z,ACTIVITY_TYPE_TRADE,paccc-usse-midterms-2026-11-03-dem,BUY,ORDER_INTENT_SELL_SHORT,0.531,7,CG9KJ419GVB3,passive,-2.16,2026-09-14T20:27:04.516361335Z,0.486,-0.02,0,1,ORDER_STATE_PARTIALLY_FILLED,UNSOLICITED_CXL_REASON_UNDEFINED,ORD_REJECT_REASON_EXCHANGE_OPTION,,
1789419861.6,2026-09-14T21:04:21.553447782Z,ACTIVITY_TYPE_TRADE,paccc-usse-midterms-2026-11-03-rep,SELL,ORDER_INTENT_SELL_LONG,0.483,68,CG9VSS9ZWVB6,passive,-187.04,2026-09-14T20:44:50.496691021Z,0.325,-0.21,0,1,ORDER_STATE_PARTIALLY_FILLED,UNSOLICITED_CXL_REASON_UNDEFINED,ORD_REJECT_REASON_EXCHANGE_OPTION,,
1789419875.1,2026-09-14T21:04:35.122719438Z,ACTIVITY_TYPE_TRADE,paccc-usse-midterms-2026-11-03-dem,BUY,ORDER_INTENT_SELL_SHORT,0.531,53,CG9KJ419GVB3,passive,-403.33,2026-09-14T20:27:04.516361335Z,0.625,-0.16,0,1,ORDER_STATE_FILLED,UNSOLICITED_CXL_REASON_UNDEFINED,ORD_REJECT_REASON_EXCHANGE_OPTION,,
1789419969.1,2026-09-14T21:06:09.142246394Z,ACTIVITY_TYPE_TRADE,paccc-usse-midterms-2026-11-03-rep,SELL,ORDER_INTENT_SELL_LONG,0.483,14,CG9VSS9ZWVB6,passive,-38.51,2026-09-14T20:44:50.496691021Z,0.355,-0.04,0,1,ORDER_STATE_FILLED,UNSOLICITED_CXL_REASON_UNDEFINED,ORD_REJECT_REASON_EXCHANGE_OPTION,,
1789419973.4,2026-09-14T21:06:13.442906642Z,ACTIVITY_TYPE_TRADE,paccc-usse-midterms-2026-11-03-rep,BUY,ORDER_INTENT_BUY_LONG,0.482,90,CGA4PZCEWVB7,passive,,2026-09-14T21:04:52.133128493Z,0.023,-0.28,0,1,ORDER_STATE_PARTIALLY_FILLED,UNSOLICITED_CXL_REASON_UNDEFINED,ORD_REJECT_REASON_EXCHANGE_OPTION,,
1789420581.9,2026-09-14T21:16:21.914229178Z,ACTIVITY_TYPE_TRADE,scc-senate-gop-2026-11-03-50,SELL,ORDER_INTENT_BUY_SHORT,0.18,33.95,CG35ZZDAWVB2,passive,,2026-09-14T13:00:05.911291494Z,8.271,-0.06,0,1,ORDER_STATE_PARTIALLY_FILLED,UNSOLICITED_CXL_REASON_UNDEFINED,ORD_REJECT_REASON_EXCHANGE_OPTION,,
1789420605.6,2026-09-14T21:16:45.583121414Z,ACTIVITY_TYPE_TRADE,scc-senate-gop-2026-11-03-50,SELL,ORDER_INTENT_BUY_SHORT,0.18,2.16,CG35ZZDAWVB2,passive,,2026-09-14T13:00:05.911291494Z,8.278,0,0,1,ORDER_STATE_PARTIALLY_FILLED,UNSOLICITED_CXL_REASON_UNDEFINED,ORD_REJECT_REASON_EXCHANGE_OPTION,,
1789421065.6,2026-09-14T21:24:25.587756422Z,ACTIVITY_TYPE_TRADE,scc-senate-gop-2026-11-03-50,SELL,ORDER_INTENT_BUY_SHORT,0.18,0.1,CG35ZZDAWVB2,passive,,2026-09-14T13:00:05.911291494Z,8.405,0,0,1,ORDER_STATE_PARTIALLY_FILLED,UNSOLICITED_CXL_REASON_UNDEFINED,ORD_REJECT_REASON_EXCHANGE_OPTION,,
1789421354.1,2026-09-14T21:29:14.053121346Z,ACTIVITY_TYPE_TRADE,paccc-usse-midterms-2026-11-03-rep,SELL,ORDER_INTENT_SELL_LONG,0.483,33,CGA68VP1EVBA,passive,-21.99,2026-09-14T21:07:06.190844922Z,0.369,-0.1,0,1,ORDER_STATE_PARTIALLY_FILLED,UNSOLICITED_CXL_REASON_UNDEFINED,ORD_REJECT_REASON_EXCHANGE_OPTION,,
1789421394.3,2026-09-14T21:29:54.254293719Z,ACTIVITY_TYPE_TRADE,paccc-usse-midterms-2026-11-03-rep,SELL,ORDER_INTENT_SELL_LONG,0.483,10,CGA68VP1EVBA,passive,-8.09,2026-09-14T21:07:06.190844922Z,0.38,-0.03,0,1,ORDER_STATE_PARTIALLY_FILLED,UNSOLICITED_CXL_REASON_UNDEFINED,ORD_REJECT_REASON_EXCHANGE_OPTION,,
1789421557.4,2026-09-14T21:32:37.412098875Z,ACTIVITY_TYPE_TRADE,paccc-usse-midterms-2026-11-03-rep,SELL,ORDER_INTENT_SELL_LONG,0.483,47,CGA68VP1EVBA,passive,-38.02,2026-09-14T21:07:06.190844922Z,0.425,-0.15,0,1,ORDER_STATE_FILLED,UNSOLICITED_CXL_REASON_UNDEFINED,ORD_REJECT_REASON_EXCHANGE_OPTION,,
1789421564.0,2026-09-14T21:32:43.970753689Z,ACTIVITY_TYPE_TRADE,paccc-usse-midterms-2026-11-03-rep,BUY,ORDER_INTENT_BUY_LONG,0.482,29,CGAGT5FTRVB6,passive,,2026-09-14T21:29:54.520297460Z,0.047,-0.09,0,1,ORDER_STATE_FILLED,UNSOLICITED_CXL_REASON_UNDEFINED,ORD_REJECT_REASON_EXCHANGE_OPTION,,
1789422185.1,2026-09-14T21:43:05.060271156Z,ACTIVITY_TYPE_TRADE,ftsc-nfl-wrtop12fp-2027-01-10-romodu,BUY,ORDER_INTENT_BUY_LONG,0.33,0.01,CG2Y8THTYVB3,passive,,2026-09-14T12:43:52.923163144Z,8.987,0,0,1,ORDER_STATE_FILLED,UNSOLICITED_CXL_REASON_UNDEFINED,ORD_REJECT_REASON_EXCHANGE_OPTION,,
1789422714.9,2026-09-14T21:51:54.911196562Z,ACTIVITY_TYPE_TRADE,paccc-usse-midterms-2026-11-03-rep,BUY,ORDER_INTENT_BUY_LONG,0.482,25,CGARR2AEMVB7,passive,,2026-09-14T21:50:25.781744612Z,0.025,-0.08,0,1,ORDER_STATE_FILLED,UNSOLICITED_CXL_REASON_UNDEFINED,ORD_REJECT_REASON_EXCHANGE_OPTION,,
1789422800.4,2026-09-14T21:53:20.440464494Z,ACTIVITY_TYPE_TRADE,paccc-usho-midterms-2026-11-03-dem,SELL,ORDER_INTENT_BUY_SHORT,0.853,19,CGAPH7PYJVB2,passive,,2026-09-14T21:45:40.812897071Z,0.128,-0.03,0,1,ORDER_STATE_PARTIALLY_FILLED,UNSOLICITED_CXL_REASON_UNDEFINED,ORD_REJECT_REASON_EXCHANGE_OPTION,,
1789422851.7,2026-09-14T21:54:11.657933214Z,ACTIVITY_TYPE_TRADE,paccc-usse-midterms-2026-11-03-dem,SELL,ORDER_INTENT_BUY_SHORT,0.532,7,CGA5BB6B8VB2,passive,,2026-09-14T21:04:52.258737762Z,0.822,-0.02,0,1,ORDER_STATE_PARTIALLY_FILLED,UNSOLICITED_CXL_REASON_UNDEFINED,ORD_REJECT_REASON_EXCHANGE_OPTION,,
1789423029.1,2026-09-14T21:57:09.098202262Z,ACTIVITY_TYPE_TRADE,paccc-usse-midterms-2026-11-03-dem,BUY,ORDER_INTENT_SELL_SHORT,0.531,9,CGAVQCDKPVB6,passive,-0.76,2026-09-14T21:54:43.616349780Z,0.04,-0.03,0,1,ORDER_STATE_FILLED,UNSOLICITED_CXL_REASON_UNDEFINED,ORD_REJECT_REASON_EXCHANGE_OPTION,,
1789423274.7,2026-09-14T22:01:14.744577256Z,ACTIVITY_TYPE_TRADE,aqc-nfl-nfc-2027-01-24-champq-sea,SELL,ORDER_INTENT_BUY_SHORT,0.3,1,CG35VA9ARVB5,passive,,2026-09-14T12:59:44.953056755Z,9.025,0,0,1,ORDER_STATE_FILLED,UNSOLICITED_CXL_REASON_UNDEFINED,ORD_REJECT_REASON_EXCHANGE_OPTION,,
1789423778.2,2026-09-14T22:09:38.199454609Z,ACTIVITY_TYPE_TRADE,paccc-usse-midterms-2026-11-03-rep,BUY,ORDER_INTENT_BUY_LONG,0.482,9,CGB1JYSP8VB6,passive,,2026-09-14T22:07:39.116732705Z,0.033,-0.03,0,1,ORDER_STATE_PARTIALLY_FILLED,UNSOLICITED_CXL_REASON_UNDEFINED,ORD_REJECT_REASON_EXCHANGE_OPTION,,
1789424032.3,2026-09-14T22:13:52.320566929Z,ACTIVITY_TYPE_TRADE,paccc-usho-midterms-2026-11-03-dem,BUY,ORDER_INTENT_SELL_SHORT,0.855,31,CGB2006WGVB6,passive,-9804.29,2026-09-14T22:08:26.455791552Z,0.091,-0.05,0,1,ORDER_STATE_PARTIALLY_FILLED,UNSOLICITED_CXL_REASON_UNDEFINED,ORD_REJECT_REASON_EXCHANGE_OPTION,,
1789424280.9,2026-09-14T22:18:00.850332589Z,ACTIVITY_TYPE_TRADE,paccc-usho-midterms-2026-11-03-dem,BUY,ORDER_INTENT_SELL_SHORT,0.855,1,CGB2006WGVB6,passive,-316.27,2026-09-14T22:08:26.455791552Z,0.16,0,0,1,ORDER_STATE_FILLED,UNSOLICITED_CXL_REASON_UNDEFINED,ORD_REJECT_REASON_EXCHANGE_OPTION,,
1789424335.5,2026-09-14T22:18:55.510176498Z,ACTIVITY_TYPE_TRADE,aqc-nfl-2027-01-10-playoffq-ne,SELL,ORDER_INTENT_BUY_SHORT,0.68,0.1,CG2RQW14EVB3,passive,,2026-09-14T12:32:22.353241219Z,9.776,0,0,1,ORDER_STATE_PARTIALLY_FILLED,UNSOLICITED_CXL_REASON_UNDEFINED,ORD_REJECT_REASON_EXCHANGE_OPTION,,
1789424377.2,2026-09-14T22:19:37.187202326Z,ACTIVITY_TYPE_TRADE,paccc-usse-midterms-2026-11-03-dem,BUY,ORDER_INTENT_BUY_LONG,0.526,89,CGB0CF08GVB5,passive,,2026-09-14T22:03:55.149584123Z,0.262,-0.28,0,1,ORDER_STATE_FILLED,UNSOLICITED_CXL_REASON_UNDEFINED,ORD_REJECT_REASON_EXCHANGE_OPTION,,
1789424832.8,2026-09-14T22:27:12.789296022Z,ACTIVITY_TYPE_TRADE,aqc-nfl-2027-01-10-playoffq-ne,SELL,ORDER_INTENT_BUY_SHORT,0.68,0.9,CG2RQW14EVB3,passive,,2026-09-14T12:32:22.353241219Z,9.914,0,0,1,ORDER_STATE_FILLED,UNSOLICITED_CXL_REASON_UNDEFINED,ORD_REJECT_REASON_EXCHANGE_OPTION,,
1789424837.0,2026-09-14T22:27:16.992139755Z,ACTIVITY_TYPE_TRADE,paccc-usho-midterms-2026-11-03-dem,BUY,ORDER_INTENT_SELL_SHORT,0.855,14,CGB9KGHSMVB7,passive,-304.96,2026-09-14T22:23:39.427478049Z,0.06,-0.02,0,1,ORDER_STATE_PARTIALLY_FILLED,UNSOLICITED_CXL_REASON_UNDEFINED,ORD_REJECT_REASON_EXCHANGE_OPTION,,
1789425052.8,2026-09-14T22:30:52.824554483Z,ACTIVITY_TYPE_TRADE,paccc-usho-midterms-2026-11-03-dem,BUY,ORDER_INTENT_SELL_SHORT,0.855,48,CGBBZN8H0VB7,passive,-198.88,2026-09-14T22:28:39.411894420Z,0.037,-0.07,0,1,ORDER_STATE_FILLED,UNSOLICITED_CXL_REASON_UNDEFINED,ORD_REJECT_REASON_EXCHANGE_OPTION,,
1789425117.1,2026-09-14T22:31:57.122714396Z,ACTIVITY_TYPE_TRADE,paccc-usse-midterms-2026-11-03-rep,BUY,ORDER_INTENT_BUY_LONG,0.482,24,CGBCVC864VB3,passive,,2026-09-14T22:30:26.910847087Z,0.025,-0.07,0,1,ORDER_STATE_FILLED,UNSOLICITED_CXL_REASON_UNDEFINED,ORD_REJECT_REASON_EXCHANGE_OPTION,,
1789425254.6,2026-09-14T22:34:14.630959777Z,ACTIVITY_TYPE_TRANSFER,,,,,,,,,,,,,,,,,222.79,
1789425798.4,2026-09-14T22:43:18.412587863Z,ACTIVITY_TYPE_TRANSFER,,,,,,,,,,,,,,,,,293.51,
1789426062.7,2026-09-14T22:47:42.666952751Z,ACTIVITY_TYPE_TRADE,paccc-usho-midterms-2026-11-03-dem,SELL,ORDER_INTENT_SELL_LONG,0.856,1,CGBDPN2DJVB2,passive,-5.26,2026-09-14T22:32:26.444070952Z,0.255,0,0,1,ORDER_STATE_PARTIALLY_FILLED,UNSOLICITED_CXL_REASON_UNDEFINED,ORD_REJECT_REASON_EXCHANGE_OPTION,,
1789426101.4,2026-09-14T22:48:21.377930529Z,ACTIVITY_TYPE_TRADE,paccc-usho-midterms-2026-11-03-dem,SELL,ORDER_INTENT_SELL_LONG,0.856,57,CGBDPN2DJVB2,passive,-5056.39,2026-09-14T22:32:26.444070952Z,0.265,-0.09,0,1,ORDER_STATE_PARTIALLY_FILLED,UNSOLICITED_CXL_REASON_UNDEFINED,ORD_REJECT_REASON_EXCHANGE_OPTION,,
1789426104.4,2026-09-14T22:48:24.403730270Z,ACTIVITY_TYPE_TRADE,paccc-usho-midterms-2026-11-03-dem,BUY,ORDER_INTENT_BUY_LONG,0.855,13,CGBMQ23WCVB7,passive,,2026-09-14T22:47:57.791709147Z,0.007,-0.02,0,1,ORDER_STATE_PARTIALLY_FILLED,UNSOLICITED_CXL_REASON_UNDEFINED,ORD_REJECT_REASON_EXCHANGE_OPTION,,
1789426105.7,2026-09-14T22:48:25.730246338Z,ACTIVITY_TYPE_TRADE,paccc-usho-midterms-2026-11-03-dem,SELL,ORDER_INTENT_SELL_LONG,0.856,4,CGBDPN2DJVB2,passive,-109.17,2026-09-14T22:32:26.444070952Z,0.266,-0.01,0,1,ORDER_STATE_FILLED,UNSOLICITED_CXL_REASON_UNDEFINED,ORD_REJECT_REASON_EXCHANGE_OPTION,,
1789426109.0,2026-09-14T22:48:29.041801894Z,ACTIVITY_TYPE_TRADE,paccc-usho-midterms-2026-11-03-dem,BUY,ORDER_INTENT_BUY_LONG,0.855,12,CGBMQ23WCVB7,passive,,2026-09-14T22:47:57.791709147Z,0.009,-0.02,0,1,ORDER_STATE_FILLED,UNSOLICITED_CXL_REASON_UNDEFINED,ORD_REJECT_REASON_EXCHANGE_OPTION,,
1789426173.4,2026-09-14T22:49:33.357997046Z,ACTIVITY_TYPE_TRADE,paccc-usho-midterms-2026-11-03-dem,BUY,ORDER_INTENT_BUY_LONG,0.855,27,CGBNBBSWWVB9,passive,,2026-09-14T22:49:10.132060270Z,0.006,-0.04,0,1,ORDER_STATE_FILLED,UNSOLICITED_CXL_REASON_UNDEFINED,ORD_REJECT_REASON_EXCHANGE_OPTION,,
1789426283.8,2026-09-14T22:51:23.774084929Z,ACTIVITY_TYPE_TRADE,usgubewc-usgub-tn-2026-11-03-dem,SELL,ORDER_INTENT_BUY_SHORT,0.02,10,CGBPBNF4RVB4,passive,,2026-09-14T22:51:23.711640029Z,0,0,0,1,ORDER_STATE_FILLED,UNSOLICITED_CXL_REASON_UNDEFINED,ORD_REJECT_REASON_EXCHANGE_OPTION,,
1789426344.2,2026-09-14T22:52:24.191579699Z,ACTIVITY_TYPE_TRADE,ussewc-usse-or-2026-11-03-dem,BUY,ORDER_INTENT_BUY_LONG,0.98,10,CGBPQERWEVB7,passive,,2026-09-14T22:52:23.460109263Z,0,0,0,1,ORDER_STATE_FILLED,UNSOLICITED_CXL_REASON_UNDEFINED,ORD_REJECT_REASON_EXCHANGE_OPTION,,
1789426402.4,2026-09-14T22:53:22.380696327Z,ACTIVITY_TYPE_TRANSFER,,,,,,,,,,,,,,,,,1579.61,
1789426495.3,2026-09-14T22:54:55.297425652Z,ACTIVITY_TYPE_TRADE,paccc-usse-midterms-2026-11-03-dem,SELL,ORDER_INTENT_SELL_LONG,0.527,17,CGB8PXHFTVBA,passive,-8.63,2026-09-14T22:20:56.734888139Z,0.566,-0.05,0,1,ORDER_STATE_PARTIALLY_FILLED,UNSOLICITED_CXL_REASON_UNDEFINED,ORD_REJECT_REASON_EXCHANGE_OPTION,,
1789426554.1,2026-09-14T22:55:54.055558261Z,ACTIVITY_TYPE_TRADE,paccc-usse-midterms-2026-11-03-dem,SELL,ORDER_INTENT_SELL_LONG,0.527,72,CGB8PXHFTVBA,passive,-36.54,2026-09-14T22:20:56.734888139Z,0.583,-0.22,0,1,ORDER_STATE_FILLED,UNSOLICITED_CXL_REASON_UNDEFINED,ORD_REJECT_REASON_EXCHANGE_OPTION,,
1789426875.6,2026-09-14T23:01:15.599809794Z,ACTIVITY_TYPE_TRADE,ussewc-usse-ms-2026-11-03-rep,BUY,ORDER_INTENT_BUY_LONG,0.96,10,CGBTEKVB2VB3,passive,,2026-09-14T23:01:13.922282519Z,0,0,0,1,ORDER_STATE_FILLED,UNSOLICITED_CXL_REASON_UNDEFINED,ORD_REJECT_REASON_EXCHANGE_OPTION,,
1789427027.3,2026-09-14T23:03:47.335355662Z,ACTIVITY_TYPE_TRADE,paccc-usho-midterms-2026-11-03-dem,SELL,ORDER_INTENT_SELL_LONG,0.854,42,CGBT09NPWVB7,passive,-1490.32,2026-09-14T23:00:10.448900975Z,0.06,-0.07,0,1,ORDER_STATE_PARTIALLY_FILLED,UNSOLICITED_CXL_REASON_UNDEFINED,ORD_REJECT_REASON_EXCHANGE_OPTION,,
1789427073.8,2026-09-14T23:04:33.833453331Z,ACTIVITY_TYPE_TRADE,paccc-usho-midterms-2026-11-03-dem,SELL,ORDER_INTENT_SELL_LONG,0.854,10,CGBT09NPWVB7,passive,-354.83,2026-09-14T23:00:10.448900975Z,0.073,-0.02,0,1,ORDER_STATE_FILLED,UNSOLICITED_CXL_REASON_UNDEFINED,ORD_REJECT_REASON_EXCHANGE_OPTION,,
1789427167.8,2026-09-14T23:06:07.815451277Z,ACTIVITY_TYPE_TRANSFER,,,,,,,,,,,,,,,,,1305.52,
1789427304.1,2026-09-14T23:08:24.066874058Z,ACTIVITY_TYPE_TRADE,paccc-usse-midterms-2026-11-03-rep,BUY,ORDER_INTENT_BUY_LONG,0.482,26,CGBVNEWCPVBA,passive,,2026-09-14T23:03:55.537592290Z,0.075,-0.08,0,1,ORDER_STATE_PARTIALLY_FILLED,UNSOLICITED_CXL_REASON_UNDEFINED,ORD_REJECT_REASON_EXCHANGE_OPTION,,
1789427338.8,2026-09-14T23:08:58.757711518Z,ACTIVITY_TYPE_TRADE,paccc-usho-midterms-2026-11-03-dem,BUY,ORDER_INTENT_BUY_LONG,0.853,57,CGBWKJT4MVBA,passive,,2026-09-14T23:06:26.081955306Z,0.042,-0.09,0,1,ORDER_STATE_PARTIALLY_FILLED,UNSOLICITED_CXL_REASON_UNDEFINED,ORD_REJECT_REASON_EXCHANGE_OPTION,,
1789427355.3,2026-09-14T23:09:15.348613117Z,ACTIVITY_TYPE_TRADE,paccc-usse-midterms-2026-11-03-rep,BUY,ORDER_INTENT_BUY_LONG,0.482,191,CGBY2ZDD8VB2,passive,,2026-09-14T23:08:56.663376281Z,0.005,-0.6,0,1,ORDER_STATE_PARTIALLY_FILLED,UNSOLICITED_CXL_REASON_UNDEFINED,ORD_REJECT_REASON_EXCHANGE_OPTION,,
1789427421.8,2026-09-14T23:10:21.849253616Z,ACTIVITY_TYPE_TRADE,usgubewc-usgub-ne-2026-11-03-dem,BUY,ORDER_INTENT_BUY_LONG,0.06,0.34,CG346WEY6VB7,passive,,2026-09-14T12:55:12.660447453Z,10.253,0,0,1,ORDER_STATE_FILLED,UNSOLICITED_CXL_REASON_UNDEFINED,ORD_REJECT_REASON_EXCHANGE_OPTION,,
1789427421.8,2026-09-14T23:10:21.849253616Z,ACTIVITY_TYPE_TRADE,usgubewc-usgub-ne-2026-11-03-dem,BUY,ORDER_INTENT_BUY_LONG,0.06,20.66,CG348T8W4VB4,passive,,2026-09-14T12:55:12.610942370Z,10.253,-0.01,0,1,ORDER_STATE_FILLED,UNSOLICITED_CXL_REASON_UNDEFINED,ORD_REJECT_REASON_EXCHANGE_OPTION,,
1789428045.9,2026-09-14T23:20:45.923959919Z,ACTIVITY_TYPE_TRANSFER,,,,,,,,,,,,,,,,,772.1,
1789428120.5,2026-09-14T23:22:00.547123152Z,ACTIVITY_TYPE_TRADE,aqc-nfl-nfc-2027-01-24-champq-nyg,SELL,ORDER_INTENT_BUY_SHORT,0.16,4,CG35M99CMVB5,passive,,2026-09-14T12:59:06.036105435Z,10.382,-0.01,0,1,ORDER_STATE_FILLED,UNSOLICITED_CXL_REASON_UNDEFINED,ORD_REJECT_REASON_EXCHANGE_OPTION,,
1789428120.5,2026-09-14T23:22:00.547123152Z,ACTIVITY_TYPE_TRADE,aqc-nfl-nfc-2027-01-24-champq-nyg,SELL,ORDER_INTENT_BUY_SHORT,0.16,4,CG35SG8CPVB2,passive,,2026-09-14T12:59:05.991236460Z,10.382,-0.01,0,1,ORDER_STATE_FILLED,UNSOLICITED_CXL_REASON_UNDEFINED,ORD_REJECT_REASON_EXCHANGE_OPTION,,
1789428520.2,2026-09-14T23:28:40.215929903Z,ACTIVITY_TYPE_TRADE,paccc-usho-midterms-2026-11-03-dem,SELL,ORDER_INTENT_SELL_LONG,0.854,17,CGBZVVBJEVB5,passive,-150.75,2026-09-14T23:12:13.750106686Z,0.274,-0.03,0,1,ORDER_STATE_PARTIALLY_FILLED,UNSOLICITED_CXL_REASON_UNDEFINED,ORD_REJECT_REASON_EXCHANGE_OPTION,,
1789428524.5,2026-09-14T23:28:44.488896226Z,ACTIVITY_TYPE_TRADE,paccc-usho-midterms-2026-11-03-dem,BUY,ORDER_INTENT_BUY_LONG,0.853,10,CGC67M7M6VB7,passive,,2026-09-14T23:25:59.584625430Z,0.046,-0.02,0,1,ORDER_STATE_FILLED,UNSOLICITED_CXL_REASON_UNDEFINED,ORD_REJECT_REASON_EXCHANGE_OPTION,,
1789429299.6,2026-09-14T23:41:39.630104447Z,ACTIVITY_TYPE_TRADE,paccc-usse-midterms-2026-11-03-dem,BUY,ORDER_INTENT_BUY_LONG,0.526,31,CGC696020VB3,passive,,2026-09-14T23:25:58.349467452Z,0.261,-0.1,0,1,ORDER_STATE_PARTIALLY_FILLED,UNSOLICITED_CXL_REASON_UNDEFINED,ORD_REJECT_REASON_EXCHANGE_OPTION,,
1789429310.9,2026-09-14T23:41:50.858194546Z,ACTIVITY_TYPE_TRADE,ussewc-usse-nm-2026-11-03-dem,BUY,ORDER_INTENT_BUY_LONG,0.94,1,CGBN0DKE2VB9,passive,,2026-09-14T22:48:12.480888658Z,0.894,0,0,1,ORDER_STATE_PARTIALLY_FILLED,UNSOLICITED_CXL_REASON_UNDEFINED,ORD_REJECT_REASON_EXCHANGE_OPTION,,
1789429364.9,2026-09-14T23:42:44.931878482Z,ACTIVITY_TYPE_TRADE,paccc-usho-midterms-2026-11-03-dem,SELL,ORDER_INTENT_SELL_LONG,0.854,37,CGC7D6SWMVB3,passive,-1009.73,2026-09-14T23:28:55.805786676Z,0.23,-0.06,0,1,ORDER_STATE_PARTIALLY_FILLED,UNSOLICITED_CXL_REASON_UNDEFINED,ORD_REJECT_REASON_EXCHANGE_OPTION,,
1789429419.5,2026-09-14T23:43:39.539706194Z,ACTIVITY_TYPE_TRADE,paccc-usse-midterms-2026-11-03-dem,BUY,ORDER_INTENT_BUY_LONG,0.526,66,CGCE3FXTRVB7,passive,,2026-09-14T23:42:41.105596394Z,0.016,-0.21,0,1,ORDER_STATE_FILLED,UNSOLICITED_CXL_REASON_UNDEFINED,ORD_REJECT_REASON_EXCHANGE_OPTION,,
1789429518.6,2026-09-14T23:45:18.624151926Z,ACTIVITY_TYPE_TRADE,paccc-usho-midterms-2026-11-03-dem,SELL,ORDER_INTENT_SELL_LONG,0.854,13,CGC7D6SWMVB3,passive,-354.77,2026-09-14T23:28:55.805786676Z,0.273,-0.02,0,1,ORDER_STATE_FILLED,UNSOLICITED_CXL_REASON_UNDEFINED,ORD_REJECT_REASON_EXCHANGE_OPTION,,
1789429901.6,2026-09-14T23:51:41.560447741Z,ACTIVITY_TYPE_TRADE,paccc-usho-midterms-2026-11-03-dem,BUY,ORDER_INTENT_BUY_LONG,0.853,12,CGCHV150WVB9,passive,,2026-09-14T23:50:26.500720109Z,0.021,-0.02,0,1,ORDER_STATE_FILLED,UNSOLICITED_CXL_REASON_UNDEFINED,ORD_REJECT_REASON_EXCHANGE_OPTION,,
1789429992.2,2026-09-14T23:53:12.194794515Z,ACTIVITY_TYPE_TRADE,usgubewc-usgub-fl-2026-11-03-dem,SELL,ORDER_INTENT_SELL_LONG,0.2,14.21,CGCCDAR0YVB4,passive,-0.81,2026-09-14T23:39:44.791540090Z,0.224,-0.03,0,1,ORDER_STATE_PARTIALLY_FILLED,UNSOLICITED_CXL_REASON_UNDEFINED,ORD_REJECT_REASON_EXCHANGE_OPTION,,
1789430174.3,2026-09-14T23:56:14.253722517Z,ACTIVITY_TYPE_TRADE,ewc-usse-nc-2026-11-03-rep,SELL,ORDER_INTENT_SELL_LONG,0.11,100,CG4V9GR2GVB3,passive,-10.83,2026-09-14T14:55:18.976938983Z,9.015,-0.12,0,1,ORDER_STATE_PARTIALLY_FILLED,UNSOLICITED_CXL_REASON_UNDEFINED,ORD_REJECT_REASON_EXCHANGE_OPTION,,
1789430233.7,2026-09-14T23:57:13.691407503Z,ACTIVITY_TYPE_TRADE,usgubewc-usgub-ct-2026-11-03-dem,SELL,ORDER_INTENT_SELL_LONG,0.98,10,CGBPBNEJ8VB4,passive,4.4,2026-09-14T22:51:23.109389541Z,1.097,0,0,1,ORDER_STATE_FILLED,UNSOLICITED_CXL_REASON_UNDEFINED,ORD_REJECT_REASON_EXCHANGE_OPTION,,
1789430307.6,2026-09-14T23:58:27.606452928Z,ACTIVITY_TYPE_TRADE,ewc-usse-nc-2026-11-03-rep,SELL,ORDER_INTENT_SELL_LONG,0.11,86,CG4V9GR2GVB3,passive,-10.79,2026-09-14T14:55:18.976938983Z,9.052,-0.11,0,1,ORDER_STATE_PARTIALLY_FILLED,UNSOLICITED_CXL_REASON_UNDEFINED,ORD_REJECT_REASON_EXCHANGE_OPTION,,
1789430475.0,2026-09-15T00:01:15.018998069Z,ACTIVITY_TYPE_TRADE,paccc-usho-midterms-2026-11-03-dem,SELL,ORDER_INTENT_SELL_LONG,0.854,12,CGCKMF2KPVB5,passive,-354.77,2026-09-14T23:54:13.204803092Z,0.117,-0.02,0,1,ORDER_STATE_FILLED,UNSOLICITED_CXL_REASON_UNDEFINED,ORD_REJECT_REASON_EXCHANGE_OPTION,,
1789430988.4,2026-09-15T00:09:48.407173994Z,ACTIVITY_TYPE_TRADE,usgubewc-usgub-or-2026-11-03-dem,BUY,ORDER_INTENT_BUY_LONG,0.82,20,CGBMW5WERVB3,passive,,2026-09-14T22:48:11.969326741Z,1.36,-0.04,0,1,ORDER_STATE_FILLED,UNSOLICITED_CXL_REASON_UNDEFINED,ORD_REJECT_REASON_EXCHANGE_OPTION,,
1789431169.1,2026-09-15T00:12:49.103625420Z,ACTIVITY_TYPE_TRADE,paccc-usho-midterms-2026-11-03-dem,BUY,ORDER_INTENT_BUY_LONG,0.853,11,CGCTGKAP4VB5,passive,,2026-09-15T00:09:17.624755502Z,0.059,-0.02,0,1,ORDER_STATE_FILLED,UNSOLICITED_CXL_REASON_UNDEFINED,ORD_REJECT_REASON_EXCHANGE_OPTION,,
1789431364.0,2026-09-15T00:16:03.991172708Z,ACTIVITY_TYPE_TRADE,paccc-usho-midterms-2026-11-03-dem,BUY,ORDER_INTENT_BUY_LONG,0.853,2,CGCXK2SSMVB9,passive,,2026-09-15T00:15:48.321270229Z,0.004,0,0,1,ORDER_STATE_PARTIALLY_FILLED,UNSOLICITED_CXL_REASON_UNDEFINED,ORD_REJECT_REASON_EXCHANGE_OPTION,,
1789431392.5,2026-09-15T00:16:32.451468607Z,ACTIVITY_TYPE_TRADE,aqc-nfl-afc-2027-01-24-champq-den,SELL,ORDER_INTENT_BUY_SHORT,0.23,0.1,CG308Z0T6VB7,passive,,2026-09-14T12:47:45.025208206Z,11.48,0,0,1,ORDER_STATE_PARTIALLY_FILLED,UNSOLICITED_CXL_REASON_UNDEFINED,ORD_REJECT_REASON_EXCHANGE_OPTION,,
1789431708.3,2026-09-15T00:21:48.285224188Z,ACTIVITY_TYPE_TRADE,paccc-usse-midterms-2026-11-03-dem,SELL,ORDER_INTENT_SELL_LONG,0.527,10,CGCF1ZM92VB7,passive,-4.56,2026-09-14T23:44:41.322195615Z,0.619,-0.03,0,1,ORDER_STATE_PARTIALLY_FILLED,UNSOLICITED_CXL_REASON_UNDEFINED,ORD_REJECT_REASON_EXCHANGE_OPTION,,
1789432170.5,2026-09-15T00:29:30.490419083Z,ACTIVITY_TYPE_TRADE,paccc-usse-midterms-2026-11-03-dem,SELL,ORDER_INTENT_SELL_LONG,0.527,87,CGCF1ZM92VB7,passive,-39.65,2026-09-14T23:44:41.322195615Z,0.747,-0.27,0,1,ORDER_STATE_FILLED,UNSOLICITED_CXL_REASON_UNDEFINED,ORD_REJECT_REASON_EXCHANGE_OPTION,,
1789432284.1,2026-09-15T00:31:24.148239754Z,ACTIVITY_TYPE_TRADE,paccc-usho-midterms-2026-11-03-dem,SELL,ORDER_INTENT_SELL_LONG,0.854,13,CGCY5TEDWVB9,passive,-354.77,2026-09-15T00:16:57.996583589Z,0.241,-0.02,0,1,ORDER_STATE_FILLED,UNSOLICITED_CXL_REASON_UNDEFINED,ORD_REJECT_REASON_EXCHANGE_OPTION,,
1789432690.1,2026-09-15T00:38:10.134884536Z,ACTIVITY_TYPE_TRADE,paccc-usse-midterms-2026-11-03-dem,BUY,ORDER_INTENT_BUY_LONG,0.526,42,CGD7GM8N2VB9,passive,,2026-09-15T00:36:58.457482564Z,0.02,-0.13,0,1,ORDER_STATE_FILLED,UNSOLICITED_CXL_REASON_UNDEFINED,ORD_REJECT_REASON_EXCHANGE_OPTION,,
1789432834.0,2026-09-15T00:40:34.047214666Z,ACTIVITY_TYPE_TRADE,paccc-usho-midterms-2026-11-03-dem,SELL,ORDER_INTENT_BUY_SHORT,0.854,278,CGD8881CMVB3,passive,,2026-09-15T00:38:31.397285686Z,0.034,-0.43,0,1,ORDER_STATE_FILLED,UNSOLICITED_CXL_REASON_UNDEFINED,ORD_REJECT_REASON_EXCHANGE_OPTION,,
1789432849.8,2026-09-15T00:40:49.814896859Z,ACTIVITY_TYPE_TRADE,paccc-usho-midterms-2026-11-03-dem,BUY,ORDER_INTENT_BUY_LONG,0.853,14,CGD7E56G4VB8,passive,,2026-09-15T00:36:46.066392849Z,0.068,-0.02,0,1,ORDER_STATE_FILLED,UNSOLICITED_CXL_REASON_UNDEFINED,ORD_REJECT_REASON_EXCHANGE_OPTION,,
1789432972.1,2026-09-15T00:42:52.066546874Z,ACTIVITY_TYPE_TRADE,aqc-nfl-nfc-2027-01-24-champq-was,SELL,ORDER_INTENT_BUY_SHORT,0.02,0.01,CG2RKTAN8VB6,passive,,2026-09-14T12:32:21.432678215Z,12.175,0,0,1,ORDER_STATE_FILLED,UNSOLICITED_CXL_REASON_UNDEFINED,ORD_REJECT_REASON_EXCHANGE_OPTION,,
1789433769.3,2026-09-15T00:56:09.297891178Z,ACTIVITY_TYPE_TRADE,ussewc-usse-ar-2026-11-03-dem,BUY,ORDER_INTENT_BUY_LONG,0.09,0.26,CG37V282TVB8,passive,,2026-09-14T13:02:46.139561887Z,11.89,0,0,1,ORDER_STATE_FILLED,UNSOLICITED_CXL_REASON_UNDEFINED,ORD_REJECT_REASON_EXCHANGE_OPTION,,
1789434008.7,2026-09-15T01:00:08.684788128Z,ACTIVITY_TYPE_TRADE,paccc-usho-midterms-2026-11-03-dem,BUY,ORDER_INTENT_SELL_SHORT,0.853,66,CGD9Z8BS8VB8,passive,40.35,2026-09-15T00:41:43.686487936Z,0.307,-0.1,0,1,ORDER_STATE_PARTIALLY_FILLED,UNSOLICITED_CXL_REASON_UNDEFINED,ORD_REJECT_REASON_EXCHANGE_OPTION,,
1789434011.6,2026-09-15T01:00:11.635037728Z,ACTIVITY_TYPE_TRADE,paccc-usho-midterms-2026-11-03-dem,BUY,ORDER_INTENT_SELL_SHORT,0.853,65,CGD9Z8BS8VB8,passive,20.17,2026-09-15T00:41:43.686487936Z,0.308,-0.1,0,1,ORDER_STATE_PARTIALLY_FILLED,UNSOLICITED_CXL_REASON_UNDEFINED,ORD_REJECT_REASON_EXCHANGE_OPTION,,
1789434039.0,2026-09-15T01:00:39.009335899Z,ACTIVITY_TYPE_TRADE,paccc-usho-midterms-2026-11-03-dem,BUY,ORDER_INTENT_SELL_SHORT,0.853,146,CGD9Z8BS8VB8,passive,-3436.04,2026-09-15T00:41:43.686487936Z,0.315,-0.23,0,1,ORDER_STATE_FILLED,UNSOLICITED_CXL_REASON_UNDEFINED,ORD_REJECT_REASON_EXCHANGE_OPTION,,
1789434133.8,2026-09-15T01:02:13.787448139Z,ACTIVITY_TYPE_TRADE,aqc-nfl-2027-01-10-playoffq-was,BUY,ORDER_INTENT_BUY_LONG,0.25,0.31,CG2YGZZ4WVB2,passive,,2026-09-14T12:43:51.846185188Z,12.306,0,0,1,ORDER_STATE_PARTIALLY_FILLED,UNSOLICITED_CXL_REASON_UNDEFINED,ORD_REJECT_REASON_EXCHANGE_OPTION,,
1789434133.8,2026-09-15T01:02:13.787448139Z,ACTIVITY_TYPE_TRADE,aqc-nfl-2027-01-10-playoffq-was,BUY,ORDER_INTENT_BUY_LONG,0.25,1,CG2YEZGHEVBA,passive,,2026-09-14T12:43:51.800487664Z,12.306,0,0,1,ORDER_STATE_FILLED,UNSOLICITED_CXL_REASON_UNDEFINED,ORD_REJECT_REASON_EXCHANGE_OPTION,,
1789434629.6,2026-09-15T01:10:29.577787341Z,ACTIVITY_TYPE_TRADE,aachc-cfb-wins-ou-2026-11-28-hou,BUY,ORDER_INTENT_BUY_LONG,0.54,0.81,CGBNGREDPVB4,passive,,2026-09-14T22:49:20.161165692Z,2.353,0,0,1,ORDER_STATE_PARTIALLY_FILLED,UNSOLICITED_CXL_REASON_UNDEFINED,ORD_REJECT_REASON_EXCHANGE_OPTION,,
1789434645.7,2026-09-15T01:10:45.661203730Z,ACTIVITY_TYPE_TRADE,aachc-cfb-wins-ou-2026-11-28-bayl,BUY,ORDER_INTENT_BUY_LONG,0.57,1,CG2VBWWKMVB5,passive,,2026-09-14T12:37:59.533464284Z,12.546,0,0,1,ORDER_STATE_FILLED,UNSOLICITED_CXL_REASON_UNDEFINED,ORD_REJECT_REASON_EXCHANGE_OPTION,,
1789434735.4,2026-09-15T01:12:15.419808786Z,ACTIVITY_TYPE_TRADE,aachc-cfb-wins-ou-2026-11-28-hou,BUY,ORDER_INTENT_BUY_LONG,0.54,0.19,CGBNGREDPVB4,passive,,2026-09-14T22:49:20.161165692Z,2.382,0,0,1,ORDER_STATE_FILLED,UNSOLICITED_CXL_REASON_UNDEFINED,ORD_REJECT_REASON_EXCHANGE_OPTION,,
1789434746.4,2026-09-15T01:12:26.380996047Z,ACTIVITY_TYPE_TRADE,aachc-cfb-wins-ou-2026-11-28-bayl,SELL,ORDER_INTENT_SELL_LONG,0.55,0.85,CGDQ129WGVB8,aggressor,0.24,2026-09-15T01:12:26.378909065Z,0,0.01,0,1,ORDER_STATE_FILLED,UNSOLICITED_CXL_REASON_UNDEFINED,ORD_REJECT_REASON_EXCHANGE_OPTION,,
1789434746.4,2026-09-15T01:12:26.380996047Z,ACTIVITY_TYPE_TRADE,aachc-cfb-wins-ou-2026-11-28-bayl,BUY,ORDER_INTENT_SELL_SHORT,0.55,0.15,CG5YG7M84VB3,passive,0.04,2026-09-14T16:15:43.667319475Z,8.945,0,0,1,ORDER_STATE_FILLED,UNSOLICITED_CXL_REASON_UNDEFINED,ORD_REJECT_REASON_EXCHANGE_OPTION,,
1789434799.2,2026-09-15T01:13:19.242985988Z,ACTIVITY_TYPE_TRADE,paccc-balpow-2026-11-03-dsweep,SELL,ORDER_INTENT_SELL_LONG,0.47,3,CGDMT0FZRVB3,passive,-0.44,2026-09-15T01:06:59.131942765Z,0.106,-0.01,0,1,ORDER_STATE_FILLED,UNSOLICITED_CXL_REASON_UNDEFINED,ORD_REJECT_REASON_EXCHANGE_OPTION,,
1789434937.3,2026-09-15T01:15:37.259300287Z,ACTIVITY_TYPE_TRADE,aachc-cfb-wins-ou-2026-11-28-bayl,BUY,ORDER_INTENT_SELL_SHORT,0.54,0.1,CGDQC27SCVB8,passive,-0.02,2026-09-15T01:13:26.622945573Z,0.036,0,0,1,ORDER_STATE_PARTIALLY_FILLED,UNSOLICITED_CXL_REASON_UNDEFINED,ORD_REJECT_REASON_EXCHANGE_OPTION,,
1789435582.1,2026-09-15T01:26:22.110483689Z,ACTIVITY_TYPE_TRADE,paccc-usho-midterms-2026-11-03-dem,BUY,ORDER_INTENT_BUY_LONG,0.853,19,CGDTEMSJ6VBA,passive,,2026-09-15T01:19:59.126794034Z,0.106,-0.03,0,1,ORDER_STATE_FILLED,UNSOLICITED_CXL_REASON_UNDEFINED,ORD_REJECT_REASON_EXCHANGE_OPTION,,
1789436807.6,2026-09-15T01:46:47.574962497Z,ACTIVITY_TYPE_TRADE,paccc-usse-midterms-2026-11-03-dem,SELL,ORDER_INTENT_SELL_LONG,0.527,42,CGD8QM93WVB4,passive,-39.84,2026-09-15T00:39:28.382555636Z,1.122,-0.13,0,1,ORDER_STATE_FILLED,UNSOLICITED_CXL_REASON_UNDEFINED,ORD_REJECT_REASON_EXCHANGE_OPTION,,
1789438586.4,2026-09-15T02:16:26.420959111Z,ACTIVITY_TYPE_TRADE,aachc-cfb-wins-ou-2026-11-28-hou,SELL,ORDER_INTENT_SELL_LONG,0.56,1,CGEMCFV78VB2,aggressor,0.01,2026-09-15T02:16:26.419260491Z,0,0.01,0,1,ORDER_STATE_FILLED,UNSOLICITED_CXL_REASON_UNDEFINED,ORD_REJECT_REASON_EXCHANGE_OPTION,,
1789438922.7,2026-09-15T02:22:02.677756182Z,ACTIVITY_TYPE_TRADE,ewc-usgub-nv-2026-11-03-dem,SELL,ORDER_INTENT_SELL_LONG,0.45,31,CG2ZGW298VB4,passive,-11.4,2026-09-14T12:45:26.158259643Z,13.61,-0.1,0,1,ORDER_STATE_FILLED,UNSOLICITED_CXL_REASON_UNDEFINED,ORD_REJECT_REASON_EXCHANGE_OPTION,,
1789439066.4,2026-09-15T02:24:26.385397391Z,ACTIVITY_TYPE_TRADE,paccc-usho-midterms-2026-11-03-dem,SELL,ORDER_INTENT_SELL_LONG,0.854,32,CGDYMZA6MVB2,passive,-318.89,2026-09-15T01:28:14.014871188Z,0.937,-0.05,0,1,ORDER_STATE_FILLED,UNSOLICITED_CXL_REASON_UNDEFINED,ORD_REJECT_REASON_EXCHANGE_OPTION,,
1789439118.8,2026-09-15T02:25:18.819681864Z,ACTIVITY_TYPE_TRADE,paccc-usho-midterms-2026-11-03-dem,BUY,ORDER_INTENT_BUY_LONG,0.853,25,CGEPK6CP2VB4,passive,,2026-09-15T02:22:18.186254310Z,0.05,-0.04,0,1,ORDER_STATE_FILLED,UNSOLICITED_CXL_REASON_UNDEFINED,ORD_REJECT_REASON_EXCHANGE_OPTION,,
1789439195.5,2026-09-15T02:26:35.474216813Z,ACTIVITY_TYPE_TRADE,ewc-usgub-nv-2026-11-03-dem,SELL,ORDER_INTENT_BUY_SHORT,0.46,77,CGEQFNWEWVB3,passive,,2026-09-15T02:23:31.206893124Z,0.051,-0.24,0,1,ORDER_STATE_FILLED,UNSOLICITED_CXL_REASON_UNDEFINED,ORD_REJECT_REASON_EXCHANGE_OPTION,,
1789439219.8,2026-09-15T02:26:59.762772275Z,ACTIVITY_TYPE_TRADE,paccc-usse-midterms-2026-11-03-dem,SELL,ORDER_INTENT_BUY_SHORT,0.527,85,CGEA1VS9TVB7,passive,,2026-09-15T01:53:45.777359952Z,0.554,-0.26,0,1,ORDER_STATE_FILLED,UNSOLICITED_CXL_REASON_UNDEFINED,ORD_REJECT_REASON_EXCHANGE_OPTION,,
1789439230.0,2026-09-15T02:27:10.016664863Z,ACTIVITY_TYPE_TRADE,ewc-usgub-az-2026-11-03-rep,BUY,ORDER_INTENT_BUY_LONG,0.15,31,CGERGV9PPVBA,passive,,2026-09-15T02:27:01.841545856Z,0.002,-0.05,0,1,ORDER_STATE_FILLED,UNSOLICITED_CXL_REASON_UNDEFINED,ORD_REJECT_REASON_EXCHANGE_OPTION,,
1789439254.2,2026-09-15T02:27:34.158781316Z,ACTIVITY_TYPE_TRADE,usgubewc-usgub-tx-2026-11-03-rep,SELL,ORDER_INTENT_SELL_LONG,0.77,142,CGE979PY2VB3,passive,-62,2026-09-15T01:51:59.430292015Z,0.593,-0.31,0,1,ORDER_STATE_FILLED,UNSOLICITED_CXL_REASON_UNDEFINED,ORD_REJECT_REASON_EXCHANGE_OPTION,,
1789439260.1,2026-09-15T02:27:40.066438057Z,ACTIVITY_TYPE_TRADE,ewc-usgub-nv-2026-11-03-dem,SELL,ORDER_INTENT_BUY_SHORT,0.46,25,CGESDMJ9WVB6,passive,,2026-09-15T02:27:31.122939591Z,0.002,-0.08,0,1,ORDER_STATE_PARTIALLY_FILLED,UNSOLICITED_CXL_REASON_UNDEFINED,ORD_REJECT_REASON_EXCHANGE_OPTION,,
1789439277.7,2026-09-15T02:27:57.665250461Z,ACTIVITY_TYPE_TRADE,usgubewc-usgub-tx-2026-11-03-dem,SELL,ORDER_INTENT_BUY_SHORT,0.2,52,CGEQ31QTYVBA,passive,,2026-09-15T02:23:48.006773317Z,0.069,-0.1,0,1,ORDER_STATE_FILLED,UNSOLICITED_CXL_REASON_UNDEFINED,ORD_REJECT_REASON_EXCHANGE_OPTION,,
1789440518.5,2026-09-15T02:48:38.478938666Z,ACTIVITY_TYPE_TRADE,paccc-usho-midterms-2026-11-03-dem,SELL,ORDER_INTENT_SELL_LONG,0.854,25,CGEREMWHYVB6,passive,-332.56,2026-09-15T02:25:32.440678336Z,0.385,-0.04,0,1,ORDER_STATE_FILLED,UNSOLICITED_CXL_REASON_UNDEFINED,ORD_REJECT_REASON_EXCHANGE_OPTION,,
1789440549.0,2026-09-15T02:49:08.981461447Z,ACTIVITY_TYPE_TRADE,paccc-usho-midterms-2026-11-03-dem,BUY,ORDER_INTENT_BUY_LONG,0.853,13,CGF1D9V84VB5,passive,,2026-09-15T02:46:35.053766416Z,0.043,-0.02,0,1,ORDER_STATE_FILLED,UNSOLICITED_CXL_REASON_UNDEFINED,ORD_REJECT_REASON_EXCHANGE_OPTION,,
1789441056.9,2026-09-15T02:57:36.942228171Z,ACTIVITY_TYPE_TRADE,paccc-usse-midterms-2026-11-03-dem,BUY,ORDER_INTENT_SELL_SHORT,0.526,85,CGES4Q3DGVBE,passive,-35.24,2026-09-15T02:27:31.221103579Z,0.502,-0.26,0,1,ORDER_STATE_FILLED,UNSOLICITED_CXL_REASON_UNDEFINED,ORD_REJECT_REASON_EXCHANGE_OPTION,,
1789441522.7,2026-09-15T03:05:22.705869826Z,ACTIVITY_TYPE_TRADE,paccc-usho-midterms-2026-11-03-dem,BUY,ORDER_INTENT_BUY_LONG,0.853,12,CGF99R748VBA,passive,,2026-09-15T03:05:17.428405834Z,0.001,-0.02,0,1,ORDER_STATE_FILLED,UNSOLICITED_CXL_REASON_UNDEFINED,ORD_REJECT_REASON_EXCHANGE_OPTION,,
1789441969.9,2026-09-15T03:12:49.860545728Z,ACTIVITY_TYPE_TRADE,paccc-balpow-2026-11-03-dsweep,SELL,ORDER_INTENT_BUY_SHORT,0.47,83,CGF6JT8SYVB5,passive,,2026-09-15T02:58:17.145049790Z,0.242,-0.26,0,1,ORDER_STATE_FILLED,UNSOLICITED_CXL_REASON_UNDEFINED,ORD_REJECT_REASON_EXCHANGE_OPTION,,
1789442037.1,2026-09-15T03:13:57.084503641Z,ACTIVITY_TYPE_TRADE,paccc-usse-midterms-2026-11-03-rep,SELL,ORDER_INTENT_SELL_LONG,0.483,98,CGBZ5T4YCVBE,passive,-17.77,2026-09-14T23:10:56.456019660Z,4.05,-0.31,0,1,ORDER_STATE_PARTIALLY_FILLED,UNSOLICITED_CXL_REASON_UNDEFINED,ORD_REJECT_REASON_EXCHANGE_OPTION,,
1789442943.8,2026-09-15T03:29:03.790537362Z,ACTIVITY_TYPE_TRADE,ussewc-usse-ky-2026-11-03-dem,SELL,ORDER_INTENT_BUY_SHORT,0.03,1,CGBQ7HVJ8VB3,passive,,2026-09-14T22:53:38.350782657Z,4.59,0,0,1,ORDER_STATE_FILLED,UNSOLICITED_CXL_REASON_UNDEFINED,ORD_REJECT_REASON_EXCHANGE_OPTION,,
1789443043.3,2026-09-15T03:30:43.282210792Z,ACTIVITY_TYPE_TRADE,paccc-usho-midterms-2026-11-03-dem,SELL,ORDER_INTENT_SELL_LONG,0.854,25,CGFA5RB5RVB4,passive,-341.09,2026-09-15T03:06:04.542347072Z,0.411,-0.04,0,1,ORDER_STATE_FILLED,UNSOLICITED_CXL_REASON_UNDEFINED,ORD_REJECT_REASON_EXCHANGE_OPTION,,
1789443062.4,2026-09-15T03:31:02.362595827Z,ACTIVITY_TYPE_TRADE,paccc-usho-midterms-2026-11-03-dem,BUY,ORDER_INTENT_BUY_LONG,0.853,14,CGFKW5VB2VB3,passive,,2026-09-15T03:26:04.057100723Z,0.083,-0.02,0,1,ORDER_STATE_FILLED,UNSOLICITED_CXL_REASON_UNDEFINED,ORD_REJECT_REASON_EXCHANGE_OPTION,,
1789443081.5,2026-09-15T03:31:21.528004624Z,ACTIVITY_TYPE_TRADE,paccc-usho-midterms-2026-11-03-dem,BUY,ORDER_INTENT_BUY_LONG,0.853,16,CGFNVZS0GVB8,passive,,2026-09-15T03:31:06.698683070Z,0.004,-0.03,0,1,ORDER_STATE_FILLED,UNSOLICITED_CXL_REASON_UNDEFINED,ORD_REJECT_REASON_EXCHANGE_OPTION,,
1789443562.8,2026-09-15T03:39:22.801343264Z,ACTIVITY_TYPE_TRADE,aachc-cfb-wins-2026-11-28-frest-8pt5wins,BUY,ORDER_INTENT_BUY_LONG,0.44,0.13,CGBW3EACAVB2,passive,,2026-09-14T23:04:34.907517601Z,4.58,0,0,1,ORDER_STATE_PARTIALLY_FILLED,UNSOLICITED_CXL_REASON_UNDEFINED,ORD_REJECT_REASON_EXCHANGE_OPTION,,
1789443741.3,2026-09-15T03:42:21.296358561Z,ACTIVITY_TYPE_TRADE,aachc-cfb-wins-2026-11-28-frest-8pt5wins,BUY,ORDER_INTENT_BUY_LONG,0.44,0.1,CGBW3EACAVB2,passive,,2026-09-14T23:04:34.907517601Z,4.63,0,0,1,ORDER_STATE_PARTIALLY_FILLED,UNSOLICITED_CXL_REASON_UNDEFINED,ORD_REJECT_REASON_EXCHANGE_OPTION,,
1789443955.8,2026-09-15T03:45:55.826097928Z,ACTIVITY_TYPE_TRADE,paccc-usse-midterms-2026-11-03-dem,BUY,ORDER_INTENT_BUY_LONG,0.526,11,CGFFYHZVRVB4,passive,,2026-09-15T03:18:05.034851006Z,0.464,-0.03,0,1,ORDER_STATE_PARTIALLY_FILLED,UNSOLICITED_CXL_REASON_UNDEFINED,ORD_REJECT_REASON_EXCHANGE_OPTION,,
1789444944.3,2026-09-15T04:02:24.276670552Z,ACTIVITY_TYPE_TRADE,aachc-cfb-wins-2026-11-28-frest-8pt5wins,BUY,ORDER_INTENT_BUY_LONG,0.44,0.69,CGBW3EACAVB2,passive,,2026-09-14T23:04:34.907517601Z,4.964,0,0,1,ORDER_STATE_PARTIALLY_FILLED,UNSOLICITED_CXL_REASON_UNDEFINED,ORD_REJECT_REASON_EXCHANGE_OPTION,,
1789444944.4,2026-09-15T04:02:24.439439242Z,ACTIVITY_TYPE_TRADE,aachc-cfb-wins-2026-11-28-frest-8pt5wins,BUY,ORDER_INTENT_BUY_LONG,0.44,1.08,CGBW3EACAVB2,passive,,2026-09-14T23:04:34.907517601Z,4.964,0,0,1,ORDER_STATE_FILLED,UNSOLICITED_CXL_REASON_UNDEFINED,ORD_REJECT_REASON_EXCHANGE_OPTION,,
1789444986.2,2026-09-15T04:03:06.201275334Z,ACTIVITY_TYPE_TRADE,enwc-uspres-nom-dem-2028-dwajoh,SELL,ORDER_INTENT_SELL_LONG,0.01,6.47,CG33CNY3YVB2,passive,-0.65,2026-09-14T12:53:12.376171557Z,15.165,0,0,1,ORDER_STATE_FILLED,UNSOLICITED_CXL_REASON_UNDEFINED,ORD_REJECT_REASON_EXCHANGE_OPTION,,
1789446081.1,2026-09-15T04:21:21.072898473Z,ACTIVITY_TYPE_TRADE,paccc-usse-midterms-2026-11-03-dem,SELL,ORDER_INTENT_SELL_LONG,0.527,11,CGFWRCHKTVBE,passive,-18.91,2026-09-15T03:46:19.277515092Z,0.584,-0.03,0,1,ORDER_STATE_FILLED,UNSOLICITED_CXL_REASON_UNDEFINED,ORD_REJECT_REASON_EXCHANGE_OPTION,,
1789449154.9,2026-09-15T05:12:34.914723189Z,ACTIVITY_TYPE_TRADE,paccc-usse-midterms-2026-11-03-dem,SELL,ORDER_INTENT_BUY_SHORT,0.527,91,CGGE6YNR0VB9,passive,,2026-09-15T04:27:19.666969827Z,0.754,-0.28,0,1,ORDER_STATE_FILLED,UNSOLICITED_CXL_REASON_UNDEFINED,ORD_REJECT_REASON_EXCHANGE_OPTION,,
1789449679.3,2026-09-15T05:21:19.263875376Z,ACTIVITY_TYPE_TRADE,ussewc-usse-nj-2026-11-03-dem,BUY,ORDER_INTENT_BUY_LONG,0.98,20,CGBST3E0AVB5,passive,,2026-09-14T22:59:23.475157868Z,6.365,0,0,1,ORDER_STATE_FILLED,UNSOLICITED_CXL_REASON_UNDEFINED,ORD_REJECT_REASON_EXCHANGE_OPTION,,
1789454302.6,2026-09-15T06:38:22.575307297Z,ACTIVITY_TYPE_TRADE,paccc-usho-midterms-2026-11-03-dem,SELL,ORDER_INTENT_SELL_LONG,0.854,23,CGFPXBSRJVB6,passive,-1120.87,2026-09-15T03:33:04.634674971Z,3.088,-0.04,0,1,ORDER_STATE_PARTIALLY_FILLED,UNSOLICITED_CXL_REASON_UNDEFINED,ORD_REJECT_REASON_EXCHANGE_OPTION,,
1789454595.3,2026-09-15T06:43:15.327738583Z,ACTIVITY_TYPE_TRADE,paccc-usho-midterms-2026-11-03-dem,SELL,ORDER_INTENT_SELL_LONG,0.854,7,CGFPXBSRJVB6,passive,-341.14,2026-09-15T03:33:04.634674971Z,3.17,-0.01,0,1,ORDER_STATE_FILLED,UNSOLICITED_CXL_REASON_UNDEFINED,ORD_REJECT_REASON_EXCHANGE_OPTION,,
1789459818.3,2026-09-15T08:10:18.318572549Z,ACTIVITY_TYPE_TRADE,paccc-usho-midterms-2026-11-03-dem,SELL,ORDER_INTENT_BUY_SHORT,0.854,38,CGKH3V64EVB3,passive,,2026-09-15T08:01:40.901803280Z,0.144,-0.06,0,1,ORDER_STATE_PARTIALLY_FILLED,UNSOLICITED_CXL_REASON_UNDEFINED,ORD_REJECT_REASON_EXCHANGE_OPTION,,
1789459883.3,2026-09-15T08:11:23.342932574Z,ACTIVITY_TYPE_TRADE,paccc-usho-midterms-2026-11-03-dem,BUY,ORDER_INTENT_BUY_LONG,0.853,46,CGJSRK748VB9,passive,,2026-09-15T07:10:55.153274052Z,1.008,-0.07,0,1,ORDER_STATE_FILLED,UNSOLICITED_CXL_REASON_UNDEFINED,ORD_REJECT_REASON_EXCHANGE_OPTION,,
1789460195.1,2026-09-15T08:16:35.138355415Z,ACTIVITY_TYPE_TRADE,ussewc-usse-ky-2026-11-03-dem,BUY,ORDER_INTENT_SELL_SHORT,0.06,1,CGHK742D4VB9,passive,0.03,2026-09-15T05:45:46.202339711Z,2.514,0,0,1,ORDER_STATE_FILLED,UNSOLICITED_CXL_REASON_UNDEFINED,ORD_REJECT_REASON_EXCHANGE_OPTION,,
1789460563.6,2026-09-15T08:22:43.577696491Z,ACTIVITY_TYPE_TRADE,paccc-usho-midterms-2026-11-03-dem,SELL,ORDER_INTENT_SELL_LONG,0.854,8,CGKNTTTYMVBE,passive,-332.61,2026-09-15T08:11:55.592256405Z,0.18,-0.01,0,1,ORDER_STATE_FILLED,UNSOLICITED_CXL_REASON_UNDEFINED,ORD_REJECT_REASON_EXCHANGE_OPTION,,
1789460661.4,2026-09-15T08:24:21.350075370Z,ACTIVITY_TYPE_TRADE,usgubewc-usgub-tn-2026-11-03-dem,BUY,ORDER_INTENT_SELL_SHORT,0.03,2.14,CGBPPS3ARVB3,passive,-0.9,2026-09-14T22:52:22.954016473Z,9.533,0,0,1,ORDER_STATE_PARTIALLY_FILLED,UNSOLICITED_CXL_REASON_UNDEFINED,ORD_REJECT_REASON_EXCHANGE_OPTION,,
1789461540.3,2026-09-15T08:39:00.321348098Z,ACTIVITY_TYPE_TRADE,paccc-usse-midterms-2026-11-03-dem,BUY,ORDER_INTENT_SELL_SHORT,0.526,88,CGH5C84XYVB9,passive,-374.87,2026-09-15T05:15:35.191414231Z,3.39,-0.27,0,1,ORDER_STATE_PARTIALLY_FILLED,UNSOLICITED_CXL_REASON_UNDEFINED,ORD_REJECT_REASON_EXCHANGE_OPTION,,
1789462128.6,2026-09-15T08:48:48.556303526Z,ACTIVITY_TYPE_TRADE,usgubewc-usgub-ar-2026-11-03-rep,SELL,ORDER_INTENT_SELL_LONG,0.98,17.89,CG3421ZHRVB3,passive,-94.56,2026-09-14T12:55:33.865803893Z,19.887,0,0,1,ORDER_STATE_PARTIALLY_FILLED,UNSOLICITED_CXL_REASON_UNDEFINED,ORD_REJECT_REASON_EXCHANGE_OPTION,,
1789463763.6,2026-09-15T09:16:03.566348905Z,ACTIVITY_TYPE_TRADE,paccc-usse-midterms-2026-11-03-dem,BUY,ORDER_INTENT_SELL_SHORT,0.526,3,CGH5C84XYVB9,passive,-12.78,2026-09-15T05:15:35.191414231Z,4.008,-0.01,0,1,ORDER_STATE_FILLED,UNSOLICITED_CXL_REASON_UNDEFINED,ORD_REJECT_REASON_EXCHANGE_OPTION,,
1789472189.4,2026-09-15T11:36:29.378964892Z,ACTIVITY_TYPE_TRADE,ushrewc-ushr-me-02-2026-11-03-rep,SELL,ORDER_INTENT_BUY_SHORT,0.51,89,CGM2BM3J8VB7,passive,,2026-09-15T08:39:30.191835724Z,2.95,-0.28,0,1,ORDER_STATE_FILLED,UNSOLICITED_CXL_REASON_UNDEFINED,ORD_REJECT_REASON_EXCHANGE_OPTION,,
1789474309.7,2026-09-15T12:11:49.725768465Z,ACTIVITY_TYPE_TRADE,usgubewc-usgub-hi-2026-11-03-dem,BUY,ORDER_INTENT_BUY_LONG,0.98,2,CGQ3BK6WYVB9,passive,,2026-09-15T12:11:48.992955119Z,0,0,0,1,ORDER_STATE_FILLED,UNSOLICITED_CXL_REASON_UNDEFINED,ORD_REJECT_REASON_EXCHANGE_OPTION,,
1789475262.7,2026-09-15T12:27:42.744917817Z,ACTIVITY_TYPE_TRADE,ussewc-usse-or-2026-11-03-rep,BUY,ORDER_INTENT_BUY_LONG,0.03,2,CG2TKQDE8VB7,passive,,2026-09-14T12:36:37.617493602Z,23.851,0,0,1,ORDER_STATE_PARTIALLY_FILLED,UNSOLICITED_CXL_REASON_UNDEFINED,ORD_REJECT_REASON_EXCHANGE_OPTION,,
1789475398.7,2026-09-15T12:29:58.676064417Z,ACTIVITY_TYPE_TRADE,usgubewc-usgub-ar-2026-11-03-rep,SELL,ORDER_INTENT_SELL_LONG,0.98,1.11,CG3421ZHRVB3,passive,-5.87,2026-09-14T12:55:33.865803893Z,23.574,0,0,1,ORDER_STATE_FILLED,UNSOLICITED_CXL_REASON_UNDEFINED,ORD_REJECT_REASON_EXCHANGE_OPTION,,
1789475482.2,2026-09-15T12:31:22.215336041Z,ACTIVITY_TYPE_TRADE,ussewc-usse-ky-2026-11-03-rep,BUY,ORDER_INTENT_BUY_LONG,0.95,14.98,CGQA6J224VB2,passive,,2026-09-15T12:26:30.772656999Z,0.081,-0.01,0,1,ORDER_STATE_PARTIALLY_FILLED,UNSOLICITED_CXL_REASON_UNDEFINED,ORD_REJECT_REASON_EXCHANGE_OPTION,,
1789477342.4,2026-09-15T13:02:22.361383224Z,ACTIVITY_TYPE_TRADE,aachc-cfb-wins-2026-11-28-txst-6pt5wins,SELL,ORDER_INTENT_BUY_SHORT,0.5,0.1,CGQSMS42PVBE,passive,,2026-09-15T13:01:30.765370790Z,0.014,0,0,1,ORDER_STATE_PARTIALLY_FILLED,UNSOLICITED_CXL_REASON_UNDEFINED,ORD_REJECT_REASON_EXCHANGE_OPTION,,
1789477953.6,2026-09-15T13:12:33.588463048Z,ACTIVITY_TYPE_TRADE,usgubewc-usgub-tn-2026-11-03-rep,BUY,ORDER_INTENT_BUY_LONG,0.98,2,CGQZM2B16VB7,passive,,2026-09-15T13:12:32.953238142Z,0,0,0,1,ORDER_STATE_FILLED,UNSOLICITED_CXL_REASON_UNDEFINED,ORD_REJECT_REASON_EXCHANGE_OPTION,,
1789478307.0,2026-09-15T13:18:27.036426948Z,ACTIVITY_TYPE_TRADE,ushrewc-ushr-nj-07-2026-11-03-dem,SELL,ORDER_INTENT_BUY_SHORT,0.77,20.1,CGNYR3M6GVBE,passive,,2026-09-15T10:51:44.853179418Z,2.445,-0.04,0,1,ORDER_STATE_PARTIALLY_FILLED,UNSOLICITED_CXL_REASON_UNDEFINED,ORD_REJECT_REASON_EXCHANGE_OPTION,,
1789478311.1,2026-09-15T13:18:31.076507697Z,ACTIVITY_TYPE_TRADE,ushrewc-ushr-nj-07-2026-11-03-dem,SELL,ORDER_INTENT_BUY_SHORT,0.77,0.52,CGNYR3M6GVBE,passive,,2026-09-15T10:51:44.853179418Z,2.446,0,0,1,ORDER_STATE_PARTIALLY_FILLED,UNSOLICITED_CXL_REASON_UNDEFINED,ORD_REJECT_REASON_EXCHANGE_OPTION,,
1789480067.1,2026-09-15T13:47:47.123233377Z,ACTIVITY_TYPE_TRADE,ussewc-usse-wv-2026-11-03-rep,BUY,ORDER_INTENT_BUY_LONG,0.97,10,CGRFKCNCWVB3,passive,,2026-09-15T13:47:37.546986159Z,0.003,0,0,1,ORDER_STATE_FILLED,UNSOLICITED_CXL_REASON_UNDEFINED,ORD_REJECT_REASON_EXCHANGE_OPTION,,
1789481974.5,2026-09-15T14:19:34.494968590Z,ACTIVITY_TYPE_TRADE,aachc-cfb-wins-2026-11-28-ore-7pt5wins,BUY,ORDER_INTENT_BUY_LONG,0.81,0.5,CGRX5M68PVB9,passive,,2026-09-15T14:17:51.889386792Z,0.029,0,0,1,ORDER_STATE_FILLED,UNSOLICITED_CXL_REASON_UNDEFINED,ORD_REJECT_REASON_EXCHANGE_OPTION,,
1789482720.2,2026-09-15T14:32:00.240490835Z,ACTIVITY_TYPE_TRADE,usgubewc-usgub-fl-2026-11-03-dem,SELL,ORDER_INTENT_SELL_LONG,0.21,3.63,CGHX2AC42VB2,passive,-0.17,2026-09-15T06:08:06.779317653Z,8.398,-0.01,0,1,ORDER_STATE_PARTIALLY_FILLED,UNSOLICITED_CXL_REASON_UNDEFINED,ORD_REJECT_REASON_EXCHANGE_OPTION,,
1789482762.6,2026-09-15T14:32:42.625956353Z,ACTIVITY_TYPE_TRADE,ewc-usse-oh-2026-11-03-dem,BUY,ORDER_INTENT_SELL_SHORT,0.53,85,CG2RA3E6RVB6,passive,-0.2,2026-09-14T12:31:37.794930513Z,26.018,-0.26,0,1,ORDER_STATE_FILLED,UNSOLICITED_CXL_REASON_UNDEFINED,ORD_REJECT_REASON_EXCHANGE_OPTION,,
1789483278.0,2026-09-15T14:41:17.976337846Z,ACTIVITY_TYPE_TRADE,ussewc-usse-nj-2026-11-03-dem,SELL,ORDER_INTENT_SELL_LONG,0.99,20,CGH888MZAVB3,passive,-0.01,2026-09-15T05:22:01.845239749Z,9.321,0,0,1,ORDER_STATE_FILLED,UNSOLICITED_CXL_REASON_UNDEFINED,ORD_REJECT_REASON_EXCHANGE_OPTION,,
1789483410.1,2026-09-15T14:43:30.122542418Z,ACTIVITY_TYPE_TRADE,ussewc-usse-nj-2026-11-03-dem,SELL,ORDER_INTENT_SELL_LONG,0.99,5.37,CGS90SA7GVB6,passive,-0.17,2026-09-15T14:43:10.033151212Z,0.006,0,0,1,ORDER_STATE_PARTIALLY_FILLED,UNSOLICITED_CXL_REASON_UNDEFINED,ORD_REJECT_REASON_EXCHANGE_OPTION,,
1789483974.2,2026-09-15T14:52:54.192639397Z,ACTIVITY_TYPE_TRADE,paccc-usse-midterms-2026-11-03-rep,SELL,ORDER_INTENT_SELL_LONG,0.483,10,CGFEN69CJVB9,passive,-1.91,2026-09-15T03:14:47.336700582Z,11.635,-0.03,0,1,ORDER_STATE_PARTIALLY_FILLED,UNSOLICITED_CXL_REASON_UNDEFINED,ORD_REJECT_REASON_EXCHANGE_OPTION,,
1789484149.8,2026-09-15T14:55:49.772258911Z,ACTIVITY_TYPE_TRADE,aachc-cfb-wins-2026-11-28-kan-6pt5wins,BUY,ORDER_INTENT_BUY_LONG,0.28,2,CGSAFYV7RVB2,passive,,2026-09-15T14:45:53.187080186Z,0.166,-0.01,0,1,ORDER_STATE_FILLED,UNSOLICITED_CXL_REASON_UNDEFINED,ORD_REJECT_REASON_EXCHANGE_OPTION,,
1789484170.2,2026-09-15T14:56:10.204950366Z,ACTIVITY_TYPE_TRADE,ussewc-usse-ks-2026-11-03-dem,SELL,ORDER_INTENT_BUY_SHORT,0.24,2.99,CGRG0QEBGVB5,passive,,2026-09-15T13:49:03.931986101Z,1.118,-0.01,0,1,ORDER_STATE_PARTIALLY_FILLED,UNSOLICITED_CXL_REASON_UNDEFINED,ORD_REJECT_REASON_EXCHANGE_OPTION,,
1789484199.5,2026-09-15T14:56:39.468998288Z,ACTIVITY_TYPE_TRADE,paccc-usse-midterms-2026-11-03-rep,SELL,ORDER_INTENT_SELL_LONG,0.483,118,CGFEN69CJVB9,passive,-57.32,2026-09-15T03:14:47.336700582Z,11.698,-0.37,0,1,ORDER_STATE_PARTIALLY_FILLED,UNSOLICITED_CXL_REASON_UNDEFINED,ORD_REJECT_REASON_EXCHANGE_OPTION,,
1789484220.5,2026-09-15T14:57:00.526457916Z,ACTIVITY_TYPE_TRADE,aachc-cfb-wins-2026-11-28-kan-5pt5wins,SELL,ORDER_INTENT_BUY_SHORT,0.42,0.5,CGR4FS0EAVB2,passive,,2026-09-15T13:23:50.804874143Z,1.553,0,0,1,ORDER_STATE_FILLED,UNSOLICITED_CXL_REASON_UNDEFINED,ORD_REJECT_REASON_EXCHANGE_OPTION,,
1789485007.9,2026-09-15T15:10:07.897955790Z,ACTIVITY_TYPE_TRADE,aachc-cfb-wins-2026-11-28-aubrn-8pt5wins,BUY,ORDER_INTENT_BUY_LONG,0.2,1,CGSBVX46YVB3,passive,,2026-09-15T14:49:13.849207999Z,0.348,0,0,1,ORDER_STATE_FILLED,UNSOLICITED_CXL_REASON_UNDEFINED,ORD_REJECT_REASON_EXCHANGE_OPTION,,
1789485406.1,2026-09-15T15:16:46.093670706Z,ACTIVITY_TYPE_TRADE,usgubewc-usgub-tn-2026-11-03-rep,SELL,ORDER_INTENT_SELL_LONG,0.98,2,CGSR32Q4WVB5,aggressor,-23.87,2026-09-15T15:16:46.091796937Z,0,0,0,1,ORDER_STATE_FILLED,UNSOLICITED_CXL_REASON_UNDEFINED,ORD_REJECT_REASON_EXCHANGE_OPTION,,
1789485723.4,2026-09-15T15:22:03.392982296Z,ACTIVITY_TYPE_TRADE,ewc-usse-tx-2026-11-03-rep,BUY,ORDER_INTENT_BUY_LONG,0.51,15,CGSFHG7YRVB3,passive,,2026-09-15T14:57:26.917958790Z,0.41,-0.05,0,1,ORDER_STATE_FILLED,UNSOLICITED_CXL_REASON_UNDEFINED,ORD_REJECT_REASON_EXCHANGE_OPTION,,
1789486778.5,2026-09-15T15:39:38.547346814Z,ACTIVITY_TYPE_TRADE,aachc-cfb-wins-2026-11-28-txst-6pt5wins,BUY,ORDER_INTENT_SELL_SHORT,0.27,1,CGR2ZQC9AVB5,passive,-0.7,2026-09-15T13:20:30.140217513Z,2.319,0,0,1,ORDER_STATE_FILLED,UNSOLICITED_CXL_REASON_UNDEFINED,ORD_REJECT_REASON_EXCHANGE_OPTION,,
1789486795.3,2026-09-15T15:39:55.346481265Z,ACTIVITY_TYPE_TRADE,ussewc-usse-tn-2026-11-03-rep,SELL,ORDER_INTENT_SELL_LONG,0.96,66.57,CGT37201PVBE,aggressor,-64.12,2026-09-15T15:39:55.344249776Z,0,0.15,0,1,ORDER_STATE_FILLED,UNSOLICITED_CXL_REASON_UNDEFINED,ORD_REJECT_REASON_EXCHANGE_OPTION,,
1789486795.3,2026-09-15T15:39:55.346481265Z,ACTIVITY_TYPE_TRADE,ussewc-usse-tn-2026-11-03-rep,BUY,ORDER_INTENT_BUY_LONG,0.96,1,CGF2EVNQWVB3,passive,-0.96,2026-09-15T02:48:06.123561437Z,12.864,0,0,1,ORDER_STATE_FILLED,UNSOLICITED_CXL_REASON_UNDEFINED,ORD_REJECT_REASON_EXCHANGE_OPTION,,
1789486939.8,2026-09-15T15:42:19.846919665Z,ACTIVITY_TYPE_TRADE,aachc-cfb-wins-2026-11-28-ore-7pt5wins,SELL,ORDER_INTENT_SELL_LONG,0.71,1,CGRZTGBEAVBA,passive,0.36,2026-09-15T14:22:57.860209605Z,1.323,0,0,1,ORDER_STATE_FILLED,UNSOLICITED_CXL_REASON_UNDEFINED,ORD_REJECT_REASON_EXCHANGE_OPTION,,
1789489234.1,2026-09-15T16:20:34.122328557Z,ACTIVITY_TYPE_TRADE,paccc-usse-midterms-2026-11-03-dem,SELL,ORDER_INTENT_BUY_SHORT,0.527,84,CGT3H4596VB7,passive,,2026-09-15T15:41:42.770941146Z,0.648,-0.26,0,1,ORDER_STATE_FILLED,UNSOLICITED_CXL_REASON_UNDEFINED,ORD_REJECT_REASON_EXCHANGE_OPTION,,
1789489439.4,2026-09-15T16:23:59.364640995Z,ACTIVITY_TYPE_POSITION_RESOLUTION,ftsc-nfl-qbmostfp-w1-2026-09-14-matsta,,,,,,,,,,,,,,,,,keys=afterPosition|beforePosition|comboLegDetails|market|marketSlug|side|tradeId|updateTime
1789489444.3,2026-09-15T16:24:04.280838704Z,ACTIVITY_TYPE_POSITION_RESOLUTION,ftsc-nfl-rbmostfp-w1-2026-09-14-bijrob,,,,,,,,,,,,,,,,,keys=afterPosition|beforePosition|comboLegDetails|market|marketSlug|side|tradeId|updateTime
1789489444.3,2026-09-15T16:24:04.295930579Z,ACTIVITY_TYPE_POSITION_RESOLUTION,ftsc-nfl-rbmostfp-w1-2026-09-14-chrmcc,,,,,,,,,,,,,,,,,keys=afterPosition|beforePosition|comboLegDetails|market|marketSlug|side|tradeId|updateTime
1789489449.8,2026-09-15T16:24:09.814934919Z,ACTIVITY_TYPE_POSITION_RESOLUTION,ftsc-nfl-rbmostfp-w1-2026-09-14-kyrwil,,,,,,,,,,,,,,,,,keys=afterPosition|beforePosition|comboLegDetails|market|marketSlug|side|tradeId|updateTime
1789489454.1,2026-09-15T16:24:14.148073447Z,ACTIVITY_TYPE_POSITION_RESOLUTION,ftsc-nfl-rbmostfp-w1-2026-09-14-jonabro,,,,,,,,,,,,,,,,,keys=afterPosition|beforePosition|comboLegDetails|market|marketSlug|side|tradeId|updateTime
1789489464.4,2026-09-15T16:24:24.383749321Z,ACTIVITY_TYPE_POSITION_RESOLUTION,ftsc-nfl-temostfp-w1-2026-09-14-brobow,,,,,,,,,,,,,,,,,keys=afterPosition|beforePosition|comboLegDetails|market|marketSlug|side|tradeId|updateTime
1789489469.1,2026-09-15T16:24:29.050453575Z,ACTIVITY_TYPE_POSITION_RESOLUTION,ftsc-nfl-temostfp-w1-2026-09-14-harfan,,,,,,,,,,,,,,,,,keys=afterPosition|beforePosition|comboLegDetails|market|marketSlug|side|tradeId|updateTime
1789489469.2,2026-09-15T16:24:29.154007044Z,ACTIVITY_TYPE_POSITION_RESOLUTION,ftsc-nfl-temostfp-w1-2026-09-14-geokit,,,,,,,,,,,,,,,,,keys=afterPosition|beforePosition|comboLegDetails|market|marketSlug|side|tradeId|updateTime
1789489469.2,2026-09-15T16:24:29.224915024Z,ACTIVITY_TYPE_POSITION_RESOLUTION,ftsc-nfl-temostfp-w1-2026-09-14-brestr,,,,,,,,,,,,,,,,,keys=afterPosition|beforePosition|comboLegDetails|market|marketSlug|side|tradeId|updateTime
1789489469.3,2026-09-15T16:24:29.339451208Z,ACTIVITY_TYPE_POSITION_RESOLUTION,ftsc-nfl-temostfp-w1-2026-09-14-orogad,,,,,,,,,,,,,,,,,keys=afterPosition|beforePosition|comboLegDetails|market|marketSlug|side|tradeId|updateTime
1789489474.2,2026-09-15T16:24:34.197558516Z,ACTIVITY_TYPE_POSITION_RESOLUTION,ftsc-nfl-kmostfp-w1-2026-09-14-kafai,,,,,,,,,,,,,,,,,keys=afterPosition|beforePosition|comboLegDetails|market|marketSlug|side|tradeId|updateTime
1789489474.3,2026-09-15T16:24:34.296227716Z,ACTIVITY_TYPE_POSITION_RESOLUTION,ftsc-nfl-kmostfp-w1-2026-09-14-braaub,,,,,,,,,,,,,,,,,keys=afterPosition|beforePosition|comboLegDetails|market|marketSlug|side|tradeId|updateTime
1789490264.5,2026-09-15T16:37:44.520435143Z,ACTIVITY_TYPE_TRADE,ewc-usgub-ga-2026-11-03-rep,SELL,ORDER_INTENT_BUY_SHORT,0.4,12,CGTXCRNSMVB3,passive,,2026-09-15T16:37:44.189236947Z,0,-0.04,0,1,ORDER_STATE_FILLED,UNSOLICITED_CXL_REASON_UNDEFINED,ORD_REJECT_REASON_EXCHANGE_OPTION,,
1789491038.5,2026-09-15T16:50:38.456164455Z,ACTIVITY_TYPE_TRADE,scc-hrep-rep-2026-11-03-gte215,BUY,ORDER_INTENT_BUY_LONG,0.34,3.87,CGTFQ0DVAVBA,passive,,2026-09-15T16:06:51.638147Z,0.73,-0.01,0,1,ORDER_STATE_FILLED,UNSOLICITED_CXL_REASON_UNDEFINED,ORD_REJECT_REASON_EXCHANGE_OPTION,,
1789491038.5,2026-09-15T16:50:38.456164455Z,ACTIVITY_TYPE_TRADE,scc-hrep-rep-2026-11-03-gte215,BUY,ORDER_INTENT_BUY_LONG,0.34,0.88,CGT3VWAA6VBE,passive,,2026-09-15T15:41:37.105491059Z,1.15,0,0,1,ORDER_STATE_FILLED,UNSOLICITED_CXL_REASON_UNDEFINED,ORD_REJECT_REASON_EXCHANGE_OPTION,,
1789491038.5,2026-09-15T16:50:38.456164455Z,ACTIVITY_TYPE_TRADE,scc-hrep-rep-2026-11-03-gte215,SELL,ORDER_INTENT_BUY_SHORT,0.34,5,CGV3J4Z38VB6,aggressor,,2026-09-15T16:50:38.454311591Z,0,0.06,0,1,ORDER_STATE_PARTIALLY_FILLED,UNSOLICITED_CXL_REASON_UNDEFINED,ORD_REJECT_REASON_EXCHANGE_OPTION,,
1789491038.5,2026-09-15T16:50:38.456164455Z,ACTIVITY_TYPE_TRADE,scc-hrep-rep-2026-11-03-gte215,BUY,ORDER_INTENT_BUY_LONG,0.34,8,CGNS97642VBA,passive,,2026-09-15T10:40:11.051300334Z,6.174,-0.02,0,1,ORDER_STATE_FILLED,UNSOLICITED_CXL_REASON_UNDEFINED,ORD_REJECT_REASON_EXCHANGE_OPTION,,
1789491038.5,2026-09-15T16:50:38.456164455Z,ACTIVITY_TYPE_TRADE,scc-hrep-rep-2026-11-03-gte215,BUY,ORDER_INTENT_BUY_LONG,0.34,6,CGANW7M8WVB7,passive,,2026-09-14T21:43:19.245108186Z,19.122,-0.02,0,1,ORDER_STATE_FILLED,UNSOLICITED_CXL_REASON_UNDEFINED,ORD_REJECT_REASON_EXCHANGE_OPTION,,
1789491038.5,2026-09-15T16:50:38.456164455Z,ACTIVITY_TYPE_TRADE,scc-hrep-rep-2026-11-03-gte215,SELL,ORDER_INTENT_BUY_SHORT,0.34,13.97,CGV3J4Z38VB6,aggressor,,2026-09-15T16:50:38.454311591Z,0,0.19,0,1,ORDER_STATE_PARTIALLY_FILLED,UNSOLICITED_CXL_REASON_UNDEFINED,ORD_REJECT_REASON_EXCHANGE_OPTION,,
1789491963.3,2026-09-15T17:06:03.268768127Z,ACTIVITY_TYPE_TRADE,aachc-cfb-wins-2026-11-28-missr-7pt5wins,SELL,ORDER_INTENT_BUY_SHORT,0.4,0.1,CG321FGFCVB7,passive,,2026-09-14T12:50:53.737215795Z,28.253,0,0,1,ORDER_STATE_FILLED,UNSOLICITED_CXL_REASON_UNDEFINED,ORD_REJECT_REASON_EXCHANGE_OPTION,,
1789492151.5,2026-09-15T17:09:11.518235616Z,ACTIVITY_TYPE_TRADE,aachc-cfb-wins-2026-11-28-missr-7pt5wins,BUY,ORDER_INTENT_SELL_SHORT,0.98,0.1,CGVBQ74K4VB6,passive,0.1,2026-09-15T17:08:44.939244966Z,0.007,0,0,1,ORDER_STATE_FILLED,UNSOLICITED_CXL_REASON_UNDEFINED,ORD_REJECT_REASON_EXCHANGE_OPTION,,
1789492206.0,2026-09-15T17:10:06.033875264Z,ACTIVITY_TYPE_TRADE,usgubewc-usgub-ak-2026-11-03-davbro,SELL,ORDER_INTENT_BUY_SHORT,0.03,32.82,CGV5C229GVB9,passive,,2026-09-15T16:53:59.016638337Z,0.269,-0.01,0,1,ORDER_STATE_PARTIALLY_FILLED,UNSOLICITED_CXL_REASON_UNDEFINED,ORD_REJECT_REASON_EXCHANGE_OPTION,,
1789492226.7,2026-09-15T17:10:26.658330629Z,ACTIVITY_TYPE_TRADE,usgubewc-usgub-ak-2026-11-03-davbro,SELL,ORDER_INTENT_BUY_SHORT,0.03,0.18,CGV5C229GVB9,passive,,2026-09-15T16:53:59.016638337Z,0.274,0,0,1,ORDER_STATE_FILLED,UNSOLICITED_CXL_REASON_UNDEFINED,ORD_REJECT_REASON_EXCHANGE_OPTION,,
1789492684.1,2026-09-15T17:18:04.140474227Z,ACTIVITY_TYPE_TRADE,ussewc-usse-nj-2026-11-03-dem,BUY,ORDER_INTENT_SELL_SHORT,0.98,5,CGS9C9NBPVB4,passive,4.79,2026-09-15T14:43:55.065347048Z,2.569,0,0,1,ORDER_STATE_FILLED,UNSOLICITED_CXL_REASON_UNDEFINED,ORD_REJECT_REASON_EXCHANGE_OPTION,,
1789493172.5,2026-09-15T17:26:12.503541582Z,ACTIVITY_TYPE_TRADE,aachc-cfb-wins-2026-11-28-ore-7pt5wins,BUY,ORDER_INTENT_SELL_SHORT,0.76,1,CGT48FPWTVB6,passive,0.14,2026-09-15T15:43:28.588600861Z,1.712,0,0,1,ORDER_STATE_FILLED,UNSOLICITED_CXL_REASON_UNDEFINED,ORD_REJECT_REASON_EXCHANGE_OPTION,,
1789495900.2,2026-09-15T18:11:40.228134888Z,ACTIVITY_TYPE_TRADE,ussewc-usse-ar-2026-11-03-dem,BUY,ORDER_INTENT_BUY_LONG,0.08,31.74,CG37V2802VB8,passive,,2026-09-14T13:02:46.019506896Z,29.148,-0.03,0,1,ORDER_STATE_FILLED,UNSOLICITED_CXL_REASON_UNDEFINED,ORD_REJECT_REASON_EXCHANGE_OPTION,,
1789496289.4,2026-09-15T18:18:09.448790167Z,ACTIVITY_TYPE_TRADE,aachc-cfb-wins-2026-11-28-miss-9pt5wins,BUY,ORDER_INTENT_BUY_LONG,0.34,2,CGRH2N8GPVB3,passive,,2026-09-15T13:50:22.473988783Z,4.463,-0.01,0,1,ORDER_STATE_FILLED,UNSOLICITED_CXL_REASON_UNDEFINED,ORD_REJECT_REASON_EXCHANGE_OPTION,,
1789497947.9,2026-09-15T18:45:47.948832022Z,ACTIVITY_TYPE_TRADE,ussewc-usse-ky-2026-11-03-dem,SELL,ORDER_INTENT_BUY_SHORT,0.03,20,CGSGTM3PRVB5,passive,,2026-09-15T15:00:23.145220482Z,3.757,-0.01,0,1,ORDER_STATE_FILLED,UNSOLICITED_CXL_REASON_UNDEFINED,ORD_REJECT_REASON_EXCHANGE_OPTION,,
1789498021.9,2026-09-15T18:47:01.879859900Z,ACTIVITY_TYPE_TRADE,ftsc-nfl-flexmostfp-2027-01-10-chrola,SELL,ORDER_INTENT_BUY_SHORT,0.02,0.01,CG37V2860VB8,passive,,2026-09-14T13:02:46.406635837Z,29.738,0,0,1,ORDER_STATE_FILLED,UNSOLICITED_CXL_REASON_UNDEFINED,ORD_REJECT_REASON_EXCHANGE_OPTION,,
1789498145.7,2026-09-15T18:49:05.696013525Z,ACTIVITY_TYPE_TRADE,paccc-usho-midterms-2026-11-03-rep,BUY,ORDER_INTENT_BUY_LONG,0.164,197,CGWN8VW5JVB8,passive,,2026-09-15T18:39:58.171442310Z,0.152,-0.34,0,1,ORDER_STATE_FILLED,UNSOLICITED_CXL_REASON_UNDEFINED,ORD_REJECT_REASON_EXCHANGE_OPTION,,
1789498718.7,2026-09-15T18:58:38.707299957Z,ACTIVITY_TYPE_TRADE,scc-senate-gop-2026-11-03-lte45,SELL,ORDER_INTENT_BUY_SHORT,0.05,28,CGWSJ9NYAVB3,passive,,2026-09-15T18:50:13.564595415Z,0.14,-0.02,0,1,ORDER_STATE_FILLED,UNSOLICITED_CXL_REASON_UNDEFINED,ORD_REJECT_REASON_EXCHANGE_OPTION,,
1789499716.8,2026-09-15T19:15:16.794050523Z,ACTIVITY_TYPE_TRADE,paccc-usse-midterms-2026-11-03-dem,BUY,ORDER_INTENT_SELL_SHORT,0.57,84,CGWDH77F6VB4,passive,-10.54,2026-09-15T18:22:57.932242152Z,0.872,-0.26,0,1,ORDER_STATE_FILLED,UNSOLICITED_CXL_REASON_UNDEFINED,ORD_REJECT_REASON_EXCHANGE_OPTION,,
1789500116.2,2026-09-15T19:21:56.245549608Z,ACTIVITY_TYPE_TRADE,paccc-usse-midterms-2026-11-03-dem,BUY,ORDER_INTENT_BUY_LONG,0.57,54,CGX6J3EN0VB7,passive,,2026-09-15T19:16:01.100143926Z,0.099,-0.17,0,1,ORDER_STATE_FILLED,UNSOLICITED_CXL_REASON_UNDEFINED,ORD_REJECT_REASON_EXCHANGE_OPTION,,
1789500478.6,2026-09-15T19:27:58.588695060Z,ACTIVITY_TYPE_TRADE,ussewc-usse-ok-2026-11-03-rep,SELL,ORDER_INTENT_BUY_SHORT,0.99,14.07,CG2XWN032VB5,passive,,2026-09-14T12:42:23.718963568Z,30.76,0,0,1,ORDER_STATE_FILLED,UNSOLICITED_CXL_REASON_UNDEFINED,ORD_REJECT_REASON_EXCHANGE_OPTION,,
1789500522.3,2026-09-15T19:28:42.291791972Z,ACTIVITY_TYPE_TRADE,ussewc-usse-ok-2026-11-03-rep,BUY,ORDER_INTENT_BUY_LONG,0.97,14,CGSBN0ZE8VB8,passive,0.98,2026-09-15T14:49:25.708612523Z,4.655,-0.01,0,1,ORDER_STATE_PARTIALLY_FILLED,UNSOLICITED_CXL_REASON_UNDEFINED,ORD_REJECT_REASON_EXCHANGE_OPTION,,
1789500523.9,2026-09-15T19:28:43.910335719Z,ACTIVITY_TYPE_TRADE,usgubewc-usgub-tn-2026-11-03-rep,BUY,ORDER_INTENT_BUY_LONG,0.98,1,CGXCH89J2VB2,passive,,2026-09-15T19:28:42.536608424Z,0,0,0,1,ORDER_STATE_FILLED,UNSOLICITED_CXL_REASON_UNDEFINED,ORD_REJECT_REASON_EXCHANGE_OPTION,,
1789500523.9,2026-09-15T19:28:43.911280821Z,ACTIVITY_TYPE_TRADE,usgubewc-usgub-tn-2026-11-03-dem,BUY,ORDER_INTENT_SELL_SHORT,0.03,8,CGKWNEBD4VBE,passive,-3.38,2026-09-15T08:26:58.769118471Z,11.029,0,0,1,ORDER_STATE_FILLED,UNSOLICITED_CXL_REASON_UNDEFINED,ORD_REJECT_REASON_EXCHANGE_OPTION,,
1789500621.8,2026-09-15T19:30:21.804527463Z,ACTIVITY_TYPE_TRADE,ussewc-usse-ok-2026-11-03-rep,BUY,ORDER_INTENT_SELL_SHORT,0.98,14,CGXD7AXZGVBA,passive,12.26,2026-09-15T19:30:20.694607203Z,0,0,0,1,ORDER_STATE_FILLED,UNSOLICITED_CXL_REASON_UNDEFINED,ORD_REJECT_REASON_EXCHANGE_OPTION,,
1789500741.0,2026-09-15T19:32:21.001793568Z,ACTIVITY_TYPE_TRADE,ussewc-usse-ok-2026-11-03-rep,BUY,ORDER_INTENT_SELL_SHORT,0.98,14,CGXE58HTAVB7,passive,12.7,2026-09-15T19:32:20.697819480Z,0,0,0,1,ORDER_STATE_FILLED,UNSOLICITED_CXL_REASON_UNDEFINED,ORD_REJECT_REASON_EXCHANGE_OPTION,,
1789501370.1,2026-09-15T19:42:50.120579575Z,ACTIVITY_TYPE_TRADE,ewc-usgub-mi-2026-11-03-rep,SELL,ORDER_INTENT_SELL_LONG,0.1,131,CG5ZG34T6VB5,passive,-108.34,2026-09-14T16:16:25.389675192Z,27.44,-0.15,0,1,ORDER_STATE_PARTIALLY_FILLED,UNSOLICITED_CXL_REASON_UNDEFINED,ORD_REJECT_REASON_EXCHANGE_OPTION,,
1789501631.7,2026-09-15T19:47:11.731154696Z,ACTIVITY_TYPE_TRADE,ussewc-usse-fl-2026-11-03-rep,SELL,ORDER_INTENT_BUY_SHORT,0.89,1,CGXD26TKJVB6,passive,,2026-09-15T19:30:24.498684021Z,0.28,0,0,1,ORDER_STATE_PARTIALLY_FILLED,UNSOLICITED_CXL_REASON_UNDEFINED,ORD_REJECT_REASON_EXCHANGE_OPTION,,
1789501796.7,2026-09-15T19:49:56.652376873Z,ACTIVITY_TYPE_TRADE,ussewc-usse-fl-2026-11-03-rep,SELL,ORDER_INTENT_BUY_SHORT,0.89,9,CGXD26TKJVB6,passive,,2026-09-15T19:30:24.498684021Z,0.326,-0.01,0,1,ORDER_STATE_PARTIALLY_FILLED,UNSOLICITED_CXL_REASON_UNDEFINED,ORD_REJECT_REASON_EXCHANGE_OPTION,,
1789502258.8,2026-09-15T19:57:38.751127513Z,ACTIVITY_TYPE_TRADE,aachc-cfb-wins-2026-11-28-miss-9pt5wins,SELL,ORDER_INTENT_SELL_LONG,0.21,2,CGX8P90VJVB9,passive,-0.24,2026-09-15T19:20:56.365645976Z,0.612,0,0,1,ORDER_STATE_FILLED,UNSOLICITED_CXL_REASON_UNDEFINED,ORD_REJECT_REASON_EXCHANGE_OPTION,,
1789502484.7,2026-09-15T20:01:24.724295415Z,ACTIVITY_TYPE_TRADE,ewc-usgub-ga-2026-11-03-rep,BUY,ORDER_INTENT_SELL_SHORT,0.43,58,CGV5JQ1V0VB7,passive,-10.56,2026-09-15T16:54:27.349140575Z,3.116,-0.18,0,1,ORDER_STATE_FILLED,UNSOLICITED_CXL_REASON_UNDEFINED,ORD_REJECT_REASON_EXCHANGE_OPTION,,
1789504644.2,2026-09-15T20:37:24.168331333Z,ACTIVITY_TYPE_TRADE,ussewc-usse-ok-2026-11-03-rep,BUY,ORDER_INTENT_BUY_LONG,0.97,14,CGSBN0ZE8VB8,passive,-1.46,2026-09-15T14:49:25.708612523Z,5.8,-0.01,0,1,ORDER_STATE_PARTIALLY_FILLED,UNSOLICITED_CXL_REASON_UNDEFINED,ORD_REJECT_REASON_EXCHANGE_OPTION,,
1789505380.5,2026-09-15T20:49:40.450023149Z,ACTIVITY_TYPE_TRADE,ussewc-usse-id-2026-11-03-rep,BUY,ORDER_INTENT_BUY_LONG,0.96,20,CGXTWYMXEVBA,passive,,2026-09-15T19:59:51.490447704Z,0.83,-0.01,0,1,ORDER_STATE_FILLED,UNSOLICITED_CXL_REASON_UNDEFINED,ORD_REJECT_REASON_EXCHANGE_OPTION,,
1789506394.6,2026-09-15T21:06:34.595789750Z,ACTIVITY_TYPE_TRADE,ussewc-usse-or-2026-11-03-dem,BUY,ORDER_INTENT_BUY_LONG,0.94,11.86,CGSXKJSECVB4,passive,,2026-09-15T15:27:41.397355844Z,5.648,-0.01,0,1,ORDER_STATE_PARTIALLY_FILLED,UNSOLICITED_CXL_REASON_UNDEFINED,ORD_REJECT_REASON_EXCHANGE_OPTION,,
1789506659.1,2026-09-15T21:10:59.097246215Z,ACTIVITY_TYPE_TRADE,paccc-usse-midterms-2026-11-03-dem,SELL,ORDER_INTENT_BUY_SHORT,0.555,96,CGY7A0VQ0VNA,passive,,2026-09-15T20:53:02.993690926Z,0.299,-0.3,0,1,ORDER_STATE_FILLED,UNSOLICITED_CXL_REASON_UNDEFINED,ORD_REJECT_REASON_EXCHANGE_OPTION,,
1789506925.2,2026-09-15T21:15:25.240850856Z,ACTIVITY_TYPE_TRADE,paccc-usse-midterms-2026-11-03-dem,BUY,ORDER_INTENT_SELL_SHORT,0.554,88,CGYWCFFN0VNG,passive,10.66,2026-09-15T21:14:43.607039967Z,0.012,-0.27,0,1,ORDER_STATE_PARTIALLY_FILLED,UNSOLICITED_CXL_REASON_UNDEFINED,ORD_REJECT_REASON_EXCHANGE_OPTION,,
1789507353.7,2026-09-15T21:22:33.710294874Z,ACTIVITY_TYPE_TRADE,paccc-usse-midterms-2026-11-03-dem,BUY,ORDER_INTENT_SELL_SHORT,0.554,27,CGYZWK0RAVNH,passive,12.52,2026-09-15T21:22:15.886428252Z,0.005,-0.08,0,1,ORDER_STATE_PARTIALLY_FILLED,UNSOLICITED_CXL_REASON_UNDEFINED,ORD_REJECT_REASON_EXCHANGE_OPTION,,
1789507353.7,2026-09-15T21:22:33.710294874Z,ACTIVITY_TYPE_TRADE,paccc-usse-midterms-2026-11-03-dem,BUY,ORDER_INTENT_SELL_SHORT,0.554,42,CGYYQBD1YVNA,passive,19.48,2026-09-15T21:19:46.635291164Z,0.046,-0.13,0,1,ORDER_STATE_FILLED,UNSOLICITED_CXL_REASON_UNDEFINED,ORD_REJECT_REASON_EXCHANGE_OPTION,,
1789507383.1,2026-09-15T21:23:03.101199985Z,ACTIVITY_TYPE_TRADE,ussewc-usse-or-2026-11-03-dem,SELL,ORDER_INTENT_SELL_LONG,0.94,21,CGZ04W3T6VNA,passive,-2.4,2026-09-15T21:23:00.359635551Z,0.001,-0.01,0,1,ORDER_STATE_FILLED,UNSOLICITED_CXL_REASON_UNDEFINED,ORD_REJECT_REASON_EXCHANGE_OPTION,,
1789507680.2,2026-09-15T21:28:00.185056097Z,ACTIVITY_TYPE_TRADE,ewc-usp-2028-11-07-tulgab,BUY,ORDER_INTENT_BUY_LONG,0.01,10,CGHE8Z6KCVB2,passive,-1.54,2026-09-15T05:34:48.340869718Z,15.887,0,0,1,ORDER_STATE_PARTIALLY_FILLED,UNSOLICITED_CXL_REASON_UNDEFINED,ORD_REJECT_REASON_EXCHANGE_OPTION,,
1789509862.4,2026-09-15T22:04:22.392691032Z,ACTIVITY_TYPE_TRADE,ewc-usse-tx-2026-11-03-rep,SELL,ORDER_INTENT_SELL_LONG,0.5,39,CGYWKGCK4VNN,passive,2.28,2026-09-15T21:15:03.954149476Z,0.822,-0.12,0,1,ORDER_STATE_PARTIALLY_FILLED,UNSOLICITED_CXL_REASON_UNDEFINED,ORD_REJECT_REASON_EXCHANGE_OPTION,,
1789510102.5,2026-09-15T22:08:22.479088135Z,ACTIVITY_TYPE_TRADE,paccc-usse-midterms-2026-11-03-dem,SELL,ORDER_INTENT_SELL_LONG,0.554,18,CGZFV1AAWVNJ,passive,-7.47,2026-09-15T21:56:13.935433546Z,0.202,-0.06,0,1,ORDER_STATE_PARTIALLY_FILLED,UNSOLICITED_CXL_REASON_UNDEFINED,ORD_REJECT_REASON_EXCHANGE_OPTION,,
1789510121.3,2026-09-15T22:08:41.264467168Z,ACTIVITY_TYPE_TRADE,ewc-usse-tx-2026-11-03-rep,SELL,ORDER_INTENT_SELL_LONG,0.5,86,CGYWKGCK4VNN,passive,5.03,2026-09-15T21:15:03.954149476Z,0.894,-0.27,0,1,ORDER_STATE_FILLED,UNSOLICITED_CXL_REASON_UNDEFINED,ORD_REJECT_REASON_EXCHANGE_OPTION,,
1789510674.7,2026-09-15T22:17:54.676403373Z,ACTIVITY_TYPE_TRADE,paccc-balpow-2026-11-03-dsweep,SELL,ORDER_INTENT_BUY_SHORT,0.5,151,CGZS9JV8PVNQ,passive,,2026-09-15T22:17:47.664241998Z,0.002,-0.47,0,1,ORDER_STATE_FILLED,UNSOLICITED_CXL_REASON_UNDEFINED,ORD_REJECT_REASON_EXCHANGE_OPTION,,
1789511063.1,2026-09-15T22:24:23.074924159Z,ACTIVITY_TYPE_TRADE,paccc-usse-midterms-2026-11-03-dem,SELL,ORDER_INTENT_SELL_LONG,0.554,97,CGZFV1AAWVNJ,passive,-40.27,2026-09-15T21:56:13.935433546Z,0.469,-0.3,0,1,ORDER_STATE_FILLED,UNSOLICITED_CXL_REASON_UNDEFINED,ORD_REJECT_REASON_EXCHANGE_OPTION,,
1789511099.0,2026-09-15T22:24:59.007791301Z,ACTIVITY_TYPE_TRADE,ussewc-usse-id-2026-11-03-rep,SELL,ORDER_INTENT_SELL_LONG,0.97,20,CGZ04W4DWVNA,passive,0.6,2026-09-15T21:23:01.856853975Z,1.033,-0.01,0,1,ORDER_STATE_FILLED,UNSOLICITED_CXL_REASON_UNDEFINED,ORD_REJECT_REASON_EXCHANGE_OPTION,,
1789511973.3,2026-09-15T22:39:33.272476700Z,ACTIVITY_TYPE_TRADE,aachc-cfb-wins-2026-11-28-nw-7pt5wins,SELL,ORDER_INTENT_BUY_SHORT,0.02,0.01,CGYB3KXM8VB5,passive,,2026-09-15T20:36:06.803835907Z,2.057,0,0,1,ORDER_STATE_FILLED,UNSOLICITED_CXL_REASON_UNDEFINED,ORD_REJECT_REASON_EXCHANGE_OPTION,,
1789512112.4,2026-09-15T22:41:52.352549811Z,ACTIVITY_TYPE_TRADE,ussewc-usse-or-2026-11-03-rep,BUY,ORDER_INTENT_BUY_LONG,0.03,2,CG2TKQDE8VB7,passive,,2026-09-14T12:36:37.617493602Z,34.087,0,0,1,ORDER_STATE_PARTIALLY_FILLED,UNSOLICITED_CXL_REASON_UNDEFINED,ORD_REJECT_REASON_EXCHANGE_OPTION,,
1789512294.1,2026-09-15T22:44:54.102492426Z,ACTIVITY_TYPE_ACCOUNT_WITHDRAWAL,,,,,,,,,,,,,,,,,238,
1789512400.9,2026-09-15T22:46:40.896243317Z,ACTIVITY_TYPE_TRADE,ushrewc-ushr-tx-15-2026-11-03-dem,SELL,ORDER_INTENT_BUY_SHORT,0.57,111,CGZWXN1WMVNH,passive,,2026-09-15T22:25:47.328274704Z,0.348,-0.34,0,1,ORDER_STATE_FILLED,UNSOLICITED_CXL_REASON_UNDEFINED,ORD_REJECT_REASON_EXCHANGE_OPTION,,
1789512422.1,2026-09-15T22:47:02.141728226Z,ACTIVITY_TYPE_TRADE,ushrewc-ushr-tx-15-2026-11-03-dem,SELL,ORDER_INTENT_BUY_SHORT,0.58,49.76,CH072GQK2VNR,passive,,2026-09-15T22:46:45.946315138Z,0.004,-0.15,0,1,ORDER_STATE_PARTIALLY_FILLED,UNSOLICITED_CXL_REASON_UNDEFINED,ORD_REJECT_REASON_EXCHANGE_OPTION,,
1789512549.2,2026-09-15T22:49:09.173977054Z,ACTIVITY_TYPE_TRADE,ewc-usse-ia-2026-11-03-dem,SELL,ORDER_INTENT_BUY_SHORT,0.37,68,CH0753DECVNK,passive,,2026-09-15T22:47:03.560214996Z,0.035,-0.2,0,1,ORDER_STATE_FILLED,UNSOLICITED_CXL_REASON_UNDEFINED,ORD_REJECT_REASON_EXCHANGE_OPTION,,
1789512605.4,2026-09-15T22:50:05.370009999Z,ACTIVITY_TYPE_TRADE,ussewc-usse-or-2026-11-03-rep,BUY,ORDER_INTENT_BUY_LONG,0.03,2,CG2TKQDE8VB7,passive,,2026-09-14T12:36:37.617493602Z,34.224,0,0,1,ORDER_STATE_PARTIALLY_FILLED,UNSOLICITED_CXL_REASON_UNDEFINED,ORD_REJECT_REASON_EXCHANGE_OPTION,,
1789512640.6,2026-09-15T22:50:40.555131145Z,ACTIVITY_TYPE_TRADE,aqc-nfl-afc-2027-01-24-champq-den,SELL,ORDER_INTENT_BUY_SHORT,0.23,0.1,CG308Z0T6VB7,passive,,2026-09-14T12:47:45.025208206Z,34.049,0,0,1,ORDER_STATE_PARTIALLY_FILLED,UNSOLICITED_CXL_REASON_UNDEFINED,ORD_REJECT_REASON_EXCHANGE_OPTION,,
1789513716.0,2026-09-15T23:08:35.985206166Z,ACTIVITY_TYPE_TRADE,aachc-cfb-wins-2026-11-28-gtech-7pt5wins,SELL,ORDER_INTENT_BUY_SHORT,0.12,0.01,CH0DVAF8GVNH,passive,,2026-09-15T23:01:06.782755077Z,0.125,0,0,1,ORDER_STATE_FILLED,UNSOLICITED_CXL_REASON_UNDEFINED,ORD_REJECT_REASON_EXCHANGE_OPTION,,
1789514627.0,2026-09-15T23:23:47.048403061Z,ACTIVITY_TYPE_TRADE,scc-hrep-rep-2026-11-03-gte220,BUY,ORDER_INTENT_SELL_SHORT,0.15,5,CH02X5JKJVNH,passive,-3.7,2026-09-15T22:39:00.450514830Z,0.746,-0.01,0,1,ORDER_STATE_FILLED,UNSOLICITED_CXL_REASON_UNDEFINED,ORD_REJECT_REASON_EXCHANGE_OPTION,,
1789514644.3,2026-09-15T23:24:04.266849092Z,ACTIVITY_TYPE_TRADE,scc-hrep-rep-2026-11-03-gte215,BUY,ORDER_INTENT_BUY_LONG,0.33,5,CGV71VDBPVB2,passive,,2026-09-15T16:57:45.806142871Z,6.438,-0.01,0,1,ORDER_STATE_FILLED,UNSOLICITED_CXL_REASON_UNDEFINED,ORD_REJECT_REASON_EXCHANGE_OPTION,,
1789514644.3,2026-09-15T23:24:04.266849092Z,ACTIVITY_TYPE_TRADE,scc-hrep-rep-2026-11-03-gte215,BUY,ORDER_INTENT_SELL_SHORT,0.33,37.72,CGV3SN3J2VB7,passive,-11.53,2026-09-15T16:50:54.682350985Z,6.553,-0.1,0,1,ORDER_STATE_FILLED,UNSOLICITED_CXL_REASON_UNDEFINED,ORD_REJECT_REASON_EXCHANGE_OPTION,,
1789514654.7,2026-09-15T23:24:14.722220266Z,ACTIVITY_TYPE_TRADE,paccc-usse-midterms-2026-11-03-rep,SELL,ORDER_INTENT_SELL_LONG,0.441,78,CGYWCFHCMVNG,passive,-41.17,2026-09-15T21:14:46.015284786Z,2.158,-0.24,0,1,ORDER_STATE_FILLED,UNSOLICITED_CXL_REASON_UNDEFINED,ORD_REJECT_REASON_EXCHANGE_OPTION,,
1789514662.5,2026-09-15T23:24:22.524175308Z,ACTIVITY_TYPE_TRADE,aachc-cfb-wins-2026-11-28-mich-10pt5wins,SELL,ORDER_INTENT_BUY_SHORT,0.08,0.05,CH0RT19X4VNG,passive,,2026-09-15T23:24:18.621579339Z,0.001,0,0,1,ORDER_STATE_FILLED,UNSOLICITED_CXL_REASON_UNDEFINED,ORD_REJECT_REASON_EXCHANGE_OPTION,,
1789514936.7,2026-09-15T23:28:56.669830378Z,ACTIVITY_TYPE_TRADE,scc-hrep-rep-2026-11-03-gte195,BUY,ORDER_INTENT_BUY_LONG,0.78,55,CGY7A0VJJVNA,passive,,2026-09-15T20:53:02.706143645Z,2.598,-0.12,0,1,ORDER_STATE_FILLED,UNSOLICITED_CXL_REASON_UNDEFINED,ORD_REJECT_REASON_EXCHANGE_OPTION,,
1789515207.0,2026-09-15T23:33:27.002613474Z,ACTIVITY_TYPE_TRADE,usgubewc-usgub-nh-2026-11-03-rep,SELL,ORDER_INTENT_SELL_LONG,0.82,28,CH0X63HS6VNG,passive,-5.95,2026-09-15T23:33:20.218119704Z,0.002,-0.05,0,1,ORDER_STATE_FILLED,UNSOLICITED_CXL_REASON_UNDEFINED,ORD_REJECT_REASON_EXCHANGE_OPTION,,
1789515542.1,2026-09-15T23:39:02.121692734Z,ACTIVITY_TYPE_TRADE,scc-hrep-rep-2026-11-03-gte205,BUY,ORDER_INTENT_BUY_LONG,0.46,238,CH0SJSAG2VNJ,passive,,2026-09-15T23:26:05.498257265Z,0.216,-0.74,0,1,ORDER_STATE_FILLED,UNSOLICITED_CXL_REASON_UNDEFINED,ORD_REJECT_REASON_EXCHANGE_OPTION,,
1789516696.5,2026-09-15T23:58:16.501110037Z,ACTIVITY_TYPE_TRADE,aachc-cfb-wins-2026-11-28-sc-6pt5wins,BUY,ORDER_INTENT_BUY_LONG,0.64,0.01,CH0VDT61MVNK,passive,,2026-09-15T23:29:43.915573697Z,0.476,0,0,1,ORDER_STATE_FILLED,UNSOLICITED_CXL_REASON_UNDEFINED,ORD_REJECT_REASON_EXCHANGE_OPTION,,
1789516785.5,2026-09-15T23:59:45.526806103Z,ACTIVITY_TYPE_TRADE,paccc-usho-midterms-2026-11-03-rep,SELL,ORDER_INTENT_SELL_LONG,0.144,21,CH194EE56VNN,passive,-8.39,2026-09-15T23:59:05.955028317Z,0.011,-0.03,0,1,ORDER_STATE_PARTIALLY_FILLED,UNSOLICITED_CXL_REASON_UNDEFINED,ORD_REJECT_REASON_EXCHANGE_OPTION,,
1789516880.7,2026-09-16T00:01:20.746128706Z,ACTIVITY_TYPE_TRADE,paccc-balpow-2026-11-03-dsweep,BUY,ORDER_INTENT_SELL_SHORT,0.59,18.9,CH1A6ERPPVNN,passive,1.56,2026-09-16T00:01:20.183608836Z,0,-0.06,0,1,ORDER_STATE_PARTIALLY_FILLED,UNSOLICITED_CXL_REASON_UNDEFINED,ORD_REJECT_REASON_EXCHANGE_OPTION,,
1789516881.3,2026-09-16T00:01:21.266976990Z,ACTIVITY_TYPE_TRADE,paccc-balpow-2026-11-03-dsweep,BUY,ORDER_INTENT_SELL_SHORT,0.59,20,CH1A6ERPPVNN,passive,1.68,2026-09-16T00:01:20.183608836Z,0,-0.06,0,1,ORDER_STATE_PARTIALLY_FILLED,UNSOLICITED_CXL_REASON_UNDEFINED,ORD_REJECT_REASON_EXCHANGE_OPTION,,
1789516881.8,2026-09-16T00:01:21.789657463Z,ACTIVITY_TYPE_TRADE,paccc-balpow-2026-11-03-dsweep,BUY,ORDER_INTENT_SELL_SHORT,0.59,20,CH1A6ERPPVNN,passive,1.73,2026-09-16T00:01:20.183608836Z,0,-0.06,0,1,ORDER_STATE_PARTIALLY_FILLED,UNSOLICITED_CXL_REASON_UNDEFINED,ORD_REJECT_REASON_EXCHANGE_OPTION,,
1789516883.1,2026-09-16T00:01:23.082160260Z,ACTIVITY_TYPE_TRADE,paccc-balpow-2026-11-03-dsweep,BUY,ORDER_INTENT_SELL_SHORT,0.59,20,CH1A6ERPPVNN,passive,1.79,2026-09-16T00:01:20.183608836Z,0.001,-0.06,0,1,ORDER_STATE_PARTIALLY_FILLED,UNSOLICITED_CXL_REASON_UNDEFINED,ORD_REJECT_REASON_EXCHANGE_OPTION,,
1789516883.6,2026-09-16T00:01:23.642662396Z,ACTIVITY_TYPE_TRADE,paccc-balpow-2026-11-03-dsweep,BUY,ORDER_INTENT_SELL_SHORT,0.59,20,CH1A6ERPPVNN,passive,1.81,2026-09-16T00:01:20.183608836Z,0.001,-0.06,0,1,ORDER_STATE_PARTIALLY_FILLED,UNSOLICITED_CXL_REASON_UNDEFINED,ORD_REJECT_REASON_EXCHANGE_OPTION,,
1789516884.2,2026-09-16T00:01:24.161115646Z,ACTIVITY_TYPE_TRADE,paccc-balpow-2026-11-03-dsweep,BUY,ORDER_INTENT_SELL_SHORT,0.59,20,CH1A6ERPPVNN,passive,1.81,2026-09-16T00:01:20.183608836Z,0.001,-0.06,0,1,ORDER_STATE_PARTIALLY_FILLED,UNSOLICITED_CXL_REASON_UNDEFINED,ORD_REJECT_REASON_EXCHANGE_OPTION,,
1789516885.6,2026-09-16T00:01:25.550075449Z,ACTIVITY_TYPE_TRADE,paccc-balpow-2026-11-03-dsweep,BUY,ORDER_INTENT_SELL_SHORT,0.59,20,CH1A6ERPPVNN,passive,1.8,2026-09-16T00:01:20.183608836Z,0.001,-0.06,0,1,ORDER_STATE_PARTIALLY_FILLED,UNSOLICITED_CXL_REASON_UNDEFINED,ORD_REJECT_REASON_EXCHANGE_OPTION,,
1789516886.1,2026-09-16T00:01:26.074866329Z,ACTIVITY_TYPE_TRADE,paccc-balpow-2026-11-03-dsweep,BUY,ORDER_INTENT_SELL_SHORT,0.59,20,CH1A6ERPPVNN,passive,1.78,2026-09-16T00:01:20.183608836Z,0.002,-0.06,0,1,ORDER_STATE_PARTIALLY_FILLED,UNSOLICITED_CXL_REASON_UNDEFINED,ORD_REJECT_REASON_EXCHANGE_OPTION,,
1789516886.6,2026-09-16T00:01:26.572473455Z,ACTIVITY_TYPE_TRADE,paccc-balpow-2026-11-03-dsweep,BUY,ORDER_INTENT_SELL_SHORT,0.59,20,CH1A6ERPPVNN,passive,1.75,2026-09-16T00:01:20.183608836Z,0.002,-0.06,0,1,ORDER_STATE_PARTIALLY_FILLED,UNSOLICITED_CXL_REASON_UNDEFINED,ORD_REJECT_REASON_EXCHANGE_OPTION,,
1789516887.9,2026-09-16T00:01:27.858336734Z,ACTIVITY_TYPE_TRADE,paccc-balpow-2026-11-03-dsweep,BUY,ORDER_INTENT_SELL_SHORT,0.59,20,CH1A6ERPPVNN,passive,1.69,2026-09-16T00:01:20.183608836Z,0.002,-0.06,0,1,ORDER_STATE_PARTIALLY_FILLED,UNSOLICITED_CXL_REASON_UNDEFINED,ORD_REJECT_REASON_EXCHANGE_OPTION,,
1789516888.4,2026-09-16T00:01:28.395918150Z,ACTIVITY_TYPE_TRADE,paccc-balpow-2026-11-03-dsweep,BUY,ORDER_INTENT_SELL_SHORT,0.59,20,CH1A6ERPPVNN,passive,1.45,2026-09-16T00:01:20.183608836Z,0.002,-0.06,0,1,ORDER_STATE_PARTIALLY_FILLED,UNSOLICITED_CXL_REASON_UNDEFINED,ORD_REJECT_REASON_EXCHANGE_OPTION,,
1789516888.9,2026-09-16T00:01:28.891824048Z,ACTIVITY_TYPE_TRADE,paccc-balpow-2026-11-03-dsweep,BUY,ORDER_INTENT_SELL_SHORT,0.59,15.1,CH1A6ERPPVNN,passive,1.1,2026-09-16T00:01:20.183608836Z,0.002,-0.05,0,1,ORDER_STATE_FILLED,UNSOLICITED_CXL_REASON_UNDEFINED,ORD_REJECT_REASON_EXCHANGE_OPTION,,
1789517047.3,2026-09-16T00:04:07.267520896Z,ACTIVITY_TYPE_TRADE,paccc-usho-midterms-2026-11-03-rep,SELL,ORDER_INTENT_SELL_LONG,0.144,1,CH194EE56VNN,passive,-0.4,2026-09-15T23:59:05.955028317Z,0.084,0,0,1,ORDER_STATE_PARTIALLY_FILLED,UNSOLICITED_CXL_REASON_UNDEFINED,ORD_REJECT_REASON_EXCHANGE_OPTION,,
1789517633.3,2026-09-16T00:13:53.344216324Z,ACTIVITY_TYPE_TRADE,scc-senate-gop-2026-11-03-52,BUY,ORDER_INTENT_BUY_LONG,0.1,20,CG31PC7MWVBE,passive,,2026-09-14T12:49:47.741826730Z,35.402,-0.02,0,1,ORDER_STATE_FILLED,UNSOLICITED_CXL_REASON_UNDEFINED,ORD_REJECT_REASON_EXCHANGE_OPTION,,
1789517633.3,2026-09-16T00:13:53.344216324Z,ACTIVITY_TYPE_TRADE,scc-senate-gop-2026-11-03-52,BUY,ORDER_INTENT_BUY_LONG,0.1,15,CG31JXJGTVB5,passive,,2026-09-14T12:49:47.699288845Z,35.402,-0.02,0,1,ORDER_STATE_FILLED,UNSOLICITED_CXL_REASON_UNDEFINED,ORD_REJECT_REASON_EXCHANGE_OPTION,,
1789517682.4,2026-09-16T00:14:42.438618271Z,ACTIVITY_TYPE_TRADE,enwc-ussep-de-2026-09-15-rep-johshu,BUY,ORDER_INTENT_BUY_LONG,0.08,1,CG34HWG0TVB3,passive,,2026-09-14T12:56:42.537971444Z,35.3,0,0,1,ORDER_STATE_FILLED,UNSOLICITED_CXL_REASON_UNDEFINED,ORD_REJECT_REASON_EXCHANGE_OPTION,,
1789517874.7,2026-09-16T00:17:54.662483619Z,ACTIVITY_TYPE_TRADE,paccc-usho-midterms-2026-11-03-rep,SELL,ORDER_INTENT_SELL_LONG,0.144,66,CH194EE56VNN,passive,-55.15,2026-09-15T23:59:05.955028317Z,0.314,-0.1,0,1,ORDER_STATE_PARTIALLY_FILLED,UNSOLICITED_CXL_REASON_UNDEFINED,ORD_REJECT_REASON_EXCHANGE_OPTION,,
1789518085.4,2026-09-16T00:21:25.351353500Z,ACTIVITY_TYPE_TRADE,paccc-usho-midterms-2026-11-03-rep,SELL,ORDER_INTENT_SELL_LONG,0.144,66,CH194EE56VNN,passive,-140.97,2026-09-15T23:59:05.955028317Z,0.372,-0.1,0,1,ORDER_STATE_PARTIALLY_FILLED,UNSOLICITED_CXL_REASON_UNDEFINED,ORD_REJECT_REASON_EXCHANGE_OPTION,,
1789519385.5,2026-09-16T00:43:05.507409973Z,ACTIVITY_TYPE_TRADE,aachc-cfb-wins-ou-2026-11-28-utahst,SELL,ORDER_INTENT_BUY_SHORT,0.04,0.5,CH12QVKSCVNN,passive,,2026-09-15T23:45:16.127446543Z,0.964,0,0,1,ORDER_STATE_FILLED,UNSOLICITED_CXL_REASON_UNDEFINED,ORD_REJECT_REASON_EXCHANGE_OPTION,,
1789519406.2,2026-09-16T00:43:26.169523645Z,ACTIVITY_TYPE_TRADE,aachc-cfb-wins-2026-11-28-iowast-3pt5wins,BUY,ORDER_INTENT_BUY_LONG,0.97,0.5,CGY8VMY86VB3,passive,,2026-09-15T20:31:13.628704321Z,4.203,0,0,1,ORDER_STATE_FILLED,UNSOLICITED_CXL_REASON_UNDEFINED,ORD_REJECT_REASON_EXCHANGE_OPTION,,
1789519527.6,2026-09-16T00:45:27.599072170Z,ACTIVITY_TYPE_TRADE,paccc-usse-midterms-2026-11-03-dem,SELL,ORDER_INTENT_BUY_SHORT,0.554,265,CH1QFVME0VNJ,passive,,2026-09-16T00:30:33.317177382Z,0.248,-0.82,0,1,ORDER_STATE_FILLED,UNSOLICITED_CXL_REASON_UNDEFINED,ORD_REJECT_REASON_EXCHANGE_OPTION,,
1789519866.9,2026-09-16T00:51:06.854397023Z,ACTIVITY_TYPE_TRADE,paccc-usho-midterms-2026-11-03-rep,SELL,ORDER_INTENT_SELL_LONG,0.144,33,CH194EE56VNN,passive,-301.06,2026-09-15T23:59:05.955028317Z,0.867,-0.05,0,1,ORDER_STATE_PARTIALLY_FILLED,UNSOLICITED_CXL_REASON_UNDEFINED,ORD_REJECT_REASON_EXCHANGE_OPTION,,
1789519920.0,2026-09-16T00:52:00.004874193Z,ACTIVITY_TYPE_TRADE,aachc-cfb-wins-2026-11-28-frest-7pt5wins,BUY,ORDER_INTENT_BUY_LONG,0.35,1,CGZTW7H10VNK,passive,,2026-09-15T22:20:38.352845350Z,2.523,0,0,1,ORDER_STATE_FILLED,UNSOLICITED_CXL_REASON_UNDEFINED,ORD_REJECT_REASON_EXCHANGE_OPTION,,
1789519927.5,2026-09-16T00:52:07.493486636Z,ACTIVITY_TYPE_TRADE,aachc-cfb-wins-2026-11-28-ucf-7pt5wins,BUY,ORDER_INTENT_BUY_LONG,0.21,2,CGZ0KFZA4VNH,passive,,2026-09-15T21:23:39.255199485Z,3.475,0,0,1,ORDER_STATE_FILLED,UNSOLICITED_CXL_REASON_UNDEFINED,ORD_REJECT_REASON_EXCHANGE_OPTION,,
1789519935.5,2026-09-16T00:52:15.497519352Z,ACTIVITY_TYPE_TRADE,aachc-cfb-wins-ou-2026-11-28-mary,SELL,ORDER_INTENT_BUY_SHORT,0.49,1,CH1ZDW9SAVNJ,passive,,2026-09-16T00:48:07.473538364Z,0.069,0,0,1,ORDER_STATE_FILLED,UNSOLICITED_CXL_REASON_UNDEFINED,ORD_REJECT_REASON_EXCHANGE_OPTION,,
1789519945.4,2026-09-16T00:52:25.404737783Z,ACTIVITY_TYPE_TRADE,aachc-cfb-wins-2026-11-28-mspst-6pt5wins,BUY,ORDER_INTENT_BUY_LONG,0.51,1,CGQ3JNCMRVBA,passive,,2026-09-15T12:14:58.533579192Z,12.624,0,0,1,ORDER_STATE_FILLED,UNSOLICITED_CXL_REASON_UNDEFINED,ORD_REJECT_REASON_EXCHANGE_OPTION,,
1789519981.2,2026-09-16T00:53:01.163482686Z,ACTIVITY_TYPE_TRADE,ewc-usse-nc-2026-11-03-rep,BUY,ORDER_INTENT_BUY_LONG,0.1,496,CG2JWFTF4VB3,passive,-70.53,2026-09-14T12:18:25.022001157Z,36.577,-0.56,0,1,ORDER_STATE_PARTIALLY_FILLED,UNSOLICITED_CXL_REASON_UNDEFINED,ORD_REJECT_REASON_EXCHANGE_OPTION,,
1789520014.7,2026-09-16T00:53:34.740136020Z,ACTIVITY_TYPE_TRADE,paccc-usho-midterms-2026-11-03-rep,SELL,ORDER_INTENT_SELL_LONG,0.144,10,CH21JH1S6VNR,passive,-91.23,2026-09-16T00:53:07.793587188Z,0.007,-0.02,0,1,ORDER_STATE_FILLED,UNSOLICITED_CXL_REASON_UNDEFINED,ORD_REJECT_REASON_EXCHANGE_OPTION,,
1789520023.1,2026-09-16T00:53:43.092770926Z,ACTIVITY_TYPE_TRADE,aachc-cfb-wins-2026-11-28-cah-5pt5wins,BUY,ORDER_INTENT_BUY_LONG,0.63,1,CGXFWJ614VBA,passive,,2026-09-15T19:36:17.265795673Z,5.291,0,0,1,ORDER_STATE_FILLED,UNSOLICITED_CXL_REASON_UNDEFINED,ORD_REJECT_REASON_EXCHANGE_OPTION,,
1789520973.2,2026-09-16T01:09:33.224590224Z,ACTIVITY_TYPE_TRADE,paccc-usho-midterms-2026-11-03-rep,SELL,ORDER_INTENT_BUY_SHORT,0.144,65,CH227JJSAVNR,passive,,2026-09-16T00:54:35.037643835Z,0.249,-0.1,0,1,ORDER_STATE_PARTIALLY_FILLED,UNSOLICITED_CXL_REASON_UNDEFINED,ORD_REJECT_REASON_EXCHANGE_OPTION,,
1789521027.7,2026-09-16T01:10:27.668193387Z,ACTIVITY_TYPE_TRADE,scc-hrep-rep-2026-11-03-gte235,SELL,ORDER_INTENT_BUY_SHORT,0.04,25,CGRM5WYK4VB4,passive,,2026-09-15T13:57:34.935106488Z,11.215,-0.01,0,1,ORDER_STATE_FILLED,UNSOLICITED_CXL_REASON_UNDEFINED,ORD_REJECT_REASON_EXCHANGE_OPTION,,
1789521624.7,2026-09-16T01:20:24.737933890Z,ACTIVITY_TYPE_TRADE,paccc-usse-midterms-2026-11-03-dem,BUY,ORDER_INTENT_SELL_SHORT,0.58,265,CH2BT8NBTVNM,passive,-4.25,2026-09-16T01:15:48.827076866Z,0.077,-0.81,0,1,ORDER_STATE_FILLED,UNSOLICITED_CXL_REASON_UNDEFINED,ORD_REJECT_REASON_EXCHANGE_OPTION,,
1789521664.5,2026-09-16T01:21:04.515238476Z,ACTIVITY_TYPE_TRADE,aachc-cfb-wins-2026-11-28-cah-5pt5wins,SELL,ORDER_INTENT_SELL_LONG,0.54,1,CH22C0D9MVNH,passive,-0.09,2026-09-16T00:54:50.443192921Z,0.437,0,0,1,ORDER_STATE_FILLED,UNSOLICITED_CXL_REASON_UNDEFINED,ORD_REJECT_REASON_EXCHANGE_OPTION,,
1789521838.3,2026-09-16T01:23:58.319282454Z,ACTIVITY_TYPE_TRADE,aachc-cfb-wins-2026-11-28-mspst-6pt5wins,SELL,ORDER_INTENT_SELL_LONG,0.39,1,CH21WW1CYVNJ,passive,-0.12,2026-09-16T00:53:49.944688873Z,0.502,0,0,1,ORDER_STATE_FILLED,UNSOLICITED_CXL_REASON_UNDEFINED,ORD_REJECT_REASON_EXCHANGE_OPTION,,
1789521861.8,2026-09-16T01:24:21.783835343Z,ACTIVITY_TYPE_TRADE,paccc-usse-midterms-2026-11-03-dem,SELL,ORDER_INTENT_BUY_SHORT,0.581,9,CH2E90ZGWVNA,passive,,2026-09-16T01:21:19.711634550Z,0.051,-0.03,0,1,ORDER_STATE_PARTIALLY_FILLED,UNSOLICITED_CXL_REASON_UNDEFINED,ORD_REJECT_REASON_EXCHANGE_OPTION,,
1789522057.5,2026-09-16T01:27:37.458171494Z,ACTIVITY_TYPE_TRADE,aachc-cfb-wins-2026-11-28-mspst-6pt5wins,SELL,ORDER_INTENT_SELL_LONG,0.4,0.1,CH2GAPP0GVNH,passive,-0.01,2026-09-16T01:26:11.460341514Z,0.024,0,0,1,ORDER_STATE_PARTIALLY_FILLED,UNSOLICITED_CXL_REASON_UNDEFINED,ORD_REJECT_REASON_EXCHANGE_OPTION,,
1789522458.6,2026-09-16T01:34:18.575713852Z,ACTIVITY_TYPE_TRADE,ussewc-usse-or-2026-11-03-rep,BUY,ORDER_INTENT_BUY_LONG,0.03,2.52,CG2TKQDE8VB7,passive,,2026-09-14T12:36:37.617493602Z,36.961,0,0,1,ORDER_STATE_PARTIALLY_FILLED,UNSOLICITED_CXL_REASON_UNDEFINED,ORD_REJECT_REASON_EXCHANGE_OPTION,,
1789522465.5,2026-09-16T01:34:25.488225374Z,ACTIVITY_TYPE_TRADE,ussewc-usse-or-2026-11-03-dem,BUY,ORDER_INTENT_BUY_LONG,0.97,0.57,CH2D4PHRTVNQ,passive,,2026-09-16T01:18:58.334613956Z,0.258,0,0,1,ORDER_STATE_PARTIALLY_FILLED,UNSOLICITED_CXL_REASON_UNDEFINED,ORD_REJECT_REASON_EXCHANGE_OPTION,,
1789522536.7,2026-09-16T01:35:36.719945611Z,ACTIVITY_TYPE_TRADE,paccc-usse-midterms-2026-11-03-dem,BUY,ORDER_INTENT_SELL_SHORT,0.58,9,CH2G88FQYVNA,passive,1.07,2026-09-16T01:25:48.925747380Z,0.163,-0.03,0,1,ORDER_STATE_FILLED,UNSOLICITED_CXL_REASON_UNDEFINED,ORD_REJECT_REASON_EXCHANGE_OPTION,,
1789522849.9,2026-09-16T01:40:49.934403139Z,ACTIVITY_TYPE_TRADE,ewc-usse-mn-2026-11-03-rep,SELL,ORDER_INTENT_BUY_SHORT,0.13,37,CH2NT1MDRVNM,passive,,2026-09-16T01:38:34.074761430Z,0.038,-0.05,0,1,ORDER_STATE_FILLED,UNSOLICITED_CXL_REASON_UNDEFINED,ORD_REJECT_REASON_EXCHANGE_OPTION,,
1789522921.5,2026-09-16T01:42:01.483346135Z,ACTIVITY_TYPE_TRADE,ewc-usse-mn-2026-11-03-rep,SELL,ORDER_INTENT_BUY_SHORT,0.13,124,CH2QVHD4EVNR,passive,,2026-09-16T01:41:49.818343858Z,0.003,-0.18,0,1,ORDER_STATE_FILLED,UNSOLICITED_CXL_REASON_UNDEFINED,ORD_REJECT_REASON_EXCHANGE_OPTION,,
1789523093.4,2026-09-16T01:44:53.368447334Z,ACTIVITY_TYPE_TRADE,paccc-usse-midterms-2026-11-03-dem,SELL,ORDER_INTENT_BUY_SHORT,0.581,19,CH2QHNWJGVNM,passive,,2026-09-16T01:41:21.317689794Z,0.059,-0.06,0,1,ORDER_STATE_PARTIALLY_FILLED,UNSOLICITED_CXL_REASON_UNDEFINED,ORD_REJECT_REASON_EXCHANGE_OPTION,,
1789523297.6,2026-09-16T01:48:17.554999576Z,ACTIVITY_TYPE_TRADE,scc-senate-gop-2026-11-03-lte45,SELL,ORDER_INTENT_BUY_SHORT,0.05,55,CH2SVG5GRVNR,passive,,2026-09-16T01:46:19.938944691Z,0.033,-0.03,0,1,ORDER_STATE_FILLED,UNSOLICITED_CXL_REASON_UNDEFINED,ORD_REJECT_REASON_EXCHANGE_OPTION,,
1789523916.6,2026-09-16T01:58:36.625675397Z,ACTIVITY_TYPE_TRADE,aachc-cfb-wins-2026-11-28-mary-6pt5wins,SELL,ORDER_INTENT_BUY_SHORT,0.31,0.01,CH28FGAG8VNA,passive,,2026-09-16T01:08:36.334588941Z,0.833,0,0,1,ORDER_STATE_FILLED,UNSOLICITED_CXL_REASON_UNDEFINED,ORD_REJECT_REASON_EXCHANGE_OPTION,,
1789524219.6,2026-09-16T02:03:39.649211149Z,ACTIVITY_TYPE_TRADE,aachc-cfb-wins-2026-11-28-frest-7pt5wins,BUY,ORDER_INTENT_BUY_LONG,0.31,0.1,CH2R9Z9YAVNA,passive,-0,2026-09-16T01:42:51.630586360Z,0.347,0,0,1,ORDER_STATE_FILLED,UNSOLICITED_CXL_REASON_UNDEFINED,ORD_REJECT_REASON_EXCHANGE_OPTION,,
1789524219.6,2026-09-16T02:03:39.649211149Z,ACTIVITY_TYPE_TRADE,aachc-cfb-wins-2026-11-28-frest-7pt5wins,SELL,ORDER_INTENT_SELL_LONG,0.31,0.9,CH31FK7T4VNH,aggressor,-0.05,2026-09-16T02:03:39.647354846Z,0,0.01,0,1,ORDER_STATE_PARTIALLY_FILLED,UNSOLICITED_CXL_REASON_UNDEFINED,ORD_REJECT_REASON_EXCHANGE_OPTION,,
1789525338.9,2026-09-16T02:22:18.928218029Z,ACTIVITY_TYPE_TRADE,paccc-usho-midterms-2026-11-03-rep,SELL,ORDER_INTENT_BUY_SHORT,0.144,55,CH37J69V2VNM,passive,,2026-09-16T02:17:06.117238402Z,0.087,-0.08,0,1,ORDER_STATE_FILLED,UNSOLICITED_CXL_REASON_UNDEFINED,ORD_REJECT_REASON_EXCHANGE_OPTION,,
1789525704.8,2026-09-16T02:28:24.773217044Z,ACTIVITY_TYPE_TRADE,ussewc-usse-or-2026-11-03-dem,SELL,ORDER_INTENT_SELL_LONG,0.95,1,CH2M0CBW8VNK,passive,-1.61,2026-09-16T01:34:52.892179156Z,0.892,0,0,1,ORDER_STATE_FILLED,UNSOLICITED_CXL_REASON_UNDEFINED,ORD_REJECT_REASON_EXCHANGE_OPTION,,
1789526113.0,2026-09-16T02:35:12.991935796Z,ACTIVITY_TYPE_TRADE,paccc-usho-midterms-2026-11-03-rep,BUY,ORDER_INTENT_SELL_SHORT,0.149,45,CH3BW2FWRVNG,passive,1.61,2026-09-16T02:26:29.095265550Z,0.146,-0.07,0,1,ORDER_STATE_PARTIALLY_FILLED,UNSOLICITED_CXL_REASON_UNDEFINED,ORD_REJECT_REASON_EXCHANGE_OPTION,,
1789526573.7,2026-09-16T02:42:53.719159360Z,ACTIVITY_TYPE_TRADE,aachc-cfb-wins-2026-11-28-minnst-8pt5wins,BUY,ORDER_INTENT_BUY_LONG,0.07,1,CH3JNTRTRVNN,passive,,2026-09-16T02:41:48.267080324Z,0.018,0,0,1,ORDER_STATE_FILLED,UNSOLICITED_CXL_REASON_UNDEFINED,ORD_REJECT_REASON_EXCHANGE_OPTION,,
1789526894.1,2026-09-16T02:48:14.123889756Z,ACTIVITY_TYPE_TRADE,aachc-cfb-wins-2026-11-28-mary-6pt5wins,BUY,ORDER_INTENT_SELL_SHORT,0.42,0.01,CH3HDHY1EVNA,passive,0,2026-09-16T02:39:08.352662056Z,0.152,0,0,1,ORDER_STATE_FILLED,UNSOLICITED_CXL_REASON_UNDEFINED,ORD_REJECT_REASON_EXCHANGE_OPTION,,
1789527056.9,2026-09-16T02:50:56.918525376Z,ACTIVITY_TYPE_TRADE,ussewc-usse-ky-2026-11-03-dem,BUY,ORDER_INTENT_SELL_SHORT,0.06,20,CGZ0C755JVNQ,passive,-18.33,2026-09-15T21:23:01.742474150Z,5.465,-0.01,0,1,ORDER_STATE_FILLED,UNSOLICITED_CXL_REASON_UNDEFINED,ORD_REJECT_REASON_EXCHANGE_OPTION,,
1789527151.0,2026-09-16T02:52:30.955142181Z,ACTIVITY_TYPE_TRADE,ewc-usgub-ia-2026-11-03-rep,SELL,ORDER_INTENT_SELL_LONG,0.27,88,CG5P00KZCVBA,passive,11.02,2026-09-14T15:54:22.243433960Z,34.969,-0.22,0,1,ORDER_STATE_PARTIALLY_FILLED,UNSOLICITED_CXL_REASON_UNDEFINED,ORD_REJECT_REASON_EXCHANGE_OPTION,,
1789528194.6,2026-09-16T03:09:54.637086028Z,ACTIVITY_TYPE_TRADE,ussewc-usse-fl-2026-11-03-rep,BUY,ORDER_INTENT_SELL_SHORT,0.88,10,CGZ12APXWVNH,passive,-1.03,2026-09-15T21:24:49.491084485Z,5.751,-0.01,0,1,ORDER_STATE_FILLED,UNSOLICITED_CXL_REASON_UNDEFINED,ORD_REJECT_REASON_EXCHANGE_OPTION,,
1789528201.4,2026-09-16T03:10:01.432381877Z,ACTIVITY_TYPE_TRADE,scc-senate-gop-2026-11-03-52,BUY,ORDER_INTENT_SELL_SHORT,0.1,402,CH3WG2WV2VNH,passive,-325,2026-09-16T03:06:56.882561261Z,0.051,-0.45,0,1,ORDER_STATE_FILLED,UNSOLICITED_CXL_REASON_UNDEFINED,ORD_REJECT_REASON_EXCHANGE_OPTION,,
1789528203.0,2026-09-16T03:10:02.998079358Z,ACTIVITY_TYPE_TRADE,aachc-cfb-wins-2026-11-28-minnst-8pt5wins,SELL,ORDER_INTENT_SELL_LONG,0.02,1,CH3WRF45YVNH,passive,-1.37,2026-09-16T03:07:28.676913628Z,0.043,0,0,1,ORDER_STATE_FILLED,UNSOLICITED_CXL_REASON_UNDEFINED,ORD_REJECT_REASON_EXCHANGE_OPTION,,
1789528434.2,2026-09-16T03:13:54.197758646Z,ACTIVITY_TYPE_TRADE,paccc-usse-midterms-2026-11-03-dem,BUY,ORDER_INTENT_SELL_SHORT,0.58,19,CH2TEJFBTVNP,passive,-0.79,2026-09-16T01:47:34.363764170Z,1.439,-0.06,0,1,ORDER_STATE_FILLED,UNSOLICITED_CXL_REASON_UNDEFINED,ORD_REJECT_REASON_EXCHANGE_OPTION,,
1789528546.5,2026-09-16T03:15:46.492131411Z,ACTIVITY_TYPE_TRADE,usgubewc-usgub-ok-2026-11-03-dem,SELL,ORDER_INTENT_BUY_SHORT,0.07,20,CH3VGTX48VNJ,passive,,2026-09-16T03:04:23.384428216Z,0.19,-0.02,0,1,ORDER_STATE_FILLED,UNSOLICITED_CXL_REASON_UNDEFINED,ORD_REJECT_REASON_EXCHANGE_OPTION,,
1789528567.6,2026-09-16T03:16:07.634382224Z,ACTIVITY_TYPE_TRADE,ussewc-usse-tn-2026-11-03-dem,SELL,ORDER_INTENT_BUY_SHORT,0.02,1,CH2HPGYAYVNR,passive,,2026-09-16T01:29:15.806842481Z,1.781,0,0,1,ORDER_STATE_PARTIALLY_FILLED,UNSOLICITED_CXL_REASON_UNDEFINED,ORD_REJECT_REASON_EXCHANGE_OPTION,,
1789528634.9,2026-09-16T03:17:14.870760587Z,ACTIVITY_TYPE_TRADE,usgubewc-usgub-md-2026-11-03-rep,SELL,ORDER_INTENT_BUY_SHORT,0.02,3.13,CGZRSPFEYVNM,passive,,2026-09-15T22:16:01.029063460Z,5.021,0,0,1,ORDER_STATE_PARTIALLY_FILLED,UNSOLICITED_CXL_REASON_UNDEFINED,ORD_REJECT_REASON_EXCHANGE_OPTION,,
1789528673.1,2026-09-16T03:17:53.109393830Z,ACTIVITY_TYPE_TRADE,ussewc-usse-ma-2026-11-03-rep,SELL,ORDER_INTENT_BUY_SHORT,0.03,0.49,CH4039H4MVNK,passive,,2026-09-16T03:13:53.939137582Z,0.066,0,0,1,ORDER_STATE_PARTIALLY_FILLED,UNSOLICITED_CXL_REASON_UNDEFINED,ORD_REJECT_REASON_EXCHANGE_OPTION,,
1789528677.3,2026-09-16T03:17:57.254302898Z,ACTIVITY_TYPE_TRADE,ussewc-usse-ma-2026-11-03-rep,SELL,ORDER_INTENT_BUY_SHORT,0.03,0.51,CH4039H4MVNK,passive,,2026-09-16T03:13:53.939137582Z,0.068,0,0,1,ORDER_STATE_FILLED,UNSOLICITED_CXL_REASON_UNDEFINED,ORD_REJECT_REASON_EXCHANGE_OPTION,,
1789528764.9,2026-09-16T03:19:24.920920990Z,ACTIVITY_TYPE_TRADE,usgubewc-usgub-md-2026-11-03-dem,BUY,ORDER_INTENT_BUY_LONG,0.96,3.05,CH3WRF3J8VNH,passive,,2026-09-16T03:07:27.462757149Z,0.199,0,0,1,ORDER_STATE_PARTIALLY_FILLED,UNSOLICITED_CXL_REASON_UNDEFINED,ORD_REJECT_REASON_EXCHANGE_OPTION,,
1789528764.9,2026-09-16T03:19:24.922599775Z,ACTIVITY_TYPE_TRADE,usgubewc-usgub-md-2026-11-03-rep,BUY,ORDER_INTENT_SELL_SHORT,0.06,3,CH42PDC2MVNJ,passive,-14.1,2026-09-16T03:19:22.098442552Z,0.001,0,0,1,ORDER_STATE_FILLED,UNSOLICITED_CXL_REASON_UNDEFINED,ORD_REJECT_REASON_EXCHANGE_OPTION,,
1789528768.5,2026-09-16T03:19:28.523939671Z,ACTIVITY_TYPE_TRADE,usgubewc-usgub-md-2026-11-03-dem,BUY,ORDER_INTENT_BUY_LONG,0.96,6.25,CH3WRF3J8VNH,passive,,2026-09-16T03:07:27.462757149Z,0.2,0,0,1,ORDER_STATE_PARTIALLY_FILLED,UNSOLICITED_CXL_REASON_UNDEFINED,ORD_REJECT_REASON_EXCHANGE_OPTION,,
1789528876.5,2026-09-16T03:21:16.545721300Z,ACTIVITY_TYPE_TRADE,ussewc-usse-mt-2026-11-03-setbod,SELL,ORDER_INTENT_SELL_LONG,0.11,15.28,CG2XZ9K5EVB8,passive,-0.64,2026-09-14T12:42:39.882432081Z,38.644,-0.02,0,1,ORDER_STATE_PARTIALLY_FILLED,UNSOLICITED_CXL_REASON_UNDEFINED,ORD_REJECT_REASON_EXCHANGE_OPTION,,
1789528925.1,2026-09-16T03:22:05.080111589Z,ACTIVITY_TYPE_TRADE,ewc-usgub-ia-2026-11-03-rep,SELL,ORDER_INTENT_SELL_LONG,0.27,233,CG5P00KZCVBA,passive,-240.89,2026-09-14T15:54:22.243433960Z,35.462,-0.57,0,1,ORDER_STATE_PARTIALLY_FILLED,UNSOLICITED_CXL_REASON_UNDEFINED,ORD_REJECT_REASON_EXCHANGE_OPTION,,
1789529228.0,2026-09-16T03:27:07.975351623Z,ACTIVITY_TYPE_TRADE,aachc-cfb-wins-2026-11-28-gtech-7pt5wins,BUY,ORDER_INTENT_SELL_SHORT,0.17,0.01,CH0RT18N6VNG,passive,0,2026-09-15T23:24:17.065976841Z,4.047,0,0,1,ORDER_STATE_FILLED,UNSOLICITED_CXL_REASON_UNDEFINED,ORD_REJECT_REASON_EXCHANGE_OPTION,,
1789529411.4,2026-09-16T03:30:11.395521473Z,ACTIVITY_TYPE_TRADE,aachc-cfb-wins-2026-11-28-sdst-8pt5wins,SELL,ORDER_INTENT_BUY_SHORT,0.2,0.1,CH3V5MRJWVNQ,passive,,2026-09-16T03:03:35.639183908Z,0.443,0,0,1,ORDER_STATE_PARTIALLY_FILLED,UNSOLICITED_CXL_REASON_UNDEFINED,ORD_REJECT_REASON_EXCHANGE_OPTION,,
1789529719.1,2026-09-16T03:35:19.094637483Z,ACTIVITY_TYPE_TRADE,ussewc-usse-mt-2026-11-03-setbod,SELL,ORDER_INTENT_SELL_LONG,0.11,0.65,CG2XZ9K5EVB8,passive,-0.03,2026-09-14T12:42:39.882432081Z,38.878,0,0,1,ORDER_STATE_PARTIALLY_FILLED,UNSOLICITED_CXL_REASON_UNDEFINED,ORD_REJECT_REASON_EXCHANGE_OPTION,,
1789529731.1,2026-09-16T03:35:31.100032768Z,ACTIVITY_TYPE_TRADE,paccc-usho-midterms-2026-11-03-rep,BUY,ORDER_INTENT_SELL_SHORT,0.149,75,CH3GCEFJ0VNQ,passive,2.68,2026-09-16T02:37:44.198963807Z,0.963,-0.12,0,1,ORDER_STATE_FILLED,UNSOLICITED_CXL_REASON_UNDEFINED,ORD_REJECT_REASON_EXCHANGE_OPTION,,
1789529738.8,2026-09-16T03:35:38.820918129Z,ACTIVITY_TYPE_TRADE,aachc-cfb-wins-2026-11-28-iowast-3pt5wins,BUY,ORDER_INTENT_BUY_LONG,0.82,0.1,CH42TDKKEVNM,passive,,2026-09-16T03:19:39.699585490Z,0.266,0,0,1,ORDER_STATE_PARTIALLY_FILLED,UNSOLICITED_CXL_REASON_UNDEFINED,ORD_REJECT_REASON_EXCHANGE_OPTION,,
1789530063.3,2026-09-16T03:41:03.256485182Z,ACTIVITY_TYPE_TRADE,aachc-cfb-wins-2026-11-28-mst-6pt5wins,BUY,ORDER_INTENT_BUY_LONG,0.33,1,CH49H5BH2VNG,passive,,2026-09-16T03:35:30.587753324Z,0.092,0,0,1,ORDER_STATE_FILLED,UNSOLICITED_CXL_REASON_UNDEFINED,ORD_REJECT_REASON_EXCHANGE_OPTION,,
1789530180.2,2026-09-16T03:43:00.188068199Z,ACTIVITY_TYPE_TRADE,aachc-cfb-wins-2026-11-28-iowast-3pt5wins,BUY,ORDER_INTENT_BUY_LONG,0.82,0.1,CH42TDKKEVNM,passive,,2026-09-16T03:19:39.699585490Z,0.389,0,0,1,ORDER_STATE_PARTIALLY_FILLED,UNSOLICITED_CXL_REASON_UNDEFINED,ORD_REJECT_REASON_EXCHANGE_OPTION,,
1789530804.0,2026-09-16T03:53:23.968302292Z,ACTIVITY_TYPE_TRADE,ussewc-usse-ma-2026-11-03-rep,BUY,ORDER_INTENT_SELL_SHORT,0.07,1,CH45XDE60VNK,passive,-0.14,2026-09-16T03:26:13.372854959Z,0.453,0,0,1,ORDER_STATE_FILLED,UNSOLICITED_CXL_REASON_UNDEFINED,ORD_REJECT_REASON_EXCHANGE_OPTION,,
1789530943.0,2026-09-16T03:55:42.979043352Z,ACTIVITY_TYPE_TRADE,ussewc-usse-tn-2026-11-03-dem,SELL,ORDER_INTENT_BUY_SHORT,0.02,1,CH2HPGYAYVNR,passive,,2026-09-16T01:29:15.806842481Z,2.441,0,0,1,ORDER_STATE_PARTIALLY_FILLED,UNSOLICITED_CXL_REASON_UNDEFINED,ORD_REJECT_REASON_EXCHANGE_OPTION,,
1789531528.5,2026-09-16T04:05:28.525099791Z,ACTIVITY_TYPE_TRADE,ussewc-usse-sc-2026-11-03-rep,BUY,ORDER_INTENT_BUY_LONG,0.87,10,CH4B5X0SAVNJ,passive,,2026-09-16T03:40:21.132917984Z,0.419,-0.01,0,1,ORDER_STATE_FILLED,UNSOLICITED_CXL_REASON_UNDEFINED,ORD_REJECT_REASON_EXCHANGE_OPTION,,
1789531638.2,2026-09-16T04:07:18.242833283Z,ACTIVITY_TYPE_TRADE,usgubewc-usgub-me-2026-11-03-rep,SELL,ORDER_INTENT_BUY_SHORT,0.04,10,CH4R6R8VMVNP,passive,,2026-09-16T04:07:13.711411140Z,0.001,0,0,1,ORDER_STATE_FILLED,UNSOLICITED_CXL_REASON_UNDEFINED,ORD_REJECT_REASON_EXCHANGE_OPTION,,
1789531783.6,2026-09-16T04:09:43.557634947Z,ACTIVITY_TYPE_TRADE,usgubewc-usgub-me-2026-11-03-rep,BUY,ORDER_INTENT_SELL_SHORT,0.08,10,CH4RVYP7AVNG,passive,-5.95,2026-09-16T04:08:11.908528958Z,0.025,-0.01,0,1,ORDER_STATE_FILLED,UNSOLICITED_CXL_REASON_UNDEFINED,ORD_REJECT_REASON_EXCHANGE_OPTION,,
1789533044.4,2026-09-16T04:30:44.407081492Z,ACTIVITY_TYPE_TRADE,ewc-usgub-ga-2026-11-03-rep,SELL,ORDER_INTENT_BUY_SHORT,0.4,165,CH538PNNRVNG,passive,,2026-09-16T04:30:44.045539932Z,0,-0.5,0,1,ORDER_STATE_FILLED,UNSOLICITED_CXL_REASON_UNDEFINED,ORD_REJECT_REASON_EXCHANGE_OPTION,,
1789533774.8,2026-09-16T04:42:54.829799931Z,ACTIVITY_TYPE_TRADE,paccc-balpow-2026-11-03-dsweep,BUY,ORDER_INTENT_BUY_LONG,0.57,122,CH52D3ES2VNH,passive,,2026-09-16T04:28:43.880933615Z,0.236,-0.37,0,1,ORDER_STATE_FILLED,UNSOLICITED_CXL_REASON_UNDEFINED,ORD_REJECT_REASON_EXCHANGE_OPTION,,
1789534159.7,2026-09-16T04:49:19.737036708Z,ACTIVITY_TYPE_TRADE,paccc-usho-midterms-2026-11-03-rep,BUY,ORDER_INTENT_SELL_SHORT,0.149,126,CH59TTGXMVNG,passive,-26.16,2026-09-16T04:43:15.032570497Z,0.101,-0.2,0,1,ORDER_STATE_PARTIALLY_FILLED,UNSOLICITED_CXL_REASON_UNDEFINED,ORD_REJECT_REASON_EXCHANGE_OPTION,,
1789535762.6,2026-09-16T05:16:02.588845880Z,ACTIVITY_TYPE_TRADE,ussewc-usse-tn-2026-11-03-rep,BUY,ORDER_INTENT_BUY_LONG,0.96,1,CH4X8YX1GVNP,passive,,2026-09-16T04:18:24.811147326Z,0.96,0,0,1,ORDER_STATE_PARTIALLY_FILLED,UNSOLICITED_CXL_REASON_UNDEFINED,ORD_REJECT_REASON_EXCHANGE_OPTION,,
1789535793.2,2026-09-16T05:16:33.221351857Z,ACTIVITY_TYPE_TRADE,ewc-usse-tx-2026-11-03-rep,BUY,ORDER_INTENT_BUY_LONG,0.47,111,CH5RM44SYVNH,passive,,2026-09-16T05:16:32.167425047Z,0,-0.35,0,1,ORDER_STATE_FILLED,UNSOLICITED_CXL_REASON_UNDEFINED,ORD_REJECT_REASON_EXCHANGE_OPTION,,
1789535964.5,2026-09-16T05:19:24.507843713Z,ACTIVITY_TYPE_TRADE,ussewc-usse-tn-2026-11-03-dem,BUY,ORDER_INTENT_SELL_SHORT,0.05,1,CH5T1J2TAVNJ,passive,-0.35,2026-09-16T05:19:18.776262873Z,0.002,0,0,1,ORDER_STATE_FILLED,UNSOLICITED_CXL_REASON_UNDEFINED,ORD_REJECT_REASON_EXCHANGE_OPTION,,
1789535964.5,2026-09-16T05:19:24.509812827Z,ACTIVITY_TYPE_TRADE,ussewc-usse-tn-2026-11-03-rep,BUY,ORDER_INTENT_BUY_LONG,0.96,9,CH4X8YX1GVNP,passive,,2026-09-16T04:18:24.811147326Z,1.017,0,0,1,ORDER_STATE_FILLED,UNSOLICITED_CXL_REASON_UNDEFINED,ORD_REJECT_REASON_EXCHANGE_OPTION,,
1789536952.1,2026-09-16T05:35:52.141461275Z,ACTIVITY_TYPE_TRADE,ussewc-usse-tn-2026-11-03-dem,BUY,ORDER_INTENT_SELL_SHORT,0.05,1,CH5TPBZ3CVNK,passive,-0.35,2026-09-16T05:20:49.856940916Z,0.251,0,0,1,ORDER_STATE_FILLED,UNSOLICITED_CXL_REASON_UNDEFINED,ORD_REJECT_REASON_EXCHANGE_OPTION,,
1789537372.6,2026-09-16T05:42:52.562342787Z,ACTIVITY_TYPE_TRADE,ussewc-usse-ks-2026-11-03-dem,BUY,ORDER_INTENT_SELL_SHORT,0.26,3,CH64JW0NYVNG,passive,-0.4,2026-09-16T05:42:51.860643898Z,0,-0.01,0,1,ORDER_STATE_FILLED,UNSOLICITED_CXL_REASON_UNDEFINED,ORD_REJECT_REASON_EXCHANGE_OPTION,,
1789537425.1,2026-09-16T05:43:45.051497915Z,ACTIVITY_TYPE_TRADE,ussewc-usse-ks-2026-11-03-dem,BUY,ORDER_INTENT_SELL_SHORT,0.26,3,CH64S8BXAVNN,passive,-1.9,2026-09-16T05:43:42.826003013Z,0.001,-0.01,0,1,ORDER_STATE_FILLED,UNSOLICITED_CXL_REASON_UNDEFINED,ORD_REJECT_REASON_EXCHANGE_OPTION,,
1789538028.2,2026-09-16T05:53:48.234508736Z,ACTIVITY_TYPE_TRADE,aachc-cfb-wins-2026-11-28-kan-6pt5wins,BUY,ORDER_INTENT_SELL_SHORT,0.26,2,CGSEVSD1GVBE,passive,-0.06,2026-09-15T14:56:01.784334591Z,14.963,0,0,1,ORDER_STATE_PARTIALLY_FILLED,UNSOLICITED_CXL_REASON_UNDEFINED,ORD_REJECT_REASON_EXCHANGE_OPTION,,
1789538338.6,2026-09-16T05:58:58.591053551Z,ACTIVITY_TYPE_TRADE,ewc-usse-tx-2026-11-03-rep,SELL,ORDER_INTENT_SELL_LONG,0.45,54,CH61YKSV0VNH,passive,-68.76,2026-09-16T05:37:46.384376418Z,0.353,-0.17,0,1,ORDER_STATE_PARTIALLY_FILLED,UNSOLICITED_CXL_REASON_UNDEFINED,ORD_REJECT_REASON_EXCHANGE_OPTION,,
1789539046.6,2026-09-16T06:10:46.599858838Z,ACTIVITY_TYPE_TRADE,scc-senate-gop-2026-11-03-48,SELL,ORDER_INTENT_BUY_SHORT,0.16,3.95,CH5RTQ52TVNM,passive,,2026-09-16T05:16:45.995435706Z,0.9,-0.01,0,1,ORDER_STATE_PARTIALLY_FILLED,UNSOLICITED_CXL_REASON_UNDEFINED,ORD_REJECT_REASON_EXCHANGE_OPTION,,
1789544725.3,2026-09-16T07:45:25.329415854Z,ACTIVITY_TYPE_TRADE,ewc-usse-tx-2026-11-03-rep,SELL,ORDER_INTENT_SELL_LONG,0.45,34,CH6CNE416VNN,passive,-117.91,2026-09-16T06:01:04.829409243Z,1.739,-0.11,0,1,ORDER_STATE_PARTIALLY_FILLED,UNSOLICITED_CXL_REASON_UNDEFINED,ORD_REJECT_REASON_EXCHANGE_OPTION,,
1789544919.8,2026-09-16T07:48:39.849657243Z,ACTIVITY_TYPE_TRADE,ewc-usse-tx-2026-11-03-rep,SELL,ORDER_INTENT_SELL_LONG,0.45,23,CH6CNE416VNN,passive,-79.77,2026-09-16T06:01:04.829409243Z,1.793,-0.07,0,1,ORDER_STATE_FILLED,UNSOLICITED_CXL_REASON_UNDEFINED,ORD_REJECT_REASON_EXCHANGE_OPTION,,
1789546204.1,2026-09-16T08:10:04.113036059Z,ACTIVITY_TYPE_TRADE,usgubewc-usgub-sd-2026-11-03-dem,SELL,ORDER_INTENT_BUY_SHORT,0.02,0.8,CG333REKAVB8,passive,,2026-09-14T12:52:54.583595527Z,43.286,0,0,1,ORDER_STATE_FILLED,UNSOLICITED_CXL_REASON_UNDEFINED,ORD_REJECT_REASON_EXCHANGE_OPTION,,
1789546433.1,2026-09-16T08:13:53.094776685Z,ACTIVITY_TYPE_TRADE,usgubewc-usgub-sd-2026-11-03-dem,BUY,ORDER_INTENT_SELL_SHORT,0.05,1,CH88J1R0TVNK,passive,-0.83,2026-09-16T08:13:52.034823225Z,0,0,0,1,ORDER_STATE_FILLED,UNSOLICITED_CXL_REASON_UNDEFINED,ORD_REJECT_REASON_EXCHANGE_OPTION,,
1789546533.3,2026-09-16T08:15:33.251957626Z,ACTIVITY_TYPE_TRADE,usgubewc-usgub-sd-2026-11-03-rep,BUY,ORDER_INTENT_BUY_LONG,0.98,2,CH4RC0TDJVNQ,passive,,2026-09-16T04:07:11.258868307Z,4.139,0,0,1,ORDER_STATE_PARTIALLY_FILLED,UNSOLICITED_CXL_REASON_UNDEFINED,ORD_REJECT_REASON_EXCHANGE_OPTION,,
1789547919.7,2026-09-16T08:38:39.650185918Z,ACTIVITY_TYPE_TRADE,ussewc-usse-tn-2026-11-03-dem,SELL,ORDER_INTENT_BUY_SHORT,0.03,0.97,CH8HDV93GVNN,passive,,2026-09-16T08:31:11.571954336Z,0.124,0,0,1,ORDER_STATE_PARTIALLY_FILLED,UNSOLICITED_CXL_REASON_UNDEFINED,ORD_REJECT_REASON_EXCHANGE_OPTION,,
1789548945.6,2026-09-16T08:55:45.643520658Z,ACTIVITY_TYPE_TRADE,ussewc-usse-tn-2026-11-03-dem,BUY,ORDER_INTENT_SELL_SHORT,0.06,1,CH8NK6KYAVNA,passive,-0.34,2026-09-16T08:39:45.252895600Z,0.267,0,0,1,ORDER_STATE_FILLED,UNSOLICITED_CXL_REASON_UNDEFINED,ORD_REJECT_REASON_EXCHANGE_OPTION,,
1789550889.4,2026-09-16T09:28:09.434157998Z,ACTIVITY_TYPE_TRADE,aachc-cfb-wins-ou-2026-11-28-utahst,BUY,ORDER_INTENT_SELL_SHORT,0.13,1,CH51CZNPPVNR,passive,-0.81,2026-09-16T04:26:51.654277542Z,5.022,0,0,1,ORDER_STATE_FILLED,UNSOLICITED_CXL_REASON_UNDEFINED,ORD_REJECT_REASON_EXCHANGE_OPTION,,
1789556645.3,2026-09-16T11:04:05.270231903Z,ACTIVITY_TYPE_TRADE,aachc-cfb-wins-2026-11-28-ucf-7pt5wins,SELL,ORDER_INTENT_SELL_LONG,0.19,1.9,CHAQE6TQRVNH,aggressor,-0.42,2026-09-16T11:04:05.267847711Z,0,0.02,0,1,ORDER_STATE_FILLED,UNSOLICITED_CXL_REASON_UNDEFINED,ORD_REJECT_REASON_EXCHANGE_OPTION,,
1789556645.3,2026-09-16T11:04:05.270231903Z,ACTIVITY_TYPE_TRADE,aachc-cfb-wins-2026-11-28-ucf-7pt5wins,BUY,ORDER_INTENT_BUY_LONG,0.19,0.1,CH23CR8B2VNM,passive,-0.02,2026-09-16T00:57:06.540178958Z,10.116,0,0,1,ORDER_STATE_FILLED,UNSOLICITED_CXL_REASON_UNDEFINED,ORD_REJECT_REASON_EXCHANGE_OPTION,,
1789557307.2,2026-09-16T11:15:07.243641518Z,ACTIVITY_TYPE_TRADE,ewc-usse-tx-2026-11-03-rep,SELL,ORDER_INTENT_BUY_SHORT,0.45,92,CH7ZDDFXMVNH,passive,,2026-09-16T07:54:56.429279381Z,3.336,-0.28,0,1,ORDER_STATE_FILLED,UNSOLICITED_CXL_REASON_UNDEFINED,ORD_REJECT_REASON_EXCHANGE_OPTION,,
1789557521.0,2026-09-16T11:18:41.041049843Z,ACTIVITY_TYPE_TRADE,ussewc-usse-tn-2026-11-03-dem,SELL,ORDER_INTENT_BUY_SHORT,0.03,0.01,CHAHEFM9WVNM,passive,,2026-09-16T10:50:26.033616335Z,0.471,0,0,1,ORDER_STATE_PARTIALLY_FILLED,UNSOLICITED_CXL_REASON_UNDEFINED,ORD_REJECT_REASON_EXCHANGE_OPTION,,
1789557989.4,2026-09-16T11:26:29.442026043Z,ACTIVITY_TYPE_TRADE,ewc-usse-tx-2026-11-03-rep,BUY,ORDER_INTENT_SELL_SHORT,0.45,92,CHAW1F58TVNN,passive,-12.34,2026-09-16T11:16:32.425868452Z,0.166,-0.28,0,1,ORDER_STATE_FILLED,UNSOLICITED_CXL_REASON_UNDEFINED,ORD_REJECT_REASON_EXCHANGE_OPTION,,
1789558878.3,2026-09-16T11:41:18.325619926Z,ACTIVITY_TYPE_TRADE,ussewc-usse-al-2026-11-03-dem,SELL,ORDER_INTENT_BUY_SHORT,0.03,9.9,CH9FH0SFWVNH,passive,,2026-09-16T09:37:11.251049680Z,2.069,0,0,1,ORDER_STATE_PARTIALLY_FILLED,UNSOLICITED_CXL_REASON_UNDEFINED,ORD_REJECT_REASON_EXCHANGE_OPTION,,
1789558889.6,2026-09-16T11:41:29.633017481Z,ACTIVITY_TYPE_TRADE,ussewc-usse-al-2026-11-03-dem,SELL,ORDER_INTENT_BUY_SHORT,0.03,0.1,CH9FH0SFWVNH,passive,,2026-09-16T09:37:11.251049680Z,2.072,0,0,1,ORDER_STATE_FILLED,UNSOLICITED_CXL_REASON_UNDEFINED,ORD_REJECT_REASON_EXCHANGE_OPTION,,
1789559062.9,2026-09-16T11:44:22.927611306Z,ACTIVITY_TYPE_TRADE,aachc-cfb-wins-2026-11-28-clmsn-5pt5wins,BUY,ORDER_INTENT_BUY_LONG,0.73,0.5,CH7G6JFVTVNJ,passive,,2026-09-16T07:18:40.454488054Z,4.428,0,0,1,ORDER_STATE_FILLED,UNSOLICITED_CXL_REASON_UNDEFINED,ORD_REJECT_REASON_EXCHANGE_OPTION,,
1789560161.0,2026-09-16T12:02:40.960675958Z,ACTIVITY_TYPE_TRADE,usgubewc-usgub-tx-2026-11-03-rep,SELL,ORDER_INTENT_BUY_SHORT,0.82,281,CHB0ZJKVAVNH,passive,,2026-09-16T11:26:32.421544517Z,0.602,-0.52,0,1,ORDER_STATE_FILLED,UNSOLICITED_CXL_REASON_UNDEFINED,ORD_REJECT_REASON_EXCHANGE_OPTION,,
1789560165.6,2026-09-16T12:02:45.560772412Z,ACTIVITY_TYPE_TRADE,usgubewc-usgub-or-2026-11-03-dem,SELL,ORDER_INTENT_SELL_LONG,0.93,29,CG34SCY6TVB6,passive,10.8,2026-09-14T12:56:42.149117108Z,47.101,-0.02,0,1,ORDER_STATE_FILLED,UNSOLICITED_CXL_REASON_UNDEFINED,ORD_REJECT_REASON_EXCHANGE_OPTION,,
1789560181.4,2026-09-16T12:03:01.389688770Z,ACTIVITY_TYPE_TRADE,ussewc-usse-sc-2026-11-03-rep,SELL,ORDER_INTENT_SELL_LONG,0.89,6,CH5KR3MH2VNR,passive,0.04,2026-09-16T05:06:10.957795186Z,6.947,-0.01,0,1,ORDER_STATE_FILLED,UNSOLICITED_CXL_REASON_UNDEFINED,ORD_REJECT_REASON_EXCHANGE_OPTION,,
1789560440.5,2026-09-16T12:07:20.534194544Z,ACTIVITY_TYPE_TRADE,ewc-usgub-ga-2026-11-03-rep,BUY,ORDER_INTENT_SELL_SHORT,0.42,165,CH53DXX00VNR,passive,-31.46,2026-09-16T04:31:01.567927559Z,7.605,-0.5,0,1,ORDER_STATE_FILLED,UNSOLICITED_CXL_REASON_UNDEFINED,ORD_REJECT_REASON_EXCHANGE_OPTION,,
1789560652.8,2026-09-16T12:10:52.776381150Z,ACTIVITY_TYPE_TRADE,ewc-usse-tx-2026-11-03-rep,BUY,ORDER_INTENT_BUY_LONG,0.44,73,CHBN90ECYVNG,passive,,2026-09-16T12:07:35.595700275Z,0.055,-0.22,0,1,ORDER_STATE_FILLED,UNSOLICITED_CXL_REASON_UNDEFINED,ORD_REJECT_REASON_EXCHANGE_OPTION,,
1789560704.0,2026-09-16T12:11:44.006484334Z,ACTIVITY_TYPE_TRADE,scc-senate-gop-2026-11-03-lte45,BUY,ORDER_INTENT_SELL_SHORT,0.11,80,CHAV1KT3GVNR,passive,-67.89,2026-09-16T11:13:29.504514472Z,0.971,-0.1,0,1,ORDER_STATE_PARTIALLY_FILLED,UNSOLICITED_CXL_REASON_UNDEFINED,ORD_REJECT_REASON_EXCHANGE_OPTION,,
1789560704.6,2026-09-16T12:11:44.560496502Z,ACTIVITY_TYPE_TRADE,scc-senate-gop-2026-11-03-lte45,BUY,ORDER_INTENT_SELL_SHORT,0.11,3,CHAV1KT3GVNR,passive,-2.55,2026-09-16T11:13:29.504514472Z,0.971,0,0,1,ORDER_STATE_FILLED,UNSOLICITED_CXL_REASON_UNDEFINED,ORD_REJECT_REASON_EXCHANGE_OPTION,,
1789561267.8,2026-09-16T12:21:07.847920876Z,ACTIVITY_TYPE_TRADE,scc-hrep-rep-2026-11-03-gte220,SELL,ORDER_INTENT_BUY_SHORT,0.13,33,CHBPQ5SYTVNP,passive,,2026-09-16T12:11:05.403442649Z,0.167,-0.05,0,1,ORDER_STATE_FILLED,UNSOLICITED_CXL_REASON_UNDEFINED,ORD_REJECT_REASON_EXCHANGE_OPTION,,
1789561473.3,2026-09-16T12:24:33.284537637Z,ACTIVITY_TYPE_TRADE,ussewc-usse-ms-2026-11-03-dem,SELL,ORDER_INTENT_BUY_SHORT,0.06,20,CH82G8PP0VNH,passive,,2026-09-16T08:02:04.814103918Z,4.375,-0.01,0,1,ORDER_STATE_FILLED,UNSOLICITED_CXL_REASON_UNDEFINED,ORD_REJECT_REASON_EXCHANGE_OPTION,,
1789562079.2,2026-09-16T12:34:39.213159431Z,ACTIVITY_TYPE_TRADE,paccc-balpow-2026-11-03-dhou-rsen,SELL,ORDER_INTENT_SELL_LONG,0.34,190,CHBPASFX2VNM,passive,18.84,2026-09-16T12:10:04.321906796Z,0.41,-0.53,0,1,ORDER_STATE_FILLED,UNSOLICITED_CXL_REASON_UNDEFINED,ORD_REJECT_REASON_EXCHANGE_OPTION,,
1789562098.4,2026-09-16T12:34:58.377691777Z,ACTIVITY_TYPE_TRADE,aachc-cfb-wins-2026-11-28-col-2pt5wins,BUY,ORDER_INTENT_BUY_LONG,0.95,0.01,CHA05YBH6VNM,passive,,2026-09-16T10:13:48.820248728Z,2.353,0,0,1,ORDER_STATE_FILLED,UNSOLICITED_CXL_REASON_UNDEFINED,ORD_REJECT_REASON_EXCHANGE_OPTION,,
1789562116.4,2026-09-16T12:35:16.434793207Z,ACTIVITY_TYPE_TRADE,ussewc-usse-sd-2026-11-03-rep,BUY,ORDER_INTENT_BUY_LONG,0.94,10,CHB1B0A7AVNA,passive,,2026-09-16T11:27:15.157196238Z,1.134,-0.01,0,1,ORDER_STATE_FILLED,UNSOLICITED_CXL_REASON_UNDEFINED,ORD_REJECT_REASON_EXCHANGE_OPTION,,
1789562139.5,2026-09-16T12:35:39.483432837Z,ACTIVITY_TYPE_TRADE,ussewc-usse-nj-2026-11-03-dem,BUY,ORDER_INTENT_BUY_LONG,0.97,6.12,CH9QN7MR4VNJ,passive,,2026-09-16T09:54:59.861331807Z,2.678,0,0,1,ORDER_STATE_PARTIALLY_FILLED,UNSOLICITED_CXL_REASON_UNDEFINED,ORD_REJECT_REASON_EXCHANGE_OPTION,,
1789562283.2,2026-09-16T12:38:03.208173852Z,ACTIVITY_TYPE_TRADE,aachc-cfb-wins-2026-11-28-clmsn-5pt5wins,SELL,ORDER_INTENT_SELL_LONG,0.74,0.1,CHBFP31EWVNR,passive,0.04,2026-09-16T11:54:18.607485971Z,0.729,0,0,1,ORDER_STATE_PARTIALLY_FILLED,UNSOLICITED_CXL_REASON_UNDEFINED,ORD_REJECT_REASON_EXCHANGE_OPTION,,
1789562343.3,2026-09-16T12:39:03.252047964Z,ACTIVITY_TYPE_TRADE,usgubewc-usgub-hi-2026-11-03-dem,BUY,ORDER_INTENT_BUY_LONG,0.95,10,CHC3K1B5JVNJ,passive,,2026-09-16T12:38:56.959278284Z,0.002,-0.01,0,1,ORDER_STATE_FILLED,UNSOLICITED_CXL_REASON_UNDEFINED,ORD_REJECT_REASON_EXCHANGE_OPTION,,
1789562787.6,2026-09-16T12:46:27.628012554Z,ACTIVITY_TYPE_TRADE,scc-senate-gop-2026-11-03-52,SELL,ORDER_INTENT_SELL_LONG,0.07,422,CH475KSYPVNK,passive,-8.28,2026-09-16T03:29:27.134615724Z,9.283,-0.34,0,1,ORDER_STATE_FILLED,UNSOLICITED_CXL_REASON_UNDEFINED,ORD_REJECT_REASON_EXCHANGE_OPTION,,
1789565047.5,2026-09-16T13:24:07.507163984Z,ACTIVITY_TYPE_TRADE,ushrewc-ushr-nj-07-2026-11-03-rep,BUY,ORDER_INTENT_BUY_LONG,0.22,160,CHC8KQW7PVNQ,passive,,2026-09-16T12:49:49.823326754Z,0.572,-0.34,0,1,ORDER_STATE_FILLED,UNSOLICITED_CXL_REASON_UNDEFINED,ORD_REJECT_REASON_EXCHANGE_OPTION,,
1789565093.4,2026-09-16T13:24:53.421166471Z,ACTIVITY_TYPE_TRADE,ewc-usse-mi-2026-11-03-dem,SELL,ORDER_INTENT_BUY_SHORT,0.6,155,CHCRMVRX6VNP,passive,,2026-09-16T13:24:47.611289335Z,0.002,-0.46,0,1,ORDER_STATE_PARTIALLY_FILLED,UNSOLICITED_CXL_REASON_UNDEFINED,ORD_REJECT_REASON_EXCHANGE_OPTION,,
1789565265.3,2026-09-16T13:27:45.341754382Z,ACTIVITY_TYPE_TRADE,ushrewc-ushr-nj-07-2026-11-03-dem,SELL,ORDER_INTENT_BUY_SHORT,0.77,93,CHCRCV2QPVNJ,passive,,2026-09-16T13:24:17.884486815Z,0.058,-0.21,0,1,ORDER_STATE_FILLED,UNSOLICITED_CXL_REASON_UNDEFINED,ORD_REJECT_REASON_EXCHANGE_OPTION,,
1789565434.3,2026-09-16T13:30:34.324622240Z,ACTIVITY_TYPE_TRADE,ewc-usse-mi-2026-11-03-rep,BUY,ORDER_INTENT_BUY_LONG,0.41,144,CHCTMRJMGVNJ,passive,,2026-09-16T13:29:35.326054331Z,0.016,-0.44,0,1,ORDER_STATE_FILLED,UNSOLICITED_CXL_REASON_UNDEFINED,ORD_REJECT_REASON_EXCHANGE_OPTION,,
1789565716.2,2026-09-16T13:35:16.224504236Z,ACTIVITY_TYPE_TRADE,usgubewc-usgub-il-2026-11-03-dem,BUY,ORDER_INTENT_BUY_LONG,0.92,5.12,CGT3A8F5RVB4,passive,,2026-09-15T15:41:10.072701476Z,21.902,0,0,1,ORDER_STATE_PARTIALLY_FILLED,UNSOLICITED_CXL_REASON_UNDEFINED,ORD_REJECT_REASON_EXCHANGE_OPTION,,
1789566766.0,2026-09-16T13:52:46.027702548Z,ACTIVITY_TYPE_TRADE,aachc-cfb-wins-2026-11-28-ill-7pt5wins,BUY,ORDER_INTENT_BUY_LONG,0.27,1,CH7EJ0108VNR,passive,,2026-09-16T07:15:24.853364219Z,6.623,0,0,1,ORDER_STATE_FILLED,UNSOLICITED_CXL_REASON_UNDEFINED,ORD_REJECT_REASON_EXCHANGE_OPTION,,
1789567564.2,2026-09-16T14:06:04.151737321Z,ACTIVITY_TYPE_POSITION_RESOLUTION,enwc-ussep-de-2026-09-15-rep-johshu,,,,,,,,,,,,,,,,,keys=afterPosition|beforePosition|comboLegDetails|market|marketSlug|side|tradeId|updateTime
1789568600.1,2026-09-16T14:23:20.050133Z,ACTIVITY_TYPE_TRADE,paccc-usho-midterms-2026-11-03-rep,SELL,ORDER_INTENT_SELL_LONG,0.15,126,CH5D2TYKRVNM,passive,-61.77,2026-09-16T04:50:30.945353342Z,9.547,-0.2,0,1,ORDER_STATE_FILLED,UNSOLICITED_CXL_REASON_UNDEFINED,ORD_REJECT_REASON_EXCHANGE_OPTION,,
1789568775.1,2026-09-16T14:26:15.145646956Z,ACTIVITY_TYPE_TRADE,usgubewc-usgub-ne-2026-11-03-rep,SELL,ORDER_INTENT_SELL_LONG,0.93,0.01,CGZ0XRNDRVNP,passive,-0.01,2026-09-15T21:24:49.785994462Z,17.024,0,0,1,ORDER_STATE_FILLED,UNSOLICITED_CXL_REASON_UNDEFINED,ORD_REJECT_REASON_EXCHANGE_OPTION,,
1789572352.2,2026-09-16T15:25:52.195367808Z,ACTIVITY_TYPE_TRADE,usgubewc-usgub-al-2026-11-03-rep,BUY,ORDER_INTENT_BUY_LONG,0.9,10,CHD93071RVNJ,passive,,2026-09-16T14:00:56.951343543Z,1.415,-0.01,0,1,ORDER_STATE_FILLED,UNSOLICITED_CXL_REASON_UNDEFINED,ORD_REJECT_REASON_EXCHANGE_OPTION,,
1789572370.4,2026-09-16T15:26:10.384221586Z,ACTIVITY_TYPE_TRADE,paccc-balpow-2026-11-03-dsweep,SELL,ORDER_INTENT_SELL_LONG,0.53,89.75,CH5A1QMYGVNP,passive,-4.12,2026-09-16T04:43:44.449063688Z,10.707,-0.28,0,1,ORDER_STATE_PARTIALLY_FILLED,UNSOLICITED_CXL_REASON_UNDEFINED,ORD_REJECT_REASON_EXCHANGE_OPTION,,
1789572461.3,2026-09-16T15:27:41.316880066Z,ACTIVITY_TYPE_TRADE,ewc-usgub-ga-2026-11-03-rep,SELL,ORDER_INTENT_BUY_SHORT,0.4,96,CHEH4NE3GVNA,passive,,2026-09-16T15:26:51.753751995Z,0.014,-0.29,0,1,ORDER_STATE_FILLED,UNSOLICITED_CXL_REASON_UNDEFINED,ORD_REJECT_REASON_EXCHANGE_OPTION,,
1789572598.4,2026-09-16T15:29:58.357804719Z,ACTIVITY_TYPE_TRADE,ussewc-usse-ks-2026-11-03-dem,SELL,ORDER_INTENT_SELL_LONG,0.26,3,CH70P2622VNJ,passive,0.48,2026-09-16T06:44:54.543638886Z,8.751,-0.01,0,1,ORDER_STATE_FILLED,UNSOLICITED_CXL_REASON_UNDEFINED,ORD_REJECT_REASON_EXCHANGE_OPTION,,
1789573424.5,2026-09-16T15:43:44.452388892Z,ACTIVITY_TYPE_TRADE,ewc-usse-mn-2026-11-03-rep,SELL,ORDER_INTENT_BUY_SHORT,0.13,161,CH4H5TJZ2VNQ,passive,-121.79,2026-09-16T03:52:11.064682552Z,11.859,-0.23,0,1,ORDER_STATE_PARTIALLY_FILLED,UNSOLICITED_CXL_REASON_UNDEFINED,ORD_REJECT_REASON_EXCHANGE_OPTION,,
1789573835.9,2026-09-16T15:50:35.877626501Z,ACTIVITY_TYPE_TRADE,ewc-usgub-ga-2026-11-03-rep,BUY,ORDER_INTENT_SELL_SHORT,0.42,96,CHEV10YYRVNH,passive,18.93,2026-09-16T15:48:08.652726411Z,0.041,-0.29,0,1,ORDER_STATE_FILLED,UNSOLICITED_CXL_REASON_UNDEFINED,ORD_REJECT_REASON_EXCHANGE_OPTION,,
1789574759.9,2026-09-16T16:05:59.894863323Z,ACTIVITY_TYPE_TRADE,paccc-usse-midterms-2026-11-03-dem,BUY,ORDER_INTENT_SELL_SHORT,0.58,5,CHEW921YEVNP,passive,-12.85,2026-09-16T15:51:07.937372976Z,0.248,-0.02,0,1,ORDER_STATE_PARTIALLY_FILLED,UNSOLICITED_CXL_REASON_UNDEFINED,ORD_REJECT_REASON_EXCHANGE_OPTION,,
1789574966.9,2026-09-16T16:09:26.941338716Z,ACTIVITY_TYPE_TRADE,aachc-cfb-wins-2026-11-28-arz-5pt5wins,BUY,ORDER_INTENT_BUY_LONG,0.84,0.5,CHCGCWQC8VNQ,passive,,2026-09-16T13:06:21.876929115Z,3.051,0,0,1,ORDER_STATE_FILLED,UNSOLICITED_CXL_REASON_UNDEFINED,ORD_REJECT_REASON_EXCHANGE_OPTION,,
1789575050.2,2026-09-16T16:10:50.213869482Z,ACTIVITY_TYPE_TRADE,rdc-usfed-fomc-2026-09-16-hike25,BUY,ORDER_INTENT_BUY_LONG,0.87,5,CHF549W00VNN,passive,,2026-09-16T16:10:19.044811662Z,0.009,-0.01,0,1,ORDER_STATE_FILLED,UNSOLICITED_CXL_REASON_UNDEFINED,ORD_REJECT_REASON_EXCHANGE_OPTION,,
1789576038.4,2026-09-16T16:27:18.398344171Z,ACTIVITY_TYPE_TRADE,aachc-cfb-wins-2026-11-28-arz-5pt5wins,SELL,ORDER_INTENT_SELL_LONG,0.83,1,CHFCC1EMPVNM,aggressor,0.4,2026-09-16T16:27:18.396393076Z,0,0.01,0,1,ORDER_STATE_FILLED,UNSOLICITED_CXL_REASON_UNDEFINED,ORD_REJECT_REASON_EXCHANGE_OPTION,,
1789576095.0,2026-09-16T16:28:15.049181861Z,ACTIVITY_TYPE_TRADE,ussewc-usse-sc-2026-11-03-dem,SELL,ORDER_INTENT_BUY_SHORT,0.13,10,CHBQY07ARVNR,passive,,2026-09-16T12:13:55.763985595Z,4.239,-0.01,0,1,ORDER_STATE_FILLED,UNSOLICITED_CXL_REASON_UNDEFINED,ORD_REJECT_REASON_EXCHANGE_OPTION,,
1789576523.7,2026-09-16T16:35:23.702342461Z,ACTIVITY_TYPE_TRADE,paccc-usho-midterms-2026-11-03-rep,BUY,ORDER_INTENT_BUY_LONG,0.148,54,CHFDH89F4VNG,passive,,2026-09-16T16:30:23.826260280Z,0.083,-0.09,0,1,ORDER_STATE_PARTIALLY_FILLED,UNSOLICITED_CXL_REASON_UNDEFINED,ORD_REJECT_REASON_EXCHANGE_OPTION,,
1789576644.0,2026-09-16T16:37:24.025524712Z,ACTIVITY_TYPE_TRADE,paccc-usho-midterms-2026-11-03-rep,BUY,ORDER_INTENT_BUY_LONG,0.148,117,CHFDH89F4VNG,passive,,2026-09-16T16:30:23.826260280Z,0.117,-0.18,0,1,ORDER_STATE_PARTIALLY_FILLED,UNSOLICITED_CXL_REASON_UNDEFINED,ORD_REJECT_REASON_EXCHANGE_OPTION,,
1789576670.5,2026-09-16T16:37:50.451462907Z,ACTIVITY_TYPE_TRADE,paccc-usho-midterms-2026-11-03-rep,BUY,ORDER_INTENT_BUY_LONG,0.148,425,CHFDH89F4VNG,passive,,2026-09-16T16:30:23.826260280Z,0.124,-0.67,0,1,ORDER_STATE_FILLED,UNSOLICITED_CXL_REASON_UNDEFINED,ORD_REJECT_REASON_EXCHANGE_OPTION,,
1789576731.0,2026-09-16T16:38:51.028995645Z,ACTIVITY_TYPE_TRADE,paccc-usho-midterms-2026-11-03-rep,BUY,ORDER_INTENT_BUY_LONG,0.148,449,CHFHKRHYPVNG,passive,,2026-09-16T16:38:08.352106739Z,0.012,-0.71,0,1,ORDER_STATE_FILLED,UNSOLICITED_CXL_REASON_UNDEFINED,ORD_REJECT_REASON_EXCHANGE_OPTION,,
1789576787.0,2026-09-16T16:39:47.003900412Z,ACTIVITY_TYPE_TRADE,aachc-cfb-wins-2026-11-28-arz-5pt5wins,BUY,ORDER_INTENT_BUY_LONG,0.83,0.5,CHFCF1HG2VNN,passive,,2026-09-16T16:27:18.534949906Z,0.208,0,0,1,ORDER_STATE_FILLED,UNSOLICITED_CXL_REASON_UNDEFINED,ORD_REJECT_REASON_EXCHANGE_OPTION,,
1789576793.8,2026-09-16T16:39:53.818284871Z,ACTIVITY_TYPE_TRADE,scc-hrep-rep-2026-11-03-gte210,BUY,ORDER_INTENT_BUY_LONG,0.42,195,CHFHBB64AVNR,passive,,2026-09-16T16:37:38.405377010Z,0.038,-0.59,0,1,ORDER_STATE_FILLED,UNSOLICITED_CXL_REASON_UNDEFINED,ORD_REJECT_REASON_EXCHANGE_OPTION,,
1789576868.0,2026-09-16T16:41:07.975326179Z,ACTIVITY_TYPE_TRADE,scc-hrep-rep-2026-11-03-gte215,BUY,ORDER_INTENT_BUY_LONG,0.29,223,CHFJ2HV92VNN,passive,,2026-09-16T16:38:50.916958416Z,0.038,-0.57,0,1,ORDER_STATE_FILLED,UNSOLICITED_CXL_REASON_UNDEFINED,ORD_REJECT_REASON_EXCHANGE_OPTION,,
1789576915.3,2026-09-16T16:41:55.347604527Z,ACTIVITY_TYPE_TRADE,aqc-nfl-afc-2027-01-24-champq-den,SELL,ORDER_INTENT_BUY_SHORT,0.23,0.32,CG308Z0T6VB7,passive,,2026-09-14T12:47:45.025208206Z,51.903,0,0,1,ORDER_STATE_PARTIALLY_FILLED,UNSOLICITED_CXL_REASON_UNDEFINED,ORD_REJECT_REASON_EXCHANGE_OPTION,,
1789577070.1,2026-09-16T16:44:30.057309157Z,ACTIVITY_TYPE_TRADE,usgubewc-usgub-sd-2026-11-03-rep,SELL,ORDER_INTENT_SELL_LONG,0.99,2,CHE4SS5FYVNQ,passive,-11.08,2026-09-16T15:00:06.859940879Z,1.74,0,0,1,ORDER_STATE_FILLED,UNSOLICITED_CXL_REASON_UNDEFINED,ORD_REJECT_REASON_EXCHANGE_OPTION,,
1789577078.0,2026-09-16T16:44:38.048027908Z,ACTIVITY_TYPE_TRADE,usgubewc-usgub-sd-2026-11-03-rep,BUY,ORDER_INTENT_BUY_LONG,0.98,8,CH4RC0TDJVNQ,passive,,2026-09-16T04:07:11.258868307Z,12.624,0,0,1,ORDER_STATE_FILLED,UNSOLICITED_CXL_REASON_UNDEFINED,ORD_REJECT_REASON_EXCHANGE_OPTION,,
1789577687.3,2026-09-16T16:54:47.297957282Z,ACTIVITY_TYPE_TRADE,paccc-usho-midterms-2026-11-03-rep,BUY,ORDER_INTENT_BUY_LONG,0.148,1,CHFSNEDE0VNK,passive,-0.09,2026-09-16T16:54:39.465070342Z,0.002,0,0,1,ORDER_STATE_FILLED,UNSOLICITED_CXL_REASON_UNDEFINED,ORD_REJECT_REASON_EXCHANGE_OPTION,,
1789577687.3,2026-09-16T16:54:47.297957282Z,ACTIVITY_TYPE_TRADE,paccc-usho-midterms-2026-11-03-rep,BUY,ORDER_INTENT_BUY_LONG,0.148,5,CHFSNE76YVNK,passive,-0.47,2026-09-16T16:54:32.595213782Z,0.004,-0.01,0,1,ORDER_STATE_FILLED,UNSOLICITED_CXL_REASON_UNDEFINED,ORD_REJECT_REASON_EXCHANGE_OPTION,,
1789577687.3,2026-09-16T16:54:47.297957282Z,ACTIVITY_TYPE_TRADE,paccc-usho-midterms-2026-11-03-rep,SELL,ORDER_INTENT_SELL_LONG,0.148,1,CHFSSHK0JVNG,aggressor,-0.1,2026-09-16T16:54:47.296201980Z,0,0.01,0,1,ORDER_STATE_PARTIALLY_FILLED,UNSOLICITED_CXL_REASON_UNDEFINED,ORD_REJECT_REASON_EXCHANGE_OPTION,,
1789578339.1,2026-09-16T17:05:39.095503770Z,ACTIVITY_TYPE_TRADE,ewc-usgub-mi-2026-11-03-dem,SELL,ORDER_INTENT_SELL_LONG,0.88,175,CHFYAXQB6VNJ,aggressor,0.59,2026-09-16T17:05:39.093306924Z,0,1.11,0,1,ORDER_STATE_FILLED,UNSOLICITED_CXL_REASON_UNDEFINED,ORD_REJECT_REASON_EXCHANGE_OPTION,,
1789578344.5,2026-09-16T17:05:44.504553862Z,ACTIVITY_TYPE_TRADE,ewc-usse-ia-2026-11-03-rep,SELL,ORDER_INTENT_SELL_LONG,0.6,157,CHFYFN2C4VNR,aggressor,-16.13,2026-09-16T17:05:44.501774165Z,0,2.26,0,1,ORDER_STATE_FILLED,UNSOLICITED_CXL_REASON_UNDEFINED,ORD_REJECT_REASON_EXCHANGE_OPTION,,
1789578431.0,2026-09-16T17:07:10.960794557Z,ACTIVITY_TYPE_TRADE,paccc-usho-midterms-2026-11-03-rep,SELL,ORDER_INTENT_SELL_LONG,0.148,385,CHFSSHK0JVNG,passive,-52.18,2026-09-16T16:54:47.296201980Z,0.207,-0.61,0,1,ORDER_STATE_PARTIALLY_FILLED,UNSOLICITED_CXL_REASON_UNDEFINED,ORD_REJECT_REASON_EXCHANGE_OPTION,,
1789578441.2,2026-09-16T17:07:21.197609073Z,ACTIVITY_TYPE_TRADE,usgubewc-usgub-ok-2026-11-03-rep,BUY,ORDER_INTENT_BUY_LONG,0.92,10,CHFZ7RBFAVNQ,passive,,2026-09-16T17:07:16.423539263Z,0.001,-0.01,0,1,ORDER_STATE_FILLED,UNSOLICITED_CXL_REASON_UNDEFINED,ORD_REJECT_REASON_EXCHANGE_OPTION,,
1789578563.6,2026-09-16T17:09:23.565440627Z,ACTIVITY_TYPE_TRADE,usgubewc-usgub-tn-2026-11-03-rep,BUY,ORDER_INTENT_BUY_LONG,0.92,1,CHEP4BREEVNA,passive,-23.93,2026-09-16T15:37:38.874890469Z,1.529,0,0,1,ORDER_STATE_PARTIALLY_FILLED,UNSOLICITED_CXL_REASON_UNDEFINED,ORD_REJECT_REASON_EXCHANGE_OPTION,,
1789578564.1,2026-09-16T17:09:24.064198668Z,ACTIVITY_TYPE_TRADE,pvwc-usgub-ny-nas-2026-11-03-kathoc,SELL,ORDER_INTENT_SELL_LONG,0.02,5,CHG0AXSREVNJ,aggressor,-2.41,2026-09-16T17:09:24.062974037Z,0,0.01,0,1,ORDER_STATE_FILLED,UNSOLICITED_CXL_REASON_UNDEFINED,ORD_REJECT_REASON_EXCHANGE_OPTION,,
1789578564.2,2026-09-16T17:09:24.193744360Z,ACTIVITY_TYPE_TRADE,usgubewc-usgub-ak-2026-11-03-davbro,SELL,ORDER_INTENT_SELL_LONG,0.03,33,CH283ZY0JVNH,passive,-31.08,2026-09-16T01:07:25.834729680Z,16.033,-0.01,0,1,ORDER_STATE_PARTIALLY_FILLED,UNSOLICITED_CXL_REASON_UNDEFINED,ORD_REJECT_REASON_EXCHANGE_OPTION,,
1789578564.3,2026-09-16T17:09:24.336362428Z,ACTIVITY_TYPE_TRADE,scc-hrep-rep-2026-11-03-gte225,SELL,ORDER_INTENT_SELL_LONG,0.05,16,CGVD0SY50VB9,passive,-13.76,2026-09-15T17:11:06.028588135Z,23.972,-0.01,0,1,ORDER_STATE_PARTIALLY_FILLED,UNSOLICITED_CXL_REASON_UNDEFINED,ORD_REJECT_REASON_EXCHANGE_OPTION,,
1789578564.6,2026-09-16T17:09:24.557864166Z,ACTIVITY_TYPE_TRADE,usgubewc-usgub-ak-2026-11-03-tombeg,BUY,ORDER_INTENT_BUY_LONG,0.01,3,CG8KAVPBYVB4,passive,-0.74,2026-09-14T19:16:44.025655894Z,45.878,0,0,1,ORDER_STATE_PARTIALLY_FILLED,UNSOLICITED_CXL_REASON_UNDEFINED,ORD_REJECT_REASON_EXCHANGE_OPTION,,
1789578580.9,2026-09-16T17:09:40.869259188Z,ACTIVITY_TYPE_TRADE,scc-hrep-rep-2026-11-03-gte230,SELL,ORDER_INTENT_BUY_SHORT,0.04,5,CG8GVTWTJVB5,passive,-4.65,2026-09-14T19:10:56.301911694Z,45.979,0,0,1,ORDER_STATE_PARTIALLY_FILLED,UNSOLICITED_CXL_REASON_UNDEFINED,ORD_REJECT_REASON_EXCHANGE_OPTION,,
1789578581.3,2026-09-16T17:09:41.323876664Z,ACTIVITY_TYPE_TRADE,usgubewc-usgub-ak-2026-11-03-adacru,BUY,ORDER_INTENT_BUY_LONG,0.02,1,CGHW9FM50VB6,passive,-0.2,2026-09-15T06:06:40.100830662Z,35.05,0,0,1,ORDER_STATE_PARTIALLY_FILLED,UNSOLICITED_CXL_REASON_UNDEFINED,ORD_REJECT_REASON_EXCHANGE_OPTION,,
1789578582.5,2026-09-16T17:09:42.476825517Z,ACTIVITY_TYPE_TRADE,scc-senate-gop-2026-11-03-48,SELL,ORDER_INTENT_SELL_LONG,0.16,3.94,CHDG8D1PCVNQ,passive,-0.3,2026-09-16T14:15:08.260249079Z,2.91,-0.01,0,1,ORDER_STATE_PARTIALLY_FILLED,UNSOLICITED_CXL_REASON_UNDEFINED,ORD_REJECT_REASON_EXCHANGE_OPTION,,
1789578582.5,2026-09-16T17:09:42.476825517Z,ACTIVITY_TYPE_TRADE,scc-senate-gop-2026-11-03-48,SELL,ORDER_INTENT_SELL_LONG,0.16,0.06,CHD15BBA8VNH,passive,-0,2026-09-16T13:43:16.937381851Z,3.44,0,0,1,ORDER_STATE_FILLED,UNSOLICITED_CXL_REASON_UNDEFINED,ORD_REJECT_REASON_EXCHANGE_OPTION,,
1789578582.6,2026-09-16T17:09:42.569796504Z,ACTIVITY_TYPE_TRADE,ussewc-usse-al-2026-11-03-dem,SELL,ORDER_INTENT_SELL_LONG,0.03,10,CHB8HB9QPVNP,passive,-9.41,2026-09-16T11:41:22.165862351Z,5.472,0,0,1,ORDER_STATE_FILLED,UNSOLICITED_CXL_REASON_UNDEFINED,ORD_REJECT_REASON_EXCHANGE_OPTION,,
1789578582.7,2026-09-16T17:09:42.660666662Z,ACTIVITY_TYPE_TRADE,aachc-cfb-wins-2026-11-28-nd-8pt5wins,SELL,ORDER_INTENT_SELL_LONG,0.89,1,CHG0DC4R2VNM,aggressor,0.3,2026-09-16T17:09:42.658917165Z,0,0.01,0,1,ORDER_STATE_FILLED,UNSOLICITED_CXL_REASON_UNDEFINED,ORD_REJECT_REASON_EXCHANGE_OPTION,,
1789578582.7,2026-09-16T17:09:42.741259023Z,ACTIVITY_TYPE_TRADE,aachc-cfb-wins-2026-11-28-ore-7pt5wins,SELL,ORDER_INTENT_SELL_LONG,0.7,0.9,CHG0GFDYMVNR,aggressor,0.3,2026-09-16T17:09:42.739500685Z,0,0.01,0,1,ORDER_STATE_FILLED,UNSOLICITED_CXL_REASON_UNDEFINED,ORD_REJECT_REASON_EXCHANGE_OPTION,,
1789578582.7,2026-09-16T17:09:42.741259023Z,ACTIVITY_TYPE_TRADE,aachc-cfb-wins-2026-11-28-ore-7pt5wins,SELL,ORDER_INTENT_SELL_LONG,0.7,0.1,CHG0GFDYMVNR,aggressor,0.03,2026-09-16T17:09:42.739500685Z,0,0,0,1,ORDER_STATE_PARTIALLY_FILLED,UNSOLICITED_CXL_REASON_UNDEFINED,ORD_REJECT_REASON_EXCHANGE_OPTION,,
1789578582.8,2026-09-16T17:09:42.843998799Z,ACTIVITY_TYPE_TRADE,aachc-cfb-wins-2026-11-28-kan-5pt5wins,BUY,ORDER_INTENT_SELL_SHORT,0.42,0.39,CHG0H627JVNJ,aggressor,-0.15,2026-09-16T17:09:42.838239228Z,0,0,0,1,ORDER_STATE_FILLED,UNSOLICITED_CXL_REASON_UNDEFINED,ORD_REJECT_REASON_EXCHANGE_OPTION,,
1789578582.8,2026-09-16T17:09:42.843998799Z,ACTIVITY_TYPE_TRADE,aachc-cfb-wins-2026-11-28-kan-5pt5wins,BUY,ORDER_INTENT_SELL_SHORT,0.42,0.51,CHG0H627JVNJ,aggressor,-0.2,2026-09-16T17:09:42.838239228Z,0,0.01,0,1,ORDER_STATE_PARTIALLY_FILLED,UNSOLICITED_CXL_REASON_UNDEFINED,ORD_REJECT_REASON_EXCHANGE_OPTION,,
1789578582.8,2026-09-16T17:09:42.843998799Z,ACTIVITY_TYPE_TRADE,aachc-cfb-wins-2026-11-28-kan-5pt5wins,BUY,ORDER_INTENT_SELL_SHORT,0.42,0.1,CHG0H627JVNJ,aggressor,-0.04,2026-09-16T17:09:42.838239228Z,0,0,0,1,ORDER_STATE_PARTIALLY_FILLED,UNSOLICITED_CXL_REASON_UNDEFINED,ORD_REJECT_REASON_EXCHANGE_OPTION,,
1789578582.9,2026-09-16T17:09:42.919090606Z,ACTIVITY_TYPE_TRADE,aachc-cfb-wins-2026-11-28-vir-5pt5wins,BUY,ORDER_INTENT_SELL_SHORT,0.94,1,CHG0J9BYRVNP,aggressor,0.3,2026-09-16T17:09:42.917898826Z,0,0,0,1,ORDER_STATE_FILLED,UNSOLICITED_CXL_REASON_UNDEFINED,ORD_REJECT_REASON_EXCHANGE_OPTION,,
1789578583.0,2026-09-16T17:09:43.044510112Z,ACTIVITY_TYPE_TRADE,aachc-cfb-wins-2026-11-28-washst-4pt5wins,BUY,ORDER_INTENT_SELL_SHORT,0.46,2,CHG0P4MJRVNG,aggressor,0.31,2026-09-16T17:09:43.042468330Z,0,0.03,0,1,ORDER_STATE_FILLED,UNSOLICITED_CXL_REASON_UNDEFINED,ORD_REJECT_REASON_EXCHANGE_OPTION,,
1789578583.5,2026-09-16T17:09:43.549277294Z,ACTIVITY_TYPE_TRADE,aachc-cfb-wins-2026-11-28-aubrn-8pt5wins,SELL,ORDER_INTENT_SELL_LONG,0.15,1,CHG0H62YEVNJ,aggressor,-0.06,2026-09-16T17:09:43.545778437Z,0,0.01,0,1,ORDER_STATE_FILLED,UNSOLICITED_CXL_REASON_UNDEFINED,ORD_REJECT_REASON_EXCHANGE_OPTION,,
1789578583.6,2026-09-16T17:09:43.633332458Z,ACTIVITY_TYPE_TRADE,aachc-cfb-wins-2026-11-28-pennst-9pt5wins,BUY,ORDER_INTENT_SELL_SHORT,0.56,1,CHG0J9CVRVNP,aggressor,-0.16,2026-09-16T17:09:43.631298336Z,0,0.01,0,1,ORDER_STATE_FILLED,UNSOLICITED_CXL_REASON_UNDEFINED,ORD_REJECT_REASON_EXCHANGE_OPTION,,
1789578638.0,2026-09-16T17:10:37.954655294Z,ACTIVITY_TYPE_TRADE,aachc-cfb-wins-2026-11-28-frest-8pt5wins,SELL,ORDER_INTENT_SELL_LONG,0.01,2,CHG10GGNRVNM,aggressor,-0.87,2026-09-16T17:10:37.953218095Z,0,0,0,1,ORDER_STATE_FILLED,UNSOLICITED_CXL_REASON_UNDEFINED,ORD_REJECT_REASON_EXCHANGE_OPTION,,
1789578638.0,2026-09-16T17:10:38.028419093Z,ACTIVITY_TYPE_TRADE,aachc-cfb-wins-2026-11-28-bayl-7pt5wins,SELL,ORDER_INTENT_SELL_LONG,0.2,4,CHG12SFNAVNN,aggressor,-0.44,2026-09-16T17:10:38.026605605Z,0,0.04,0,1,ORDER_STATE_FILLED,UNSOLICITED_CXL_REASON_UNDEFINED,ORD_REJECT_REASON_EXCHANGE_OPTION,,
1789578639.0,2026-09-16T17:10:38.986617321Z,ACTIVITY_TYPE_TRADE,aachc-cfb-wins-2026-11-28-sc-6pt5wins,SELL,ORDER_INTENT_SELL_LONG,0.5,0.01,CHG13G95CVNJ,aggressor,0.01,2026-09-16T17:10:38.984651072Z,0,0,0,1,ORDER_STATE_FILLED,UNSOLICITED_CXL_REASON_UNDEFINED,ORD_REJECT_REASON_EXCHANGE_OPTION,,
1789578639.5,2026-09-16T17:10:39.497184886Z,ACTIVITY_TYPE_TRADE,aachc-cfb-wins-2026-11-28-iowast-3pt5wins,SELL,ORDER_INTENT_SELL_LONG,0.83,1,CHG12SH9WVNN,aggressor,0.17,2026-09-16T17:10:39.495999090Z,0,0.01,0,1,ORDER_STATE_FILLED,UNSOLICITED_CXL_REASON_UNDEFINED,ORD_REJECT_REASON_EXCHANGE_OPTION,,
1789578640.3,2026-09-16T17:10:40.320466872Z,ACTIVITY_TYPE_TRADE,aachc-cfb-wins-ou-2026-11-28-utahst,SELL,ORDER_INTENT_SELL_LONG,0.05,1,CHG13JY1JVNA,aggressor,0.02,2026-09-16T17:10:40.319106120Z,0,0,0,1,ORDER_STATE_FILLED,UNSOLICITED_CXL_REASON_UNDEFINED,ORD_REJECT_REASON_EXCHANGE_OPTION,,
1789578640.5,2026-09-16T17:10:40.538575487Z,ACTIVITY_TYPE_TRADE,aachc-cfb-wins-ou-2026-11-28-mary,BUY,ORDER_INTENT_SELL_SHORT,0.5,0.9,CHG10QDEEVNQ,aggressor,-0.07,2026-09-16T17:10:40.537303590Z,0,0.02,0,1,ORDER_STATE_FILLED,UNSOLICITED_CXL_REASON_UNDEFINED,ORD_REJECT_REASON_EXCHANGE_OPTION,,
1789578640.5,2026-09-16T17:10:40.538575487Z,ACTIVITY_TYPE_TRADE,aachc-cfb-wins-ou-2026-11-28-mary,BUY,ORDER_INTENT_SELL_SHORT,0.5,0.1,CHG10QDEEVNQ,aggressor,-0.01,2026-09-16T17:10:40.537303590Z,0,0,0,1,ORDER_STATE_PARTIALLY_FILLED,UNSOLICITED_CXL_REASON_UNDEFINED,ORD_REJECT_REASON_EXCHANGE_OPTION,,
1789578640.7,2026-09-16T17:10:40.681752616Z,ACTIVITY_TYPE_TRADE,aachc-cfb-wins-2026-11-28-mst-6pt5wins,SELL,ORDER_INTENT_SELL_LONG,0.2,1,CHG18D9YJVNK,aggressor,-0.14,2026-09-16T17:10:40.679216125Z,0,0.01,0,1,ORDER_STATE_FILLED,UNSOLICITED_CXL_REASON_UNDEFINED,ORD_REJECT_REASON_EXCHANGE_OPTION,,
1789578641.1,2026-09-16T17:10:41.085151231Z,ACTIVITY_TYPE_TRADE,aachc-cfb-wins-2026-11-28-col-2pt5wins,SELL,ORDER_INTENT_SELL_LONG,0.95,0.01,CHG1808JJVNG,aggressor,0.01,2026-09-16T17:10:41.083545006Z,0,0,0,1,ORDER_STATE_FILLED,UNSOLICITED_CXL_REASON_UNDEFINED,ORD_REJECT_REASON_EXCHANGE_OPTION,,
1789578641.6,2026-09-16T17:10:41.630983522Z,ACTIVITY_TYPE_TRADE,aachc-cfb-wins-2026-11-28-ill-7pt5wins,SELL,ORDER_INTENT_SELL_LONG,0.24,1,CHG18DB8MVNK,aggressor,-0.3,2026-09-16T17:10:41.629437969Z,0,0.01,0,1,ORDER_STATE_FILLED,UNSOLICITED_CXL_REASON_UNDEFINED,ORD_REJECT_REASON_EXCHANGE_OPTION,,
1789578641.8,2026-09-16T17:10:41.846699581Z,ACTIVITY_TYPE_TRADE,aachc-cfb-wins-2026-11-28-arz-5pt5wins,SELL,ORDER_INTENT_SELL_LONG,0.82,0.5,CHG10GMNAVNM,aggressor,0.21,2026-09-16T17:10:41.844694227Z,0,0,0,1,ORDER_STATE_FILLED,UNSOLICITED_CXL_REASON_UNDEFINED,ORD_REJECT_REASON_EXCHANGE_OPTION,,
1789578643.0,2026-09-16T17:10:43.015870641Z,ACTIVITY_TYPE_TRADE,tec-nfl-coty-2027-02-11-w-mikmcc,SELL,ORDER_INTENT_SELL_LONG,0.02,0.01,CHG188CCGVNN,aggressor,0,2026-09-16T17:10:43.014429382Z,0,0,0,1,ORDER_STATE_FILLED,UNSOLICITED_CXL_REASON_UNDEFINED,ORD_REJECT_REASON_EXCHANGE_OPTION,,
1789578643.1,2026-09-16T17:10:43.054808928Z,ACTIVITY_TYPE_TRADE,ftsc-nfl-qbmostfp-2027-01-10-dramay,SELL,ORDER_INTENT_SELL_LONG,0.04,2,CHG180A9PVNG,aggressor,-0.41,2026-09-16T17:10:43.052857631Z,0,0,0,1,ORDER_STATE_FILLED,UNSOLICITED_CXL_REASON_UNDEFINED,ORD_REJECT_REASON_EXCHANGE_OPTION,,
1789578667.6,2026-09-16T17:11:07.550173404Z,ACTIVITY_TYPE_TRADE,ftsc-nfl-flexmostfp-2027-01-10-camska,SELL,ORDER_INTENT_SELL_LONG,0.01,1,CHG1D0ACTVNG,aggressor,-0.02,2026-09-16T17:11:07.547586566Z,0,0,0,1,ORDER_STATE_FILLED,UNSOLICITED_CXL_REASON_UNDEFINED,ORD_REJECT_REASON_EXCHANGE_OPTION,,
1789578667.9,2026-09-16T17:11:07.858860708Z,ACTIVITY_TYPE_TRADE,ftsc-nfl-flexmostfp-2027-01-10-ashjea,SELL,ORDER_INTENT_SELL_LONG,0.01,1,CHG1BPQWTVNM,aggressor,-0.09,2026-09-16T17:11:07.857044121Z,0,0,0,1,ORDER_STATE_FILLED,UNSOLICITED_CXL_REASON_UNDEFINED,ORD_REJECT_REASON_EXCHANGE_OPTION,,
1789578668.2,2026-09-16T17:11:08.167913230Z,ACTIVITY_TYPE_TRADE,ftsc-nfl-dstmostfp-2027-01-10-jax,SELL,ORDER_INTENT_SELL_LONG,0.01,1,CHG19VDVGVNP,aggressor,-0.18,2026-09-16T17:11:08.165586197Z,0,0,0,1,ORDER_STATE_FILLED,UNSOLICITED_CXL_REASON_UNDEFINED,ORD_REJECT_REASON_EXCHANGE_OPTION,,
1789578668.5,2026-09-16T17:11:08.501003110Z,ACTIVITY_TYPE_TRADE,ftsc-nfl-kmostfp-2027-01-10-jassan,SELL,ORDER_INTENT_SELL_LONG,0.01,1,CHG1E83RGVNJ,aggressor,-0.13,2026-09-16T17:11:08.499090368Z,0,0,0,1,ORDER_STATE_FILLED,UNSOLICITED_CXL_REASON_UNDEFINED,ORD_REJECT_REASON_EXCHANGE_OPTION,,
1789578669.0,2026-09-16T17:11:09.031271976Z,ACTIVITY_TYPE_TRADE,ftsc-nfl-flexmostfp-2027-01-10-abro,SELL,ORDER_INTENT_SELL_LONG,0.02,0.98,CHG1D0BKCVNG,aggressor,-0.09,2026-09-16T17:11:09.029158485Z,0,0,0,1,ORDER_STATE_FILLED,UNSOLICITED_CXL_REASON_UNDEFINED,ORD_REJECT_REASON_EXCHANGE_OPTION,,
1789578669.0,2026-09-16T17:11:09.031271976Z,ACTIVITY_TYPE_TRADE,ftsc-nfl-flexmostfp-2027-01-10-abro,SELL,ORDER_INTENT_SELL_LONG,0.02,0.02,CHG1D0BKCVNG,aggressor,-0,2026-09-16T17:11:09.029158485Z,0,0,0,1,ORDER_STATE_PARTIALLY_FILLED,UNSOLICITED_CXL_REASON_UNDEFINED,ORD_REJECT_REASON_EXCHANGE_OPTION,,
1789579746.8,2026-09-16T17:29:06.755151396Z,ACTIVITY_TYPE_TRADE,aachc-cfb-wins-2026-11-28-pennst-9pt5wins,BUY,ORDER_INTENT_BUY_LONG,0.55,1,CH4XTE3PYVNP,passive,0.27,2026-09-16T04:19:39.467630887Z,13.158,0,0,1,ORDER_STATE_PARTIALLY_FILLED,UNSOLICITED_CXL_REASON_UNDEFINED,ORD_REJECT_REASON_EXCHANGE_OPTION,,
1789580430.8,2026-09-16T17:40:30.829216681Z,ACTIVITY_TYPE_TRADE,aachc-cfb-wins-2026-11-28-vir-5pt5wins,SELL,ORDER_INTENT_SELL_LONG,0.93,1,CHGEYMNTRVNM,aggressor,0.35,2026-09-16T17:40:30.827532984Z,0,0,0,1,ORDER_STATE_FILLED,UNSOLICITED_CXL_REASON_UNDEFINED,ORD_REJECT_REASON_EXCHANGE_OPTION,,
1789581846.4,2026-09-16T18:04:06.409095260Z,ACTIVITY_TYPE_TRADE,paccc-usho-midterms-2026-11-03-rep,SELL,ORDER_INTENT_SELL_LONG,0.148,321,CHFSSHK0JVNG,passive,-43.51,2026-09-16T16:54:47.296201980Z,1.155,-0.51,0,1,ORDER_STATE_PARTIALLY_FILLED,UNSOLICITED_CXL_REASON_UNDEFINED,ORD_REJECT_REASON_EXCHANGE_OPTION,,
1789582179.5,2026-09-16T18:09:39.472559645Z,ACTIVITY_TYPE_TRADE,paccc-usho-midterms-2026-11-03-rep,SELL,ORDER_INTENT_SELL_LONG,0.148,129,CHFSSHK0JVNG,passive,-17.49,2026-09-16T16:54:47.296201980Z,1.248,-0.2,0,1,ORDER_STATE_PARTIALLY_FILLED,UNSOLICITED_CXL_REASON_UNDEFINED,ORD_REJECT_REASON_EXCHANGE_OPTION,,
1789582464.3,2026-09-16T18:14:24.269820231Z,ACTIVITY_TYPE_POSITION_RESOLUTION,rdc-usfed-fomc-2026-09-16-hike25,,,,,,,,,,,,,,,,,keys=afterPosition|beforePosition|comboLegDetails|market|marketSlug|side|tradeId|updateTime
1789582895.5,2026-09-16T18:21:35.525045116Z,ACTIVITY_TYPE_TRADE,ussewc-usse-sc-2026-11-03-dem,SELL,ORDER_INTENT_BUY_SHORT,0.14,10,CHFPY5N04VNR,passive,,2026-09-16T16:48:28.655445735Z,1.552,-0.02,0,1,ORDER_STATE_FILLED,UNSOLICITED_CXL_REASON_UNDEFINED,ORD_REJECT_REASON_EXCHANGE_OPTION,,
1789583079.0,2026-09-16T18:24:39.028466033Z,ACTIVITY_TYPE_TRADE,aachc-cfb-wins-2026-11-28-washst-5pt5wins,BUY,ORDER_INTENT_BUY_LONG,0.38,0.37,CHGNTEGREVNR,passive,,2026-09-16T17:55:42.905399455Z,0.482,0,0,1,ORDER_STATE_PARTIALLY_FILLED,UNSOLICITED_CXL_REASON_UNDEFINED,ORD_REJECT_REASON_EXCHANGE_OPTION,,
1789583496.0,2026-09-16T18:31:36.017670067Z,ACTIVITY_TYPE_TRADE,aachc-cfb-wins-2026-11-28-washst-5pt5wins,BUY,ORDER_INTENT_BUY_LONG,0.38,0.1,CHGNTEGREVNR,passive,,2026-09-16T17:55:42.905399455Z,0.598,0,0,1,ORDER_STATE_PARTIALLY_FILLED,UNSOLICITED_CXL_REASON_UNDEFINED,ORD_REJECT_REASON_EXCHANGE_OPTION,,
1789585116.9,2026-09-16T18:58:36.906669819Z,ACTIVITY_TYPE_TRADE,paccc-balpow-2026-11-03-dsweep,SELL,ORDER_INTENT_SELL_LONG,0.53,32,CHF2R4HCTVNK,passive,-1.47,2026-09-16T16:05:23.211914231Z,2.887,-0.1,0,1,ORDER_STATE_FILLED,UNSOLICITED_CXL_REASON_UNDEFINED,ORD_REJECT_REASON_EXCHANGE_OPTION,,
1789585502.2,2026-09-16T19:05:02.182593938Z,ACTIVITY_TYPE_TRADE,aachc-cfb-wins-2026-11-28-col-2pt5wins,BUY,ORDER_INTENT_BUY_LONG,0.93,0.1,CHH7745ZRVNK,passive,,2026-09-16T18:34:17.860968983Z,0.512,0,0,1,ORDER_STATE_PARTIALLY_FILLED,UNSOLICITED_CXL_REASON_UNDEFINED,ORD_REJECT_REASON_EXCHANGE_OPTION,,
1789585639.3,2026-09-16T19:07:19.319631697Z,ACTIVITY_TYPE_TRADE,ussewc-usse-nj-2026-11-03-dem,SELL,ORDER_INTENT_SELL_LONG,0.96,0.01,CHEV78370VNJ,passive,-0,2026-09-16T15:48:11.567401850Z,3.319,0,0,1,ORDER_STATE_PARTIALLY_FILLED,UNSOLICITED_CXL_REASON_UNDEFINED,ORD_REJECT_REASON_EXCHANGE_OPTION,,
1789586093.8,2026-09-16T19:14:53.797889631Z,ACTIVITY_TYPE_TRADE,usgubewc-usgub-ma-2026-11-03-rep,SELL,ORDER_INTENT_BUY_SHORT,0.05,2,CHH6W1YSWVNA,passive,,2026-09-16T18:33:21.917387524Z,0.692,0,0,1,ORDER_STATE_FILLED,UNSOLICITED_CXL_REASON_UNDEFINED,ORD_REJECT_REASON_EXCHANGE_OPTION,,
1789586441.0,2026-09-16T19:20:40.984236351Z,ACTIVITY_TYPE_TRADE,ussewc-usse-fl-2026-11-03-dem,BUY,ORDER_INTENT_BUY_LONG,0.09,20,CG36N3GCMVB3,passive,,2026-09-14T13:02:03.544360147Z,54.31,-0.02,0,1,ORDER_STATE_FILLED,UNSOLICITED_CXL_REASON_UNDEFINED,ORD_REJECT_REASON_EXCHANGE_OPTION,,
1789589535.8,2026-09-16T20:12:15.772917592Z,ACTIVITY_TYPE_TRADE,ussewc-usse-ri-2026-11-03-dem,BUY,ORDER_INTENT_BUY_LONG,0.98,20,CHHVHV90JVNQ,passive,,2026-09-16T19:17:50.933202910Z,0.907,0,0,1,ORDER_STATE_FILLED,UNSOLICITED_CXL_REASON_UNDEFINED,ORD_REJECT_REASON_EXCHANGE_OPTION,,
1789591372.1,2026-09-16T20:42:52.058698031Z,ACTIVITY_TYPE_TRADE,paccc-usse-midterms-2026-11-03-dem,BUY,ORDER_INTENT_SELL_SHORT,0.58,156,CHGSXZ6H8VNP,passive,-401,2026-09-16T18:04:21.841387284Z,2.642,-0.48,0,1,ORDER_STATE_PARTIALLY_FILLED,UNSOLICITED_CXL_REASON_UNDEFINED,ORD_REJECT_REASON_EXCHANGE_OPTION,,
1789591595.2,2026-09-16T20:46:35.198989307Z,ACTIVITY_TYPE_TRADE,ussewc-usse-ar-2026-11-03-dem,SELL,ORDER_INTENT_BUY_SHORT,0.06,10,CHK3Q43SYVNJ,passive,,2026-09-16T20:46:32.236122166Z,0.001,-0.01,0,1,ORDER_STATE_FILLED,UNSOLICITED_CXL_REASON_UNDEFINED,ORD_REJECT_REASON_EXCHANGE_OPTION,,
1789591624.9,2026-09-16T20:47:04.884014049Z,ACTIVITY_TYPE_TRADE,paccc-usse-midterms-2026-11-03-dem,SELL,ORDER_INTENT_SELL_LONG,0.581,5,CHFPX71HJVNH,passive,-17.84,2026-09-16T16:48:08.004215137Z,3.982,-0.02,0,1,ORDER_STATE_FILLED,UNSOLICITED_CXL_REASON_UNDEFINED,ORD_REJECT_REASON_EXCHANGE_OPTION,,
1789592001.8,2026-09-16T20:53:21.826930705Z,ACTIVITY_TYPE_TRADE,scc-senate-gop-2026-11-03-lte45,BUY,ORDER_INTENT_BUY_LONG,0.11,5,CHK6RKTN2VNA,passive,,2026-09-16T20:53:05.453263106Z,0.005,-0.01,0,1,ORDER_STATE_PARTIALLY_FILLED,UNSOLICITED_CXL_REASON_UNDEFINED,ORD_REJECT_REASON_EXCHANGE_OPTION,,
1789592002.4,2026-09-16T20:53:22.353857111Z,ACTIVITY_TYPE_TRADE,scc-senate-gop-2026-11-03-lte45,BUY,ORDER_INTENT_BUY_LONG,0.11,20,CHK6RKTN2VNA,passive,,2026-09-16T20:53:05.453263106Z,0.005,-0.02,0,1,ORDER_STATE_PARTIALLY_FILLED,UNSOLICITED_CXL_REASON_UNDEFINED,ORD_REJECT_REASON_EXCHANGE_OPTION,,
1789592002.9,2026-09-16T20:53:22.891697212Z,ACTIVITY_TYPE_TRADE,scc-senate-gop-2026-11-03-lte45,BUY,ORDER_INTENT_BUY_LONG,0.11,20,CHK6RKTN2VNA,passive,,2026-09-16T20:53:05.453263106Z,0.005,-0.02,0,1,ORDER_STATE_PARTIALLY_FILLED,UNSOLICITED_CXL_REASON_UNDEFINED,ORD_REJECT_REASON_EXCHANGE_OPTION,,
1789592004.1,2026-09-16T20:53:24.126285087Z,ACTIVITY_TYPE_TRADE,scc-senate-gop-2026-11-03-lte45,BUY,ORDER_INTENT_BUY_LONG,0.11,20,CHK6RKTN2VNA,passive,,2026-09-16T20:53:05.453263106Z,0.005,-0.02,0,1,ORDER_STATE_PARTIALLY_FILLED,UNSOLICITED_CXL_REASON_UNDEFINED,ORD_REJECT_REASON_EXCHANGE_OPTION,,
1789592004.6,2026-09-16T20:53:24.614654598Z,ACTIVITY_TYPE_TRADE,scc-senate-gop-2026-11-03-lte45,BUY,ORDER_INTENT_BUY_LONG,0.11,13,CHK6RKTN2VNA,passive,,2026-09-16T20:53:05.453263106Z,0.005,-0.02,0,1,ORDER_STATE_FILLED,UNSOLICITED_CXL_REASON_UNDEFINED,ORD_REJECT_REASON_EXCHANGE_OPTION,,
1789592880.2,2026-09-16T21:08:00.193818353Z,ACTIVITY_TYPE_TRADE,ussewc-usse-ri-2026-11-03-dem,SELL,ORDER_INTENT_SELL_LONG,0.99,20,CHJXZYATGVNA,passive,10.73,2026-09-16T20:33:22.867573537Z,0.577,0,0,1,ORDER_STATE_FILLED,UNSOLICITED_CXL_REASON_UNDEFINED,ORD_REJECT_REASON_EXCHANGE_OPTION,,
1789593355.8,2026-09-16T21:15:55.815967472Z,ACTIVITY_TYPE_TRADE,scc-senate-gop-2026-11-03-lte45,SELL,ORDER_INTENT_BUY_SHORT,0.09,93,CHK90CTTJVNG,passive,,2026-09-16T20:58:34.845952230Z,0.289,-0.1,0,1,ORDER_STATE_FILLED,UNSOLICITED_CXL_REASON_UNDEFINED,ORD_REJECT_REASON_EXCHANGE_OPTION,,
1789593360.0,2026-09-16T21:16:00.005938471Z,ACTIVITY_TYPE_TRADE,scc-senate-gop-2026-11-03-lte45,BUY,ORDER_INTENT_BUY_LONG,0.1,18,CHKGQTA0MVNH,passive,,2026-09-16T21:15:59.959998770Z,0,-0.02,0,1,ORDER_STATE_PARTIALLY_FILLED,UNSOLICITED_CXL_REASON_UNDEFINED,ORD_REJECT_REASON_EXCHANGE_OPTION,,
1789593361.2,2026-09-16T21:16:01.240982922Z,ACTIVITY_TYPE_TRADE,scc-senate-gop-2026-11-03-lte45,BUY,ORDER_INTENT_BUY_LONG,0.1,20,CHKGQTA0MVNH,passive,,2026-09-16T21:15:59.959998770Z,0,-0.02,0,1,ORDER_STATE_PARTIALLY_FILLED,UNSOLICITED_CXL_REASON_UNDEFINED,ORD_REJECT_REASON_EXCHANGE_OPTION,,
1789593361.9,2026-09-16T21:16:01.882211642Z,ACTIVITY_TYPE_TRADE,scc-senate-gop-2026-11-03-lte45,BUY,ORDER_INTENT_BUY_LONG,0.1,20,CHKGQTA0MVNH,passive,,2026-09-16T21:15:59.959998770Z,0.001,-0.02,0,1,ORDER_STATE_PARTIALLY_FILLED,UNSOLICITED_CXL_REASON_UNDEFINED,ORD_REJECT_REASON_EXCHANGE_OPTION,,
1789593362.5,2026-09-16T21:16:02.495019042Z,ACTIVITY_TYPE_TRADE,scc-senate-gop-2026-11-03-lte45,BUY,ORDER_INTENT_BUY_LONG,0.1,20,CHKGQTA0MVNH,passive,,2026-09-16T21:15:59.959998770Z,0.001,-0.02,0,1,ORDER_STATE_PARTIALLY_FILLED,UNSOLICITED_CXL_REASON_UNDEFINED,ORD_REJECT_REASON_EXCHANGE_OPTION,,
1789593365.5,2026-09-16T21:16:05.522607509Z,ACTIVITY_TYPE_TRADE,scc-senate-gop-2026-11-03-lte45,BUY,ORDER_INTENT_BUY_LONG,0.1,20,CHKGQTA0MVNH,passive,,2026-09-16T21:15:59.959998770Z,0.002,-0.02,0,1,ORDER_STATE_PARTIALLY_FILLED,UNSOLICITED_CXL_REASON_UNDEFINED,ORD_REJECT_REASON_EXCHANGE_OPTION,,
1789593366.1,2026-09-16T21:16:06.079332778Z,ACTIVITY_TYPE_TRADE,scc-senate-gop-2026-11-03-lte45,BUY,ORDER_INTENT_BUY_LONG,0.1,20,CHKGQTA0MVNH,passive,,2026-09-16T21:15:59.959998770Z,0.002,-0.02,0,1,ORDER_STATE_PARTIALLY_FILLED,UNSOLICITED_CXL_REASON_UNDEFINED,ORD_REJECT_REASON_EXCHANGE_OPTION,,
1789593366.6,2026-09-16T21:16:06.633997386Z,ACTIVITY_TYPE_TRADE,scc-senate-gop-2026-11-03-lte45,BUY,ORDER_INTENT_BUY_LONG,0.1,10,CHKGQTA0MVNH,passive,,2026-09-16T21:15:59.959998770Z,0.002,-0.01,0,1,ORDER_STATE_FILLED,UNSOLICITED_CXL_REASON_UNDEFINED,ORD_REJECT_REASON_EXCHANGE_OPTION,,
1789593409.0,2026-09-16T21:16:48.954805026Z,ACTIVITY_TYPE_TRADE,ussewc-usse-ky-2026-11-03-rep,SELL,ORDER_INTENT_SELL_LONG,0.99,15,CGYFWWXR0VNN,passive,-151.86,2026-09-15T20:52:47.673076656Z,24.4,0,0,1,ORDER_STATE_FILLED,UNSOLICITED_CXL_REASON_UNDEFINED,ORD_REJECT_REASON_EXCHANGE_OPTION,,
1789594702.9,2026-09-16T21:38:22.883344566Z,ACTIVITY_TYPE_TRADE,paccc-usho-midterms-2026-11-03-rep,BUY,ORDER_INTENT_BUY_LONG,0.147,50,CHKQYJ3Y8VNQ,passive,-7.29,2026-09-16T21:32:39.093043477Z,0.095,-0.08,0,1,ORDER_STATE_FILLED,UNSOLICITED_CXL_REASON_UNDEFINED,ORD_REJECT_REASON_EXCHANGE_OPTION,,
1789594702.9,2026-09-16T21:38:22.883344566Z,ACTIVITY_TYPE_TRADE,paccc-usho-midterms-2026-11-03-rep,BUY,ORDER_INTENT_BUY_LONG,0.147,6,CHKHSA876VNM,passive,-0.87,2026-09-16T21:18:27.631043547Z,0.332,-0.01,0,1,ORDER_STATE_FILLED,UNSOLICITED_CXL_REASON_UNDEFINED,ORD_REJECT_REASON_EXCHANGE_OPTION,,
1789594702.9,2026-09-16T21:38:22.883344566Z,ACTIVITY_TYPE_TRADE,paccc-usho-midterms-2026-11-03-rep,SELL,ORDER_INTENT_SELL_LONG,0.147,1,CHKTN70CJVNJ,aggressor,-0.15,2026-09-16T21:38:22.881593368Z,0,0.01,0,1,ORDER_STATE_PARTIALLY_FILLED,UNSOLICITED_CXL_REASON_UNDEFINED,ORD_REJECT_REASON_EXCHANGE_OPTION,,
1789594702.9,2026-09-16T21:38:22.883344566Z,ACTIVITY_TYPE_TRADE,paccc-usho-midterms-2026-11-03-rep,BUY,ORDER_INTENT_BUY_LONG,0.147,1,CHKH030E2VNQ,passive,-0.15,2026-09-16T21:16:22.585363602Z,0.367,0,0,1,ORDER_STATE_FILLED,UNSOLICITED_CXL_REASON_UNDEFINED,ORD_REJECT_REASON_EXCHANGE_OPTION,,
1789594702.9,2026-09-16T21:38:22.883344566Z,ACTIVITY_TYPE_TRADE,paccc-usho-midterms-2026-11-03-rep,BUY,ORDER_INTENT_BUY_LONG,0.147,8,CHJ0SWFQCVNN,passive,-1.16,2026-09-16T19:29:58.807151584Z,2.14,-0.01,0,1,ORDER_STATE_FILLED,UNSOLICITED_CXL_REASON_UNDEFINED,ORD_REJECT_REASON_EXCHANGE_OPTION,,
1789594702.9,2026-09-16T21:38:22.883344566Z,ACTIVITY_TYPE_TRADE,paccc-usho-midterms-2026-11-03-rep,BUY,ORDER_INTENT_BUY_LONG,0.147,11,CHH8H5RXYVNJ,passive,-1.6,2026-09-16T18:37:45.106400167Z,3.01,-0.02,0,1,ORDER_STATE_FILLED,UNSOLICITED_CXL_REASON_UNDEFINED,ORD_REJECT_REASON_EXCHANGE_OPTION,,
1789594763.7,2026-09-16T21:39:23.661725879Z,ACTIVITY_TYPE_TRADE,ewc-usgub-ia-2026-11-03-rep,SELL,ORDER_INTENT_SELL_LONG,0.27,19,CG5P00KZCVBA,passive,-19.64,2026-09-14T15:54:22.243433960Z,53.75,-0.05,0,1,ORDER_STATE_FILLED,UNSOLICITED_CXL_REASON_UNDEFINED,ORD_REJECT_REASON_EXCHANGE_OPTION,,
1789595293.5,2026-09-16T21:48:13.473432330Z,ACTIVITY_TYPE_TRADE,paccc-usho-midterms-2026-11-03-dem,SELL,ORDER_INTENT_BUY_SHORT,0.854,660,CHKW6539EVNG,passive,,2026-09-16T21:41:59.912414274Z,0.104,-1.03,0,1,ORDER_STATE_FILLED,UNSOLICITED_CXL_REASON_UNDEFINED,ORD_REJECT_REASON_EXCHANGE_OPTION,,
1789595730.4,2026-09-16T21:55:30.437252044Z,ACTIVITY_TYPE_TRADE,ewc-usse-tx-2026-11-03-rep,SELL,ORDER_INTENT_SELL_LONG,0.45,73,CHC48Y2CEVNR,passive,-21.38,2026-09-16T12:40:50.150166596Z,9.245,-0.23,0,1,ORDER_STATE_FILLED,UNSOLICITED_CXL_REASON_UNDEFINED,ORD_REJECT_REASON_EXCHANGE_OPTION,,
1789596521.4,2026-09-16T22:08:41.375017792Z,ACTIVITY_TYPE_TRADE,paccc-usho-midterms-2026-11-03-dem,SELL,ORDER_INTENT_BUY_SHORT,0.859,32,CHM31KRSMVNQ,passive,,2026-09-16T21:58:17.657412552Z,0.173,-0.05,0,1,ORDER_STATE_PARTIALLY_FILLED,UNSOLICITED_CXL_REASON_UNDEFINED,ORD_REJECT_REASON_EXCHANGE_OPTION,,
1789596670.8,2026-09-16T22:11:10.837202183Z,ACTIVITY_TYPE_TRADE,paccc-usho-midterms-2026-11-03-dem,SELL,ORDER_INTENT_BUY_SHORT,0.859,66,CHM31KRSMVNQ,passive,,2026-09-16T21:58:17.657412552Z,0.215,-0.1,0,1,ORDER_STATE_PARTIALLY_FILLED,UNSOLICITED_CXL_REASON_UNDEFINED,ORD_REJECT_REASON_EXCHANGE_OPTION,,
1789596725.1,2026-09-16T22:12:05.107685468Z,ACTIVITY_TYPE_TRADE,paccc-usho-midterms-2026-11-03-dem,SELL,ORDER_INTENT_BUY_SHORT,0.859,66,CHM31KRSMVNQ,passive,,2026-09-16T21:58:17.657412552Z,0.23,-0.1,0,1,ORDER_STATE_PARTIALLY_FILLED,UNSOLICITED_CXL_REASON_UNDEFINED,ORD_REJECT_REASON_EXCHANGE_OPTION,,
1789596855.8,2026-09-16T22:14:15.761814167Z,ACTIVITY_TYPE_TRADE,usgubewc-usgub-or-2026-11-03-dem,BUY,ORDER_INTENT_BUY_LONG,0.84,9.59,CHD96MQY0VNA,passive,,2026-09-16T14:00:57.014637610Z,8.222,-0.02,0,1,ORDER_STATE_PARTIALLY_FILLED,UNSOLICITED_CXL_REASON_UNDEFINED,ORD_REJECT_REASON_EXCHANGE_OPTION,,
1789596982.5,2026-09-16T22:16:22.505827278Z,ACTIVITY_TYPE_TRADE,usgubewc-usgub-or-2026-11-03-dem,BUY,ORDER_INTENT_BUY_LONG,0.84,0.41,CHD96MQY0VNA,passive,,2026-09-16T14:00:57.014637610Z,8.257,0,0,1,ORDER_STATE_FILLED,UNSOLICITED_CXL_REASON_UNDEFINED,ORD_REJECT_REASON_EXCHANGE_OPTION,,
1789596985.4,2026-09-16T22:16:25.366295683Z,ACTIVITY_TYPE_TRADE,paccc-usho-midterms-2026-11-03-dem,SELL,ORDER_INTENT_BUY_SHORT,0.859,518,CHMAS3DR2VNP,passive,,2026-09-16T22:14:30.375842815Z,0.032,-0.78,0,1,ORDER_STATE_FILLED,UNSOLICITED_CXL_REASON_UNDEFINED,ORD_REJECT_REASON_EXCHANGE_OPTION,,
1789597375.7,2026-09-16T22:22:55.678751256Z,ACTIVITY_TYPE_TRADE,paccc-usho-midterms-2026-11-03-dem,SELL,ORDER_INTENT_BUY_SHORT,0.87,422,CHMEY8XBCVNN,passive,,2026-09-16T22:22:47.668099853Z,0.002,-0.6,0,1,ORDER_STATE_FILLED,UNSOLICITED_CXL_REASON_UNDEFINED,ORD_REJECT_REASON_EXCHANGE_OPTION,,
1789597413.7,2026-09-16T22:23:33.668618129Z,ACTIVITY_TYPE_TRADE,usgubewc-usgub-nm-2026-11-03-rep,SELL,ORDER_INTENT_BUY_SHORT,0.11,20,CHH6XHKGTVNG,passive,,2026-09-16T18:33:21.477879059Z,3.837,-0.02,0,1,ORDER_STATE_FILLED,UNSOLICITED_CXL_REASON_UNDEFINED,ORD_REJECT_REASON_EXCHANGE_OPTION,,
1789597522.4,2026-09-16T22:25:22.417896389Z,ACTIVITY_TYPE_TRADE,aachc-cfb-wins-ou-2026-11-28-utahst,BUY,ORDER_INTENT_SELL_SHORT,0.13,1,CHGEZ7GGJVNQ,passive,-0.84,2026-09-16T17:40:31.062669825Z,4.748,0,0,1,ORDER_STATE_FILLED,UNSOLICITED_CXL_REASON_UNDEFINED,ORD_REJECT_REASON_EXCHANGE_OPTION,,
1789598023.9,2026-09-16T22:33:43.870282468Z,ACTIVITY_TYPE_TRADE,ussewc-usse-fl-2026-11-03-dem,SELL,ORDER_INTENT_SELL_LONG,0.08,20,CHJKMRQXWVNN,passive,-0.58,2026-09-16T20:10:55.293729467Z,2.38,-0.02,0,1,ORDER_STATE_FILLED,UNSOLICITED_CXL_REASON_UNDEFINED,ORD_REJECT_REASON_EXCHANGE_OPTION,,
1789598033.7,2026-09-16T22:33:53.668394436Z,ACTIVITY_TYPE_TRADE,aachc-cfb-wins-2026-11-28-boise-5pt5wins,BUY,ORDER_INTENT_BUY_LONG,0.95,0.5,CHEVFE0YYVNN,passive,,2026-09-16T15:49:07.381430312Z,6.746,0,0,1,ORDER_STATE_FILLED,UNSOLICITED_CXL_REASON_UNDEFINED,ORD_REJECT_REASON_EXCHANGE_OPTION,,
1789598168.9,2026-09-16T22:36:08.890302837Z,ACTIVITY_TYPE_TRADE,ussewc-usse-ar-2026-11-03-dem,BUY,ORDER_INTENT_SELL_SHORT,0.07,1,CHM7YEE0EVNH,passive,-0.84,2026-09-16T22:08:31.987302131Z,0.46,0,0,1,ORDER_STATE_PARTIALLY_FILLED,UNSOLICITED_CXL_REASON_UNDEFINED,ORD_REJECT_REASON_EXCHANGE_OPTION,,
1789598256.1,2026-09-16T22:37:36.143412505Z,ACTIVITY_TYPE_TRADE,ewc-usse-tx-2026-11-03-rep,SELL,ORDER_INTENT_SELL_LONG,0.45,47,CHM8H6VJMVNN,passive,-13.76,2026-09-16T22:10:33.674961772Z,0.451,-0.15,0,1,ORDER_STATE_PARTIALLY_FILLED,UNSOLICITED_CXL_REASON_UNDEFINED,ORD_REJECT_REASON_EXCHANGE_OPTION,,
1789598268.5,2026-09-16T22:37:48.547156126Z,ACTIVITY_TYPE_TRADE,ewc-usse-tx-2026-11-03-rep,SELL,ORDER_INTENT_SELL_LONG,0.45,26,CHM8H6VJMVNN,passive,-7.62,2026-09-16T22:10:33.674961772Z,0.454,-0.08,0,1,ORDER_STATE_FILLED,UNSOLICITED_CXL_REASON_UNDEFINED,ORD_REJECT_REASON_EXCHANGE_OPTION,,
1789598400.2,2026-09-16T22:40:00.178047541Z,ACTIVITY_TYPE_TRADE,usgubewc-usgub-ma-2026-11-03-rep,BUY,ORDER_INTENT_SELL_SHORT,0.09,2,CHMG669FGVNH,passive,0.04,2026-09-16T22:26:08.190570067Z,0.231,0,0,1,ORDER_STATE_FILLED,UNSOLICITED_CXL_REASON_UNDEFINED,ORD_REJECT_REASON_EXCHANGE_OPTION,,
1789598755.2,2026-09-16T22:45:55.241640962Z,ACTIVITY_TYPE_TRADE,aachc-cfb-wins-2026-11-28-pennst-7pt5wins,BUY,ORDER_INTENT_BUY_LONG,0.9,0.01,CHK46DSGPVNQ,passive,,2026-09-16T20:47:26.687605568Z,1.975,0,0,1,ORDER_STATE_PARTIALLY_FILLED,UNSOLICITED_CXL_REASON_UNDEFINED,ORD_REJECT_REASON_EXCHANGE_OPTION,,
1789598864.6,2026-09-16T22:47:44.608331831Z,ACTIVITY_TYPE_TRADE,ussewc-usse-mt-2026-11-03-setbod,SELL,ORDER_INTENT_SELL_LONG,0.11,81.07,CG2XZ9K5EVB8,passive,-3.64,2026-09-14T12:42:39.882432081Z,58.085,-0.1,0,1,ORDER_STATE_FILLED,UNSOLICITED_CXL_REASON_UNDEFINED,ORD_REJECT_REASON_EXCHANGE_OPTION,,
1789598871.4,2026-09-16T22:47:51.449166704Z,ACTIVITY_TYPE_TRADE,aachc-cfb-wins-2026-11-28-boise-5pt5wins,BUY,ORDER_INTENT_BUY_LONG,0.94,0.01,CHMSJJNTWVNN,passive,,2026-09-16T22:45:17.218697894Z,0.043,0,0,1,ORDER_STATE_FILLED,UNSOLICITED_CXL_REASON_UNDEFINED,ORD_REJECT_REASON_EXCHANGE_OPTION,,
1789599003.3,2026-09-16T22:50:03.307889301Z,ACTIVITY_TYPE_TRADE,ussewc-usse-id-2026-11-03-rep,BUY,ORDER_INTENT_BUY_LONG,0.95,2.06,CHMQ963E8VNG,passive,,2026-09-16T22:41:15.140099577Z,0.147,0,0,1,ORDER_STATE_PARTIALLY_FILLED,UNSOLICITED_CXL_REASON_UNDEFINED,ORD_REJECT_REASON_EXCHANGE_OPTION,,
1789599071.3,2026-09-16T22:51:11.346380987Z,ACTIVITY_TYPE_TRADE,ussewc-usse-ar-2026-11-03-dem,BUY,ORDER_INTENT_SELL_SHORT,0.07,9,CHM7YEE0EVNH,passive,-7.54,2026-09-16T22:08:31.987302131Z,0.711,-0.01,0,1,ORDER_STATE_FILLED,UNSOLICITED_CXL_REASON_UNDEFINED,ORD_REJECT_REASON_EXCHANGE_OPTION,,
1789599431.3,2026-09-16T22:57:11.319469923Z,ACTIVITY_TYPE_TRADE,paccc-usse-midterms-2026-11-03-dem,SELL,ORDER_INTENT_SELL_LONG,0.581,161,CHKCPDESTVNM,passive,-574.7,2026-09-16T21:06:29.073918771Z,1.845,-0.49,0,1,ORDER_STATE_FILLED,UNSOLICITED_CXL_REASON_UNDEFINED,ORD_REJECT_REASON_EXCHANGE_OPTION,,
1789599507.8,2026-09-16T22:58:27.792278532Z,ACTIVITY_TYPE_TRADE,ussewc-usse-la-2026-11-03-rep,BUY,ORDER_INTENT_BUY_LONG,0.93,10,CHMQ4FYJAVNN,passive,,2026-09-16T22:41:15.093598915Z,0.287,-0.01,0,1,ORDER_STATE_FILLED,UNSOLICITED_CXL_REASON_UNDEFINED,ORD_REJECT_REASON_EXCHANGE_OPTION,,
1789599904.4,2026-09-16T23:05:04.357688181Z,ACTIVITY_TYPE_TRADE,usgubewc-usgub-il-2026-11-03-dem,SELL,ORDER_INTENT_SELL_LONG,0.93,5,CHN1B7XRMVNA,passive,-2.6,2026-09-16T23:00:35.788689938Z,0.075,0,0,1,ORDER_STATE_FILLED,UNSOLICITED_CXL_REASON_UNDEFINED,ORD_REJECT_REASON_EXCHANGE_OPTION,,
1789600590.4,2026-09-16T23:16:30.440172378Z,ACTIVITY_TYPE_TRADE,paccc-usho-midterms-2026-11-03-rep,SELL,ORDER_INTENT_SELL_LONG,0.142,125,CHM8TWNY8VNJ,passive,-17.7,2026-09-16T22:10:33.454516474Z,1.099,-0.19,0,1,ORDER_STATE_FILLED,UNSOLICITED_CXL_REASON_UNDEFINED,ORD_REJECT_REASON_EXCHANGE_OPTION,,
1789602687.7,2026-09-16T23:51:27.684170291Z,ACTIVITY_TYPE_TRADE,scc-senate-gop-2026-11-03-lte45,BUY,ORDER_INTENT_BUY_LONG,0.1,65,CHNPYZR4JVNG,passive,,2026-09-16T23:46:59.173233434Z,0.075,-0.07,0,1,ORDER_STATE_PARTIALLY_FILLED,UNSOLICITED_CXL_REASON_UNDEFINED,ORD_REJECT_REASON_EXCHANGE_OPTION,,
1789602688.2,2026-09-16T23:51:28.182228340Z,ACTIVITY_TYPE_TRADE,scc-senate-gop-2026-11-03-lte45,BUY,ORDER_INTENT_BUY_LONG,0.1,80,CHNPYZR4JVNG,passive,,2026-09-16T23:46:59.173233434Z,0.075,-0.09,0,1,ORDER_STATE_PARTIALLY_FILLED,UNSOLICITED_CXL_REASON_UNDEFINED,ORD_REJECT_REASON_EXCHANGE_OPTION,,
1789602688.7,2026-09-16T23:51:28.698839151Z,ACTIVITY_TYPE_TRADE,scc-senate-gop-2026-11-03-lte45,BUY,ORDER_INTENT_BUY_LONG,0.1,20,CHNPYZR4JVNG,passive,,2026-09-16T23:46:59.173233434Z,0.075,-0.02,0,1,ORDER_STATE_PARTIALLY_FILLED,UNSOLICITED_CXL_REASON_UNDEFINED,ORD_REJECT_REASON_EXCHANGE_OPTION,,
1789602691.3,2026-09-16T23:51:31.291624451Z,ACTIVITY_TYPE_TRADE,scc-senate-gop-2026-11-03-lte45,BUY,ORDER_INTENT_BUY_LONG,0.1,6,CHNPYZR4JVNG,passive,,2026-09-16T23:46:59.173233434Z,0.076,-0.01,0,1,ORDER_STATE_FILLED,UNSOLICITED_CXL_REASON_UNDEFINED,ORD_REJECT_REASON_EXCHANGE_OPTION,,
1789602987.3,2026-09-16T23:56:27.251933753Z,ACTIVITY_TYPE_TRADE,aachc-cfb-wins-2026-11-28-boscol-1pt5wins,BUY,ORDER_INTENT_BUY_LONG,0.97,0.1,CHCTQ62WMVNA,passive,,2026-09-16T13:29:16.273164027Z,10.453,0,0,1,ORDER_STATE_PARTIALLY_FILLED,UNSOLICITED_CXL_REASON_UNDEFINED,ORD_REJECT_REASON_EXCHANGE_OPTION,,
1789603609.7,2026-09-17T00:06:49.720605462Z,ACTIVITY_TYPE_TRADE,ussewc-usse-or-2026-11-03-rep,SELL,ORDER_INTENT_SELL_LONG,0.04,4,CHG967EW2VNN,passive,-0.51,2026-09-16T17:28:10.538573681Z,6.644,0,0,1,ORDER_STATE_FILLED,UNSOLICITED_CXL_REASON_UNDEFINED,ORD_REJECT_REASON_EXCHANGE_OPTION,,
1789604418.2,2026-09-17T00:20:18.161776939Z,ACTIVITY_TYPE_TRADE,aachc-cfb-wins-2026-11-28-boise-5pt5wins,BUY,ORDER_INTENT_BUY_LONG,0.93,0.01,CHNWTB4RGVNJ,passive,,2026-09-17T00:00:21.423557805Z,0.332,0,0,1,ORDER_STATE_FILLED,UNSOLICITED_CXL_REASON_UNDEFINED,ORD_REJECT_REASON_EXCHANGE_OPTION,,
1789604483.2,2026-09-17T00:21:23.248201091Z,ACTIVITY_TYPE_TRADE,ewc-usgub-wi-2026-11-03-rep,BUY,ORDER_INTENT_SELL_SHORT,0.17,52,CGYWNHM9MVNA,passive,-35.11,2026-09-15T21:15:28.644403202Z,27.099,-0.09,0,1,ORDER_STATE_FILLED,UNSOLICITED_CXL_REASON_UNDEFINED,ORD_REJECT_REASON_EXCHANGE_OPTION,,
1789604868.8,2026-09-17T00:27:48.764659177Z,ACTIVITY_TYPE_TRADE,paccc-usho-midterms-2026-11-03-rep,SELL,ORDER_INTENT_SELL_LONG,0.136,73,CHP6P6P2GVNP,passive,-10.78,2026-09-17T00:22:25.471763111Z,0.09,-0.11,0,1,ORDER_STATE_FILLED,UNSOLICITED_CXL_REASON_UNDEFINED,ORD_REJECT_REASON_EXCHANGE_OPTION,,
1789605170.2,2026-09-17T00:32:50.152864512Z,ACTIVITY_TYPE_TRADE,ussewc-usse-nj-2026-11-03-dem,SELL,ORDER_INTENT_SELL_LONG,0.95,5.25,CHP213KMTVNA,passive,-0.07,2026-09-17T00:11:53.371773428Z,0.349,0,0,1,ORDER_STATE_PARTIALLY_FILLED,UNSOLICITED_CXL_REASON_UNDEFINED,ORD_REJECT_REASON_EXCHANGE_OPTION,,
1789606701.3,2026-09-17T00:58:21.337312732Z,ACTIVITY_TYPE_TRADE,usgubewc-usgub-hi-2026-11-03-dem,SELL,ORDER_INTENT_SELL_LONG,0.93,11.76,CHN1DV23EVNM,passive,-0.02,2026-09-16T23:00:36.123396553Z,1.963,-0.01,0,1,ORDER_STATE_PARTIALLY_FILLED,UNSOLICITED_CXL_REASON_UNDEFINED,ORD_REJECT_REASON_EXCHANGE_OPTION,,
1789606740.4,2026-09-17T00:59:00.376142588Z,ACTIVITY_TYPE_TRADE,usgubewc-usgub-hi-2026-11-03-dem,SELL,ORDER_INTENT_SELL_LONG,0.93,0.24,CHN1DV23EVNM,passive,-0,2026-09-16T23:00:36.123396553Z,1.973,0,0,1,ORDER_STATE_FILLED,UNSOLICITED_CXL_REASON_UNDEFINED,ORD_REJECT_REASON_EXCHANGE_OPTION,,
1789607865.2,2026-09-17T01:17:45.219772367Z,ACTIVITY_TYPE_TRADE,ushrewc-ushr-pa-01-2026-11-03-rep,SELL,ORDER_INTENT_BUY_SHORT,0.69,9,CHPZVRV4WVNA,passive,,2026-09-17T01:16:55.314434816Z,0.014,-0.02,0,1,ORDER_STATE_FILLED,UNSOLICITED_CXL_REASON_UNDEFINED,ORD_REJECT_REASON_EXCHANGE_OPTION,,
1789608048.8,2026-09-17T01:20:48.845135772Z,ACTIVITY_TYPE_TRADE,ushrewc-ushr-pa-01-2026-11-03-rep,BUY,ORDER_INTENT_SELL_SHORT,0.65,36,CHQ16EM5YVNN,passive,6.94,2026-09-17T01:20:11.522224438Z,0.01,-0.1,0,1,ORDER_STATE_FILLED,UNSOLICITED_CXL_REASON_UNDEFINED,ORD_REJECT_REASON_EXCHANGE_OPTION,,
1789608330.2,2026-09-17T01:25:30.191424904Z,ACTIVITY_TYPE_TRADE,ussewc-usse-id-2026-11-03-rep,SELL,ORDER_INTENT_SELL_LONG,0.85,2,CHQ3FQTRMVNH,passive,-0.18,2026-09-17T01:25:30.132458582Z,0,0,0,1,ORDER_STATE_FILLED,UNSOLICITED_CXL_REASON_UNDEFINED,ORD_REJECT_REASON_EXCHANGE_OPTION,,
1789608419.5,2026-09-17T01:26:59.495074851Z,ACTIVITY_TYPE_TRADE,aachc-cfb-wins-2026-11-28-kan-5pt5wins,SELL,ORDER_INTENT_SELL_LONG,0.41,1,CHQ43TRVTVNN,aggressor,0.19,2026-09-17T01:26:59.492879486Z,0,0.01,0,1,ORDER_STATE_FILLED,UNSOLICITED_CXL_REASON_UNDEFINED,ORD_REJECT_REASON_EXCHANGE_OPTION,,
1789608420.4,2026-09-17T01:27:00.380500091Z,ACTIVITY_TYPE_TRADE,ushrewc-ushr-pa-01-2026-11-03-rep,BUY,ORDER_INTENT_BUY_LONG,0.63,45,CHQ3CW65CVNJ,passive,,2026-09-17T01:25:18.019099384Z,0.028,-0.13,0,1,ORDER_STATE_FILLED,UNSOLICITED_CXL_REASON_UNDEFINED,ORD_REJECT_REASON_EXCHANGE_OPTION,,
1789608743.1,2026-09-17T01:32:23.085896201Z,ACTIVITY_TYPE_TRADE,paccc-usse-midterms-2026-11-03-dem,SELL,ORDER_INTENT_BUY_SHORT,0.581,8,CHPVW5DV6VNA,passive,,2026-09-17T01:07:30.971661784Z,0.414,-0.02,0,1,ORDER_STATE_PARTIALLY_FILLED,UNSOLICITED_CXL_REASON_UNDEFINED,ORD_REJECT_REASON_EXCHANGE_OPTION,,
1789611609.9,2026-09-17T02:20:09.891046651Z,ACTIVITY_TYPE_TRADE,paccc-usse-midterms-2026-11-03-dem,SELL,ORDER_INTENT_BUY_SHORT,0.581,64,CHQSHVHJWVNH,passive,,2026-09-17T02:14:50.116497104Z,0.089,-0.19,0,1,ORDER_STATE_FILLED,UNSOLICITED_CXL_REASON_UNDEFINED,ORD_REJECT_REASON_EXCHANGE_OPTION,,
1789611661.0,2026-09-17T02:21:00.974214802Z,ACTIVITY_TYPE_TRADE,paccc-usse-midterms-2026-11-03-dem,SELL,ORDER_INTENT_BUY_SHORT,0.581,11,CHQVWE8KYVNH,passive,,2026-09-17T02:20:25.648931845Z,0.01,-0.03,0,1,ORDER_STATE_PARTIALLY_FILLED,UNSOLICITED_CXL_REASON_UNDEFINED,ORD_REJECT_REASON_EXCHANGE_OPTION,,
1789611771.0,2026-09-17T02:22:50.993773706Z,ACTIVITY_TYPE_TRADE,paccc-usho-midterms-2026-11-03-rep,BUY,ORDER_INTENT_SELL_SHORT,0.135,73,CHPHN64ZJVNP,passive,-42.22,2026-09-17T00:46:16.902922119Z,1.609,-0.11,0,1,ORDER_STATE_FILLED,UNSOLICITED_CXL_REASON_UNDEFINED,ORD_REJECT_REASON_EXCHANGE_OPTION,,
1789612745.6,2026-09-17T02:39:05.602973853Z,ACTIVITY_TYPE_TRADE,ussewc-usse-sd-2026-11-03-rep,SELL,ORDER_INTENT_SELL_LONG,0.9,10,CHN18GZ3WVNJ,passive,-134.71,2026-09-16T23:00:36.483807352Z,3.641,-0.01,0,1,ORDER_STATE_FILLED,UNSOLICITED_CXL_REASON_UNDEFINED,ORD_REJECT_REASON_EXCHANGE_OPTION,,
1789613071.6,2026-09-17T02:44:31.625874548Z,ACTIVITY_TYPE_TRADE,ussewc-usse-ma-2026-11-03-dem,SELL,ORDER_INTENT_BUY_SHORT,0.96,1.04,CG373AKJCVB8,passive,,2026-09-14T13:01:27.335872906Z,61.718,0,0,1,ORDER_STATE_PARTIALLY_FILLED,UNSOLICITED_CXL_REASON_UNDEFINED,ORD_REJECT_REASON_EXCHANGE_OPTION,,
1789613221.4,2026-09-17T02:47:01.397403830Z,ACTIVITY_TYPE_TRADE,ewc-usse-mi-2026-11-03-rep,SELL,ORDER_INTENT_SELL_LONG,0.39,144,CHNXRQXWAVNM,passive,-1.45,2026-09-17T00:02:28.824755835Z,2.742,-0.43,0,1,ORDER_STATE_FILLED,UNSOLICITED_CXL_REASON_UNDEFINED,ORD_REJECT_REASON_EXCHANGE_OPTION,,
1789614563.6,2026-09-17T03:09:23.577100266Z,ACTIVITY_TYPE_TRADE,ussewc-usse-or-2026-11-03-dem,BUY,ORDER_INTENT_BUY_LONG,0.97,20,CHRAT9PPTVNH,passive,,2026-09-17T02:52:56.684691153Z,0.274,-0.01,0,1,ORDER_STATE_FILLED,UNSOLICITED_CXL_REASON_UNDEFINED,ORD_REJECT_REASON_EXCHANGE_OPTION,,
1789615194.5,2026-09-17T03:19:54.502550908Z,ACTIVITY_TYPE_TRADE,usgubewc-usgub-ri-2026-11-03-dem,BUY,ORDER_INTENT_BUY_LONG,0.95,2,CHRPYBG9RVNM,passive,,2026-09-17T03:19:43.274982754Z,0.003,0,0,1,ORDER_STATE_FILLED,UNSOLICITED_CXL_REASON_UNDEFINED,ORD_REJECT_REASON_EXCHANGE_OPTION,,
1789616316.6,2026-09-17T03:38:36.644712750Z,ACTIVITY_TYPE_TRADE,ewc-usgub-ia-2026-11-03-rep,BUY,ORDER_INTENT_SELL_SHORT,0.26,282,CHR840F76VNP,passive,-12.38,2026-09-17T02:47:41.411133747Z,0.849,-0.68,0,1,ORDER_STATE_FILLED,UNSOLICITED_CXL_REASON_UNDEFINED,ORD_REJECT_REASON_EXCHANGE_OPTION,,
1789618569.3,2026-09-17T04:16:09.274336413Z,ACTIVITY_TYPE_TRADE,ussewc-usse-la-2026-11-03-dem,SELL,ORDER_INTENT_BUY_SHORT,0.06,2,CHSD4Q902VNR,passive,,2026-09-17T04:09:46.539599869Z,0.106,0,0,1,ORDER_STATE_PARTIALLY_FILLED,UNSOLICITED_CXL_REASON_UNDEFINED,ORD_REJECT_REASON_EXCHANGE_OPTION,,
1789619074.8,2026-09-17T04:24:34.824394551Z,ACTIVITY_TYPE_TRADE,usgubewc-usgub-mn-2026-11-03-rep,SELL,ORDER_INTENT_BUY_SHORT,0.06,20,CHP717H84VNA,passive,,2026-09-17T00:22:52.315281382Z,4.028,-0.01,0,1,ORDER_STATE_FILLED,UNSOLICITED_CXL_REASON_UNDEFINED,ORD_REJECT_REASON_EXCHANGE_OPTION,,
1789620126.5,2026-09-17T04:42:06.464826840Z,ACTIVITY_TYPE_TRADE,ussewc-usse-sc-2026-11-03-dem,SELL,ORDER_INTENT_BUY_SHORT,0.17,20,CHRFTS4JPVNH,passive,,2026-09-17T03:04:27.219730642Z,1.628,-0.04,0,1,ORDER_STATE_FILLED,UNSOLICITED_CXL_REASON_UNDEFINED,ORD_REJECT_REASON_EXCHANGE_OPTION,,
1789620663.4,2026-09-17T04:51:03.424362074Z,ACTIVITY_TYPE_TRADE,aachc-cfb-wins-2026-11-28-boise-5pt5wins,SELL,ORDER_INTENT_SELL_LONG,0.94,0.9,CHSZ59C7JVNR,aggressor,0.4,2026-09-17T04:51:03.422601985Z,0,0,0,1,ORDER_STATE_FILLED,UNSOLICITED_CXL_REASON_UNDEFINED,ORD_REJECT_REASON_EXCHANGE_OPTION,,
1789620663.4,2026-09-17T04:51:03.424362074Z,ACTIVITY_TYPE_TRADE,aachc-cfb-wins-2026-11-28-boise-5pt5wins,BUY,ORDER_INTENT_BUY_LONG,0.94,0.1,CHP5NWB4MVNM,passive,0.04,2026-09-17T00:20:21.945684061Z,4.512,0,0,1,ORDER_STATE_FILLED,UNSOLICITED_CXL_REASON_UNDEFINED,ORD_REJECT_REASON_EXCHANGE_OPTION,,
1789621007.8,2026-09-17T04:56:47.808883622Z,ACTIVITY_TYPE_TRADE,usgubewc-usgub-mn-2026-11-03-dem,BUY,ORDER_INTENT_BUY_LONG,0.92,6.31,CGT3FA6TWVB9,passive,,2026-09-15T15:40:52.865016611Z,37.265,-0.01,0,1,ORDER_STATE_PARTIALLY_FILLED,UNSOLICITED_CXL_REASON_UNDEFINED,ORD_REJECT_REASON_EXCHANGE_OPTION,,
1789621008.4,2026-09-17T04:56:48.386795492Z,ACTIVITY_TYPE_TRADE,paccc-usho-midterms-2026-11-03-dem,BUY,ORDER_INTENT_SELL_SHORT,0.88,35,CHT1PJM9WVNQ,aggressor,-1419.55,2026-09-17T04:56:48.384904554Z,0,0.26,0,1,ORDER_STATE_PARTIALLY_FILLED,UNSOLICITED_CXL_REASON_UNDEFINED,ORD_REJECT_REASON_EXCHANGE_OPTION,,
1789621057.1,2026-09-17T04:57:37.135862193Z,ACTIVITY_TYPE_TRADE,paccc-usho-midterms-2026-11-03-dem,BUY,ORDER_INTENT_SELL_SHORT,0.88,64,CHT1PJM9WVNQ,passive,-2595.19,2026-09-17T04:56:48.384904554Z,0.014,-0.08,0,1,ORDER_STATE_PARTIALLY_FILLED,UNSOLICITED_CXL_REASON_UNDEFINED,ORD_REJECT_REASON_EXCHANGE_OPTION,,
1789623751.1,2026-09-17T05:42:31.144485200Z,ACTIVITY_TYPE_TRADE,usgubewc-usgub-ri-2026-11-03-dem,BUY,ORDER_INTENT_SELL_SHORT,0.93,41.53,CHTPNSWKGVNA,passive,-4169.4,2026-09-17T05:42:17.789133348Z,0.004,-0.03,0,1,ORDER_STATE_PARTIALLY_FILLED,UNSOLICITED_CXL_REASON_UNDEFINED,ORD_REJECT_REASON_EXCHANGE_OPTION,,
1789623752.4,2026-09-17T05:42:32.381720106Z,ACTIVITY_TYPE_TRADE,usgubewc-usgub-ri-2026-11-03-dem,BUY,ORDER_INTENT_SELL_SHORT,0.93,41.92,CHTPNSWKGVNA,passive,-4208.55,2026-09-17T05:42:17.789133348Z,0.004,-0.03,0,1,ORDER_STATE_PARTIALLY_FILLED,UNSOLICITED_CXL_REASON_UNDEFINED,ORD_REJECT_REASON_EXCHANGE_OPTION,,
1789623754.2,2026-09-17T05:42:34.232106817Z,ACTIVITY_TYPE_TRADE,usgubewc-usgub-ri-2026-11-03-dem,BUY,ORDER_INTENT_SELL_SHORT,0.93,35.91,CHTPNSWKGVNA,passive,-3605.18,2026-09-17T05:42:17.789133348Z,0.005,-0.03,0,1,ORDER_STATE_PARTIALLY_FILLED,UNSOLICITED_CXL_REASON_UNDEFINED,ORD_REJECT_REASON_EXCHANGE_OPTION,,
1789623758.4,2026-09-17T05:42:38.401434593Z,ACTIVITY_TYPE_TRADE,usgubewc-usgub-ri-2026-11-03-dem,BUY,ORDER_INTENT_SELL_SHORT,0.93,61.93,CHTPNSWKGVNA,passive,-6217.45,2026-09-17T05:42:17.789133348Z,0.006,-0.05,0,1,ORDER_STATE_PARTIALLY_FILLED,UNSOLICITED_CXL_REASON_UNDEFINED,ORD_REJECT_REASON_EXCHANGE_OPTION,,
1789623759.8,2026-09-17T05:42:39.784411379Z,ACTIVITY_TYPE_TRADE,usgubewc-usgub-ri-2026-11-03-dem,BUY,ORDER_INTENT_SELL_SHORT,0.93,38.71,CHTPNSWKGVNA,passive,-3886.28,2026-09-17T05:42:17.789133348Z,0.006,-0.03,0,1,ORDER_STATE_FILLED,UNSOLICITED_CXL_REASON_UNDEFINED,ORD_REJECT_REASON_EXCHANGE_OPTION,,
1789625516.9,2026-09-17T06:11:56.928741798Z,ACTIVITY_TYPE_TRADE,tec-nfl-coty-2027-02-11-w-mikmcc,SELL,ORDER_INTENT_SELL_LONG,0.03,0.01,CG30986Q4VB2,passive,0,2026-09-14T12:47:23.129822083Z,65.409,0,0,1,ORDER_STATE_FILLED,UNSOLICITED_CXL_REASON_UNDEFINED,ORD_REJECT_REASON_EXCHANGE_OPTION,,
1789625516.9,2026-09-17T06:11:56.928741798Z,ACTIVITY_TYPE_TRADE,tec-nfl-coty-2027-02-11-w-mikmcc,SELL,ORDER_INTENT_SELL_LONG,0.03,0.01,CG300VR5YVB8,passive,0,2026-09-14T12:47:23.054185294Z,65.409,0,0,1,ORDER_STATE_FILLED,UNSOLICITED_CXL_REASON_UNDEFINED,ORD_REJECT_REASON_EXCHANGE_OPTION,,
1789627828.8,2026-09-17T06:50:28.847505304Z,ACTIVITY_TYPE_TRADE,scc-hrep-rep-2026-11-03-gte210,SELL,ORDER_INTENT_SELL_LONG,0.31,0.01,CHTZ0EWW6VNG,passive,-0,2026-09-17T06:00:15.423405245Z,0.837,0,0,1,ORDER_STATE_PARTIALLY_FILLED,UNSOLICITED_CXL_REASON_UNDEFINED,ORD_REJECT_REASON_EXCHANGE_OPTION,,
1789629944.4,2026-09-17T07:25:44.403150997Z,ACTIVITY_TYPE_TRADE,aachc-cfb-wins-2026-11-28-iowast-4pt5wins,BUY,ORDER_INTENT_BUY_LONG,0.56,0.02,CHKK4TVQGVNP,passive,,2026-09-16T21:21:41.308986316Z,10.068,0,0,1,ORDER_STATE_PARTIALLY_FILLED,UNSOLICITED_CXL_REASON_UNDEFINED,ORD_REJECT_REASON_EXCHANGE_OPTION,,
1789630866.2,2026-09-17T07:41:06.172285954Z,ACTIVITY_TYPE_TRADE,ewc-usse-mi-2026-11-03-dem,BUY,ORDER_INTENT_SELL_SHORT,0.64,155,CHSCWW5X2VNR,passive,37.62,2026-09-17T04:09:18.728425648Z,3.53,-0.45,0,1,ORDER_STATE_FILLED,UNSOLICITED_CXL_REASON_UNDEFINED,ORD_REJECT_REASON_EXCHANGE_OPTION,,
1789633089.2,2026-09-17T08:18:09.171135377Z,ACTIVITY_TYPE_TRADE,paccc-usse-midterms-2026-11-03-dem,BUY,ORDER_INTENT_SELL_SHORT,0.588,88,CHWV0R3QAVNA,passive,-25.95,2026-09-17T08:14:47.965776481Z,0.056,-0.27,0,1,ORDER_STATE_FILLED,UNSOLICITED_CXL_REASON_UNDEFINED,ORD_REJECT_REASON_EXCHANGE_OPTION,,
1789634119.3,2026-09-17T08:35:19.326537668Z,ACTIVITY_TYPE_TRADE,scc-senate-gop-2026-11-03-lte45,SELL,ORDER_INTENT_SELL_LONG,0.09,19.55,CHP1N2KGRVNH,passive,-0.18,2026-09-17T00:11:10.053866559Z,8.403,-0.02,0,1,ORDER_STATE_PARTIALLY_FILLED,UNSOLICITED_CXL_REASON_UNDEFINED,ORD_REJECT_REASON_EXCHANGE_OPTION,,
1789634391.4,2026-09-17T08:39:51.419343889Z,ACTIVITY_TYPE_TRADE,aachc-cfb-wins-2026-11-28-lsu-6pt5wins,SELL,ORDER_INTENT_BUY_SHORT,0.86,4.68,CHWYPJW1YVNR,passive,,2026-09-17T08:23:10.274987780Z,0.278,-0.01,0,1,ORDER_STATE_PARTIALLY_FILLED,UNSOLICITED_CXL_REASON_UNDEFINED,ORD_REJECT_REASON_EXCHANGE_OPTION,,
1789634603.5,2026-09-17T08:43:23.450434366Z,ACTIVITY_TYPE_TRADE,aachc-cfb-wins-2026-11-28-lsu-6pt5wins,SELL,ORDER_INTENT_BUY_SHORT,0.86,0.1,CHWYPJW1YVNR,passive,,2026-09-17T08:23:10.274987780Z,0.337,0,0,1,ORDER_STATE_PARTIALLY_FILLED,UNSOLICITED_CXL_REASON_UNDEFINED,ORD_REJECT_REASON_EXCHANGE_OPTION,,
1789635282.7,2026-09-17T08:54:42.664528588Z,ACTIVITY_TYPE_TRADE,aachc-cfb-wins-2026-11-28-cin-3pt5wins,SELL,ORDER_INTENT_BUY_SHORT,0.87,5,CHSDXHJA6VNH,passive,,2026-09-17T04:11:19.028379443Z,4.723,-0.01,0,1,ORDER_STATE_FILLED,UNSOLICITED_CXL_REASON_UNDEFINED,ORD_REJECT_REASON_EXCHANGE_OPTION,,
1789635413.4,2026-09-17T08:56:53.380835803Z,ACTIVITY_TYPE_TRADE,aachc-cfb-wins-2026-11-28-iowast-2pt5wins,SELL,ORDER_INTENT_BUY_SHORT,0.91,4.92,CHWKA3RQWVNG,passive,,2026-09-17T07:58:03.771521559Z,0.98,-0.01,0,1,ORDER_STATE_PARTIALLY_FILLED,UNSOLICITED_CXL_REASON_UNDEFINED,ORD_REJECT_REASON_EXCHANGE_OPTION,,
1789635650.2,2026-09-17T09:00:50.227433701Z,ACTIVITY_TYPE_TRADE,aachc-cfb-wins-2026-11-28-iowast-2pt5wins,SELL,ORDER_INTENT_BUY_SHORT,0.91,0.08,CHWKA3RQWVNG,passive,,2026-09-17T07:58:03.771521559Z,1.046,0,0,1,ORDER_STATE_FILLED,UNSOLICITED_CXL_REASON_UNDEFINED,ORD_REJECT_REASON_EXCHANGE_OPTION,,
1789638549.9,2026-09-17T09:49:09.935186282Z,ACTIVITY_TYPE_TRADE,ussewc-usse-il-2026-11-03-dem,BUY,ORDER_INTENT_BUY_LONG,0.93,4.65,CG2Z6EJVRVB3,passive,,2026-09-14T12:45:56.660740297Z,69.054,0,0,1,ORDER_STATE_PARTIALLY_FILLED,UNSOLICITED_CXL_REASON_UNDEFINED,ORD_REJECT_REASON_EXCHANGE_OPTION,,
1789638871.6,2026-09-17T09:54:31.606181387Z,ACTIVITY_TYPE_TRADE,ussewc-usse-wv-2026-11-03-rep,SELL,ORDER_INTENT_SELL_LONG,0.97,10,CGZ1Q28QTVNH,passive,-59.63,2026-09-15T21:26:03.481930107Z,36.474,0,0,1,ORDER_STATE_FILLED,UNSOLICITED_CXL_REASON_UNDEFINED,ORD_REJECT_REASON_EXCHANGE_OPTION,,
1789639985.1,2026-09-17T10:13:05.139183700Z,ACTIVITY_TYPE_TRADE,ussewc-usse-il-2026-11-03-dem,BUY,ORDER_INTENT_BUY_LONG,0.93,0.17,CG2Z6EJVRVB3,passive,,2026-09-14T12:45:56.660740297Z,69.452,0,0,1,ORDER_STATE_FILLED,UNSOLICITED_CXL_REASON_UNDEFINED,ORD_REJECT_REASON_EXCHANGE_OPTION,,
1789640392.8,2026-09-17T10:19:52.751764242Z,ACTIVITY_TYPE_TRADE,ussewc-usse-tn-2026-11-03-rep,BUY,ORDER_INTENT_BUY_LONG,0.94,20,CHX4J3K90VNK,passive,,2026-09-17T08:34:13.178266749Z,1.761,-0.01,0,1,ORDER_STATE_FILLED,UNSOLICITED_CXL_REASON_UNDEFINED,ORD_REJECT_REASON_EXCHANGE_OPTION,,
1789640732.3,2026-09-17T10:25:32.311559062Z,ACTIVITY_TYPE_TRADE,paccc-usho-midterms-2026-11-03-rep,BUY,ORDER_INTENT_SELL_SHORT,0.129,84,CHYP7S47GVNG,passive,-49.09,2026-09-17T10:20:01.921422762Z,0.092,-0.12,0,1,ORDER_STATE_FILLED,UNSOLICITED_CXL_REASON_UNDEFINED,ORD_REJECT_REASON_EXCHANGE_OPTION,,
1789640811.3,2026-09-17T10:26:51.280166755Z,ACTIVITY_TYPE_TRADE,paccc-usho-midterms-2026-11-03-rep,BUY,ORDER_INTENT_SELL_SHORT,0.121,68,CHYRXRJ0AVNQ,passive,-40.29,2026-09-17T10:26:09.090422668Z,0.012,-0.09,0,1,ORDER_STATE_FILLED,UNSOLICITED_CXL_REASON_UNDEFINED,ORD_REJECT_REASON_EXCHANGE_OPTION,,
1789640883.9,2026-09-17T10:28:03.879716618Z,ACTIVITY_TYPE_TRADE,usgubewc-usgub-sd-2026-11-03-dem,SELL,ORDER_INTENT_BUY_SHORT,0.02,10,CHX4J3KNPVNK,passive,,2026-09-17T08:34:14.070944498Z,1.897,0,0,1,ORDER_STATE_FILLED,UNSOLICITED_CXL_REASON_UNDEFINED,ORD_REJECT_REASON_EXCHANGE_OPTION,,
1789641112.9,2026-09-17T10:31:52.941736645Z,ACTIVITY_TYPE_TRADE,usgubewc-usgub-tn-2026-11-03-rep,BUY,ORDER_INTENT_BUY_LONG,0.98,1,CHYV3S8Q0VNM,passive,,2026-09-17T10:31:32.155363852Z,0.006,0,0,1,ORDER_STATE_FILLED,UNSOLICITED_CXL_REASON_UNDEFINED,ORD_REJECT_REASON_EXCHANGE_OPTION,,
1789643035.3,2026-09-17T11:03:55.287535624Z,ACTIVITY_TYPE_TRADE,paccc-usse-midterms-2026-11-03-dem,BUY,ORDER_INTENT_BUY_LONG,0.588,6,CHYV1GBF6VNA,passive,,2026-09-17T10:31:36.714574614Z,0.538,-0.02,0,1,ORDER_STATE_FILLED,UNSOLICITED_CXL_REASON_UNDEFINED,ORD_REJECT_REASON_EXCHANGE_OPTION,,
1789644736.1,2026-09-17T11:32:16.088536308Z,ACTIVITY_TYPE_TRADE,ewc-usse-mi-2026-11-03-dem,SELL,ORDER_INTENT_BUY_SHORT,0.64,7,CHZAC2D6CVNG,passive,,2026-09-17T11:04:39.150571596Z,0.46,-0.02,0,1,ORDER_STATE_FILLED,UNSOLICITED_CXL_REASON_UNDEFINED,ORD_REJECT_REASON_EXCHANGE_OPTION,,
1789644739.1,2026-09-17T11:32:19.141583102Z,ACTIVITY_TYPE_TRADE,ushrewc-ushr-pa-01-2026-11-03-rep,SELL,ORDER_INTENT_SELL_LONG,0.63,36,CHQJ3HFAMVNA,passive,3.34,2026-09-17T01:57:20.804702586Z,9.583,-0.1,0,1,ORDER_STATE_FILLED,UNSOLICITED_CXL_REASON_UNDEFINED,ORD_REJECT_REASON_EXCHANGE_OPTION,,
1789644753.1,2026-09-17T11:32:33.121126692Z,ACTIVITY_TYPE_TRADE,usgubewc-usgub-sd-2026-11-03-rep,SELL,ORDER_INTENT_SELL_LONG,0.95,8,CHZ10GP86VNR,passive,4.36,2026-09-17T10:43:50.223214225Z,0.812,0,0,1,ORDER_STATE_FILLED,UNSOLICITED_CXL_REASON_UNDEFINED,ORD_REJECT_REASON_EXCHANGE_OPTION,,
1789644987.3,2026-09-17T11:36:27.262542621Z,ACTIVITY_TYPE_TRADE,enwc-uspres-nom-dem-2028-markel,BUY,ORDER_INTENT_SELL_SHORT,0.05,20,CGZ17J762VNJ,passive,-18.14,2026-09-15T21:24:49.666418065Z,38.194,-0.01,0,1,ORDER_STATE_FILLED,UNSOLICITED_CXL_REASON_UNDEFINED,ORD_REJECT_REASON_EXCHANGE_OPTION,,
1789645005.9,2026-09-17T11:36:45.876880269Z,ACTIVITY_TYPE_TRADE,ussewc-usse-sc-2026-11-03-dem,BUY,ORDER_INTENT_SELL_SHORT,0.14,0.18,CHT413M1GVNJ,passive,-0.13,2026-09-17T05:01:29.336485634Z,6.588,0,0,1,ORDER_STATE_PARTIALLY_FILLED,UNSOLICITED_CXL_REASON_UNDEFINED,ORD_REJECT_REASON_EXCHANGE_OPTION,,
1789645085.8,2026-09-17T11:38:05.821181104Z,ACTIVITY_TYPE_TRADE,aachc-cfb-wins-2026-11-28-arz-5pt5wins,BUY,ORDER_INTENT_SELL_SHORT,0.82,1,CHG9E3P04VNJ,passive,0.23,2026-09-16T17:29:07.185821253Z,18.15,0,0,1,ORDER_STATE_FILLED,UNSOLICITED_CXL_REASON_UNDEFINED,ORD_REJECT_REASON_EXCHANGE_OPTION,,
1789645213.5,2026-09-17T11:40:13.505807316Z,ACTIVITY_TYPE_TRADE,usgubewc-usgub-mn-2026-11-03-dem,BUY,ORDER_INTENT_BUY_LONG,0.92,6.38,CGT3FA6TWVB9,passive,,2026-09-15T15:40:52.865016611Z,43.989,-0.01,0,1,ORDER_STATE_PARTIALLY_FILLED,UNSOLICITED_CXL_REASON_UNDEFINED,ORD_REJECT_REASON_EXCHANGE_OPTION,,
1789645258.1,2026-09-17T11:40:58.149668573Z,ACTIVITY_TYPE_TRADE,ussewc-usse-id-2026-11-03-rep,BUY,ORDER_INTENT_BUY_LONG,0.94,20,CHWY2QDTYVNM,passive,,2026-09-17T08:21:57.949167932Z,3.317,-0.01,0,1,ORDER_STATE_FILLED,UNSOLICITED_CXL_REASON_UNDEFINED,ORD_REJECT_REASON_EXCHANGE_OPTION,,
1789645438.4,2026-09-17T11:43:58.391991815Z,ACTIVITY_TYPE_TRADE,ussewc-usse-ar-2026-11-03-rep,BUY,ORDER_INTENT_BUY_LONG,0.93,10,CHX4FA26CVNJ,passive,,2026-09-17T08:34:14.020970560Z,3.162,-0.01,0,1,ORDER_STATE_FILLED,UNSOLICITED_CXL_REASON_UNDEFINED,ORD_REJECT_REASON_EXCHANGE_OPTION,,
1789645560.5,2026-09-17T11:46:00.494677569Z,ACTIVITY_TYPE_TRADE,ussewc-usse-ms-2026-11-03-rep,BUY,ORDER_INTENT_BUY_LONG,0.92,10,CHT42FNPPVNK,passive,,2026-09-17T05:01:28.905631372Z,6.742,-0.01,0,1,ORDER_STATE_FILLED,UNSOLICITED_CXL_REASON_UNDEFINED,ORD_REJECT_REASON_EXCHANGE_OPTION,,
1789645568.2,2026-09-17T11:46:08.205303025Z,ACTIVITY_TYPE_TRADE,usgubewc-usgub-nm-2026-11-03-dem,BUY,ORDER_INTENT_BUY_LONG,0.89,20,CHPCG90TRVNK,passive,,2026-09-17T00:34:33.631577916Z,11.193,-0.02,0,1,ORDER_STATE_FILLED,UNSOLICITED_CXL_REASON_UNDEFINED,ORD_REJECT_REASON_EXCHANGE_OPTION,,
1789645580.5,2026-09-17T11:46:20.519367719Z,ACTIVITY_TYPE_TRADE,aachc-cfb-wins-2026-11-28-clmsn-7pt5wins,SELL,ORDER_INTENT_BUY_SHORT,0.34,0.5,CHT4NKPXJVNG,passive,,2026-09-17T05:02:42.251369811Z,6.727,0,0,1,ORDER_STATE_FILLED,UNSOLICITED_CXL_REASON_UNDEFINED,ORD_REJECT_REASON_EXCHANGE_OPTION,,
1789645631.6,2026-09-17T11:47:11.634237592Z,ACTIVITY_TYPE_TRADE,usgubewc-usgub-ok-2026-11-03-dem,SELL,ORDER_INTENT_BUY_SHORT,0.1,20,CHS2QRCDGVNG,passive,,2026-09-17T03:45:59.016007455Z,8.02,-0.02,0,1,ORDER_STATE_FILLED,UNSOLICITED_CXL_REASON_UNDEFINED,ORD_REJECT_REASON_EXCHANGE_OPTION,,
1789645778.9,2026-09-17T11:49:38.943136387Z,ACTIVITY_TYPE_TRADE,aachc-cfb-wins-2026-11-28-clmsn-5pt5wins,BUY,ORDER_INTENT_BUY_LONG,0.7,1,CHQVTKEC4VNK,passive,,2026-09-17T02:19:57.159219330Z,9.495,0,0,1,ORDER_STATE_FILLED,UNSOLICITED_CXL_REASON_UNDEFINED,ORD_REJECT_REASON_EXCHANGE_OPTION,,
1789645813.0,2026-09-17T11:50:12.972363596Z,ACTIVITY_TYPE_TRADE,ussewc-usse-wv-2026-11-03-dem,SELL,ORDER_INTENT_BUY_SHORT,0.05,10,CHK3N4QVPVNQ,passive,,2026-09-16T20:46:29.839832423Z,15.062,-0.01,0,1,ORDER_STATE_FILLED,UNSOLICITED_CXL_REASON_UNDEFINED,ORD_REJECT_REASON_EXCHANGE_OPTION,,
1789645828.0,2026-09-17T11:50:27.983227330Z,ACTIVITY_TYPE_TRADE,aqc-nfl-afc-2027-01-24-champq-den,SELL,ORDER_INTENT_BUY_SHORT,0.23,0.48,CG308Z0T6VB7,passive,,2026-09-14T12:47:45.025208206Z,71.045,0,0,1,ORDER_STATE_FILLED,UNSOLICITED_CXL_REASON_UNDEFINED,ORD_REJECT_REASON_EXCHANGE_OPTION,,
1789645899.3,2026-09-17T11:51:39.256771054Z,ACTIVITY_TYPE_TRADE,ussewc-usse-sd-2026-11-03-rep,BUY,ORDER_INTENT_BUY_LONG,0.93,10,CHXA1G2ERVNA,passive,,2026-09-17T08:47:07.208108551Z,3.076,-0.01,0,1,ORDER_STATE_FILLED,UNSOLICITED_CXL_REASON_UNDEFINED,ORD_REJECT_REASON_EXCHANGE_OPTION,,
1789645974.1,2026-09-17T11:52:54.057874205Z,ACTIVITY_TYPE_TRADE,scc-hrep-rep-2026-11-03-gte180,BUY,ORDER_INTENT_BUY_LONG,0.91,8,CHZW2SJVYVNJ,passive,,2026-09-17T11:42:23.401487758Z,0.175,-0.01,0,1,ORDER_STATE_FILLED,UNSOLICITED_CXL_REASON_UNDEFINED,ORD_REJECT_REASON_EXCHANGE_OPTION,,
1789646029.6,2026-09-17T11:53:49.573084386Z,ACTIVITY_TYPE_TRADE,aachc-cfb-wins-2026-11-28-col-2pt5wins,BUY,ORDER_INTENT_BUY_LONG,0.94,0.5,CHQVPQ6G2VNG,passive,,2026-09-17T02:19:57.549460726Z,9.564,0,0,1,ORDER_STATE_FILLED,UNSOLICITED_CXL_REASON_UNDEFINED,ORD_REJECT_REASON_EXCHANGE_OPTION,,
1789646114.6,2026-09-17T11:55:14.594647060Z,ACTIVITY_TYPE_TRADE,scc-senate-gop-2026-11-03-49,SELL,ORDER_INTENT_BUY_SHORT,0.15,6,CHZXB54B8VNH,passive,,2026-09-17T11:44:53.213313219Z,0.173,-0.01,0,1,ORDER_STATE_FILLED,UNSOLICITED_CXL_REASON_UNDEFINED,ORD_REJECT_REASON_EXCHANGE_OPTION,,
1789646124.4,2026-09-17T11:55:24.438325218Z,ACTIVITY_TYPE_TRADE,usgubewc-usgub-hi-2026-11-03-dem,BUY,ORDER_INTENT_BUY_LONG,0.97,20,CHXGSDCXEVNR,passive,,2026-09-17T09:01:18.820809240Z,2.902,-0.01,0,1,ORDER_STATE_FILLED,UNSOLICITED_CXL_REASON_UNDEFINED,ORD_REJECT_REASON_EXCHANGE_OPTION,,
1789646214.2,2026-09-17T11:56:54.181357578Z,ACTIVITY_TYPE_TRADE,aachc-cfb-wins-2026-11-28-arz-5pt5wins,SELL,ORDER_INTENT_SELL_LONG,0.82,1,CJ02V1NM0VNR,aggressor,0.4,2026-09-17T11:56:54.179536715Z,0,0.01,0,1,ORDER_STATE_FILLED,UNSOLICITED_CXL_REASON_UNDEFINED,ORD_REJECT_REASON_EXCHANGE_OPTION,,
1789646346.5,2026-09-17T11:59:06.523559919Z,ACTIVITY_TYPE_TRADE,aachc-cfb-wins-2026-11-28-boscol-1pt5wins,BUY,ORDER_INTENT_BUY_LONG,0.97,0.5,CHNWQCPN4VNR,passive,,2026-09-17T00:00:21.669545085Z,11.979,0,0,1,ORDER_STATE_FILLED,UNSOLICITED_CXL_REASON_UNDEFINED,ORD_REJECT_REASON_EXCHANGE_OPTION,,
1789646831.6,2026-09-17T12:07:11.645984301Z,ACTIVITY_TYPE_TRADE,paccc-usho-midterms-2026-11-03-dem,SELL,ORDER_INTENT_SELL_LONG,0.89,465,CHYKVYDW2VNH,passive,-18854.8,2026-09-17T10:14:55.050212955Z,1.871,-0.57,0,1,ORDER_STATE_PARTIALLY_FILLED,UNSOLICITED_CXL_REASON_UNDEFINED,ORD_REJECT_REASON_EXCHANGE_OPTION,,
1789646831.6,2026-09-17T12:07:11.645984301Z,ACTIVITY_TYPE_TRADE,paccc-usho-midterms-2026-11-03-dem,BUY,ORDER_INTENT_SELL_SHORT,0.89,430,CJ07ED31GVNA,aggressor,-17435.6,2026-09-17T12:07:11.644489326Z,0,2.92,0,1,ORDER_STATE_PARTIALLY_FILLED,UNSOLICITED_CXL_REASON_UNDEFINED,ORD_REJECT_REASON_EXCHANGE_OPTION,,
1789646831.6,2026-09-17T12:07:11.645984301Z,ACTIVITY_TYPE_TRADE,paccc-usho-midterms-2026-11-03-dem,SELL,ORDER_INTENT_SELL_LONG,0.89,770,CHY4X2YFRVNG,passive,-31221.9,2026-09-17T09:42:18.961336948Z,2.415,-0.94,0,1,ORDER_STATE_FILLED,UNSOLICITED_CXL_REASON_UNDEFINED,ORD_REJECT_REASON_EXCHANGE_OPTION,,
1789646839.3,2026-09-17T12:07:19.330821923Z,ACTIVITY_TYPE_TRADE,paccc-usho-midterms-2026-11-03-rep,SELL,ORDER_INTENT_SELL_LONG,0.121,102,CJ07HFWVJVNJ,aggressor,-17.49,2026-09-17T12:07:19.329290404Z,0,0.75,0,1,ORDER_STATE_FILLED,UNSOLICITED_CXL_REASON_UNDEFINED,ORD_REJECT_REASON_EXCHANGE_OPTION,,
1789646839.3,2026-09-17T12:07:19.330821923Z,ACTIVITY_TYPE_TRADE,paccc-usho-midterms-2026-11-03-rep,SELL,ORDER_INTENT_SELL_LONG,0.121,1,CJ07HFWVJVNJ,aggressor,-0.17,2026-09-17T12:07:19.329290404Z,0,0.01,0,1,ORDER_STATE_PARTIALLY_FILLED,UNSOLICITED_CXL_REASON_UNDEFINED,ORD_REJECT_REASON_EXCHANGE_OPTION,,
1789646839.3,2026-09-17T12:07:19.330821923Z,ACTIVITY_TYPE_TRADE,paccc-usho-midterms-2026-11-03-rep,BUY,ORDER_INTENT_BUY_LONG,0.121,49,CHZPVAZ76VNJ,passive,-8.4,2026-09-17T11:31:34.046785626Z,0.596,-0.07,0,1,ORDER_STATE_FILLED,UNSOLICITED_CXL_REASON_UNDEFINED,ORD_REJECT_REASON_EXCHANGE_OPTION,,
1789647157.4,2026-09-17T12:12:37.445391423Z,ACTIVITY_TYPE_TRADE,paccc-usse-midterms-2026-11-03-dem,SELL,ORDER_INTENT_SELL_LONG,0.587,6,CJ00Q4YM6VNH,passive,2.86,2026-09-17T11:52:06.176556085Z,0.342,-0.02,0,1,ORDER_STATE_FILLED,UNSOLICITED_CXL_REASON_UNDEFINED,ORD_REJECT_REASON_EXCHANGE_OPTION,,
1789648030.2,2026-09-17T12:27:10.206451909Z,ACTIVITY_TYPE_TRADE,ewc-usse-mi-2026-11-03-rep,BUY,ORDER_INTENT_BUY_LONG,0.38,86,CJ07HWH4WVNM,passive,,2026-09-17T12:07:39.091828108Z,0.325,-0.25,0,1,ORDER_STATE_FILLED,UNSOLICITED_CXL_REASON_UNDEFINED,ORD_REJECT_REASON_EXCHANGE_OPTION,,
1789649358.2,2026-09-17T12:49:18.224658437Z,ACTIVITY_TYPE_TRADE,usgubewc-usgub-tn-2026-11-03-rep,SELL,ORDER_INTENT_SELL_LONG,0.93,1,CJ0MQ68B8VNP,passive,-23.92,2026-09-17T12:38:00.348418953Z,0.188,0,0,1,ORDER_STATE_FILLED,UNSOLICITED_CXL_REASON_UNDEFINED,ORD_REJECT_REASON_EXCHANGE_OPTION,,
1789649775.3,2026-09-17T12:56:15.335922520Z,ACTIVITY_TYPE_TRADE,ussewc-usse-tn-2026-11-03-rep,SELL,ORDER_INTENT_SELL_LONG,0.93,30,CJ0MS8ABEVNR,passive,-203.68,2026-09-17T12:37:58.867732369Z,0.305,-0.02,0,1,ORDER_STATE_FILLED,UNSOLICITED_CXL_REASON_UNDEFINED,ORD_REJECT_REASON_EXCHANGE_OPTION,,
1789649798.7,2026-09-17T12:56:38.697353554Z,ACTIVITY_TYPE_TRADE,scc-senate-gop-2026-11-03-49,SELL,ORDER_INTENT_BUY_SHORT,0.17,27,CJ0MGC8RYVNK,passive,,2026-09-17T12:37:13.904982930Z,0.324,-0.05,0,1,ORDER_STATE_FILLED,UNSOLICITED_CXL_REASON_UNDEFINED,ORD_REJECT_REASON_EXCHANGE_OPTION,,
1789649809.6,2026-09-17T12:56:49.577322166Z,ACTIVITY_TYPE_TRADE,scc-senate-gop-2026-11-03-50,SELL,ORDER_INTENT_SELL_LONG,0.17,35.1,CGWTR4GX2VBA,passive,-2.89,2026-09-15T18:52:00.723282896Z,42.08,-0.06,0,1,ORDER_STATE_PARTIALLY_FILLED,UNSOLICITED_CXL_REASON_UNDEFINED,ORD_REJECT_REASON_EXCHANGE_OPTION,,
1789651101.5,2026-09-17T13:18:21.495075431Z,ACTIVITY_TYPE_TRADE,ussewc-usse-ma-2026-11-03-dem,SELL,ORDER_INTENT_BUY_SHORT,0.96,1.04,CG373AKJCVB8,passive,,2026-09-14T13:01:27.335872906Z,72.282,0,0,1,ORDER_STATE_PARTIALLY_FILLED,UNSOLICITED_CXL_REASON_UNDEFINED,ORD_REJECT_REASON_EXCHANGE_OPTION,,
1789651146.7,2026-09-17T13:19:06.663252450Z,ACTIVITY_TYPE_TRADE,ussewc-usse-ar-2026-11-03-rep,SELL,ORDER_INTENT_SELL_LONG,0.92,1.07,CJ0MV86TTVNH,passive,-0.02,2026-09-17T12:38:02.917576928Z,0.684,0,0,1,ORDER_STATE_PARTIALLY_FILLED,UNSOLICITED_CXL_REASON_UNDEFINED,ORD_REJECT_REASON_EXCHANGE_OPTION,,
1789651462.9,2026-09-17T13:24:22.910169254Z,ACTIVITY_TYPE_TRADE,paccc-usse-midterms-2026-11-03-dem,SELL,ORDER_INTENT_SELL_LONG,0.587,1,CJ0X637A2VNG,passive,0.47,2026-09-17T12:56:26.249799460Z,0.466,0,0,1,ORDER_STATE_PARTIALLY_FILLED,UNSOLICITED_CXL_REASON_UNDEFINED,ORD_REJECT_REASON_EXCHANGE_OPTION,,
1789651601.3,2026-09-17T13:26:41.304261551Z,ACTIVITY_TYPE_TRADE,paccc-usse-midterms-2026-11-03-dem,SELL,ORDER_INTENT_SELL_LONG,0.587,78,CJ0X637A2VNG,passive,37.13,2026-09-17T12:56:26.249799460Z,0.504,-0.24,0,1,ORDER_STATE_FILLED,UNSOLICITED_CXL_REASON_UNDEFINED,ORD_REJECT_REASON_EXCHANGE_OPTION,,
1789651817.1,2026-09-17T13:30:17.053299024Z,ACTIVITY_TYPE_TRADE,ussewc-usse-il-2026-11-03-dem,SELL,ORDER_INTENT_SELL_LONG,0.97,0.03,CHZMSVNXGVNG,passive,-0.05,2026-09-17T11:27:38.677654950Z,2.044,0,0,1,ORDER_STATE_PARTIALLY_FILLED,UNSOLICITED_CXL_REASON_UNDEFINED,ORD_REJECT_REASON_EXCHANGE_OPTION,,
1789652065.6,2026-09-17T13:34:25.558744393Z,ACTIVITY_TYPE_TRADE,usgubewc-usgub-ny-2026-11-03-rep,BUY,ORDER_INTENT_BUY_LONG,0.1,195,CJ1DRF884VNQ,passive,,2026-09-17T13:32:52.370452018Z,0.026,-0.22,0,1,ORDER_STATE_FILLED,UNSOLICITED_CXL_REASON_UNDEFINED,ORD_REJECT_REASON_EXCHANGE_OPTION,,
1789652526.3,2026-09-17T13:42:06.338231255Z,ACTIVITY_TYPE_TRADE,paccc-usse-midterms-2026-11-03-dem,SELL,ORDER_INTENT_SELL_LONG,0.587,15,CJ1F1HWGPVNJ,passive,7.14,2026-09-17T13:34:52.382064529Z,0.121,-0.05,0,1,ORDER_STATE_PARTIALLY_FILLED,UNSOLICITED_CXL_REASON_UNDEFINED,ORD_REJECT_REASON_EXCHANGE_OPTION,,
1789652637.6,2026-09-17T13:43:57.576622490Z,ACTIVITY_TYPE_TRADE,paccc-usse-midterms-2026-11-03-dem,SELL,ORDER_INTENT_SELL_LONG,0.587,16,CJ1F1HWGPVNJ,passive,7.62,2026-09-17T13:34:52.382064529Z,0.151,-0.05,0,1,ORDER_STATE_PARTIALLY_FILLED,UNSOLICITED_CXL_REASON_UNDEFINED,ORD_REJECT_REASON_EXCHANGE_OPTION,,
1789652962.5,2026-09-17T13:49:22.494283957Z,ACTIVITY_TYPE_TRADE,ewc-usse-nc-2026-11-03-rep,BUY,ORDER_INTENT_BUY_LONG,0.1,198,CJ1N9NHVAVNG,passive,,2026-09-17T13:48:49.377567281Z,0.009,-0.22,0,1,ORDER_STATE_FILLED,UNSOLICITED_CXL_REASON_UNDEFINED,ORD_REJECT_REASON_EXCHANGE_OPTION,,
1789653164.7,2026-09-17T13:52:44.741974778Z,ACTIVITY_TYPE_TRADE,usgubewc-usgub-nm-2026-11-03-rep,BUY,ORDER_INTENT_SELL_SHORT,0.1,20,CHMGE38D4VNK,passive,-15.23,2026-09-16T22:26:09.348507597Z,15.443,-0.02,0,1,ORDER_STATE_FILLED,UNSOLICITED_CXL_REASON_UNDEFINED,ORD_REJECT_REASON_EXCHANGE_OPTION,,
1789654311.2,2026-09-17T14:11:51.193366083Z,ACTIVITY_TYPE_TRADE,paccc-usse-midterms-2026-11-03-dem,SELL,ORDER_INTENT_SELL_LONG,0.587,47,CJ1R9ENQ8VNM,passive,22.37,2026-09-17T13:54:49.332416531Z,0.284,-0.14,0,1,ORDER_STATE_FILLED,UNSOLICITED_CXL_REASON_UNDEFINED,ORD_REJECT_REASON_EXCHANGE_OPTION,,
1789654426.0,2026-09-17T14:13:46.009319406Z,ACTIVITY_TYPE_TRANSFER,,,,,,,,,,,,,,,,,387.81,
1789655087.9,2026-09-17T14:24:47.930432216Z,ACTIVITY_TYPE_TRADE,paccc-usse-midterms-2026-11-03-dem,SELL,ORDER_INTENT_SELL_LONG,0.587,8,CJ22MTQ44VNP,passive,3.8,2026-09-17T14:17:24.519558956Z,0.123,-0.02,0,1,ORDER_STATE_PARTIALLY_FILLED,UNSOLICITED_CXL_REASON_UNDEFINED,ORD_REJECT_REASON_EXCHANGE_OPTION,,
1789655465.8,2026-09-17T14:31:05.789453025Z,ACTIVITY_TYPE_TRADE,usgubewc-usgub-nm-2026-11-03-rep,BUY,ORDER_INTENT_SELL_SHORT,0.04,1,CJ1Y13MXJVNM,passive,-0.82,2026-09-17T14:06:24.574760660Z,0.411,0,0,1,ORDER_STATE_PARTIALLY_FILLED,UNSOLICITED_CXL_REASON_UNDEFINED,ORD_REJECT_REASON_EXCHANGE_OPTION,,
1789655657.8,2026-09-17T14:34:17.837917055Z,ACTIVITY_TYPE_TRADE,usgubewc-usgub-ny-2026-11-03-rep,BUY,ORDER_INTENT_BUY_LONG,0.08,55,CJ27G0JN4VNP,passive,,2026-09-17T14:28:37.872354700Z,0.094,-0.05,0,1,ORDER_STATE_PARTIALLY_FILLED,UNSOLICITED_CXL_REASON_UNDEFINED,ORD_REJECT_REASON_EXCHANGE_OPTION,,
1789655840.7,2026-09-17T14:37:20.739834928Z,ACTIVITY_TYPE_TRADE,usgubewc-usgub-co-2026-11-03-dem,SELL,ORDER_INTENT_SELL_LONG,0.99,0.03,CG2TYCFVCVBE,passive,0,2026-09-14T12:36:38.732836609Z,74.012,0,0,1,ORDER_STATE_PARTIALLY_FILLED,UNSOLICITED_CXL_REASON_UNDEFINED,ORD_REJECT_REASON_EXCHANGE_OPTION,,
1789655849.2,2026-09-17T14:37:29.191001099Z,ACTIVITY_TYPE_TRADE,paccc-usse-midterms-2026-11-03-dem,SELL,ORDER_INTENT_SELL_LONG,0.587,1,CJ2B69PACVNA,passive,0.47,2026-09-17T14:35:50.067126905Z,0.028,0,0,1,ORDER_STATE_PARTIALLY_FILLED,UNSOLICITED_CXL_REASON_UNDEFINED,ORD_REJECT_REASON_EXCHANGE_OPTION,,
1789656003.8,2026-09-17T14:40:03.752702843Z,ACTIVITY_TYPE_TRADE,aachc-cfb-wins-ou-2026-11-28-utahst,SELL,ORDER_INTENT_SELL_LONG,0.11,1,CJ1YGQRVWVNP,passive,0.08,2026-09-17T14:07:20.377841252Z,0.545,0,0,1,ORDER_STATE_FILLED,UNSOLICITED_CXL_REASON_UNDEFINED,ORD_REJECT_REASON_EXCHANGE_OPTION,,
1789656228.1,2026-09-17T14:43:48.105888432Z,ACTIVITY_TYPE_TRADE,ussewc-usse-sc-2026-11-03-dem,SELL,ORDER_INTENT_BUY_SHORT,0.18,10,CJ2E2G1MEVNG,passive,,2026-09-17T14:41:24.076431500Z,0.04,-0.02,0,1,ORDER_STATE_FILLED,UNSOLICITED_CXL_REASON_UNDEFINED,ORD_REJECT_REASON_EXCHANGE_OPTION,,
1789656233.4,2026-09-17T14:43:53.363480306Z,ACTIVITY_TYPE_TRADE,usgubewc-usgub-sd-2026-11-03-dem,BUY,ORDER_INTENT_SELL_SHORT,0.05,10,CHYV1G9W0VNA,passive,-8.32,2026-09-17T10:31:33.127203937Z,4.206,-0.01,0,1,ORDER_STATE_FILLED,UNSOLICITED_CXL_REASON_UNDEFINED,ORD_REJECT_REASON_EXCHANGE_OPTION,,
1789656278.4,2026-09-17T14:44:38.418375434Z,ACTIVITY_TYPE_TRADE,ussewc-usse-id-2026-11-03-rep,SELL,ORDER_INTENT_SELL_LONG,0.92,20,CJ2DW66TWVNJ,passive,-0.39,2026-09-17T14:41:23.249596092Z,0.054,-0.02,0,1,ORDER_STATE_FILLED,UNSOLICITED_CXL_REASON_UNDEFINED,ORD_REJECT_REASON_EXCHANGE_OPTION,,
1789656984.1,2026-09-17T14:56:24.074919211Z,ACTIVITY_TYPE_TRADE,paccc-usse-midterms-2026-11-03-dem,BUY,ORDER_INTENT_SELL_SHORT,0.591,110,CJ2KGEP4MVNR,passive,-32.12,2026-09-17T14:54:07.172370406Z,0.038,-0.33,0,1,ORDER_STATE_FILLED,UNSOLICITED_CXL_REASON_UNDEFINED,ORD_REJECT_REASON_EXCHANGE_OPTION,,
1789658705.3,2026-09-17T15:25:05.344627032Z,ACTIVITY_TYPE_POSITION_RESOLUTION,aachc-cfb-wins-2026-11-28-colst-1pt5wins,,,,,,,,,,,,,,,,,keys=afterPosition|beforePosition|comboLegDetails|market|marketSlug|side|tradeId|updateTime
1789662146.8,2026-09-17T16:22:26.832726369Z,ACTIVITY_TYPE_TRADE,paccc-usho-midterms-2026-11-03-rep,SELL,ORDER_INTENT_BUY_SHORT,0.121,32,CJ3W4GBHEVNQ,passive,,2026-09-17T16:19:51.015998710Z,0.043,-0.04,0,1,ORDER_STATE_FILLED,UNSOLICITED_CXL_REASON_UNDEFINED,ORD_REJECT_REASON_EXCHANGE_OPTION,,
1789662818.1,2026-09-17T16:33:38.112864515Z,ACTIVITY_TYPE_TRADE,ussewc-usse-ky-2026-11-03-rep,BUY,ORDER_INTENT_BUY_LONG,0.93,6.38,CHPRYHKT8VNH,passive,,2026-09-17T01:00:57.126797824Z,15.545,-0.01,0,1,ORDER_STATE_PARTIALLY_FILLED,UNSOLICITED_CXL_REASON_UNDEFINED,ORD_REJECT_REASON_EXCHANGE_OPTION,,
1789662818.5,2026-09-17T16:33:38.511303312Z,ACTIVITY_TYPE_TRADE,ussewc-usse-ky-2026-11-03-rep,BUY,ORDER_INTENT_BUY_LONG,0.93,3.62,CHPRYHKT8VNH,passive,,2026-09-17T01:00:57.126797824Z,15.545,0,0,1,ORDER_STATE_FILLED,UNSOLICITED_CXL_REASON_UNDEFINED,ORD_REJECT_REASON_EXCHANGE_OPTION,,
1789663087.5,2026-09-17T16:38:07.539278267Z,ACTIVITY_TYPE_TRADE,cpoc-ussec-tx-me-2026-11-03-dsweep,BUY,ORDER_INTENT_BUY_LONG,0.64,1,CJ3SW3EB2VNG,passive,,2026-09-17T16:15:24.259652509Z,0.379,0,0,1,ORDER_STATE_FILLED,UNSOLICITED_CXL_REASON_UNDEFINED,ORD_REJECT_REASON_EXCHANGE_OPTION,,
1789665848.8,2026-09-17T17:24:08.797363798Z,ACTIVITY_TYPE_TRADE,usgubewc-usgub-me-2026-11-03-rep,SELL,ORDER_INTENT_BUY_SHORT,0.05,20,CHSS6EJM6VNN,passive,,2026-09-17T04:36:17.477306261Z,12.798,-0.01,0,1,ORDER_STATE_FILLED,UNSOLICITED_CXL_REASON_UNDEFINED,ORD_REJECT_REASON_EXCHANGE_OPTION,,
1789666209.4,2026-09-17T17:30:09.429920365Z,ACTIVITY_TYPE_TRADE,ussewc-usse-fl-2026-11-03-rep,SELL,ORDER_INTENT_BUY_SHORT,0.89,42.98,CHTHCKQQRVNQ,passive,,2026-09-17T05:29:39.596957520Z,12.008,-0.05,0,1,ORDER_STATE_PARTIALLY_FILLED,UNSOLICITED_CXL_REASON_UNDEFINED,ORD_REJECT_REASON_EXCHANGE_OPTION,,
1789666471.7,2026-09-17T17:34:31.721118858Z,ACTIVITY_TYPE_TRADE,cpoc-ussec-tx-me-2026-11-03-dsweep,SELL,ORDER_INTENT_BUY_SHORT,0.53,18.26,CJ4XNFN0RVNM,passive,,2026-09-17T17:32:29.583086066Z,0.034,-0.06,0,1,ORDER_STATE_PARTIALLY_FILLED,UNSOLICITED_CXL_REASON_UNDEFINED,ORD_REJECT_REASON_EXCHANGE_OPTION,,
1789667761.3,2026-09-17T17:56:01.272423030Z,ACTIVITY_TYPE_TRADE,paccc-usse-midterms-2026-11-03-dem,BUY,ORDER_INTENT_SELL_SHORT,0.601,56,CJ4ZXC1QJVNM,passive,-15.79,2026-09-17T17:38:01.508520299Z,0.3,-0.17,0,1,ORDER_STATE_FILLED,UNSOLICITED_CXL_REASON_UNDEFINED,ORD_REJECT_REASON_EXCHANGE_OPTION,,
1789668821.0,2026-09-17T18:13:41.038302405Z,ACTIVITY_TYPE_TRADE,ussewc-usse-de-2026-11-03-rep,SELL,ORDER_INTENT_BUY_SHORT,0.03,10,CHCT9RNZCVNA,passive,,2026-09-16T13:28:21.093522682Z,28.756,0,0,1,ORDER_STATE_FILLED,UNSOLICITED_CXL_REASON_UNDEFINED,ORD_REJECT_REASON_EXCHANGE_OPTION,,
1789669511.7,2026-09-17T18:25:11.704962663Z,ACTIVITY_TYPE_TRADE,scc-hrep-rep-2026-11-03-gte210,SELL,ORDER_INTENT_SELL_LONG,0.31,129.87,CHTZ0EWW6VNG,passive,-13.92,2026-09-17T06:00:15.423405245Z,12.416,-0.35,0,1,ORDER_STATE_PARTIALLY_FILLED,UNSOLICITED_CXL_REASON_UNDEFINED,ORD_REJECT_REASON_EXCHANGE_OPTION,,
1789670551.2,2026-09-17T18:42:31.210416403Z,ACTIVITY_TYPE_TRADE,aachc-cfb-wins-2026-11-28-nw-6pt5wins,BUY,ORDER_INTENT_BUY_LONG,0.33,1,CJ1YANSDPVNQ,passive,,2026-09-17T14:07:22.039352926Z,4.586,0,0,1,ORDER_STATE_FILLED,UNSOLICITED_CXL_REASON_UNDEFINED,ORD_REJECT_REASON_EXCHANGE_OPTION,,
1789671306.6,2026-09-17T18:55:06.559114182Z,ACTIVITY_TYPE_TRADE,paccc-usse-midterms-2026-11-03-dem,SELL,ORDER_INTENT_SELL_LONG,0.602,34,CJ5W8PD6MVNK,passive,16.69,2026-09-17T18:38:29.886028121Z,0.277,-0.1,0,1,ORDER_STATE_PARTIALLY_FILLED,UNSOLICITED_CXL_REASON_UNDEFINED,ORD_REJECT_REASON_EXCHANGE_OPTION,,
1789671688.2,2026-09-17T19:01:28.202023809Z,ACTIVITY_TYPE_TRADE,paccc-usse-midterms-2026-11-03-dem,SELL,ORDER_INTENT_SELL_LONG,0.602,22,CJ5W8PD6MVNK,passive,10.81,2026-09-17T18:38:29.886028121Z,0.383,-0.07,0,1,ORDER_STATE_FILLED,UNSOLICITED_CXL_REASON_UNDEFINED,ORD_REJECT_REASON_EXCHANGE_OPTION,,
1789673115.4,2026-09-17T19:25:15.424745374Z,ACTIVITY_TYPE_TRADE,cpoc-ussec-tx-me-2026-11-03-dtx-rme,SELL,ORDER_INTENT_BUY_SHORT,0.06,0.01,CJ6H06E8EVNJ,passive,,2026-09-17T19:24:42.451932359Z,0.009,0,0,1,ORDER_STATE_PARTIALLY_FILLED,UNSOLICITED_CXL_REASON_UNDEFINED,ORD_REJECT_REASON_EXCHANGE_OPTION,,
1789673172.8,2026-09-17T19:26:12.847766707Z,ACTIVITY_TYPE_TRADE,cpoc-ussec-tx-me-2026-11-03-dtx-rme,SELL,ORDER_INTENT_BUY_SHORT,0.06,0.99,CJ6H06E8EVNJ,passive,,2026-09-17T19:24:42.451932359Z,0.025,0,0,1,ORDER_STATE_FILLED,UNSOLICITED_CXL_REASON_UNDEFINED,ORD_REJECT_REASON_EXCHANGE_OPTION,,
1789673348.4,2026-09-17T19:29:08.420839010Z,ACTIVITY_TYPE_TRADE,ussewc-usse-nj-2026-11-03-dem,SELL,ORDER_INTENT_SELL_LONG,0.98,1,CJ5WD3NVEVNM,passive,0.02,2026-09-17T18:38:38.571848828Z,0.842,0,0,1,ORDER_STATE_FILLED,UNSOLICITED_CXL_REASON_UNDEFINED,ORD_REJECT_REASON_EXCHANGE_OPTION,,
1789673450.8,2026-09-17T19:30:50.786271820Z,ACTIVITY_TYPE_TRADE,aachc-cfb-wins-2026-11-28-clmsn-5pt5wins,SELL,ORDER_INTENT_SELL_LONG,0.57,1,CJ02WNM30VNQ,passive,0.2,2026-09-17T11:56:54.269419239Z,7.566,0,0,1,ORDER_STATE_FILLED,UNSOLICITED_CXL_REASON_UNDEFINED,ORD_REJECT_REASON_EXCHANGE_OPTION,,
1789673456.7,2026-09-17T19:30:56.733117459Z,ACTIVITY_TYPE_TRADE,paccc-usse-midterms-2026-11-03-dem,BUY,ORDER_INTENT_SELL_SHORT,0.601,31,CJ66NYASAVNA,passive,-8.74,2026-09-17T19:01:46.602626855Z,0.486,-0.09,0,1,ORDER_STATE_FILLED,UNSOLICITED_CXL_REASON_UNDEFINED,ORD_REJECT_REASON_EXCHANGE_OPTION,,
1789673478.2,2026-09-17T19:31:18.184648255Z,ACTIVITY_TYPE_TRADE,paccc-usse-midterms-2026-11-03-dem,BUY,ORDER_INTENT_SELL_SHORT,0.601,37,CJ6KFZ5P8VNM,passive,-10.43,2026-09-17T19:31:12.865803573Z,0.001,-0.11,0,1,ORDER_STATE_FILLED,UNSOLICITED_CXL_REASON_UNDEFINED,ORD_REJECT_REASON_EXCHANGE_OPTION,,
1789674017.2,2026-09-17T19:40:17.222216373Z,ACTIVITY_TYPE_TRADE,cpoc-ussec-tx-me-2026-11-03-dtx-rme,BUY,ORDER_INTENT_SELL_SHORT,0.97,1.05,CJ6NH57YMVNQ,passive,1.02,2026-09-17T19:35:59.776500802Z,0.072,0,0,1,ORDER_STATE_PARTIALLY_FILLED,UNSOLICITED_CXL_REASON_UNDEFINED,ORD_REJECT_REASON_EXCHANGE_OPTION,,
1789674020.2,2026-09-17T19:40:20.204997649Z,ACTIVITY_TYPE_TRADE,cpoc-ussec-tx-me-2026-11-03-dtx-rme,BUY,ORDER_INTENT_SELL_SHORT,0.97,0.08,CJ6NH57YMVNQ,passive,0.08,2026-09-17T19:35:59.776500802Z,0.072,0,0,1,ORDER_STATE_PARTIALLY_FILLED,UNSOLICITED_CXL_REASON_UNDEFINED,ORD_REJECT_REASON_EXCHANGE_OPTION,,
1789674022.2,2026-09-17T19:40:22.200641769Z,ACTIVITY_TYPE_TRADE,cpoc-ussec-tx-me-2026-11-03-dtx-rme,BUY,ORDER_INTENT_SELL_SHORT,0.97,0.08,CJ6NH57YMVNQ,passive,0.08,2026-09-17T19:35:59.776500802Z,0.073,0,0,1,ORDER_STATE_PARTIALLY_FILLED,UNSOLICITED_CXL_REASON_UNDEFINED,ORD_REJECT_REASON_EXCHANGE_OPTION,,
1789674094.3,2026-09-17T19:41:34.285960531Z,ACTIVITY_TYPE_TRADE,usgubewc-usgub-ak-2026-11-03-jonkre,SELL,ORDER_INTENT_BUY_SHORT,0.65,64,CJ6KJ07QYVNQ,passive,,2026-09-17T19:31:13.656134285Z,0.172,-0.18,0,1,ORDER_STATE_FILLED,UNSOLICITED_CXL_REASON_UNDEFINED,ORD_REJECT_REASON_EXCHANGE_OPTION,,
1789674290.4,2026-09-17T19:44:50.443597042Z,ACTIVITY_TYPE_TRADE,cpoc-ussec-tx-me-2026-11-03-dtx-rme,BUY,ORDER_INTENT_SELL_SHORT,0.91,0.1,CJ6RCPC08VNH,passive,0.09,2026-09-17T19:40:57.351057869Z,0.065,0,0,1,ORDER_STATE_PARTIALLY_FILLED,UNSOLICITED_CXL_REASON_UNDEFINED,ORD_REJECT_REASON_EXCHANGE_OPTION,,
1789674293.9,2026-09-17T19:44:53.890156385Z,ACTIVITY_TYPE_TRADE,cpoc-ussec-tx-me-2026-11-03-dtx-rme,SELL,ORDER_INTENT_BUY_SHORT,0.98,0.1,CJ6SNR298VNN,passive,,2026-09-17T19:43:42.207425744Z,0.02,0,0,1,ORDER_STATE_PARTIALLY_FILLED,UNSOLICITED_CXL_REASON_UNDEFINED,ORD_REJECT_REASON_EXCHANGE_OPTION,,
1789674338.4,2026-09-17T19:45:38.418098812Z,ACTIVITY_TYPE_TRADE,cpoc-ussec-tx-me-2026-11-03-dtx-rme,BUY,ORDER_INTENT_SELL_SHORT,0.91,0.01,CJ6RCPC08VNH,passive,0.01,2026-09-17T19:40:57.351057869Z,0.078,0,0,1,ORDER_STATE_PARTIALLY_FILLED,UNSOLICITED_CXL_REASON_UNDEFINED,ORD_REJECT_REASON_EXCHANGE_OPTION,,
1789674341.3,2026-09-17T19:45:41.305884271Z,ACTIVITY_TYPE_TRADE,cpoc-ussec-tx-me-2026-11-03-dtx-rme,SELL,ORDER_INTENT_BUY_SHORT,0.98,0.01,CJ6SNR298VNN,passive,,2026-09-17T19:43:42.207425744Z,0.033,0,0,1,ORDER_STATE_PARTIALLY_FILLED,UNSOLICITED_CXL_REASON_UNDEFINED,ORD_REJECT_REASON_EXCHANGE_OPTION,,
1789674348.8,2026-09-17T19:45:48.832380865Z,ACTIVITY_TYPE_TRADE,cpoc-ussec-tx-me-2026-11-03-dtx-rme,BUY,ORDER_INTENT_SELL_SHORT,0.91,0.88,CJ6RCPC08VNH,passive,0.8,2026-09-17T19:40:57.351057869Z,0.081,0,0,1,ORDER_STATE_PARTIALLY_FILLED,UNSOLICITED_CXL_REASON_UNDEFINED,ORD_REJECT_REASON_EXCHANGE_OPTION,,
1789674350.3,2026-09-17T19:45:50.336048378Z,ACTIVITY_TYPE_TRADE,cpoc-ussec-tx-me-2026-11-03-dtx-rme,BUY,ORDER_INTENT_SELL_SHORT,0.91,0.01,CJ6RCPC08VNH,passive,0.01,2026-09-17T19:40:57.351057869Z,0.081,0,0,1,ORDER_STATE_FILLED,UNSOLICITED_CXL_REASON_UNDEFINED,ORD_REJECT_REASON_EXCHANGE_OPTION,,
1789674355.3,2026-09-17T19:45:55.335377007Z,ACTIVITY_TYPE_TRADE,cpoc-ussec-tx-me-2026-11-03-dtx-rme,SELL,ORDER_INTENT_BUY_SHORT,0.98,0.8,CJ6SNR298VNN,passive,,2026-09-17T19:43:42.207425744Z,0.037,0,0,1,ORDER_STATE_PARTIALLY_FILLED,UNSOLICITED_CXL_REASON_UNDEFINED,ORD_REJECT_REASON_EXCHANGE_OPTION,,
1789674587.5,2026-09-17T19:49:47.527669749Z,ACTIVITY_TYPE_TRADE,cpoc-ussec-tx-me-2026-11-03-dtx-rme,BUY,ORDER_INTENT_BUY_LONG,0.42,1.58,CJ6W2MYDJVNN,passive,,2026-09-17T19:48:58.713304216Z,0.014,0,0,1,ORDER_STATE_PARTIALLY_FILLED,UNSOLICITED_CXL_REASON_UNDEFINED,ORD_REJECT_REASON_EXCHANGE_OPTION,,
1789674588.0,2026-09-17T19:49:48.028549330Z,ACTIVITY_TYPE_TRADE,cpoc-ussec-tx-me-2026-11-03-dsweep,BUY,ORDER_INTENT_SELL_SHORT,0.4,1.58,CJ6VSW0K8VNG,passive,0.63,2026-09-17T19:48:27.086325123Z,0.022,0,0,1,ORDER_STATE_PARTIALLY_FILLED,UNSOLICITED_CXL_REASON_UNDEFINED,ORD_REJECT_REASON_EXCHANGE_OPTION,,
1789674589.5,2026-09-17T19:49:49.532069095Z,ACTIVITY_TYPE_TRADE,cpoc-ussec-tx-me-2026-11-03-dtx-rme,BUY,ORDER_INTENT_BUY_LONG,0.42,2.42,CJ6W2MYDJVNN,passive,,2026-09-17T19:48:58.713304216Z,0.014,-0.01,0,1,ORDER_STATE_PARTIALLY_FILLED,UNSOLICITED_CXL_REASON_UNDEFINED,ORD_REJECT_REASON_EXCHANGE_OPTION,,
1789674590.0,2026-09-17T19:49:50.044675503Z,ACTIVITY_TYPE_TRADE,cpoc-ussec-tx-me-2026-11-03-dsweep,BUY,ORDER_INTENT_SELL_SHORT,0.4,2.42,CJ6VSW0K8VNG,passive,0.98,2026-09-17T19:48:27.086325123Z,0.023,-0.01,0,1,ORDER_STATE_PARTIALLY_FILLED,UNSOLICITED_CXL_REASON_UNDEFINED,ORD_REJECT_REASON_EXCHANGE_OPTION,,
1789674610.5,2026-09-17T19:50:10.544380074Z,ACTIVITY_TYPE_TRADE,paccc-usse-midterms-2026-11-03-dem,BUY,ORDER_INTENT_SELL_SHORT,0.585,29,CJ6RKJF10VNH,passive,-8.64,2026-09-17T19:41:42.438684603Z,0.141,-0.09,0,1,ORDER_STATE_FILLED,UNSOLICITED_CXL_REASON_UNDEFINED,ORD_REJECT_REASON_EXCHANGE_OPTION,,
1789674703.0,2026-09-17T19:51:43.006518078Z,ACTIVITY_TYPE_TRADE,cpoc-ussec-tx-me-2026-11-03-dtx-rme,BUY,ORDER_INTENT_BUY_LONG,0.42,0.99,CJ6W2MYDJVNN,passive,,2026-09-17T19:48:58.713304216Z,0.046,0,0,1,ORDER_STATE_PARTIALLY_FILLED,UNSOLICITED_CXL_REASON_UNDEFINED,ORD_REJECT_REASON_EXCHANGE_OPTION,,
1789674703.5,2026-09-17T19:51:43.491675006Z,ACTIVITY_TYPE_TRADE,cpoc-ussec-tx-me-2026-11-03-dsweep,BUY,ORDER_INTENT_SELL_SHORT,0.4,0.99,CJ6VSW0K8VNG,passive,0.4,2026-09-17T19:48:27.086325123Z,0.055,0,0,1,ORDER_STATE_PARTIALLY_FILLED,UNSOLICITED_CXL_REASON_UNDEFINED,ORD_REJECT_REASON_EXCHANGE_OPTION,,
1789674764.7,2026-09-17T19:52:44.672909914Z,ACTIVITY_TYPE_TRADE,cpoc-ussec-tx-me-2026-11-03-dtx-rme,BUY,ORDER_INTENT_BUY_LONG,0.42,0.99,CJ6W2MYDJVNN,passive,,2026-09-17T19:48:58.713304216Z,0.063,0,0,1,ORDER_STATE_PARTIALLY_FILLED,UNSOLICITED_CXL_REASON_UNDEFINED,ORD_REJECT_REASON_EXCHANGE_OPTION,,
1789674765.2,2026-09-17T19:52:45.166949103Z,ACTIVITY_TYPE_TRADE,cpoc-ussec-tx-me-2026-11-03-dsweep,BUY,ORDER_INTENT_SELL_SHORT,0.4,0.99,CJ6VSW0K8VNG,passive,0.4,2026-09-17T19:48:27.086325123Z,0.072,0,0,1,ORDER_STATE_PARTIALLY_FILLED,UNSOLICITED_CXL_REASON_UNDEFINED,ORD_REJECT_REASON_EXCHANGE_OPTION,,
1789674823.6,2026-09-17T19:53:43.553679754Z,ACTIVITY_TYPE_TRADE,cpoc-ussec-tx-me-2026-11-03-dtx-rme,BUY,ORDER_INTENT_BUY_LONG,0.42,0.09,CJ6W2MYDJVNN,passive,,2026-09-17T19:48:58.713304216Z,0.079,0,0,1,ORDER_STATE_PARTIALLY_FILLED,UNSOLICITED_CXL_REASON_UNDEFINED,ORD_REJECT_REASON_EXCHANGE_OPTION,,
1789674824.1,2026-09-17T19:53:44.081010996Z,ACTIVITY_TYPE_TRADE,cpoc-ussec-tx-me-2026-11-03-dsweep,BUY,ORDER_INTENT_SELL_SHORT,0.4,0.09,CJ6VSW0K8VNG,passive,0.04,2026-09-17T19:48:27.086325123Z,0.088,0,0,1,ORDER_STATE_PARTIALLY_FILLED,UNSOLICITED_CXL_REASON_UNDEFINED,ORD_REJECT_REASON_EXCHANGE_OPTION,,
1789674885.6,2026-09-17T19:54:45.646885473Z,ACTIVITY_TYPE_TRADE,cpoc-ussec-tx-me-2026-11-03-dtx-rme,BUY,ORDER_INTENT_BUY_LONG,0.43,1.02,CJ6Y682EMVNG,passive,,2026-09-17T19:53:59.583931265Z,0.013,0,0,1,ORDER_STATE_PARTIALLY_FILLED,UNSOLICITED_CXL_REASON_UNDEFINED,ORD_REJECT_REASON_EXCHANGE_OPTION,,
1789674886.2,2026-09-17T19:54:46.151539798Z,ACTIVITY_TYPE_TRADE,cpoc-ussec-tx-me-2026-11-03-dsweep,BUY,ORDER_INTENT_SELL_SHORT,0.4,1.02,CJ6VSW0K8VNG,passive,0.41,2026-09-17T19:48:27.086325123Z,0.105,0,0,1,ORDER_STATE_PARTIALLY_FILLED,UNSOLICITED_CXL_REASON_UNDEFINED,ORD_REJECT_REASON_EXCHANGE_OPTION,,
1789674898.1,2026-09-17T19:54:58.067679616Z,ACTIVITY_TYPE_TRADE,paccc-usse-midterms-2026-11-03-dem,BUY,ORDER_INTENT_SELL_SHORT,0.585,22,CJ6WRH2D8VNG,passive,-6.55,2026-09-17T19:50:42.100718557Z,0.071,-0.07,0,1,ORDER_STATE_FILLED,UNSOLICITED_CXL_REASON_UNDEFINED,ORD_REJECT_REASON_EXCHANGE_OPTION,,
1789674950.3,2026-09-17T19:55:50.276245231Z,ACTIVITY_TYPE_TRADE,cpoc-ussec-tx-me-2026-11-03-dtx-rme,BUY,ORDER_INTENT_BUY_LONG,0.43,0.77,CJ6Y682EMVNG,passive,,2026-09-17T19:53:59.583931265Z,0.031,0,0,1,ORDER_STATE_PARTIALLY_FILLED,UNSOLICITED_CXL_REASON_UNDEFINED,ORD_REJECT_REASON_EXCHANGE_OPTION,,
1789674950.8,2026-09-17T19:55:50.814460340Z,ACTIVITY_TYPE_TRADE,cpoc-ussec-tx-me-2026-11-03-dsweep,BUY,ORDER_INTENT_SELL_SHORT,0.4,0.77,CJ6VSW0K8VNG,passive,0.31,2026-09-17T19:48:27.086325123Z,0.123,0,0,1,ORDER_STATE_PARTIALLY_FILLED,UNSOLICITED_CXL_REASON_UNDEFINED,ORD_REJECT_REASON_EXCHANGE_OPTION,,
1789675067.0,2026-09-17T19:57:47.009111501Z,ACTIVITY_TYPE_TRADE,cpoc-ussec-tx-me-2026-11-03-dtx-rme,BUY,ORDER_INTENT_BUY_LONG,0.43,0.17,CJ6Y682EMVNG,passive,,2026-09-17T19:53:59.583931265Z,0.063,0,0,1,ORDER_STATE_PARTIALLY_FILLED,UNSOLICITED_CXL_REASON_UNDEFINED,ORD_REJECT_REASON_EXCHANGE_OPTION,,
1789675067.6,2026-09-17T19:57:47.557556799Z,ACTIVITY_TYPE_TRADE,cpoc-ussec-tx-me-2026-11-03-dsweep,BUY,ORDER_INTENT_SELL_SHORT,0.4,0.17,CJ6VSW0K8VNG,passive,0.07,2026-09-17T19:48:27.086325123Z,0.156,0,0,1,ORDER_STATE_PARTIALLY_FILLED,UNSOLICITED_CXL_REASON_UNDEFINED,ORD_REJECT_REASON_EXCHANGE_OPTION,,
1789675404.1,2026-09-17T20:03:24.084955161Z,ACTIVITY_TYPE_POSITION_RESOLUTION,aachc-cfb-wins-2026-11-28-ohiost-11pt5wins,,,,,,,,,,,,,,,,,keys=afterPosition|beforePosition|comboLegDetails|market|marketSlug|side|tradeId|updateTime
1789675404.1,2026-09-17T20:03:24.100211437Z,ACTIVITY_TYPE_POSITION_RESOLUTION,aachc-cfb-wins-2026-11-28-ore-11pt5wins,,,,,,,,,,,,,,,,,keys=afterPosition|beforePosition|comboLegDetails|market|marketSlug|side|tradeId|updateTime
1789675689.9,2026-09-17T20:08:09.883954375Z,ACTIVITY_TYPE_TRADE,ussewc-usse-co-2026-11-03-rep,SELL,ORDER_INTENT_SELL_LONG,0.05,18.79,CGYWF5JCYVNM,passive,-0.5,2026-09-15T21:15:03.512582959Z,46.885,-0.01,0,1,ORDER_STATE_PARTIALLY_FILLED,UNSOLICITED_CXL_REASON_UNDEFINED,ORD_REJECT_REASON_EXCHANGE_OPTION,,
1789676191.1,2026-09-17T20:16:31.137886322Z,ACTIVITY_TYPE_TRADE,ussewc-usse-nm-2026-11-03-rep,SELL,ORDER_INTENT_BUY_SHORT,0.03,20,CHGN8B8HRVNN,passive,,2026-09-16T17:54:45.482087841Z,26.363,-0.01,0,1,ORDER_STATE_FILLED,UNSOLICITED_CXL_REASON_UNDEFINED,ORD_REJECT_REASON_EXCHANGE_OPTION,,
1789677029.5,2026-09-17T20:30:29.463905131Z,ACTIVITY_TYPE_TRADE,paccc-usho-midterms-2026-11-03-rep,BUY,ORDER_INTENT_SELL_SHORT,0.121,32,CJ4EGDM5JVNG,passive,-18.96,2026-09-17T17:00:29.531678012Z,3.5,-0.04,0,1,ORDER_STATE_FILLED,UNSOLICITED_CXL_REASON_UNDEFINED,ORD_REJECT_REASON_EXCHANGE_OPTION,,
1789677224.9,2026-09-17T20:33:44.933395876Z,ACTIVITY_TYPE_TRADE,ussewc-usse-fl-2026-11-03-rep,SELL,ORDER_INTENT_BUY_SHORT,0.89,24,CJ4X9PRPJVNN,passive,,2026-09-17T17:31:18.928621427Z,3.041,-0.03,0,1,ORDER_STATE_PARTIALLY_FILLED,UNSOLICITED_CXL_REASON_UNDEFINED,ORD_REJECT_REASON_EXCHANGE_OPTION,,
1789677692.3,2026-09-17T20:41:32.341413118Z,ACTIVITY_TYPE_TRADE,cpoc-ussec-tx-me-2026-11-03-dtx-rme,BUY,ORDER_INTENT_SELL_SHORT,0.68,1,CJ74RFC96VNN,passive,0.68,2026-09-17T20:09:27.190555804Z,0.535,0,0,1,ORDER_STATE_FILLED,UNSOLICITED_CXL_REASON_UNDEFINED,ORD_REJECT_REASON_EXCHANGE_OPTION,,
1789677906.5,2026-09-17T20:45:06.534281059Z,ACTIVITY_TYPE_TRADE,cpoc-ussec-tx-me-2026-11-03-dtx-rme,BUY,ORDER_INTENT_SELL_SHORT,0.44,1,CJ73K7QNGVNN,passive,0.44,2026-09-17T20:06:43.860044476Z,0.64,0,0,1,ORDER_STATE_FILLED,UNSOLICITED_CXL_REASON_UNDEFINED,ORD_REJECT_REASON_EXCHANGE_OPTION,,
1789677971.3,2026-09-17T20:46:11.322263492Z,ACTIVITY_TYPE_TRADE,paccc-usse-midterms-2026-11-03-dem,SELL,ORDER_INTENT_SELL_LONG,0.586,63,CJ7MSW69TVNG,passive,29.92,2026-09-17T20:44:59.565087077Z,0.02,-0.19,0,1,ORDER_STATE_FILLED,UNSOLICITED_CXL_REASON_UNDEFINED,ORD_REJECT_REASON_EXCHANGE_OPTION,,
1789678716.8,2026-09-17T20:58:36.782278580Z,ACTIVITY_TYPE_ACCOUNT_WITHDRAWAL,,,,,,,,,,,,,,,,,387.81,
1789680750.7,2026-09-17T21:32:30.730192921Z,ACTIVITY_TYPE_TRADE,scc-senate-gop-2026-11-03-lte45,SELL,ORDER_INTENT_SELL_LONG,0.09,104.54,CHP1N2KGRVNH,passive,-0.96,2026-09-17T00:11:10.053866559Z,21.356,-0.11,0,1,ORDER_STATE_PARTIALLY_FILLED,UNSOLICITED_CXL_REASON_UNDEFINED,ORD_REJECT_REASON_EXCHANGE_OPTION,,
1789680999.1,2026-09-17T21:36:39.066733274Z,ACTIVITY_TYPE_TRADE,cpoc-ussec-tx-me-2026-11-03-dsweep,BUY,ORDER_INTENT_SELL_SHORT,0.5,0.09,CJ81SP3VCVNA,passive,0.04,2026-09-17T21:13:12.961047152Z,0.391,0,0,1,ORDER_STATE_PARTIALLY_FILLED,UNSOLICITED_CXL_REASON_UNDEFINED,ORD_REJECT_REASON_EXCHANGE_OPTION,,
1789681054.6,2026-09-17T21:37:34.593350812Z,ACTIVITY_TYPE_TRADE,cpoc-ussec-tx-me-2026-11-03-dsweep,BUY,ORDER_INTENT_SELL_SHORT,0.5,0.09,CJ81SP3VCVNA,passive,0.04,2026-09-17T21:13:12.961047152Z,0.406,0,0,1,ORDER_STATE_PARTIALLY_FILLED,UNSOLICITED_CXL_REASON_UNDEFINED,ORD_REJECT_REASON_EXCHANGE_OPTION,,
1789681171.1,2026-09-17T21:39:31.121518056Z,ACTIVITY_TYPE_TRADE,cpoc-ussec-tx-me-2026-11-03-dsweep,BUY,ORDER_INTENT_SELL_SHORT,0.5,0.09,CJ81SP3VCVNA,passive,0.04,2026-09-17T21:13:12.961047152Z,0.438,0,0,1,ORDER_STATE_PARTIALLY_FILLED,UNSOLICITED_CXL_REASON_UNDEFINED,ORD_REJECT_REASON_EXCHANGE_OPTION,,
1789681522.5,2026-09-17T21:45:22.460258034Z,ACTIVITY_TYPE_TRADE,paccc-usse-midterms-2026-11-03-dem,SELL,ORDER_INTENT_SELL_LONG,0.592,16,CJ86A6Q2JVNR,passive,7.7,2026-09-17T21:24:00.271425714Z,0.356,-0.05,0,1,ORDER_STATE_PARTIALLY_FILLED,UNSOLICITED_CXL_REASON_UNDEFINED,ORD_REJECT_REASON_EXCHANGE_OPTION,,
1789681581.4,2026-09-17T21:46:21.431924401Z,ACTIVITY_TYPE_TRADE,paccc-usse-midterms-2026-11-03-dem,SELL,ORDER_INTENT_SELL_LONG,0.592,47,CJ86A6Q2JVNR,passive,22.6,2026-09-17T21:24:00.271425714Z,0.373,-0.14,0,1,ORDER_STATE_FILLED,UNSOLICITED_CXL_REASON_UNDEFINED,ORD_REJECT_REASON_EXCHANGE_OPTION,,
1789682190.9,2026-09-17T21:56:30.943023067Z,ACTIVITY_TYPE_TRADE,cpoc-ussec-tx-me-2026-11-03-dsweep,BUY,ORDER_INTENT_SELL_SHORT,0.5,0.01,CJ81SP3VCVNA,passive,0.01,2026-09-17T21:13:12.961047152Z,0.722,0,0,1,ORDER_STATE_PARTIALLY_FILLED,UNSOLICITED_CXL_REASON_UNDEFINED,ORD_REJECT_REASON_EXCHANGE_OPTION,,
1789682565.9,2026-09-17T22:02:45.916050853Z,ACTIVITY_TYPE_TRADE,cpoc-ussec-tx-me-2026-11-03-dsweep,BUY,ORDER_INTENT_SELL_SHORT,0.5,0.04,CJ81SP3VCVNA,passive,0.02,2026-09-17T21:13:12.961047152Z,0.826,0,0,1,ORDER_STATE_PARTIALLY_FILLED,UNSOLICITED_CXL_REASON_UNDEFINED,ORD_REJECT_REASON_EXCHANGE_OPTION,,
1789682965.5,2026-09-17T22:09:25.532050329Z,ACTIVITY_TYPE_TRADE,paccc-usse-midterms-2026-11-03-dem,SELL,ORDER_INTENT_BUY_SHORT,0.592,42,CJ8SM4GPYVNP,passive,,2026-09-17T22:06:43.510067030Z,0.045,-0.13,0,1,ORDER_STATE_FILLED,UNSOLICITED_CXL_REASON_UNDEFINED,ORD_REJECT_REASON_EXCHANGE_OPTION,,
1789683081.1,2026-09-17T22:11:21.134817181Z,ACTIVITY_TYPE_TRADE,aachc-cfb-wins-ou-2026-11-28-utahst,BUY,ORDER_INTENT_SELL_SHORT,0.49,1,CJ30N7CJ4VNA,passive,-0.48,2026-09-17T15:21:39.042196214Z,6.828,0,0,1,ORDER_STATE_FILLED,UNSOLICITED_CXL_REASON_UNDEFINED,ORD_REJECT_REASON_EXCHANGE_OPTION,,
1789683306.6,2026-09-17T22:15:06.567220181Z,ACTIVITY_TYPE_TRADE,scc-senate-gop-2026-11-03-52,SELL,ORDER_INTENT_BUY_SHORT,0.07,13,CJ8V2P6Q6VNP,passive,,2026-09-17T22:09:58.360129002Z,0.086,-0.01,0,1,ORDER_STATE_FILLED,UNSOLICITED_CXL_REASON_UNDEFINED,ORD_REJECT_REASON_EXCHANGE_OPTION,,
1789683306.6,2026-09-17T22:15:06.567220181Z,ACTIVITY_TYPE_TRADE,scc-senate-gop-2026-11-03-52,SELL,ORDER_INTENT_BUY_SHORT,0.07,26,CJ5PA1958VNK,passive,,2026-09-17T18:26:01.967701203Z,3.818,-0.02,0,1,ORDER_STATE_FILLED,UNSOLICITED_CXL_REASON_UNDEFINED,ORD_REJECT_REASON_EXCHANGE_OPTION,,
1789683802.0,2026-09-17T22:23:21.957925659Z,ACTIVITY_TYPE_TRADE,paccc-usse-midterms-2026-11-03-dem,SELL,ORDER_INTENT_SELL_LONG,0.593,63,CJ8W3NP4MVNJ,passive,9.09,2026-09-17T22:11:43.884461519Z,0.194,-0.19,0,1,ORDER_STATE_FILLED,UNSOLICITED_CXL_REASON_UNDEFINED,ORD_REJECT_REASON_EXCHANGE_OPTION,,
1789683931.8,2026-09-17T22:25:31.828605187Z,ACTIVITY_TYPE_TRADE,scc-senate-gop-2026-11-03-49,BUY,ORDER_INTENT_SELL_SHORT,0.16,9.31,CJ1957XX6VNQ,passive,-6.54,2026-09-17T13:21:39.010850791Z,9.065,-0.02,0,1,ORDER_STATE_PARTIALLY_FILLED,UNSOLICITED_CXL_REASON_UNDEFINED,ORD_REJECT_REASON_EXCHANGE_OPTION,,
1789684321.8,2026-09-17T22:32:01.822889094Z,ACTIVITY_TYPE_TRADE,cpoc-ussec-tx-me-2026-11-03-dsweep,BUY,ORDER_INTENT_SELL_SHORT,0.5,1.04,CJ81SP3VCVNA,passive,0.52,2026-09-17T21:13:12.961047152Z,1.314,0,0,1,ORDER_STATE_PARTIALLY_FILLED,UNSOLICITED_CXL_REASON_UNDEFINED,ORD_REJECT_REASON_EXCHANGE_OPTION,,
1789684322.3,2026-09-17T22:32:02.316459162Z,ACTIVITY_TYPE_TRADE,cpoc-ussec-tx-me-2026-11-03-dtx-rme,BUY,ORDER_INTENT_BUY_LONG,0.47,1.04,CJ948VQ7TVNN,passive,,2026-09-17T22:31:08.875434642Z,0.015,0,0,1,ORDER_STATE_PARTIALLY_FILLED,UNSOLICITED_CXL_REASON_UNDEFINED,ORD_REJECT_REASON_EXCHANGE_OPTION,,
1789684496.6,2026-09-17T22:34:56.593928990Z,ACTIVITY_TYPE_TRADE,scc-hrep-rep-2026-11-03-gte210,SELL,ORDER_INTENT_SELL_LONG,0.31,65,CJ5YH9VM6VNH,passive,-6.97,2026-09-17T18:43:27.033342774Z,3.858,-0.17,0,1,ORDER_STATE_FILLED,UNSOLICITED_CXL_REASON_UNDEFINED,ORD_REJECT_REASON_EXCHANGE_OPTION,,
1789685302.1,2026-09-17T22:48:22.107178093Z,ACTIVITY_TYPE_TRADE,aachc-cfb-wins-2026-11-28-boscol-1pt5wins,SELL,ORDER_INTENT_SELL_LONG,0.98,1,CJ1130GS6VNN,passive,0.98,2026-09-17T13:04:43.781384813Z,9.727,0,0,1,ORDER_STATE_FILLED,UNSOLICITED_CXL_REASON_UNDEFINED,ORD_REJECT_REASON_EXCHANGE_OPTION,,
1789686119.6,2026-09-17T23:01:59.624149966Z,ACTIVITY_TYPE_TRADE,paccc-usse-midterms-2026-11-03-dem,BUY,ORDER_INTENT_SELL_SHORT,0.592,7,CJ96JPFYJVNR,passive,0.33,2026-09-17T22:36:10.322495767Z,0.43,-0.02,0,1,ORDER_STATE_PARTIALLY_FILLED,UNSOLICITED_CXL_REASON_UNDEFINED,ORD_REJECT_REASON_EXCHANGE_OPTION,,
1789686236.0,2026-09-17T23:03:56.028021767Z,ACTIVITY_TYPE_TRADE,paccc-usse-midterms-2026-11-03-dem,BUY,ORDER_INTENT_SELL_SHORT,0.592,16,CJ96JPFYJVNR,passive,0.75,2026-09-17T22:36:10.322495767Z,0.463,-0.05,0,1,ORDER_STATE_PARTIALLY_FILLED,UNSOLICITED_CXL_REASON_UNDEFINED,ORD_REJECT_REASON_EXCHANGE_OPTION,,
1789686320.0,2026-09-17T23:05:20.013703429Z,ACTIVITY_TYPE_TRADE,paccc-usse-midterms-2026-11-03-dem,BUY,ORDER_INTENT_SELL_SHORT,0.592,16,CJ96JPFYJVNR,passive,0.75,2026-09-17T22:36:10.322495767Z,0.486,-0.05,0,1,ORDER_STATE_PARTIALLY_FILLED,UNSOLICITED_CXL_REASON_UNDEFINED,ORD_REJECT_REASON_EXCHANGE_OPTION,,
1789686535.4,2026-09-17T23:08:55.377905437Z,ACTIVITY_TYPE_TRADE,paccc-usse-midterms-2026-11-03-dem,BUY,ORDER_INTENT_SELL_SHORT,0.592,16,CJ96JPFYJVNR,passive,0.75,2026-09-17T22:36:10.322495767Z,0.546,-0.05,0,1,ORDER_STATE_PARTIALLY_FILLED,UNSOLICITED_CXL_REASON_UNDEFINED,ORD_REJECT_REASON_EXCHANGE_OPTION,,
1789686626.3,2026-09-17T23:10:26.339458348Z,ACTIVITY_TYPE_TRADE,usgubewc-usgub-ri-2026-11-03-dem,BUY,ORDER_INTENT_BUY_LONG,0.92,21,CJ9P0WWC8VNG,passive,-2129.63,2026-09-17T23:09:49.551290894Z,0.01,-0.02,0,1,ORDER_STATE_FILLED,UNSOLICITED_CXL_REASON_UNDEFINED,ORD_REJECT_REASON_EXCHANGE_OPTION,,
1789686626.3,2026-09-17T23:10:26.339458348Z,ACTIVITY_TYPE_TRADE,usgubewc-usgub-ri-2026-11-03-dem,BUY,ORDER_INTENT_BUY_LONG,0.92,40,CJ5YZJ546VNN,passive,-4056.42,2026-09-17T18:44:17.597314134Z,4.436,-0.04,0,1,ORDER_STATE_FILLED,UNSOLICITED_CXL_REASON_UNDEFINED,ORD_REJECT_REASON_EXCHANGE_OPTION,,
1789686626.3,2026-09-17T23:10:26.339458348Z,ACTIVITY_TYPE_TRADE,usgubewc-usgub-ri-2026-11-03-dem,BUY,ORDER_INTENT_SELL_SHORT,0.92,25,CHRDS965MVNK,passive,-2535.27,2026-09-17T02:59:42.631521520Z,20.179,-0.02,0,1,ORDER_STATE_FILLED,UNSOLICITED_CXL_REASON_UNDEFINED,ORD_REJECT_REASON_EXCHANGE_OPTION,,
1789686686.5,2026-09-17T23:11:26.470033606Z,ACTIVITY_TYPE_TRADE,usgubewc-usgub-il-2026-11-03-dem,BUY,ORDER_INTENT_BUY_LONG,0.94,19.91,CJ8K04S90VNM,passive,-10.24,2026-09-17T21:52:36.028606019Z,1.314,-0.01,0,1,ORDER_STATE_PARTIALLY_FILLED,UNSOLICITED_CXL_REASON_UNDEFINED,ORD_REJECT_REASON_EXCHANGE_OPTION,,
1789686686.5,2026-09-17T23:11:26.470033606Z,ACTIVITY_TYPE_TRADE,usgubewc-usgub-il-2026-11-03-dem,SELL,ORDER_INTENT_SELL_LONG,0.94,13.03,CJ9Q18DGGVNP,aggressor,-6.7,2026-09-17T23:11:26.468074990Z,0,0.05,0,1,ORDER_STATE_PARTIALLY_FILLED,UNSOLICITED_CXL_REASON_UNDEFINED,ORD_REJECT_REASON_EXCHANGE_OPTION,,
1789686690.9,2026-09-17T23:11:30.870475502Z,ACTIVITY_TYPE_TRADE,usgubewc-usgub-il-2026-11-03-rep,BUY,ORDER_INTENT_SELL_SHORT,0.06,0.38,CJ9PT5MBTVNN,aggressor,-0.27,2026-09-17T23:11:30.868870509Z,0,0,0,1,ORDER_STATE_FILLED,UNSOLICITED_CXL_REASON_UNDEFINED,ORD_REJECT_REASON_EXCHANGE_OPTION,,
1789686817.5,2026-09-17T23:13:37.471774765Z,ACTIVITY_TYPE_TRADE,paccc-usse-midterms-2026-11-03-dem,BUY,ORDER_INTENT_SELL_SHORT,0.592,16,CJ96JPFYJVNR,passive,0.75,2026-09-17T22:36:10.322495767Z,0.624,-0.05,0,1,ORDER_STATE_PARTIALLY_FILLED,UNSOLICITED_CXL_REASON_UNDEFINED,ORD_REJECT_REASON_EXCHANGE_OPTION,,
1789687926.2,2026-09-17T23:32:06.241390744Z,ACTIVITY_TYPE_TRADE,cpoc-ussec-tx-me-2026-11-03-dtx-rme,BUY,ORDER_INTENT_BUY_LONG,0.49,46,CJA0Z7NA0VNM,passive,,2026-09-17T23:31:54.446022062Z,0.003,-0.14,0,1,ORDER_STATE_FILLED,UNSOLICITED_CXL_REASON_UNDEFINED,ORD_REJECT_REASON_EXCHANGE_OPTION,,
1789688165.9,2026-09-17T23:36:05.865953634Z,ACTIVITY_TYPE_TRADE,aachc-cfb-wins-2026-11-28-cin-3pt5wins,BUY,ORDER_INTENT_SELL_SHORT,0.94,5,CJ30N7CDTVNA,passive,4.7,2026-09-17T15:21:38.771752955Z,8.241,0,0,1,ORDER_STATE_FILLED,UNSOLICITED_CXL_REASON_UNDEFINED,ORD_REJECT_REASON_EXCHANGE_OPTION,,
1789688167.7,2026-09-17T23:36:07.713824843Z,ACTIVITY_TYPE_TRADE,paccc-usse-midterms-2026-11-03-dem,BUY,ORDER_INTENT_SELL_SHORT,0.592,16,CJ9S6D1M2VNH,passive,0.75,2026-09-17T23:15:25.803565048Z,0.345,-0.05,0,1,ORDER_STATE_PARTIALLY_FILLED,UNSOLICITED_CXL_REASON_UNDEFINED,ORD_REJECT_REASON_EXCHANGE_OPTION,,
1789688218.2,2026-09-17T23:36:58.207274844Z,ACTIVITY_TYPE_TRADE,paccc-usse-midterms-2026-11-03-dem,BUY,ORDER_INTENT_SELL_SHORT,0.592,16,CJ9S6D1M2VNH,passive,0.75,2026-09-17T23:15:25.803565048Z,0.359,-0.05,0,1,ORDER_STATE_PARTIALLY_FILLED,UNSOLICITED_CXL_REASON_UNDEFINED,ORD_REJECT_REASON_EXCHANGE_OPTION,,
1789688271.3,2026-09-17T23:37:51.268586914Z,ACTIVITY_TYPE_TRADE,paccc-usse-midterms-2026-11-03-dem,BUY,ORDER_INTENT_SELL_SHORT,0.592,16,CJ9S6D1M2VNH,passive,0.75,2026-09-17T23:15:25.803565048Z,0.374,-0.05,0,1,ORDER_STATE_PARTIALLY_FILLED,UNSOLICITED_CXL_REASON_UNDEFINED,ORD_REJECT_REASON_EXCHANGE_OPTION,,
1789688355.5,2026-09-17T23:39:15.532953384Z,ACTIVITY_TYPE_TRADE,paccc-usse-midterms-2026-11-03-dem,BUY,ORDER_INTENT_SELL_SHORT,0.592,16,CJ9S6D1M2VNH,passive,0.75,2026-09-17T23:15:25.803565048Z,0.397,-0.05,0,1,ORDER_STATE_PARTIALLY_FILLED,UNSOLICITED_CXL_REASON_UNDEFINED,ORD_REJECT_REASON_EXCHANGE_OPTION,,
1789688435.0,2026-09-17T23:40:35.008388007Z,ACTIVITY_TYPE_TRADE,paccc-usse-midterms-2026-11-03-dem,BUY,ORDER_INTENT_SELL_SHORT,0.592,16,CJ9S6D1M2VNH,passive,0.75,2026-09-17T23:15:25.803565048Z,0.419,-0.05,0,1,ORDER_STATE_PARTIALLY_FILLED,UNSOLICITED_CXL_REASON_UNDEFINED,ORD_REJECT_REASON_EXCHANGE_OPTION,,
1789688490.6,2026-09-17T23:41:30.564911115Z,ACTIVITY_TYPE_TRADE,usgubewc-usgub-co-2026-11-03-dem,SELL,ORDER_INTENT_SELL_LONG,0.98,0.03,CJ3EGC1AGVNJ,passive,0,2026-09-17T15:51:54.690072448Z,7.827,0,0,1,ORDER_STATE_FILLED,UNSOLICITED_CXL_REASON_UNDEFINED,ORD_REJECT_REASON_EXCHANGE_OPTION,,
1789688500.4,2026-09-17T23:41:40.425331041Z,ACTIVITY_TYPE_TRADE,paccc-usse-midterms-2026-11-03-dem,BUY,ORDER_INTENT_SELL_SHORT,0.592,16,CJ9S6D1M2VNH,passive,0.75,2026-09-17T23:15:25.803565048Z,0.437,-0.05,0,1,ORDER_STATE_PARTIALLY_FILLED,UNSOLICITED_CXL_REASON_UNDEFINED,ORD_REJECT_REASON_EXCHANGE_OPTION,,
1789688608.7,2026-09-17T23:43:28.674622374Z,ACTIVITY_TYPE_TRADE,usgubewc-usgub-tx-2026-11-03-rep,BUY,ORDER_INTENT_SELL_SHORT,0.81,6.98,CHC45GGRWVNG,passive,2.67,2026-09-16T12:40:49.968999028Z,35.044,-0.01,0,1,ORDER_STATE_PARTIALLY_FILLED,UNSOLICITED_CXL_REASON_UNDEFINED,ORD_REJECT_REASON_EXCHANGE_OPTION,,
1789688800.2,2026-09-17T23:46:40.240579201Z,ACTIVITY_TYPE_TRADE,usgubewc-usgub-tx-2026-11-03-rep,BUY,ORDER_INTENT_SELL_SHORT,0.81,71.02,CHC45GGRWVNG,passive,27.19,2026-09-16T12:40:49.968999028Z,35.097,-0.14,0,1,ORDER_STATE_PARTIALLY_FILLED,UNSOLICITED_CXL_REASON_UNDEFINED,ORD_REJECT_REASON_EXCHANGE_OPTION,,
1789688929.8,2026-09-17T23:48:49.775400075Z,ACTIVITY_TYPE_TRADE,ewc-usse-me-2026-11-03-rep,SELL,ORDER_INTENT_BUY_SHORT,0.34,69,CJA9M2W0YVNM,passive,,2026-09-17T23:48:24.596953042Z,0.007,-0.19,0,1,ORDER_STATE_PARTIALLY_FILLED,UNSOLICITED_CXL_REASON_UNDEFINED,ORD_REJECT_REASON_EXCHANGE_OPTION,,
1789689507.6,2026-09-17T23:58:27.594495600Z,ACTIVITY_TYPE_TRADE,usgubewc-usgub-sd-2026-11-03-rep,BUY,ORDER_INTENT_BUY_LONG,0.97,10,CJAEF7C1JVNN,passive,,2026-09-17T23:58:26.198474883Z,0,0,0,1,ORDER_STATE_FILLED,UNSOLICITED_CXL_REASON_UNDEFINED,ORD_REJECT_REASON_EXCHANGE_OPTION,,
1789689915.8,2026-09-18T00:05:15.791654118Z,ACTIVITY_TYPE_TRADE,aachc-cfb-wins-2026-11-28-iowast-2pt5wins,BUY,ORDER_INTENT_SELL_SHORT,0.97,5,CHYHE7SREVNA,passive,4.85,2026-09-17T10:09:14.760152473Z,13.934,0,0,1,ORDER_STATE_FILLED,UNSOLICITED_CXL_REASON_UNDEFINED,ORD_REJECT_REASON_EXCHANGE_OPTION,,
1789691250.0,2026-09-18T00:27:29.966237025Z,ACTIVITY_TYPE_TRADE,paccc-usse-midterms-2026-11-03-dem,SELL,ORDER_INTENT_BUY_SHORT,0.593,107,CJAB1Y1QAVNR,passive,,2026-09-17T23:51:54.555155470Z,0.593,-0.32,0,1,ORDER_STATE_FILLED,UNSOLICITED_CXL_REASON_UNDEFINED,ORD_REJECT_REASON_EXCHANGE_OPTION,,
1789691750.8,2026-09-18T00:35:50.791437519Z,ACTIVITY_TYPE_TRADE,ftsc-nfl-kmostfp-2027-01-10-matgay,SELL,ORDER_INTENT_BUY_SHORT,0.17,2,CG2RKTAWYVB6,passive,,2026-09-14T12:32:21.873827259Z,84.058,0,0,1,ORDER_STATE_FILLED,UNSOLICITED_CXL_REASON_UNDEFINED,ORD_REJECT_REASON_EXCHANGE_OPTION,,
1789691843.5,2026-09-18T00:37:23.470900529Z,ACTIVITY_TYPE_TRADE,cpoc-ussec-tx-mi-me-2026-11-03-dsweep,BUY,ORDER_INTENT_BUY_LONG,0.65,5.84,CJAZ9X6GPVNM,passive,,2026-09-18T00:33:27.184795252Z,0.066,-0.02,0,1,ORDER_STATE_PARTIALLY_FILLED,UNSOLICITED_CXL_REASON_UNDEFINED,ORD_REJECT_REASON_EXCHANGE_OPTION,,
1789692117.1,2026-09-18T00:41:57.086588627Z,ACTIVITY_TYPE_TRADE,cpoc-ussec-tx-mi-me-2026-11-03-dsweep,SELL,ORDER_INTENT_SELL_LONG,0.65,6,CJB1NFJCMVNG,passive,3.92,2026-09-18T00:38:39.565716811Z,0.055,-0.02,0,1,ORDER_STATE_FILLED,UNSOLICITED_CXL_REASON_UNDEFINED,ORD_REJECT_REASON_EXCHANGE_OPTION,,
1789692946.1,2026-09-18T00:55:46.061543026Z,ACTIVITY_TYPE_TRADE,cpoc-ussec-tx-mi-me-2026-11-03-dsweep,SELL,ORDER_INTENT_BUY_SHORT,0.65,12,CJB3B6NQMVNQ,passive,,2026-09-18T00:42:09.942474044Z,0.227,-0.03,0,1,ORDER_STATE_PARTIALLY_FILLED,UNSOLICITED_CXL_REASON_UNDEFINED,ORD_REJECT_REASON_EXCHANGE_OPTION,,
1789693802.7,2026-09-18T01:10:02.720404320Z,ACTIVITY_TYPE_TRADE,cpoc-ussec-tx-mi-me-2026-11-03-rsweep,BUY,ORDER_INTENT_BUY_LONG,0.43,32.52,CJB7Z0M4YVNK,passive,,2026-09-18T00:52:39.668566931Z,0.29,-0.1,0,1,ORDER_STATE_PARTIALLY_FILLED,UNSOLICITED_CXL_REASON_UNDEFINED,ORD_REJECT_REASON_EXCHANGE_OPTION,,
1789693997.0,2026-09-18T01:13:16.984526310Z,ACTIVITY_TYPE_TRADE,paccc-usho-midterms-2026-11-03-dem,SELL,ORDER_INTENT_BUY_SHORT,0.889,55,CJBGDTA9GVNH,passive,,2026-09-18T01:11:09.923579728Z,0.035,-0.07,0,1,ORDER_STATE_PARTIALLY_FILLED,UNSOLICITED_CXL_REASON_UNDEFINED,ORD_REJECT_REASON_EXCHANGE_OPTION,,
1789694386.2,2026-09-18T01:19:46.243221706Z,ACTIVITY_TYPE_TRADE,usgubewc-usgub-tn-2026-11-03-dem,SELL,ORDER_INTENT_BUY_SHORT,0.04,20,CHQAC1NB0VNN,passive,,2026-09-17T01:40:15.944372727Z,23.658,-0.01,0,1,ORDER_STATE_FILLED,UNSOLICITED_CXL_REASON_UNDEFINED,ORD_REJECT_REASON_EXCHANGE_OPTION,,
1789695334.8,2026-09-18T01:35:34.830267285Z,ACTIVITY_TYPE_TRADE,aachc-cfb-wins-2026-11-28-pennst-9pt5wins,BUY,ORDER_INTENT_SELL_SHORT,0.55,1,CHHW1EVDCVNQ,passive,-0.19,2026-09-16T19:18:49.452429917Z,30.279,0,0,1,ORDER_STATE_FILLED,UNSOLICITED_CXL_REASON_UNDEFINED,ORD_REJECT_REASON_EXCHANGE_OPTION,,
1789697999.5,2026-09-18T02:19:59.455832189Z,ACTIVITY_TYPE_TRADE,cpoc-ussec-tx-mi-me-2026-11-03-dsweep,BUY,ORDER_INTENT_SELL_SHORT,0.64,3.28,CJBY5XH0JVNG,passive,0.99,2026-09-18T01:41:39.879492399Z,0.639,-0.01,0,1,ORDER_STATE_PARTIALLY_FILLED,UNSOLICITED_CXL_REASON_UNDEFINED,ORD_REJECT_REASON_EXCHANGE_OPTION,,
1789698116.5,2026-09-18T02:21:56.518685604Z,ACTIVITY_TYPE_TRADE,cpoc-ussec-tx-mi-me-2026-11-03-dsweep,BUY,ORDER_INTENT_SELL_SHORT,0.64,0.15,CJBY5XH0JVNG,passive,0.04,2026-09-18T01:41:39.879492399Z,0.671,0,0,1,ORDER_STATE_PARTIALLY_FILLED,UNSOLICITED_CXL_REASON_UNDEFINED,ORD_REJECT_REASON_EXCHANGE_OPTION,,
1789698233.5,2026-09-18T02:23:53.486156034Z,ACTIVITY_TYPE_TRADE,cpoc-ussec-tx-mi-me-2026-11-03-dsweep,BUY,ORDER_INTENT_SELL_SHORT,0.64,1.21,CJBY5XH0JVNG,passive,0.36,2026-09-18T01:41:39.879492399Z,0.704,0,0,1,ORDER_STATE_PARTIALLY_FILLED,UNSOLICITED_CXL_REASON_UNDEFINED,ORD_REJECT_REASON_EXCHANGE_OPTION,,
1789698356.3,2026-09-18T02:25:56.278564967Z,ACTIVITY_TYPE_TRADE,cpoc-ussec-tx-mi-me-2026-11-03-rtx-rmi-dme,BUY,ORDER_INTENT_BUY_LONG,0.44,0.15,CJBKZYKBCVNK,passive,,2026-09-18T01:19:57.681919673Z,1.1,0,0,1,ORDER_STATE_PARTIALLY_FILLED,UNSOLICITED_CXL_REASON_UNDEFINED,ORD_REJECT_REASON_EXCHANGE_OPTION,,
1789698451.2,2026-09-18T02:27:31.152742710Z,ACTIVITY_TYPE_TRADE,ewc-usse-me-2026-11-03-rep,BUY,ORDER_INTENT_SELL_SHORT,0.35,69,CJABH5EDAVNP,passive,-5.53,2026-09-17T23:52:54.602936632Z,2.577,-0.2,0,1,ORDER_STATE_FILLED,UNSOLICITED_CXL_REASON_UNDEFINED,ORD_REJECT_REASON_EXCHANGE_OPTION,,
1789698459.4,2026-09-18T02:27:39.428525129Z,ACTIVITY_TYPE_TRADE,paccc-usse-midterms-2026-11-03-dem,BUY,ORDER_INTENT_SELL_SHORT,0.592,47,CJAWQXT6YVNG,passive,2.2,2026-09-18T00:28:09.738532350Z,1.992,-0.14,0,1,ORDER_STATE_PARTIALLY_FILLED,UNSOLICITED_CXL_REASON_UNDEFINED,ORD_REJECT_REASON_EXCHANGE_OPTION,,
1789699488.7,2026-09-18T02:44:48.684350664Z,ACTIVITY_TYPE_TRADE,ussewc-usse-ma-2026-11-03-dem,SELL,ORDER_INTENT_BUY_SHORT,0.96,0.01,CG373AKJCVB8,passive,,2026-09-14T13:01:27.335872906Z,85.723,0,0,1,ORDER_STATE_PARTIALLY_FILLED,UNSOLICITED_CXL_REASON_UNDEFINED,ORD_REJECT_REASON_EXCHANGE_OPTION,,
1789700226.1,2026-09-18T02:57:06.141764600Z,ACTIVITY_TYPE_TRADE,ussewc-usse-fl-2026-11-03-rep,SELL,ORDER_INTENT_BUY_SHORT,0.89,1.11,CJ4X9PRPJVNN,passive,,2026-09-17T17:31:18.928621427Z,9.43,0,0,1,ORDER_STATE_PARTIALLY_FILLED,UNSOLICITED_CXL_REASON_UNDEFINED,ORD_REJECT_REASON_EXCHANGE_OPTION,,
1789700822.3,2026-09-18T03:07:02.348499387Z,ACTIVITY_TYPE_TRADE,ussewc-usse-ri-2026-11-03-dem,BUY,ORDER_INTENT_BUY_LONG,0.97,10,CJBCGXF0AVNG,passive,,2026-09-18T01:02:06.077311566Z,2.082,0,0,1,ORDER_STATE_FILLED,UNSOLICITED_CXL_REASON_UNDEFINED,ORD_REJECT_REASON_EXCHANGE_OPTION,,
1789701703.7,2026-09-18T03:21:43.731907367Z,ACTIVITY_TYPE_TRADE,usgubewc-usgub-ma-2026-11-03-rep,SELL,ORDER_INTENT_BUY_SHORT,0.06,10,CJ9JPE3T0VNR,passive,,2026-09-17T23:02:13.322825391Z,4.325,-0.01,0,1,ORDER_STATE_FILLED,UNSOLICITED_CXL_REASON_UNDEFINED,ORD_REJECT_REASON_EXCHANGE_OPTION,,
1789701867.4,2026-09-18T03:24:27.410045225Z,ACTIVITY_TYPE_TRADE,ussewc-usse-ma-2026-11-03-rep,SELL,ORDER_INTENT_BUY_SHORT,0.03,20,CHSD2EJEWVNA,passive,,2026-09-17T04:09:45.801722559Z,23.245,-0.01,0,1,ORDER_STATE_FILLED,UNSOLICITED_CXL_REASON_UNDEFINED,ORD_REJECT_REASON_EXCHANGE_OPTION,,
1789702121.6,2026-09-18T03:28:41.648551741Z,ACTIVITY_TYPE_TRADE,paccc-usse-midterms-2026-11-03-dem,BUY,ORDER_INTENT_SELL_SHORT,0.592,61,CJAWQXT6YVNG,passive,2.85,2026-09-18T00:28:09.738532350Z,3.009,-0.18,0,1,ORDER_STATE_FILLED,UNSOLICITED_CXL_REASON_UNDEFINED,ORD_REJECT_REASON_EXCHANGE_OPTION,,
1789702174.1,2026-09-18T03:29:34.066664685Z,ACTIVITY_TYPE_TRADE,usgubewc-usgub-mn-2026-11-03-dem,BUY,ORDER_INTENT_BUY_LONG,0.92,2.92,CGT3FA6TWVB9,passive,,2026-09-15T15:40:52.865016611Z,59.811,0,0,1,ORDER_STATE_PARTIALLY_FILLED,UNSOLICITED_CXL_REASON_UNDEFINED,ORD_REJECT_REASON_EXCHANGE_OPTION,,
1789702568.2,2026-09-18T03:36:08.249759331Z,ACTIVITY_TYPE_TRADE,ussewc-usse-ri-2026-11-03-dem,SELL,ORDER_INTENT_SELL_LONG,0.98,10,CJD4PFPWAVNR,passive,5.27,2026-09-18T03:07:46.504257776Z,0.473,0,0,1,ORDER_STATE_FILLED,UNSOLICITED_CXL_REASON_UNDEFINED,ORD_REJECT_REASON_EXCHANGE_OPTION,,
1789703029.4,2026-09-18T03:43:49.424647383Z,ACTIVITY_TYPE_TRADE,usgubewc-usgub-tx-2026-11-03-rep,BUY,ORDER_INTENT_SELL_SHORT,0.81,4.99,CHC45GGRWVNG,passive,1.91,2026-09-16T12:40:49.968999028Z,39.05,-0.01,0,1,ORDER_STATE_PARTIALLY_FILLED,UNSOLICITED_CXL_REASON_UNDEFINED,ORD_REJECT_REASON_EXCHANGE_OPTION,,
1789703583.3,2026-09-18T03:53:03.338195434Z,ACTIVITY_TYPE_TRADE,usgubewc-usgub-mn-2026-11-03-dem,BUY,ORDER_INTENT_BUY_LONG,0.92,34.39,CGT3FA6TWVB9,passive,,2026-09-15T15:40:52.865016611Z,60.203,-0.03,0,1,ORDER_STATE_FILLED,UNSOLICITED_CXL_REASON_UNDEFINED,ORD_REJECT_REASON_EXCHANGE_OPTION,,
1789704334.2,2026-09-18T04:05:34.233899009Z,ACTIVITY_TYPE_TRADE,aachc-cfb-wins-2026-11-28-clmsn-7pt5wins,BUY,ORDER_INTENT_SELL_SHORT,0.36,1,CJ0D32BEAVNH,passive,0.36,2026-09-17T12:19:17.633174737Z,15.771,0,0,1,ORDER_STATE_FILLED,UNSOLICITED_CXL_REASON_UNDEFINED,ORD_REJECT_REASON_EXCHANGE_OPTION,,
1789705563.6,2026-09-18T04:26:03.569863634Z,ACTIVITY_TYPE_TRADE,paccc-usse-midterms-2026-11-03-dem,SELL,ORDER_INTENT_BUY_SHORT,0.593,8,CJDR885RCVNH,passive,,2026-09-18T03:53:56.112826800Z,0.535,-0.02,0,1,ORDER_STATE_PARTIALLY_FILLED,UNSOLICITED_CXL_REASON_UNDEFINED,ORD_REJECT_REASON_EXCHANGE_OPTION,,
1789705672.8,2026-09-18T04:27:52.842032512Z,ACTIVITY_TYPE_TRADE,paccc-usse-midterms-2026-11-03-dem,SELL,ORDER_INTENT_BUY_SHORT,0.593,16,CJDR885RCVNH,passive,,2026-09-18T03:53:56.112826800Z,0.566,-0.05,0,1,ORDER_STATE_PARTIALLY_FILLED,UNSOLICITED_CXL_REASON_UNDEFINED,ORD_REJECT_REASON_EXCHANGE_OPTION,,
1789707861.2,2026-09-18T05:04:21.244087680Z,ACTIVITY_TYPE_TRADE,cpoc-ussec-tx-me-2026-11-03-dtx-rme,SELL,ORDER_INTENT_SELL_LONG,0.41,2.79,CJA7JGQX2VNK,passive,-0.18,2026-09-17T23:44:11.938403381Z,5.336,-0.01,0,1,ORDER_STATE_PARTIALLY_FILLED,UNSOLICITED_CXL_REASON_UNDEFINED,ORD_REJECT_REASON_EXCHANGE_OPTION,,
1789707919.8,2026-09-18T05:05:19.835086632Z,ACTIVITY_TYPE_TRADE,cpoc-ussec-tx-me-2026-11-03-dtx-rme,SELL,ORDER_INTENT_SELL_LONG,0.41,2.78,CJA7JGQX2VNK,passive,-0.18,2026-09-17T23:44:11.938403381Z,5.352,-0.01,0,1,ORDER_STATE_PARTIALLY_FILLED,UNSOLICITED_CXL_REASON_UNDEFINED,ORD_REJECT_REASON_EXCHANGE_OPTION,,
1789709839.5,2026-09-18T05:37:19.515058535Z,ACTIVITY_TYPE_TRADE,usgubewc-usgub-tx-2026-11-03-rep,BUY,ORDER_INTENT_SELL_SHORT,0.81,28,CHC45GGRWVNG,passive,10.71,2026-09-16T12:40:49.968999028Z,40.942,-0.05,0,1,ORDER_STATE_PARTIALLY_FILLED,UNSOLICITED_CXL_REASON_UNDEFINED,ORD_REJECT_REASON_EXCHANGE_OPTION,,
1789710016.4,2026-09-18T05:40:16.439629274Z,ACTIVITY_TYPE_TRADE,scc-senate-gop-2026-11-03-51,BUY,ORDER_INTENT_BUY_LONG,0.14,5.92,CJ91BEBCAVNN,passive,,2026-09-17T22:23:44.566013467Z,7.276,-0.01,0,1,ORDER_STATE_PARTIALLY_FILLED,UNSOLICITED_CXL_REASON_UNDEFINED,ORD_REJECT_REASON_EXCHANGE_OPTION,,
1789710017.0,2026-09-18T05:40:16.965039295Z,ACTIVITY_TYPE_TRADE,scc-senate-gop-2026-11-03-51,BUY,ORDER_INTENT_BUY_LONG,0.14,20,CJ91BEBCAVNN,passive,,2026-09-17T22:23:44.566013467Z,7.276,-0.03,0,1,ORDER_STATE_PARTIALLY_FILLED,UNSOLICITED_CXL_REASON_UNDEFINED,ORD_REJECT_REASON_EXCHANGE_OPTION,,
1789710018.2,2026-09-18T05:40:18.197452995Z,ACTIVITY_TYPE_TRADE,scc-senate-gop-2026-11-03-51,BUY,ORDER_INTENT_BUY_LONG,0.14,20,CJ91BEBCAVNN,passive,,2026-09-17T22:23:44.566013467Z,7.276,-0.03,0,1,ORDER_STATE_PARTIALLY_FILLED,UNSOLICITED_CXL_REASON_UNDEFINED,ORD_REJECT_REASON_EXCHANGE_OPTION,,
1789710018.7,2026-09-18T05:40:18.710013086Z,ACTIVITY_TYPE_TRADE,scc-senate-gop-2026-11-03-51,BUY,ORDER_INTENT_BUY_LONG,0.14,6.08,CJ91BEBCAVNN,passive,,2026-09-17T22:23:44.566013467Z,7.276,-0.01,0,1,ORDER_STATE_FILLED,UNSOLICITED_CXL_REASON_UNDEFINED,ORD_REJECT_REASON_EXCHANGE_OPTION,,
1789710024.5,2026-09-18T05:40:24.482336079Z,ACTIVITY_TYPE_TRADE,scc-senate-gop-2026-11-03-51,BUY,ORDER_INTENT_BUY_LONG,0.14,20,CJF6MKTKCVNK,passive,,2026-09-18T05:37:41.257020128Z,0.045,-0.03,0,1,ORDER_STATE_PARTIALLY_FILLED,UNSOLICITED_CXL_REASON_UNDEFINED,ORD_REJECT_REASON_EXCHANGE_OPTION,,
1789710025.0,2026-09-18T05:40:24.997201575Z,ACTIVITY_TYPE_TRADE,scc-senate-gop-2026-11-03-51,BUY,ORDER_INTENT_BUY_LONG,0.14,20,CJF6MKTKCVNK,passive,,2026-09-18T05:37:41.257020128Z,0.045,-0.03,0,1,ORDER_STATE_PARTIALLY_FILLED,UNSOLICITED_CXL_REASON_UNDEFINED,ORD_REJECT_REASON_EXCHANGE_OPTION,,
1789710025.5,2026-09-18T05:40:25.505802809Z,ACTIVITY_TYPE_TRADE,scc-senate-gop-2026-11-03-51,BUY,ORDER_INTENT_BUY_LONG,0.14,20,CJF6MKTKCVNK,passive,,2026-09-18T05:37:41.257020128Z,0.046,-0.03,0,1,ORDER_STATE_PARTIALLY_FILLED,UNSOLICITED_CXL_REASON_UNDEFINED,ORD_REJECT_REASON_EXCHANGE_OPTION,,
1789710026.8,2026-09-18T05:40:26.769240138Z,ACTIVITY_TYPE_TRADE,scc-senate-gop-2026-11-03-51,BUY,ORDER_INTENT_BUY_LONG,0.14,20,CJF6MKTKCVNK,passive,,2026-09-18T05:37:41.257020128Z,0.046,-0.03,0,1,ORDER_STATE_PARTIALLY_FILLED,UNSOLICITED_CXL_REASON_UNDEFINED,ORD_REJECT_REASON_EXCHANGE_OPTION,,
1789710027.3,2026-09-18T05:40:27.280529815Z,ACTIVITY_TYPE_TRADE,scc-senate-gop-2026-11-03-51,BUY,ORDER_INTENT_BUY_LONG,0.14,20,CJF6MKTKCVNK,passive,,2026-09-18T05:37:41.257020128Z,0.046,-0.03,0,1,ORDER_STATE_PARTIALLY_FILLED,UNSOLICITED_CXL_REASON_UNDEFINED,ORD_REJECT_REASON_EXCHANGE_OPTION,,
1789710027.8,2026-09-18T05:40:27.787445697Z,ACTIVITY_TYPE_TRADE,scc-senate-gop-2026-11-03-51,BUY,ORDER_INTENT_BUY_LONG,0.14,13,CJF6MKTKCVNK,passive,,2026-09-18T05:37:41.257020128Z,0.046,-0.02,0,1,ORDER_STATE_FILLED,UNSOLICITED_CXL_REASON_UNDEFINED,ORD_REJECT_REASON_EXCHANGE_OPTION,,
1789710598.9,2026-09-18T05:49:58.890727808Z,ACTIVITY_TYPE_TRADE,scc-hrep-rep-2026-11-03-gte205,SELL,ORDER_INTENT_SELL_LONG,0.28,100,CJFD7Q27AVNA,passive,-13.53,2026-09-18T05:49:58.715812285Z,0,-0.25,0,1,ORDER_STATE_PARTIALLY_FILLED,UNSOLICITED_CXL_REASON_UNDEFINED,ORD_REJECT_REASON_EXCHANGE_OPTION,,
1789710599.2,2026-09-18T05:49:59.171934673Z,ACTIVITY_TYPE_TRADE,scc-hrep-rep-2026-11-03-gte205,SELL,ORDER_INTENT_SELL_LONG,0.28,100,CJFD7Q27AVNA,passive,-2.42,2026-09-18T05:49:58.715812285Z,0,-0.25,0,1,ORDER_STATE_PARTIALLY_FILLED,UNSOLICITED_CXL_REASON_UNDEFINED,ORD_REJECT_REASON_EXCHANGE_OPTION,,
1789710599.5,2026-09-18T05:49:59.452036633Z,ACTIVITY_TYPE_TRADE,scc-hrep-rep-2026-11-03-gte205,SELL,ORDER_INTENT_SELL_LONG,0.28,37.6,CJFD7Q27AVNA,passive,-201.46,2026-09-18T05:49:58.715812285Z,0,-0.09,0,1,ORDER_STATE_PARTIALLY_FILLED,UNSOLICITED_CXL_REASON_UNDEFINED,ORD_REJECT_REASON_EXCHANGE_OPTION,,
1789710599.8,2026-09-18T05:49:59.788245695Z,ACTIVITY_TYPE_TRADE,scc-hrep-rep-2026-11-03-gte205,SELL,ORDER_INTENT_SELL_LONG,0.28,0.4,CJFD7Q27AVNA,passive,-2.14,2026-09-18T05:49:58.715812285Z,0,0,0,1,ORDER_STATE_FILLED,UNSOLICITED_CXL_REASON_UNDEFINED,ORD_REJECT_REASON_EXCHANGE_OPTION,,
1789710676.3,2026-09-18T05:51:16.349143932Z,ACTIVITY_TYPE_TRADE,ussewc-usse-ms-2026-11-03-rep,SELL,ORDER_INTENT_SELL_LONG,0.9,20,CJF59BBGWVNM,passive,-14.26,2026-09-18T05:34:41.129013076Z,0.276,-0.02,0,1,ORDER_STATE_FILLED,UNSOLICITED_CXL_REASON_UNDEFINED,ORD_REJECT_REASON_EXCHANGE_OPTION,,
1789710711.3,2026-09-18T05:51:51.325278388Z,ACTIVITY_TYPE_TRADE,ussewc-usse-fl-2026-11-03-dem,BUY,ORDER_INTENT_BUY_LONG,0.11,50,CJAXYCYP8VNP,passive,,2026-09-18T00:30:59.854032573Z,5.348,-0.06,0,1,ORDER_STATE_FILLED,UNSOLICITED_CXL_REASON_UNDEFINED,ORD_REJECT_REASON_EXCHANGE_OPTION,,
1789710817.7,2026-09-18T05:53:37.692539767Z,ACTIVITY_TYPE_TRADE,ewc-usse-tx-2026-11-03-dem,SELL,ORDER_INTENT_BUY_SHORT,0.57,48,CJFD8ZG02VNK,passive,,2026-09-18T05:49:58.867074532Z,0.061,-0.15,0,1,ORDER_STATE_FILLED,UNSOLICITED_CXL_REASON_UNDEFINED,ORD_REJECT_REASON_EXCHANGE_OPTION,,
1789710830.5,2026-09-18T05:53:50.500569766Z,ACTIVITY_TYPE_TRADE,ushrewc-ushr-tx-15-2026-11-03-rep,BUY,ORDER_INTENT_BUY_LONG,0.37,45,CJFDGFW28VNP,passive,,2026-09-18T05:49:41.153361952Z,0.069,-0.13,0,1,ORDER_STATE_FILLED,UNSOLICITED_CXL_REASON_UNDEFINED,ORD_REJECT_REASON_EXCHANGE_OPTION,,
1789713201.9,2026-09-18T06:33:21.933934547Z,ACTIVITY_TYPE_TRADE,cpoc-ussec-tx-me-2026-11-03-dtx-rme,SELL,ORDER_INTENT_SELL_LONG,0.41,0.06,CJA7JGQX2VNK,passive,-0,2026-09-17T23:44:11.938403381Z,6.819,0,0,1,ORDER_STATE_PARTIALLY_FILLED,UNSOLICITED_CXL_REASON_UNDEFINED,ORD_REJECT_REASON_EXCHANGE_OPTION,,
1789713262.8,2026-09-18T06:34:22.754606810Z,ACTIVITY_TYPE_TRADE,cpoc-ussec-tx-me-2026-11-03-dtx-rme,SELL,ORDER_INTENT_SELL_LONG,0.41,1.45,CJA7JGQX2VNK,passive,-0.12,2026-09-17T23:44:11.938403381Z,6.836,0,0,1,ORDER_STATE_PARTIALLY_FILLED,UNSOLICITED_CXL_REASON_UNDEFINED,ORD_REJECT_REASON_EXCHANGE_OPTION,,
1789713323.9,2026-09-18T06:35:23.929644945Z,ACTIVITY_TYPE_TRADE,cpoc-ussec-tx-me-2026-11-03-dtx-rme,SELL,ORDER_INTENT_SELL_LONG,0.41,0.14,CJA7JGQX2VNK,passive,-0.01,2026-09-17T23:44:11.938403381Z,6.853,0,0,1,ORDER_STATE_PARTIALLY_FILLED,UNSOLICITED_CXL_REASON_UNDEFINED,ORD_REJECT_REASON_EXCHANGE_OPTION,,
1789714358.2,2026-09-18T06:52:38.176438679Z,ACTIVITY_TYPE_TRADE,paccc-usse-midterms-2026-11-03-dem,SELL,ORDER_INTENT_BUY_SHORT,0.593,23,CJG0WJBWCVNQ,passive,,2026-09-18T06:32:42.048774619Z,0.332,-0.07,0,1,ORDER_STATE_PARTIALLY_FILLED,UNSOLICITED_CXL_REASON_UNDEFINED,ORD_REJECT_REASON_EXCHANGE_OPTION,,
1789717555.8,2026-09-18T07:45:55.841144678Z,ACTIVITY_TYPE_TRADE,ussewc-usse-ma-2026-11-03-rep,BUY,ORDER_INTENT_SELL_SHORT,0.05,1.05,CJDE750SJVNQ,passive,-0.16,2026-09-18T03:29:42.778703753Z,4.27,0,0,1,ORDER_STATE_PARTIALLY_FILLED,UNSOLICITED_CXL_REASON_UNDEFINED,ORD_REJECT_REASON_EXCHANGE_OPTION,,
1789717601.6,2026-09-18T07:46:41.607486293Z,ACTIVITY_TYPE_TRADE,usgubewc-usgub-ma-2026-11-03-rep,BUY,ORDER_INTENT_SELL_SHORT,0.07,1.07,CJDBABXYYVNP,passive,-0,2026-09-18T03:22:46.513437724Z,4.399,0,0,1,ORDER_STATE_PARTIALLY_FILLED,UNSOLICITED_CXL_REASON_UNDEFINED,ORD_REJECT_REASON_EXCHANGE_OPTION,,
1789719303.2,2026-09-18T08:15:03.200469520Z,ACTIVITY_TYPE_TRADE,ewc-usse-mi-2026-11-03-dem,BUY,ORDER_INTENT_SELL_SHORT,0.63,7,CJ0DMTSH0VNA,passive,1.63,2026-09-17T12:20:32.546654129Z,19.909,-0.02,0,1,ORDER_STATE_FILLED,UNSOLICITED_CXL_REASON_UNDEFINED,ORD_REJECT_REASON_EXCHANGE_OPTION,,
1789719393.1,2026-09-18T08:16:33.137110906Z,ACTIVITY_TYPE_TRADE,fptc-nfl-wrfpou-2027-01-10-tetmcm,SELL,ORDER_INTENT_SELL_LONG,0.36,0.93,CG31VY91CVB5,passive,-0.13,2026-09-14T12:50:09.048557647Z,91.44,0,0,1,ORDER_STATE_FILLED,UNSOLICITED_CXL_REASON_UNDEFINED,ORD_REJECT_REASON_EXCHANGE_OPTION,,
1789719437.7,2026-09-18T08:17:17.735520696Z,ACTIVITY_TYPE_TRADE,fptc-nfl-wrfpou-2027-01-10-tetmcm,SELL,ORDER_INTENT_SELL_LONG,0.38,0.07,CG31VY8ZWVB5,passive,-0.01,2026-09-14T12:50:09.014396644Z,91.452,0,0,1,ORDER_STATE_PARTIALLY_FILLED,UNSOLICITED_CXL_REASON_UNDEFINED,ORD_REJECT_REASON_EXCHANGE_OPTION,,
1789730804.9,2026-09-18T11:26:44.874482321Z,ACTIVITY_TYPE_TRADE,enwc-uspres-nom-dem-2028-dwajoh,SELL,ORDER_INTENT_SELL_LONG,0.01,24.47,CJM765X4YW0Y,aggressor,-6.62,2026-09-18T11:26:44.872986927Z,0,0.02,0,1,ORDER_STATE_FILLED,UNSOLICITED_CXL_REASON_UNDEFINED,ORD_REJECT_REASON_EXCHANGE_OPTION,,
1789730935.4,2026-09-18T11:28:55.385592408Z,ACTIVITY_TYPE_TRADE,paccc-usse-midterms-2026-11-03-rep,BUY,ORDER_INTENT_BUY_LONG,0.489,3,CJM8ABGFEW21,passive,,2026-09-18T11:28:55.328868732Z,0,-0.01,0,1,ORDER_STATE_FILLED,UNSOLICITED_CXL_REASON_UNDEFINED,ORD_REJECT_REASON_EXCHANGE_OPTION,,
1789730935.5,2026-09-18T11:28:55.469318094Z,ACTIVITY_TYPE_TRADE,paccc-usho-midterms-2026-11-03-dem,SELL,ORDER_INTENT_BUY_SHORT,0.836,10,CJM7T0PE2W7E,passive,,2026-09-18T11:28:55.406691354Z,0,-0.02,0,1,ORDER_STATE_FILLED,UNSOLICITED_CXL_REASON_UNDEFINED,ORD_REJECT_REASON_EXCHANGE_OPTION,,
1789730954.6,2026-09-18T11:29:14.644778892Z,ACTIVITY_TYPE_TRADE,enwc-uspres-nom-rep-2028-dontru,BUY,ORDER_INTENT_SELL_SHORT,0.84,1,CJM8R196EW1Y,passive,-0.01,2026-09-18T11:29:12.013752059Z,0.001,0,0,1,ORDER_STATE_FILLED,UNSOLICITED_CXL_REASON_UNDEFINED,ORD_REJECT_REASON_EXCHANGE_OPTION,,
1789730960.8,2026-09-18T11:29:20.820139751Z,ACTIVITY_TYPE_TRADE,ewc-usse-oh-2026-11-03-dem,BUY,ORDER_INTENT_BUY_LONG,0.61,2,CJM8AB5JYW21,passive,,2026-09-18T11:28:40.534612920Z,0.011,-0.01,0,1,ORDER_STATE_FILLED,UNSOLICITED_CXL_REASON_UNDEFINED,ORD_REJECT_REASON_EXCHANGE_OPTION,,
1789730965.4,2026-09-18T11:29:25.419939972Z,ACTIVITY_TYPE_TRADE,ewc-usse-nh-2026-11-03-dem,BUY,ORDER_INTENT_BUY_LONG,0.84,2,CJM8E4SBTW1Z,passive,,2026-09-18T11:29:13.383409077Z,0.003,0,0,1,ORDER_STATE_FILLED,UNSOLICITED_CXL_REASON_UNDEFINED,ORD_REJECT_REASON_EXCHANGE_OPTION,,
1789730966.8,2026-09-18T11:29:26.752211639Z,ACTIVITY_TYPE_TRADE,ushrewc-ushr-pa-01-2026-11-03-rep,SELL,ORDER_INTENT_BUY_SHORT,0.54,3,CJM8TMTK8W1Z,passive,,2026-09-18T11:29:26.692549909Z,0,-0.01,0,1,ORDER_STATE_FILLED,UNSOLICITED_CXL_REASON_UNDEFINED,ORD_REJECT_REASON_EXCHANGE_OPTION,,
1789731007.2,2026-09-18T11:30:07.192318889Z,ACTIVITY_TYPE_TRADE,enwc-uspres-nom-rep-2028-dontru,BUY,ORDER_INTENT_SELL_SHORT,0.84,1,CJM8Z7KWEW20,passive,-0.01,2026-09-18T11:30:04.363273380Z,0.001,0,0,1,ORDER_STATE_FILLED,UNSOLICITED_CXL_REASON_UNDEFINED,ORD_REJECT_REASON_EXCHANGE_OPTION,,
1789731037.7,2026-09-18T11:30:37.698626890Z,ACTIVITY_TYPE_TRADE,ushrewc-ushr-ny-04-2026-11-03-rep,SELL,ORDER_INTENT_BUY_SHORT,0.02,1,CJM9DEAM4W1Z,passive,,2026-09-18T11:30:37.617641714Z,0,0,0,1,ORDER_STATE_FILLED,UNSOLICITED_CXL_REASON_UNDEFINED,ORD_REJECT_REASON_EXCHANGE_OPTION,,
1789731040.7,2026-09-18T11:30:40.687135948Z,ACTIVITY_TYPE_TRADE,ewc-usse-mi-2026-11-03-dem,BUY,ORDER_INTENT_BUY_LONG,0.69,8,CJM92G79JW1N,passive,,2026-09-18T11:30:36.311188155Z,0.001,-0.02,0,1,ORDER_STATE_FILLED,UNSOLICITED_CXL_REASON_UNDEFINED,ORD_REJECT_REASON_EXCHANGE_OPTION,,
1789731110.6,2026-09-18T11:31:50.589052186Z,ACTIVITY_TYPE_TRADE,ushrewc-ushr-nc-01-2026-11-03-rep,SELL,ORDER_INTENT_BUY_SHORT,0.28,1,CJM85X2K2W81,passive,,2026-09-18T11:29:26.538059843Z,0.04,0,0,1,ORDER_STATE_FILLED,UNSOLICITED_CXL_REASON_UNDEFINED,ORD_REJECT_REASON_EXCHANGE_OPTION,,
1789731290.1,2026-09-18T11:34:50.077999270Z,ACTIVITY_TYPE_TRADE,enwc-uspres-nom-rep-2028-dontru,BUY,ORDER_INTENT_BUY_LONG,0.01,1,CJMBN79AAW7H,passive,-0.14,2026-09-18T11:34:43.242199786Z,0.002,0,0,1,ORDER_STATE_PARTIALLY_FILLED,UNSOLICITED_CXL_REASON_UNDEFINED,ORD_REJECT_REASON_EXCHANGE_OPTION,,
1789731350.6,2026-09-18T11:35:50.641541284Z,ACTIVITY_TYPE_TRADE,ewc-usgub-oh-2026-11-03-dem,SELL,ORDER_INTENT_BUY_SHORT,0.51,19,CJMDASJMEW1N,passive,,2026-09-18T11:35:46.342713140Z,0.001,-0.06,0,1,ORDER_STATE_FILLED,UNSOLICITED_CXL_REASON_UNDEFINED,ORD_REJECT_REASON_EXCHANGE_OPTION,,
1789731353.7,2026-09-18T11:35:53.712549594Z,ACTIVITY_TYPE_TRADE,enwc-uspres-nom-rep-2028-dontru,BUY,ORDER_INTENT_BUY_LONG,0.01,1,CJMBN79AAW7H,passive,-0.14,2026-09-18T11:34:43.242199786Z,0.02,0,0,1,ORDER_STATE_PARTIALLY_FILLED,UNSOLICITED_CXL_REASON_UNDEFINED,ORD_REJECT_REASON_EXCHANGE_OPTION,,
1789731365.8,2026-09-18T11:36:05.814300980Z,ACTIVITY_TYPE_TRADE,usgubewc-usgub-ak-2026-11-03-jonkre,SELL,ORDER_INTENT_BUY_SHORT,0.66,21,CJMDFJAQPW0Y,passive,,2026-09-18T11:36:02.357810424Z,0.001,-0.06,0,1,ORDER_STATE_FILLED,UNSOLICITED_CXL_REASON_UNDEFINED,ORD_REJECT_REASON_EXCHANGE_OPTION,,
1789731472.3,2026-09-18T11:37:52.307779039Z,ACTIVITY_TYPE_TRADE,ewc-usse-me-2026-11-03-dem,SELL,ORDER_INTENT_BUY_SHORT,0.66,5,CJME7FDHCW21,passive,,2026-09-18T11:36:47.877145083Z,0.018,-0.01,0,1,ORDER_STATE_PARTIALLY_FILLED,UNSOLICITED_CXL_REASON_UNDEFINED,ORD_REJECT_REASON_EXCHANGE_OPTION,,
1789731480.1,2026-09-18T11:38:00.063590420Z,ACTIVITY_TYPE_TRADE,ewc-usgub-nv-2026-11-03-rep,SELL,ORDER_INTENT_BUY_SHORT,0.48,26,CJMEYZAWPW20,passive,,2026-09-18T11:37:59.988296853Z,0,-0.08,0,1,ORDER_STATE_FILLED,UNSOLICITED_CXL_REASON_UNDEFINED,ORD_REJECT_REASON_EXCHANGE_OPTION,,
1789731480.8,2026-09-18T11:38:00.839259851Z,ACTIVITY_TYPE_TRADE,enwc-uspres-nom-dem-2028-dwajoh,SELL,ORDER_INTENT_SELL_LONG,0.01,15,CJMES4T1GW1Y,aggressor,-4.06,2026-09-18T11:38:00.837589119Z,0,0.01,0,1,ORDER_STATE_FILLED,UNSOLICITED_CXL_REASON_UNDEFINED,ORD_REJECT_REASON_EXCHANGE_OPTION,,
1789731532.2,2026-09-18T11:38:52.201821529Z,ACTIVITY_TYPE_TRADE,ewc-usgub-wi-2026-11-03-dem,BUY,ORDER_INTENT_BUY_LONG,0.87,42,CJMFJB8X4W1Y,passive,,2026-09-18T11:38:51.990441285Z,0,-0.06,0,1,ORDER_STATE_FILLED,UNSOLICITED_CXL_REASON_UNDEFINED,ORD_REJECT_REASON_EXCHANGE_OPTION,,
1789731548.4,2026-09-18T11:39:08.364440238Z,ACTIVITY_TYPE_TRADE,ewc-usse-mn-2026-11-03-dem,SELL,ORDER_INTENT_BUY_SHORT,0.86,56,CJMG1K07TW22,passive,,2026-09-18T11:39:08.293042208Z,0,-0.08,0,1,ORDER_STATE_PARTIALLY_FILLED,UNSOLICITED_CXL_REASON_UNDEFINED,ORD_REJECT_REASON_EXCHANGE_OPTION,,
1789731576.5,2026-09-18T11:39:36.520791086Z,ACTIVITY_TYPE_TRADE,enwc-uspres-nom-dem-2028-dwajoh,SELL,ORDER_INTENT_SELL_LONG,0.01,5,CJMG42J8MW20,aggressor,-1.41,2026-09-18T11:39:36.518730342Z,0,0,0,1,ORDER_STATE_FILLED,UNSOLICITED_CXL_REASON_UNDEFINED,ORD_REJECT_REASON_EXCHANGE_OPTION,,
1789731576.5,2026-09-18T11:39:36.520791086Z,ACTIVITY_TYPE_TRADE,enwc-uspres-nom-dem-2028-dwajoh,SELL,ORDER_INTENT_SELL_LONG,0.01,10,CJMG42J8MW20,aggressor,-2.84,2026-09-18T11:39:36.518730342Z,0,0.01,0,1,ORDER_STATE_PARTIALLY_FILLED,UNSOLICITED_CXL_REASON_UNDEFINED,ORD_REJECT_REASON_EXCHANGE_OPTION,,
1789731585.4,2026-09-18T11:39:45.438267183Z,ACTIVITY_TYPE_TRADE,ewc-usse-mn-2026-11-03-dem,SELL,ORDER_INTENT_BUY_SHORT,0.86,38,CJMG1K07TW22,passive,,2026-09-18T11:39:08.293042208Z,0.01,-0.06,0,1,ORDER_STATE_PARTIALLY_FILLED,UNSOLICITED_CXL_REASON_UNDEFINED,ORD_REJECT_REASON_EXCHANGE_OPTION,,
1789731586.2,2026-09-18T11:39:46.218983416Z,ACTIVITY_TYPE_TRADE,ushrewc-ushr-wa-03-2026-11-03-rep,BUY,ORDER_INTENT_BUY_LONG,0.19,4,CJMG42TMJW20,passive,,2026-09-18T11:39:46.025535506Z,0,-0.01,0,1,ORDER_STATE_FILLED,UNSOLICITED_CXL_REASON_UNDEFINED,ORD_REJECT_REASON_EXCHANGE_OPTION,,
1789731872.4,2026-09-18T11:44:32.388518382Z,ACTIVITY_TYPE_TRADE,paccc-usse-midterms-2026-11-03-rep,BUY,ORDER_INTENT_BUY_LONG,0.489,4,CJMJ7K4NTW1Z,passive,,2026-09-18T11:44:32.050730643Z,0,-0.01,0,1,ORDER_STATE_PARTIALLY_FILLED,UNSOLICITED_CXL_REASON_UNDEFINED,ORD_REJECT_REASON_EXCHANGE_OPTION,,
1789731872.8,2026-09-18T11:44:32.843076850Z,ACTIVITY_TYPE_TRADE,paccc-usse-midterms-2026-11-03-rep,BUY,ORDER_INTENT_BUY_LONG,0.489,3,CJMJ7K4NTW1Z,passive,,2026-09-18T11:44:32.050730643Z,0,-0.01,0,1,ORDER_STATE_PARTIALLY_FILLED,UNSOLICITED_CXL_REASON_UNDEFINED,ORD_REJECT_REASON_EXCHANGE_OPTION,,
1789731872.9,2026-09-18T11:44:32.932482575Z,ACTIVITY_TYPE_TRADE,paccc-usse-midterms-2026-11-03-rep,BUY,ORDER_INTENT_BUY_LONG,0.489,2,CJMJ7K4NTW1Z,passive,,2026-09-18T11:44:32.050730643Z,0,-0.01,0,1,ORDER_STATE_PARTIALLY_FILLED,UNSOLICITED_CXL_REASON_UNDEFINED,ORD_REJECT_REASON_EXCHANGE_OPTION,,
1789731873.0,2026-09-18T11:44:33.011054178Z,ACTIVITY_TYPE_TRADE,paccc-usse-midterms-2026-11-03-rep,BUY,ORDER_INTENT_BUY_LONG,0.489,1,CJMJ7K4NTW1Z,passive,,2026-09-18T11:44:32.050730643Z,0,0,0,1,ORDER_STATE_FILLED,UNSOLICITED_CXL_REASON_UNDEFINED,ORD_REJECT_REASON_EXCHANGE_OPTION,,
1789731995.1,2026-09-18T11:46:35.108772283Z,ACTIVITY_TYPE_TRADE,ewc-usse-nh-2026-11-03-dem,BUY,ORDER_INTENT_BUY_LONG,0.85,2,CJMJMB67WW20,passive,,2026-09-18T11:45:41.521250271Z,0.015,0,0,1,ORDER_STATE_PARTIALLY_FILLED,UNSOLICITED_CXL_REASON_UNDEFINED,ORD_REJECT_REASON_EXCHANGE_OPTION,,
1789732269.3,2026-09-18T11:51:09.349604190Z,ACTIVITY_TYPE_TRADE,ushrewc-ushr-oh-09-2026-11-03-rep,BUY,ORDER_INTENT_SELL_SHORT,0.34,25,CJMJS4KPWW0Y,passive,-10.42,2026-09-18T11:45:51.415997077Z,0.088,-0.07,0,1,ORDER_STATE_PARTIALLY_FILLED,UNSOLICITED_CXL_REASON_UNDEFINED,ORD_REJECT_REASON_EXCHANGE_OPTION,,
1789732304.2,2026-09-18T11:51:44.156327420Z,ACTIVITY_TYPE_TRADE,paccc-usse-midterms-2026-11-03-rep,BUY,ORDER_INTENT_BUY_LONG,0.496,11,CJMM6XJK4W0Y,passive,,2026-09-18T11:49:39.066717396Z,0.035,-0.03,0,1,ORDER_STATE_FILLED,UNSOLICITED_CXL_REASON_UNDEFINED,ORD_REJECT_REASON_EXCHANGE_OPTION,,
1789732611.9,2026-09-18T11:56:51.937096219Z,ACTIVITY_TYPE_TRADE,ewc-usse-mi-2026-11-03-dem,SELL,ORDER_INTENT_SELL_LONG,0.67,1,CJMJB7M1MW7E,passive,0.07,2026-09-18T11:45:22.860906121Z,0.191,0,0,1,ORDER_STATE_PARTIALLY_FILLED,UNSOLICITED_CXL_REASON_UNDEFINED,ORD_REJECT_REASON_EXCHANGE_OPTION,,
1789732629.3,2026-09-18T11:57:09.329968343Z,ACTIVITY_TYPE_TRADE,scc-senate-gop-2026-11-03-55,SELL,ORDER_INTENT_BUY_SHORT,0.02,9,CJMN1QE3TW1N,passive,,2026-09-18T11:51:54.513841666Z,0.087,0,0,1,ORDER_STATE_FILLED,UNSOLICITED_CXL_REASON_UNDEFINED,ORD_REJECT_REASON_EXCHANGE_OPTION,,
1789733274.5,2026-09-18T12:07:54.533391893Z,ACTIVITY_TYPE_TRADE,paccc-balpow-2026-11-03-dhou-rsen,SELL,ORDER_INTENT_BUY_SHORT,0.25,12,CJMTCYASAW7H,passive,,2026-09-18T12:03:22.086209856Z,0.076,-0.03,0,1,ORDER_STATE_FILLED,UNSOLICITED_CXL_REASON_UNDEFINED,ORD_REJECT_REASON_EXCHANGE_OPTION,,
1789733600.1,2026-09-18T12:13:20.063642896Z,ACTIVITY_TYPE_TRADE,paccc-balpow-2026-11-03-rsweep,BUY,ORDER_INTENT_BUY_LONG,0.16,26.29,CJMWX41TPW7H,passive,,2026-09-18T12:08:39.509080916Z,0.078,-0.04,0,1,ORDER_STATE_PARTIALLY_FILLED,UNSOLICITED_CXL_REASON_UNDEFINED,ORD_REJECT_REASON_EXCHANGE_OPTION,,
1789733601.3,2026-09-18T12:13:21.306081386Z,ACTIVITY_TYPE_TRADE,paccc-balpow-2026-11-03-rsweep,BUY,ORDER_INTENT_BUY_LONG,0.16,80,CJMWX41TPW7H,passive,,2026-09-18T12:08:39.509080916Z,0.078,-0.13,0,1,ORDER_STATE_PARTIALLY_FILLED,UNSOLICITED_CXL_REASON_UNDEFINED,ORD_REJECT_REASON_EXCHANGE_OPTION,,
1789733602.6,2026-09-18T12:13:22.613777604Z,ACTIVITY_TYPE_TRADE,paccc-balpow-2026-11-03-rsweep,BUY,ORDER_INTENT_BUY_LONG,0.16,25.71,CJMWX41TPW7H,passive,,2026-09-18T12:08:39.509080916Z,0.079,-0.04,0,1,ORDER_STATE_FILLED,UNSOLICITED_CXL_REASON_UNDEFINED,ORD_REJECT_REASON_EXCHANGE_OPTION,,
1789733629.6,2026-09-18T12:13:49.648022357Z,ACTIVITY_TYPE_TRADE,paccc-balpow-2026-11-03-rsweep,BUY,ORDER_INTENT_BUY_LONG,0.16,78.92,CJMYX0Q3EW7H,passive,,2026-09-18T12:13:43.922454284Z,0.002,-0.13,0,1,ORDER_STATE_PARTIALLY_FILLED,UNSOLICITED_CXL_REASON_UNDEFINED,ORD_REJECT_REASON_EXCHANGE_OPTION,,
1789733739.3,2026-09-18T12:15:39.319477717Z,ACTIVITY_TYPE_TRADE,paccc-usse-midterms-2026-11-03-rep,BUY,ORDER_INTENT_BUY_LONG,0.481,5,CJMYJ88XRW7H,passive,,2026-09-18T12:12:44.176236433Z,0.049,-0.02,0,1,ORDER_STATE_FILLED,UNSOLICITED_CXL_REASON_UNDEFINED,ORD_REJECT_REASON_EXCHANGE_OPTION,,
1789734194.3,2026-09-18T12:23:14.308893341Z,ACTIVITY_TYPE_TRADE,ewc-usgub-ga-2026-11-03-rep,SELL,ORDER_INTENT_BUY_SHORT,0.44,8,CJN15JT8RW20,passive,,2026-09-18T12:18:27.800331881Z,0.08,-0.02,0,1,ORDER_STATE_FILLED,UNSOLICITED_CXL_REASON_UNDEFINED,ORD_REJECT_REASON_EXCHANGE_OPTION,,
1789734612.2,2026-09-18T12:30:12.158354770Z,ACTIVITY_TYPE_TRADE,ewc-usgub-ca-2026-11-03-xavbec,SELL,ORDER_INTENT_BUY_SHORT,0.95,40,CJN4WXR0PW1Y,passive,,2026-09-18T12:27:29.076402205Z,0.045,-0.02,0,1,ORDER_STATE_PARTIALLY_FILLED,UNSOLICITED_CXL_REASON_UNDEFINED,ORD_REJECT_REASON_EXCHANGE_OPTION,,
1789734994.3,2026-09-18T12:36:34.269562398Z,ACTIVITY_TYPE_TRADE,enwc-uspres-nom-dem-2028-dwajoh,BUY,ORDER_INTENT_SELL_SHORT,0.01,15,CJMGGM1TTW7E,passive,-10.48,2026-09-18T11:41:07.789423825Z,0.924,0,0,1,ORDER_STATE_FILLED,UNSOLICITED_CXL_REASON_UNDEFINED,ORD_REJECT_REASON_EXCHANGE_OPTION,,
1789735096.8,2026-09-18T12:38:16.765167155Z,ACTIVITY_TYPE_TRADE,enwc-uspres-nom-dem-2028-dwajoh,BUY,ORDER_INTENT_SELL_SHORT,0.5,15,CJNA0W956W22,passive,-3.08,2026-09-18T12:38:13.775666978Z,0.001,-0.05,0,1,ORDER_STATE_FILLED,UNSOLICITED_CXL_REASON_UNDEFINED,ORD_REJECT_REASON_EXCHANGE_OPTION,,
1789735646.0,2026-09-18T12:47:25.974568986Z,ACTIVITY_TYPE_TRADE,ewc-usgub-ca-2026-11-03-xavbec,BUY,ORDER_INTENT_SELL_SHORT,0.95,40,CJNA121Z6W0Y,passive,3.71,2026-09-18T12:38:29.468019558Z,0.149,-0.02,0,1,ORDER_STATE_FILLED,UNSOLICITED_CXL_REASON_UNDEFINED,ORD_REJECT_REASON_EXCHANGE_OPTION,,
1789736281.5,2026-09-18T12:58:01.535642651Z,ACTIVITY_TYPE_TRADE,ewc-usgub-nv-2026-11-03-dem,BUY,ORDER_INTENT_SELL_SHORT,0.52,31,CJNAHE6SAW1Z,passive,-4.02,2026-09-18T12:39:41.028951770Z,0.306,-0.1,0,1,ORDER_STATE_PARTIALLY_FILLED,UNSOLICITED_CXL_REASON_UNDEFINED,ORD_REJECT_REASON_EXCHANGE_OPTION,,
1789736282.1,2026-09-18T12:58:02.079382601Z,ACTIVITY_TYPE_TRADE,ewc-usgub-nv-2026-11-03-dem,BUY,ORDER_INTENT_SELL_SHORT,0.52,20,CJNAHE6SAW1Z,passive,-2.59,2026-09-18T12:39:41.028951770Z,0.306,-0.06,0,1,ORDER_STATE_PARTIALLY_FILLED,UNSOLICITED_CXL_REASON_UNDEFINED,ORD_REJECT_REASON_EXCHANGE_OPTION,,
1789736283.3,2026-09-18T12:58:03.313500507Z,ACTIVITY_TYPE_TRADE,ewc-usgub-nv-2026-11-03-dem,BUY,ORDER_INTENT_SELL_SHORT,0.52,51,CJNAHE6SAW1Z,passive,-6.61,2026-09-18T12:39:41.028951770Z,0.306,-0.16,0,1,ORDER_STATE_FILLED,UNSOLICITED_CXL_REASON_UNDEFINED,ORD_REJECT_REASON_EXCHANGE_OPTION,,
1789736413.5,2026-09-18T13:00:13.469721147Z,ACTIVITY_TYPE_TRADE,ewc-usse-me-2026-11-03-rep,BUY,ORDER_INTENT_BUY_LONG,0.34,52,CJNKK7GFWW20,passive,,2026-09-18T12:59:02.143762358Z,0.02,-0.15,0,1,ORDER_STATE_FILLED,UNSOLICITED_CXL_REASON_UNDEFINED,ORD_REJECT_REASON_EXCHANGE_OPTION,,
1789736469.3,2026-09-18T13:01:09.340038441Z,ACTIVITY_TYPE_TRADE,paccc-usse-midterms-2026-11-03-rep,BUY,ORDER_INTENT_BUY_LONG,0.453,17,CJNM2BS6TW1Y,passive,,2026-09-18T13:00:02.024649851Z,0.019,-0.05,0,1,ORDER_STATE_FILLED,UNSOLICITED_CXL_REASON_UNDEFINED,ORD_REJECT_REASON_EXCHANGE_OPTION,,
1789736478.3,2026-09-18T13:01:18.299775361Z,ACTIVITY_TYPE_TRADE,ussewc-usse-la-2026-11-03-dem,BUY,ORDER_INTENT_SELL_SHORT,0.21,2,CJNMQZEWTW20,passive,-1.48,2026-09-18T13:01:17.923829767Z,0,0,0,1,ORDER_STATE_FILLED,UNSOLICITED_CXL_REASON_UNDEFINED,ORD_REJECT_REASON_EXCHANGE_OPTION,,
1789736534.9,2026-09-18T13:02:14.866867272Z,ACTIVITY_TYPE_TRADE,ussewc-usse-la-2026-11-03-dem,BUY,ORDER_INTENT_SELL_SHORT,0.11,2,CJNN4KV6EW20,passive,-1.68,2026-09-18T13:02:14.771039394Z,0,0,0,1,ORDER_STATE_FILLED,UNSOLICITED_CXL_REASON_UNDEFINED,ORD_REJECT_REASON_EXCHANGE_OPTION,,
1789736575.2,2026-09-18T13:02:55.162902594Z,ACTIVITY_TYPE_TRADE,ewc-usgub-nv-2026-11-03-dem,BUY,ORDER_INTENT_BUY_LONG,0.51,20,CJNJWYWC8W7H,passive,,2026-09-18T12:58:14.846324435Z,0.078,-0.06,0,1,ORDER_STATE_PARTIALLY_FILLED,UNSOLICITED_CXL_REASON_UNDEFINED,ORD_REJECT_REASON_EXCHANGE_OPTION,,
1789736576.4,2026-09-18T13:02:56.434223958Z,ACTIVITY_TYPE_TRADE,ewc-usgub-nv-2026-11-03-dem,BUY,ORDER_INTENT_BUY_LONG,0.51,3,CJNJWYWC8W7H,passive,,2026-09-18T12:58:14.846324435Z,0.078,-0.01,0,1,ORDER_STATE_FILLED,UNSOLICITED_CXL_REASON_UNDEFINED,ORD_REJECT_REASON_EXCHANGE_OPTION,,
1789736594.6,2026-09-18T13:03:14.622131464Z,ACTIVITY_TYPE_TRADE,ewc-usgub-nv-2026-11-03-dem,BUY,ORDER_INTENT_BUY_LONG,0.51,11,CJNNH4EM4W20,passive,,2026-09-18T13:03:14.181244987Z,0,-0.03,0,1,ORDER_STATE_PARTIALLY_FILLED,UNSOLICITED_CXL_REASON_UNDEFINED,ORD_REJECT_REASON_EXCHANGE_OPTION,,
1789736595.3,2026-09-18T13:03:15.292145055Z,ACTIVITY_TYPE_TRADE,ewc-usgub-nv-2026-11-03-dem,BUY,ORDER_INTENT_BUY_LONG,0.51,6,CJNNH4EM4W20,passive,,2026-09-18T13:03:14.181244987Z,0,-0.02,0,1,ORDER_STATE_FILLED,UNSOLICITED_CXL_REASON_UNDEFINED,ORD_REJECT_REASON_EXCHANGE_OPTION,,
1789736623.4,2026-09-18T13:03:43.415798961Z,ACTIVITY_TYPE_TRADE,ewc-usgub-mi-2026-11-03-dem,BUY,ORDER_INTENT_BUY_LONG,0.95,7,CJNKBYSQ2W7E,passive,,2026-09-18T12:59:15.115584490Z,0.075,0,0,1,ORDER_STATE_FILLED,UNSOLICITED_CXL_REASON_UNDEFINED,ORD_REJECT_REASON_EXCHANGE_OPTION,,
1789736658.4,2026-09-18T13:04:18.380341493Z,ACTIVITY_TYPE_TRADE,ewc-usgub-wi-2026-11-03-rep,BUY,ORDER_INTENT_BUY_LONG,0.21,24,CJNNZ8A2AW1N,passive,,2026-09-18T13:03:59.034020947Z,0.005,-0.05,0,1,ORDER_STATE_FILLED,UNSOLICITED_CXL_REASON_UNDEFINED,ORD_REJECT_REASON_EXCHANGE_OPTION,,
1789736666.7,2026-09-18T13:04:26.691840317Z,ACTIVITY_TYPE_TRADE,ewc-usgub-mi-2026-11-03-rep,BUY,ORDER_INTENT_BUY_LONG,0.09,18,CJNMDKWK2W7E,passive,,2026-09-18T13:01:34.694865992Z,0.048,-0.02,0,1,ORDER_STATE_FILLED,UNSOLICITED_CXL_REASON_UNDEFINED,ORD_REJECT_REASON_EXCHANGE_OPTION,,
1789736847.8,2026-09-18T13:07:27.784036054Z,ACTIVITY_TYPE_TRADE,cpoc-ussec-tx-me-2026-11-03-rsweep,BUY,ORDER_INTENT_BUY_LONG,0.41,0.12,CJNQJSZERW20,passive,,2026-09-18T13:06:58.799468080Z,0.008,0,0,1,ORDER_STATE_PARTIALLY_FILLED,UNSOLICITED_CXL_REASON_UNDEFINED,ORD_REJECT_REASON_EXCHANGE_OPTION,,
1789737123.4,2026-09-18T13:12:03.361777137Z,ACTIVITY_TYPE_TRADE,paccc-usse-midterms-2026-11-03-dem,BUY,ORDER_INTENT_SELL_SHORT,0.599,47,CJMYQDMAGW0Y,passive,-14.39,2026-09-18T12:12:26.206974577Z,0.994,-0.14,0,1,ORDER_STATE_FILLED,UNSOLICITED_CXL_REASON_UNDEFINED,ORD_REJECT_REASON_EXCHANGE_OPTION,,
1789737387.2,2026-09-18T13:16:27.174265410Z,ACTIVITY_TYPE_TRADE,ussewc-usse-nm-2026-11-03-dem,SELL,ORDER_INTENT_SELL_LONG,0.94,8.04,CJNDRNJ7YW20,passive,-41.47,2026-09-18T12:47:15.299695347Z,0.487,-0.01,0,1,ORDER_STATE_PARTIALLY_FILLED,UNSOLICITED_CXL_REASON_UNDEFINED,ORD_REJECT_REASON_EXCHANGE_OPTION,,
1789737818.6,2026-09-18T13:23:38.611727144Z,ACTIVITY_TYPE_TRADE,ussewc-usse-wv-2026-11-03-dem,BUY,ORDER_INTENT_SELL_SHORT,0.1,10,CJNRK5928W21,passive,-7.75,2026-09-18T13:09:22.098248365Z,0.238,-0.01,0,1,ORDER_STATE_FILLED,UNSOLICITED_CXL_REASON_UNDEFINED,ORD_REJECT_REASON_EXCHANGE_OPTION,,
1789737838.6,2026-09-18T13:23:58.595500145Z,ACTIVITY_TYPE_TRADE,ewc-usgub-mi-2026-11-03-rep,SELL,ORDER_INTENT_SELL_LONG,0.07,4,CJNWA772TWM9,passive,-0.03,2026-09-18T13:17:47.330755891Z,0.103,0,0,1,ORDER_STATE_PARTIALLY_FILLED,UNSOLICITED_CXL_REASON_UNDEFINED,ORD_REJECT_REASON_EXCHANGE_OPTION,,
1789737952.0,2026-09-18T13:25:52.007131606Z,ACTIVITY_TYPE_TRADE,paccc-usho-midterms-2026-11-03-rep,BUY,ORDER_INTENT_BUY_LONG,0.122,100,CJNZG89CJW1Y,passive,,2026-09-18T13:24:17.306673352Z,0.026,-0.13,0,1,ORDER_STATE_FILLED,UNSOLICITED_CXL_REASON_UNDEFINED,ORD_REJECT_REASON_EXCHANGE_OPTION,,
1789737961.6,2026-09-18T13:26:01.556223490Z,ACTIVITY_TYPE_TRADE,ewc-usse-me-2026-11-03-rep,BUY,ORDER_INTENT_BUY_LONG,0.33,3,CJNWBWGYAW21,passive,,2026-09-18T13:17:30.784091159Z,0.142,-0.01,0,1,ORDER_STATE_FILLED,UNSOLICITED_CXL_REASON_UNDEFINED,ORD_REJECT_REASON_EXCHANGE_OPTION,,
1789737976.4,2026-09-18T13:26:16.422468480Z,ACTIVITY_TYPE_TRADE,ewc-usgub-wi-2026-11-03-dem,SELL,ORDER_INTENT_SELL_LONG,0.84,5,CJNRR9RWMW7E,passive,-0.14,2026-09-18T13:10:16.535508911Z,0.267,-0.01,0,1,ORDER_STATE_PARTIALLY_FILLED,UNSOLICITED_CXL_REASON_UNDEFINED,ORD_REJECT_REASON_EXCHANGE_OPTION,,
1789738002.3,2026-09-18T13:26:42.286273523Z,ACTIVITY_TYPE_TRADE,ewc-usgub-mi-2026-11-03-rep,SELL,ORDER_INTENT_SELL_LONG,0.07,14,CJNWA772TWM9,passive,-0.11,2026-09-18T13:17:47.330755891Z,0.149,-0.01,0,1,ORDER_STATE_FILLED,UNSOLICITED_CXL_REASON_UNDEFINED,ORD_REJECT_REASON_EXCHANGE_OPTION,,
1789738099.5,2026-09-18T13:28:19.513366090Z,ACTIVITY_TYPE_TRADE,cpoc-ussec-tx-mi-me-2026-11-03-dsweep,SELL,ORDER_INTENT_BUY_SHORT,0.46,0.02,CJP184KD2WM9,passive,,2026-09-18T13:27:59.495967649Z,0.006,0,0,1,ORDER_STATE_PARTIALLY_FILLED,UNSOLICITED_CXL_REASON_UNDEFINED,ORD_REJECT_REASON_EXCHANGE_OPTION,,
1789738163.1,2026-09-18T13:29:23.077942228Z,ACTIVITY_TYPE_TRADE,enwc-uspres-nom-dem-2028-dwajoh,SELL,ORDER_INTENT_SELL_LONG,0.01,15,CJP2ABJH8W21,aggressor,-4.25,2026-09-18T13:29:23.076194138Z,0,0.01,0,1,ORDER_STATE_FILLED,UNSOLICITED_CXL_REASON_UNDEFINED,ORD_REJECT_REASON_EXCHANGE_OPTION,,
1789738166.7,2026-09-18T13:29:26.686426908Z,ACTIVITY_TYPE_TRADE,cpoc-ussec-tx-mi-me-2026-11-03-dsweep,SELL,ORDER_INTENT_BUY_SHORT,0.46,0.01,CJP184KD2WM9,passive,,2026-09-18T13:27:59.495967649Z,0.024,0,0,1,ORDER_STATE_PARTIALLY_FILLED,UNSOLICITED_CXL_REASON_UNDEFINED,ORD_REJECT_REASON_EXCHANGE_OPTION,,
1789738168.7,2026-09-18T13:29:28.695799306Z,ACTIVITY_TYPE_TRADE,cpoc-ussec-tx-mi-me-2026-11-03-dtx-rmi-dme,SELL,ORDER_INTENT_BUY_SHORT,0.26,0.01,CJP1KV9M4W7E,passive,,2026-09-18T13:28:47.247798166Z,0.012,0,0,1,ORDER_STATE_PARTIALLY_FILLED,UNSOLICITED_CXL_REASON_UNDEFINED,ORD_REJECT_REASON_EXCHANGE_OPTION,,
1789738170.2,2026-09-18T13:29:30.190987554Z,ACTIVITY_TYPE_TRADE,cpoc-ussec-tx-mi-me-2026-11-03-dsweep,SELL,ORDER_INTENT_BUY_SHORT,0.46,0.02,CJP184KD2WM9,passive,,2026-09-18T13:27:59.495967649Z,0.025,0,0,1,ORDER_STATE_PARTIALLY_FILLED,UNSOLICITED_CXL_REASON_UNDEFINED,ORD_REJECT_REASON_EXCHANGE_OPTION,,
1789738172.2,2026-09-18T13:29:32.196784605Z,ACTIVITY_TYPE_TRADE,cpoc-ussec-tx-mi-me-2026-11-03-dtx-rmi-dme,SELL,ORDER_INTENT_BUY_SHORT,0.26,0.02,CJP1KV9M4W7E,passive,,2026-09-18T13:28:47.247798166Z,0.012,0,0,1,ORDER_STATE_PARTIALLY_FILLED,UNSOLICITED_CXL_REASON_UNDEFINED,ORD_REJECT_REASON_EXCHANGE_OPTION,,
1789738172.7,2026-09-18T13:29:32.694486357Z,ACTIVITY_TYPE_TRADE,cpoc-ussec-tx-mi-me-2026-11-03-dsweep,SELL,ORDER_INTENT_BUY_SHORT,0.46,0.06,CJP184KD2WM9,passive,,2026-09-18T13:27:59.495967649Z,0.026,0,0,1,ORDER_STATE_PARTIALLY_FILLED,UNSOLICITED_CXL_REASON_UNDEFINED,ORD_REJECT_REASON_EXCHANGE_OPTION,,
1789738174.7,2026-09-18T13:29:34.697046218Z,ACTIVITY_TYPE_TRADE,cpoc-ussec-tx-mi-me-2026-11-03-dtx-rmi-dme,SELL,ORDER_INTENT_BUY_SHORT,0.26,0.06,CJP1KV9M4W7E,passive,,2026-09-18T13:28:47.247798166Z,0.013,0,0,1,ORDER_STATE_PARTIALLY_FILLED,UNSOLICITED_CXL_REASON_UNDEFINED,ORD_REJECT_REASON_EXCHANGE_OPTION,,
1789738228.7,2026-09-18T13:30:28.661510358Z,ACTIVITY_TYPE_TRADE,enwc-uspres-nom-dem-2028-dwajoh,SELL,ORDER_INTENT_SELL_LONG,0.01,15,CJP2DAX76W7H,aggressor,-4.25,2026-09-18T13:30:28.659480301Z,0,0.01,0,1,ORDER_STATE_FILLED,UNSOLICITED_CXL_REASON_UNDEFINED,ORD_REJECT_REASON_EXCHANGE_OPTION,,
1789738233.2,2026-09-18T13:30:33.192068773Z,ACTIVITY_TYPE_TRADE,cpoc-ussec-tx-mi-me-2026-11-03-rtx-rmi-dme,SELL,ORDER_INTENT_BUY_SHORT,0.24,0.05,CJP2GG6PGW21,passive,,2026-09-18T13:29:46.982591409Z,0.013,0,0,1,ORDER_STATE_PARTIALLY_FILLED,UNSOLICITED_CXL_REASON_UNDEFINED,ORD_REJECT_REASON_EXCHANGE_OPTION,,
1789738234.2,2026-09-18T13:30:34.191139980Z,ACTIVITY_TYPE_TRADE,cpoc-ussec-tx-mi-me-2026-11-03-dtx-rmi-dme,SELL,ORDER_INTENT_BUY_SHORT,0.26,0.05,CJP1KV9M4W7E,passive,,2026-09-18T13:28:47.247798166Z,0.03,0,0,1,ORDER_STATE_PARTIALLY_FILLED,UNSOLICITED_CXL_REASON_UNDEFINED,ORD_REJECT_REASON_EXCHANGE_OPTION,,
1789738235.7,2026-09-18T13:30:35.693918312Z,ACTIVITY_TYPE_TRADE,cpoc-ussec-tx-mi-me-2026-11-03-rtx-rmi-dme,SELL,ORDER_INTENT_BUY_SHORT,0.24,0.06,CJP2GG6PGW21,passive,,2026-09-18T13:29:46.982591409Z,0.014,0,0,1,ORDER_STATE_PARTIALLY_FILLED,UNSOLICITED_CXL_REASON_UNDEFINED,ORD_REJECT_REASON_EXCHANGE_OPTION,,
1789738236.7,2026-09-18T13:30:36.694544032Z,ACTIVITY_TYPE_TRADE,cpoc-ussec-tx-mi-me-2026-11-03-dtx-rmi-dme,SELL,ORDER_INTENT_BUY_SHORT,0.26,0.06,CJP1KV9M4W7E,passive,,2026-09-18T13:28:47.247798166Z,0.03,0,0,1,ORDER_STATE_PARTIALLY_FILLED,UNSOLICITED_CXL_REASON_UNDEFINED,ORD_REJECT_REASON_EXCHANGE_OPTION,,
1789738238.2,2026-09-18T13:30:38.198053034Z,ACTIVITY_TYPE_TRADE,cpoc-ussec-tx-mi-me-2026-11-03-rtx-rmi-dme,SELL,ORDER_INTENT_BUY_SHORT,0.24,0.02,CJP2GG6PGW21,passive,,2026-09-18T13:29:46.982591409Z,0.014,0,0,1,ORDER_STATE_PARTIALLY_FILLED,UNSOLICITED_CXL_REASON_UNDEFINED,ORD_REJECT_REASON_EXCHANGE_OPTION,,
1789738239.2,2026-09-18T13:30:39.194595070Z,ACTIVITY_TYPE_TRADE,cpoc-ussec-tx-mi-me-2026-11-03-dtx-rmi-dme,SELL,ORDER_INTENT_BUY_SHORT,0.26,0.02,CJP1KV9M4W7E,passive,,2026-09-18T13:28:47.247798166Z,0.031,0,0,1,ORDER_STATE_PARTIALLY_FILLED,UNSOLICITED_CXL_REASON_UNDEFINED,ORD_REJECT_REASON_EXCHANGE_OPTION,,
1789738240.1,2026-09-18T13:30:40.104133296Z,ACTIVITY_TYPE_TRADE,paccc-usse-midterms-2026-11-03-rep,BUY,ORDER_INTENT_BUY_LONG,0.413,7,CJP0WMTQYW21,passive,,2026-09-18T13:26:47.053883339Z,0.065,-0.02,0,1,ORDER_STATE_FILLED,UNSOLICITED_CXL_REASON_UNDEFINED,ORD_REJECT_REASON_EXCHANGE_OPTION,,
1789738240.7,2026-09-18T13:30:40.692378875Z,ACTIVITY_TYPE_TRADE,cpoc-ussec-tx-mi-me-2026-11-03-rtx-rmi-dme,SELL,ORDER_INTENT_BUY_SHORT,0.24,0.1,CJP2GG6PGW21,passive,,2026-09-18T13:29:46.982591409Z,0.015,0,0,1,ORDER_STATE_PARTIALLY_FILLED,UNSOLICITED_CXL_REASON_UNDEFINED,ORD_REJECT_REASON_EXCHANGE_OPTION,,
1789738241.7,2026-09-18T13:30:41.700621868Z,ACTIVITY_TYPE_TRADE,cpoc-ussec-tx-mi-me-2026-11-03-dtx-rmi-dme,SELL,ORDER_INTENT_BUY_SHORT,0.26,0.1,CJP1KV9M4W7E,passive,,2026-09-18T13:28:47.247798166Z,0.032,0,0,1,ORDER_STATE_PARTIALLY_FILLED,UNSOLICITED_CXL_REASON_UNDEFINED,ORD_REJECT_REASON_EXCHANGE_OPTION,,
1789738242.2,2026-09-18T13:30:42.199828260Z,ACTIVITY_TYPE_TRADE,cpoc-ussec-tx-mi-me-2026-11-03-dsweep,SELL,ORDER_INTENT_BUY_SHORT,0.46,0.11,CJP184KD2WM9,passive,,2026-09-18T13:27:59.495967649Z,0.045,0,0,1,ORDER_STATE_PARTIALLY_FILLED,UNSOLICITED_CXL_REASON_UNDEFINED,ORD_REJECT_REASON_EXCHANGE_OPTION,,
1789738243.2,2026-09-18T13:30:43.194252025Z,ACTIVITY_TYPE_TRADE,cpoc-ussec-tx-mi-me-2026-11-03-rtx-rmi-dme,SELL,ORDER_INTENT_BUY_SHORT,0.24,0.11,CJP2GG6PGW21,passive,,2026-09-18T13:29:46.982591409Z,0.016,0,0,1,ORDER_STATE_PARTIALLY_FILLED,UNSOLICITED_CXL_REASON_UNDEFINED,ORD_REJECT_REASON_EXCHANGE_OPTION,,
1789738244.2,2026-09-18T13:30:44.195169408Z,ACTIVITY_TYPE_TRADE,cpoc-ussec-tx-mi-me-2026-11-03-dtx-rmi-dme,SELL,ORDER_INTENT_BUY_SHORT,0.26,0.11,CJP1KV9M4W7E,passive,,2026-09-18T13:28:47.247798166Z,0.032,0,0,1,ORDER_STATE_PARTIALLY_FILLED,UNSOLICITED_CXL_REASON_UNDEFINED,ORD_REJECT_REASON_EXCHANGE_OPTION,,
1789738244.8,2026-09-18T13:30:44.766925142Z,ACTIVITY_TYPE_TRADE,cpoc-ussec-tx-mi-me-2026-11-03-dsweep,SELL,ORDER_INTENT_BUY_SHORT,0.46,0.29,CJP184KD2WM9,passive,,2026-09-18T13:27:59.495967649Z,0.046,0,0,1,ORDER_STATE_PARTIALLY_FILLED,UNSOLICITED_CXL_REASON_UNDEFINED,ORD_REJECT_REASON_EXCHANGE_OPTION,,
1789738245.8,2026-09-18T13:30:45.844302205Z,ACTIVITY_TYPE_TRADE,cpoc-ussec-tx-mi-me-2026-11-03-rtx-rmi-dme,SELL,ORDER_INTENT_BUY_SHORT,0.24,0.29,CJP2GG6PGW21,passive,,2026-09-18T13:29:46.982591409Z,0.016,0,0,1,ORDER_STATE_PARTIALLY_FILLED,UNSOLICITED_CXL_REASON_UNDEFINED,ORD_REJECT_REASON_EXCHANGE_OPTION,,
1789738246.7,2026-09-18T13:30:46.707276817Z,ACTIVITY_TYPE_TRADE,cpoc-ussec-tx-mi-me-2026-11-03-dtx-rmi-dme,SELL,ORDER_INTENT_BUY_SHORT,0.26,0.29,CJP1KV9M4W7E,passive,,2026-09-18T13:28:47.247798166Z,0.033,0,0,1,ORDER_STATE_PARTIALLY_FILLED,UNSOLICITED_CXL_REASON_UNDEFINED,ORD_REJECT_REASON_EXCHANGE_OPTION,,
1789738303.2,2026-09-18T13:31:43.153985339Z,ACTIVITY_TYPE_TRADE,cpoc-ussec-tx-mi-me-2026-11-03-rtx-rmi-dme,SELL,ORDER_INTENT_BUY_SHORT,0.24,0.02,CJP2GG6PGW21,passive,,2026-09-18T13:29:46.982591409Z,0.032,0,0,1,ORDER_STATE_PARTIALLY_FILLED,UNSOLICITED_CXL_REASON_UNDEFINED,ORD_REJECT_REASON_EXCHANGE_OPTION,,
1789738305.7,2026-09-18T13:31:45.693112993Z,ACTIVITY_TYPE_TRADE,cpoc-ussec-tx-mi-me-2026-11-03-rtx-rmi-dme,SELL,ORDER_INTENT_BUY_SHORT,0.24,0.21,CJP2GG6PGW21,passive,,2026-09-18T13:29:46.982591409Z,0.033,0,0,1,ORDER_STATE_PARTIALLY_FILLED,UNSOLICITED_CXL_REASON_UNDEFINED,ORD_REJECT_REASON_EXCHANGE_OPTION,,
1789738308.2,2026-09-18T13:31:48.164649597Z,ACTIVITY_TYPE_TRADE,cpoc-ussec-tx-mi-me-2026-11-03-rtx-rmi-dme,SELL,ORDER_INTENT_BUY_SHORT,0.24,0.44,CJP2GG6PGW21,passive,,2026-09-18T13:29:46.982591409Z,0.034,0,0,1,ORDER_STATE_PARTIALLY_FILLED,UNSOLICITED_CXL_REASON_UNDEFINED,ORD_REJECT_REASON_EXCHANGE_OPTION,,
1789738548.2,2026-09-18T13:35:48.182079463Z,ACTIVITY_TYPE_TRADE,cpoc-ussec-tx-mi-me-2026-11-03-rsweep,SELL,ORDER_INTENT_SELL_LONG,0.22,0.14,CJNY09JA8W1Y,passive,0.03,2026-09-18T13:21:17.217046259Z,0.242,0,0,1,ORDER_STATE_PARTIALLY_FILLED,UNSOLICITED_CXL_REASON_UNDEFINED,ORD_REJECT_REASON_EXCHANGE_OPTION,,
1789738562.8,2026-09-18T13:36:02.818941377Z,ACTIVITY_TYPE_TRADE,ewc-usse-me-2026-11-03-rep,SELL,ORDER_INTENT_SELL_LONG,0.34,52,CJNMN3RDPW22,passive,-11.65,2026-09-18T13:01:34.565317342Z,0.575,-0.15,0,1,ORDER_STATE_FILLED,UNSOLICITED_CXL_REASON_UNDEFINED,ORD_REJECT_REASON_EXCHANGE_OPTION,,
1789738601.1,2026-09-18T13:36:41.070781375Z,ACTIVITY_TYPE_TRADE,cpoc-ussec-tx-mi-me-2026-11-03-rsweep,SELL,ORDER_INTENT_SELL_LONG,0.22,1.82,CJNY09JA8W1Y,passive,0.4,2026-09-18T13:21:17.217046259Z,0.257,0,0,1,ORDER_STATE_PARTIALLY_FILLED,UNSOLICITED_CXL_REASON_UNDEFINED,ORD_REJECT_REASON_EXCHANGE_OPTION,,
1789738602.1,2026-09-18T13:36:42.094065215Z,ACTIVITY_TYPE_TRADE,cpoc-ussec-tx-me-2026-11-03-rtx-dme,BUY,ORDER_INTENT_BUY_LONG,0.71,4.37,CJP34NPSPW1Z,passive,,2026-09-18T13:31:16.689778459Z,0.09,-0.01,0,1,ORDER_STATE_PARTIALLY_FILLED,UNSOLICITED_CXL_REASON_UNDEFINED,ORD_REJECT_REASON_EXCHANGE_OPTION,,
1789738603.1,2026-09-18T13:36:43.099060077Z,ACTIVITY_TYPE_TRADE,cpoc-ussec-tx-me-2026-11-03-rsweep,BUY,ORDER_INTENT_BUY_LONG,0.46,4.38,CJP332HQ4W1N,passive,,2026-09-18T13:30:59.273836787Z,0.096,-0.01,0,1,ORDER_STATE_PARTIALLY_FILLED,UNSOLICITED_CXL_REASON_UNDEFINED,ORD_REJECT_REASON_EXCHANGE_OPTION,,
1789738615.6,2026-09-18T13:36:55.592708423Z,ACTIVITY_TYPE_TRADE,ushrewc-ushr-me-02-2026-11-03-rep,BUY,ORDER_INTENT_SELL_SHORT,0.63,7.43,CJNKGW098W7H,passive,1.06,2026-09-18T12:59:32.140827165Z,0.623,-0.02,0,1,ORDER_STATE_PARTIALLY_FILLED,UNSOLICITED_CXL_REASON_UNDEFINED,ORD_REJECT_REASON_EXCHANGE_OPTION,,
1789738754.3,2026-09-18T13:39:14.255771190Z,ACTIVITY_TYPE_TRADE,ewc-usse-me-2026-11-03-rep,SELL,ORDER_INTENT_SELL_LONG,0.35,3,CJP5J6J3CW7H,passive,-0.64,2026-09-18T13:37:16.944069328Z,0.033,-0.01,0,1,ORDER_STATE_FILLED,UNSOLICITED_CXL_REASON_UNDEFINED,ORD_REJECT_REASON_EXCHANGE_OPTION,,
1789738785.8,2026-09-18T13:39:45.793040791Z,ACTIVITY_TYPE_TRADE,ewc-usse-me-2026-11-03-rep,SELL,ORDER_INTENT_BUY_SHORT,0.36,16,CJP6W1XWTW1Z,passive,,2026-09-18T13:39:31.617949870Z,0.004,-0.05,0,1,ORDER_STATE_FILLED,UNSOLICITED_CXL_REASON_UNDEFINED,ORD_REJECT_REASON_EXCHANGE_OPTION,,
1789739055.3,2026-09-18T13:44:15.255978470Z,ACTIVITY_TYPE_TRADE,usgubewc-usgub-me-2026-11-03-rep,BUY,ORDER_INTENT_SELL_SHORT,0.06,20,CJNX4D6H0W22,passive,-12.32,2026-09-18T13:19:22.967703734Z,0.415,-0.01,0,1,ORDER_STATE_FILLED,UNSOLICITED_CXL_REASON_UNDEFINED,ORD_REJECT_REASON_EXCHANGE_OPTION,,
1789739078.7,2026-09-18T13:44:38.691724502Z,ACTIVITY_TYPE_TRADE,usgubewc-usgub-me-2026-11-03-rep,BUY,ORDER_INTENT_SELL_SHORT,0.06,0.22,CJP950PTCW1N,passive,-0.14,2026-09-18T13:44:25.198606024Z,0.004,0,0,1,ORDER_STATE_PARTIALLY_FILLED,UNSOLICITED_CXL_REASON_UNDEFINED,ORD_REJECT_REASON_EXCHANGE_OPTION,,
1789739082.6,2026-09-18T13:44:42.645647329Z,ACTIVITY_TYPE_TRADE,paccc-usse-midterms-2026-11-03-rep,SELL,ORDER_INTENT_SELL_LONG,0.414,53,CJP3QWXAWW7H,passive,-29.41,2026-09-18T13:33:16.698508776Z,0.191,-0.16,0,1,ORDER_STATE_FILLED,UNSOLICITED_CXL_REASON_UNDEFINED,ORD_REJECT_REASON_EXCHANGE_OPTION,,
1789739090.7,2026-09-18T13:44:50.745266912Z,ACTIVITY_TYPE_TRADE,cpoc-ussec-tx-mi-me-2026-11-03-dsweep,SELL,ORDER_INTENT_BUY_SHORT,0.67,0.02,CJP95086CW1Y,passive,,2026-09-18T13:44:34.358653332Z,0.005,0,0,1,ORDER_STATE_PARTIALLY_FILLED,UNSOLICITED_CXL_REASON_UNDEFINED,ORD_REJECT_REASON_EXCHANGE_OPTION,,
1789739091.2,2026-09-18T13:44:51.231768968Z,ACTIVITY_TYPE_TRADE,cpoc-ussec-tx-mi-me-2026-11-03-dtx-dmi-rme,SELL,ORDER_INTENT_BUY_SHORT,0.11,0.02,CJP8DEDQRW7E,passive,,2026-09-18T13:43:29.411406330Z,0.023,0,0,1,ORDER_STATE_PARTIALLY_FILLED,UNSOLICITED_CXL_REASON_UNDEFINED,ORD_REJECT_REASON_EXCHANGE_OPTION,,
1789739151.0,2026-09-18T13:45:51.041003248Z,ACTIVITY_TYPE_TRADE,cpoc-ussec-tx-mi-me-2026-11-03-dsweep,SELL,ORDER_INTENT_BUY_SHORT,0.67,0.02,CJP95086CW1Y,passive,,2026-09-18T13:44:34.358653332Z,0.021,0,0,1,ORDER_STATE_PARTIALLY_FILLED,UNSOLICITED_CXL_REASON_UNDEFINED,ORD_REJECT_REASON_EXCHANGE_OPTION,,
1789739151.5,2026-09-18T13:45:51.542755244Z,ACTIVITY_TYPE_TRADE,cpoc-ussec-tx-mi-me-2026-11-03-dtx-dmi-rme,SELL,ORDER_INTENT_BUY_SHORT,0.11,0.02,CJP8DEDQRW7E,passive,,2026-09-18T13:43:29.411406330Z,0.039,0,0,1,ORDER_STATE_PARTIALLY_FILLED,UNSOLICITED_CXL_REASON_UNDEFINED,ORD_REJECT_REASON_EXCHANGE_OPTION,,
1789739209.6,2026-09-18T13:46:49.618759618Z,ACTIVITY_TYPE_TRADE,cpoc-ussec-tx-mi-me-2026-11-03-dsweep,SELL,ORDER_INTENT_BUY_SHORT,0.67,0.04,CJP95086CW1Y,passive,,2026-09-18T13:44:34.358653332Z,0.038,0,0,1,ORDER_STATE_PARTIALLY_FILLED,UNSOLICITED_CXL_REASON_UNDEFINED,ORD_REJECT_REASON_EXCHANGE_OPTION,,
1789739210.1,2026-09-18T13:46:50.055888207Z,ACTIVITY_TYPE_TRADE,cpoc-ussec-tx-mi-me-2026-11-03-dtx-dmi-rme,SELL,ORDER_INTENT_BUY_SHORT,0.11,0.04,CJP8DEDQRW7E,passive,,2026-09-18T13:43:29.411406330Z,0.056,0,0,1,ORDER_STATE_PARTIALLY_FILLED,UNSOLICITED_CXL_REASON_UNDEFINED,ORD_REJECT_REASON_EXCHANGE_OPTION,,
1789739276.1,2026-09-18T13:47:56.132652668Z,ACTIVITY_TYPE_TRADE,cpoc-ussec-tx-mi-me-2026-11-03-dsweep,SELL,ORDER_INTENT_BUY_SHORT,0.67,0.2,CJP95086CW1Y,passive,,2026-09-18T13:44:34.358653332Z,0.056,0,0,1,ORDER_STATE_PARTIALLY_FILLED,UNSOLICITED_CXL_REASON_UNDEFINED,ORD_REJECT_REASON_EXCHANGE_OPTION,,
1789739276.7,2026-09-18T13:47:56.669582574Z,ACTIVITY_TYPE_TRADE,cpoc-ussec-tx-mi-me-2026-11-03-dtx-dmi-rme,SELL,ORDER_INTENT_BUY_SHORT,0.11,0.2,CJP8DEDQRW7E,passive,,2026-09-18T13:43:29.411406330Z,0.074,0,0,1,ORDER_STATE_PARTIALLY_FILLED,UNSOLICITED_CXL_REASON_UNDEFINED,ORD_REJECT_REASON_EXCHANGE_OPTION,,
1789739336.9,2026-09-18T13:48:56.888732955Z,ACTIVITY_TYPE_TRADE,cpoc-ussec-tx-mi-me-2026-11-03-dsweep,SELL,ORDER_INTENT_BUY_SHORT,0.67,0.21,CJP95086CW1Y,passive,,2026-09-18T13:44:34.358653332Z,0.073,0,0,1,ORDER_STATE_PARTIALLY_FILLED,UNSOLICITED_CXL_REASON_UNDEFINED,ORD_REJECT_REASON_EXCHANGE_OPTION,,
1789739337.4,2026-09-18T13:48:57.396479515Z,ACTIVITY_TYPE_TRADE,cpoc-ussec-tx-mi-me-2026-11-03-dtx-dmi-rme,SELL,ORDER_INTENT_BUY_SHORT,0.11,0.21,CJPAR78STWM9,passive,,2026-09-18T13:48:34.467273755Z,0.006,0,0,1,ORDER_STATE_PARTIALLY_FILLED,UNSOLICITED_CXL_REASON_UNDEFINED,ORD_REJECT_REASON_EXCHANGE_OPTION,,
1789739404.4,2026-09-18T13:50:04.437113579Z,ACTIVITY_TYPE_TRADE,cpoc-ussec-tx-mi-me-2026-11-03-dtx-dmi-rme,SELL,ORDER_INTENT_BUY_SHORT,0.11,0.04,CJPAR78STWM9,passive,,2026-09-18T13:48:34.467273755Z,0.025,0,0,1,ORDER_STATE_PARTIALLY_FILLED,UNSOLICITED_CXL_REASON_UNDEFINED,ORD_REJECT_REASON_EXCHANGE_OPTION,,
1789739526.5,2026-09-18T13:52:06.492688081Z,ACTIVITY_TYPE_TRADE,cpoc-ussec-tx-me-2026-11-03-dsweep,SELL,ORDER_INTENT_BUY_SHORT,0.56,0.05,CJPBF855WWM9,passive,,2026-09-18T13:50:04.363227485Z,0.034,0,0,1,ORDER_STATE_PARTIALLY_FILLED,UNSOLICITED_CXL_REASON_UNDEFINED,ORD_REJECT_REASON_EXCHANGE_OPTION,,
1789739637.3,2026-09-18T13:53:57.319209380Z,ACTIVITY_TYPE_TRADE,cpoc-ussec-tx-me-2026-11-03-dsweep,SELL,ORDER_INTENT_BUY_SHORT,0.56,0.04,CJPBF855WWM9,passive,,2026-09-18T13:50:04.363227485Z,0.065,0,0,1,ORDER_STATE_PARTIALLY_FILLED,UNSOLICITED_CXL_REASON_UNDEFINED,ORD_REJECT_REASON_EXCHANGE_OPTION,,
1789739692.8,2026-09-18T13:54:52.774256781Z,ACTIVITY_TYPE_TRADE,cpoc-ussec-tx-me-2026-11-03-dsweep,SELL,ORDER_INTENT_BUY_SHORT,0.56,0.01,CJPBF855WWM9,passive,,2026-09-18T13:50:04.363227485Z,0.08,0,0,1,ORDER_STATE_PARTIALLY_FILLED,UNSOLICITED_CXL_REASON_UNDEFINED,ORD_REJECT_REASON_EXCHANGE_OPTION,,
1789739694.3,2026-09-18T13:54:54.277682759Z,ACTIVITY_TYPE_TRADE,cpoc-ussec-tx-mi-me-2026-11-03-dtx-dmi-rme,SELL,ORDER_INTENT_BUY_SHORT,0.11,0.02,CJPAR78STWM9,passive,,2026-09-18T13:48:34.467273755Z,0.106,0,0,1,ORDER_STATE_PARTIALLY_FILLED,UNSOLICITED_CXL_REASON_UNDEFINED,ORD_REJECT_REASON_EXCHANGE_OPTION,,
1789739694.8,2026-09-18T13:54:54.794469551Z,ACTIVITY_TYPE_TRADE,cpoc-ussec-tx-mi-me-2026-11-03-rtx-rmi-dme,SELL,ORDER_INTENT_BUY_SHORT,0.2,0.02,CJPDNHQ74W7H,passive,,2026-09-18T13:54:51.830927291Z,0.001,0,0,1,ORDER_STATE_PARTIALLY_FILLED,UNSOLICITED_CXL_REASON_UNDEFINED,ORD_REJECT_REASON_EXCHANGE_OPTION,,
1789739755.8,2026-09-18T13:55:55.839237700Z,ACTIVITY_TYPE_TRADE,cpoc-ussec-tx-me-2026-11-03-dsweep,SELL,ORDER_INTENT_BUY_SHORT,0.56,0.01,CJPBF855WWM9,passive,,2026-09-18T13:50:04.363227485Z,0.098,0,0,1,ORDER_STATE_PARTIALLY_FILLED,UNSOLICITED_CXL_REASON_UNDEFINED,ORD_REJECT_REASON_EXCHANGE_OPTION,,
1789739761.9,2026-09-18T13:56:01.863185888Z,ACTIVITY_TYPE_TRADE,cpoc-ussec-tx-mi-me-2026-11-03-dtx-dmi-rme,SELL,ORDER_INTENT_BUY_SHORT,0.11,0.16,CJPAR78STWM9,passive,,2026-09-18T13:48:34.467273755Z,0.124,0,0,1,ORDER_STATE_PARTIALLY_FILLED,UNSOLICITED_CXL_REASON_UNDEFINED,ORD_REJECT_REASON_EXCHANGE_OPTION,,
1789739762.3,2026-09-18T13:56:02.347170040Z,ACTIVITY_TYPE_TRADE,cpoc-ussec-tx-mi-me-2026-11-03-rtx-rmi-dme,SELL,ORDER_INTENT_BUY_SHORT,0.2,0.16,CJPDNHQ74W7H,passive,,2026-09-18T13:54:51.830927291Z,0.02,0,0,1,ORDER_STATE_PARTIALLY_FILLED,UNSOLICITED_CXL_REASON_UNDEFINED,ORD_REJECT_REASON_EXCHANGE_OPTION,,
1789739807.4,2026-09-18T13:56:47.356079473Z,ACTIVITY_TYPE_TRADE,ewc-usse-me-2026-11-03-rep,SELL,ORDER_INTENT_BUY_SHORT,0.35,7,CJPE0N98PW7H,passive,,2026-09-18T13:55:34.635564745Z,0.02,-0.02,0,1,ORDER_STATE_FILLED,UNSOLICITED_CXL_REASON_UNDEFINED,ORD_REJECT_REASON_EXCHANGE_OPTION,,
1789739813.1,2026-09-18T13:56:53.072887603Z,ACTIVITY_TYPE_TRADE,cpoc-ussec-tx-mi-me-2026-11-03-rtx-dmi-rme,SELL,ORDER_INTENT_BUY_SHORT,0.1,0.21,CJPB7MS12W22,passive,,2026-09-18T13:48:51.796136137Z,0.134,0,0,1,ORDER_STATE_PARTIALLY_FILLED,UNSOLICITED_CXL_REASON_UNDEFINED,ORD_REJECT_REASON_EXCHANGE_OPTION,,
1789739813.6,2026-09-18T13:56:53.574432608Z,ACTIVITY_TYPE_TRADE,cpoc-ussec-tx-mi-me-2026-11-03-rtx-rmi-dme,SELL,ORDER_INTENT_BUY_SHORT,0.2,0.21,CJPDNHQ74W7H,passive,,2026-09-18T13:54:51.830927291Z,0.034,0,0,1,ORDER_STATE_PARTIALLY_FILLED,UNSOLICITED_CXL_REASON_UNDEFINED,ORD_REJECT_REASON_EXCHANGE_OPTION,,
1789739860.7,2026-09-18T13:57:40.689028399Z,ACTIVITY_TYPE_TRADE,cpoc-ussec-tx-me-2026-11-03-dsweep,SELL,ORDER_INTENT_BUY_SHORT,0.56,0.02,CJPEHGM4JW1Z,passive,,2026-09-18T13:56:04.528893594Z,0.027,0,0,1,ORDER_STATE_PARTIALLY_FILLED,UNSOLICITED_CXL_REASON_UNDEFINED,ORD_REJECT_REASON_EXCHANGE_OPTION,,
1789739862.2,2026-09-18T13:57:42.172681472Z,ACTIVITY_TYPE_TRADE,cpoc-ussec-tx-mi-me-2026-11-03-dtx-dmi-rme,SELL,ORDER_INTENT_BUY_SHORT,0.11,0.23,CJPAR78STWM9,passive,,2026-09-18T13:48:34.467273755Z,0.152,0,0,1,ORDER_STATE_PARTIALLY_FILLED,UNSOLICITED_CXL_REASON_UNDEFINED,ORD_REJECT_REASON_EXCHANGE_OPTION,,
1789739862.7,2026-09-18T13:57:42.669038278Z,ACTIVITY_TYPE_TRADE,cpoc-ussec-tx-mi-me-2026-11-03-rtx-rmi-dme,SELL,ORDER_INTENT_BUY_SHORT,0.2,0.23,CJPDNHQ74W7H,passive,,2026-09-18T13:54:51.830927291Z,0.047,0,0,1,ORDER_STATE_PARTIALLY_FILLED,UNSOLICITED_CXL_REASON_UNDEFINED,ORD_REJECT_REASON_EXCHANGE_OPTION,,
1789740094.7,2026-09-18T14:01:34.695522301Z,ACTIVITY_TYPE_TRADE,cpoc-ussec-tx-me-2026-11-03-dsweep,SELL,ORDER_INTENT_BUY_SHORT,0.56,0.01,CJPEHGM4JW1Z,passive,,2026-09-18T13:56:04.528893594Z,0.092,0,0,1,ORDER_STATE_PARTIALLY_FILLED,UNSOLICITED_CXL_REASON_UNDEFINED,ORD_REJECT_REASON_EXCHANGE_OPTION,,
1789740213.8,2026-09-18T14:03:33.817542547Z,ACTIVITY_TYPE_TRADE,cpoc-ussec-tx-mi-me-2026-11-03-dtx-dmi-rme,SELL,ORDER_INTENT_BUY_SHORT,0.11,0.32,CJPAR78STWM9,passive,,2026-09-18T13:48:34.467273755Z,0.25,0,0,1,ORDER_STATE_PARTIALLY_FILLED,UNSOLICITED_CXL_REASON_UNDEFINED,ORD_REJECT_REASON_EXCHANGE_OPTION,,
1789740215.3,2026-09-18T14:03:35.326515144Z,ACTIVITY_TYPE_TRADE,cpoc-ussec-tx-mi-me-2026-11-03-dtx-rmi-dme,SELL,ORDER_INTENT_BUY_SHORT,0.26,0.32,CJPH49MGJW7E,passive,,2026-09-18T14:02:22.114262727Z,0.02,0,0,1,ORDER_STATE_PARTIALLY_FILLED,UNSOLICITED_CXL_REASON_UNDEFINED,ORD_REJECT_REASON_EXCHANGE_OPTION,,
1789740216.3,2026-09-18T14:03:36.326594105Z,ACTIVITY_TYPE_TRADE,cpoc-ussec-tx-me-2026-11-03-dsweep,SELL,ORDER_INTENT_BUY_SHORT,0.56,0.54,CJPEHGM4JW1Z,passive,,2026-09-18T13:56:04.528893594Z,0.125,0,0,1,ORDER_STATE_PARTIALLY_FILLED,UNSOLICITED_CXL_REASON_UNDEFINED,ORD_REJECT_REASON_EXCHANGE_OPTION,,
1789740504.7,2026-09-18T14:08:24.667057652Z,ACTIVITY_TYPE_TRADE,ussewc-usse-ma-2026-11-03-dem,SELL,ORDER_INTENT_SELL_LONG,0.97,8,CJPKR7P2YW7E,aggressor,4.44,2026-09-18T14:08:24.665673400Z,0,0.02,0,1,ORDER_STATE_FILLED,UNSOLICITED_CXL_REASON_UNDEFINED,ORD_REJECT_REASON_EXCHANGE_OPTION,,
1789741047.8,2026-09-18T14:17:27.812462137Z,ACTIVITY_TYPE_TRADE,ushrewc-ushr-me-02-2026-11-03-rep,BUY,ORDER_INTENT_SELL_SHORT,0.63,11.37,CJNKGW098W7H,passive,1.62,2026-09-18T12:59:32.140827165Z,1.299,-0.03,0,1,ORDER_STATE_PARTIALLY_FILLED,UNSOLICITED_CXL_REASON_UNDEFINED,ORD_REJECT_REASON_EXCHANGE_OPTION,,
1789741047.8,2026-09-18T14:17:27.814039065Z,ACTIVITY_TYPE_TRADE,ushrewc-ushr-me-02-2026-11-03-dem,BUY,ORDER_INTENT_SELL_SHORT,0.42,6.37,CJNCNE10PW7H,passive,-2.85,2026-09-18T12:45:28.854970990Z,1.533,-0.02,0,1,ORDER_STATE_PARTIALLY_FILLED,UNSOLICITED_CXL_REASON_UNDEFINED,ORD_REJECT_REASON_EXCHANGE_OPTION,,
1789741093.3,2026-09-18T14:18:13.333772597Z,ACTIVITY_TYPE_TRADE,ushrewc-ushr-tx-34-2026-11-03-rep,BUY,ORDER_INTENT_BUY_LONG,0.29,12.22,CJPM41BWRW0Y,passive,,2026-09-18T14:08:34.871399143Z,0.161,-0.03,0,1,ORDER_STATE_PARTIALLY_FILLED,UNSOLICITED_CXL_REASON_UNDEFINED,ORD_REJECT_REASON_EXCHANGE_OPTION,,
1789741097.2,2026-09-18T14:18:17.189828535Z,ACTIVITY_TYPE_TRADE,ushrewc-ushr-tx-34-2026-11-03-rep,BUY,ORDER_INTENT_BUY_LONG,0.29,7.7,CJPM41BWRW0Y,passive,,2026-09-18T14:08:34.871399143Z,0.162,-0.02,0,1,ORDER_STATE_PARTIALLY_FILLED,UNSOLICITED_CXL_REASON_UNDEFINED,ORD_REJECT_REASON_EXCHANGE_OPTION,,
1789741104.7,2026-09-18T14:18:24.685868787Z,ACTIVITY_TYPE_TRADE,ushrewc-ushr-tx-34-2026-11-03-rep,BUY,ORDER_INTENT_BUY_LONG,0.29,7.85,CJPM41BWRW0Y,passive,,2026-09-18T14:08:34.871399143Z,0.164,-0.02,0,1,ORDER_STATE_PARTIALLY_FILLED,UNSOLICITED_CXL_REASON_UNDEFINED,ORD_REJECT_REASON_EXCHANGE_OPTION,,
1789741112.5,2026-09-18T14:18:32.546313567Z,ACTIVITY_TYPE_TRADE,ushrewc-ushr-tx-34-2026-11-03-rep,BUY,ORDER_INTENT_BUY_LONG,0.29,11.53,CJPM41BWRW0Y,passive,,2026-09-18T14:08:34.871399143Z,0.166,-0.03,0,1,ORDER_STATE_PARTIALLY_FILLED,UNSOLICITED_CXL_REASON_UNDEFINED,ORD_REJECT_REASON_EXCHANGE_OPTION,,
1789741118.8,2026-09-18T14:18:38.750859042Z,ACTIVITY_TYPE_TRADE,ushrewc-ushr-tx-34-2026-11-03-rep,BUY,ORDER_INTENT_BUY_LONG,0.29,10.08,CJPM41BWRW0Y,passive,,2026-09-18T14:08:34.871399143Z,0.168,-0.03,0,1,ORDER_STATE_PARTIALLY_FILLED,UNSOLICITED_CXL_REASON_UNDEFINED,ORD_REJECT_REASON_EXCHANGE_OPTION,,
1789741120.5,2026-09-18T14:18:40.452877381Z,ACTIVITY_TYPE_TRADE,ushrewc-ushr-tx-34-2026-11-03-rep,BUY,ORDER_INTENT_BUY_LONG,0.29,7.76,CJPM41BWRW0Y,passive,,2026-09-18T14:08:34.871399143Z,0.168,-0.02,0,1,ORDER_STATE_PARTIALLY_FILLED,UNSOLICITED_CXL_REASON_UNDEFINED,ORD_REJECT_REASON_EXCHANGE_OPTION,,
1789741179.3,2026-09-18T14:19:39.280494883Z,ACTIVITY_TYPE_TRADE,ushrewc-ushr-me-02-2026-11-03-dem,BUY,ORDER_INTENT_SELL_SHORT,0.42,66.63,CJNCNE10PW7H,passive,-29.84,2026-09-18T12:45:28.854970990Z,1.57,-0.2,0,1,ORDER_STATE_FILLED,UNSOLICITED_CXL_REASON_UNDEFINED,ORD_REJECT_REASON_EXCHANGE_OPTION,,
1789741198.2,2026-09-18T14:19:58.239471246Z,ACTIVITY_TYPE_TRADE,ushrewc-ushr-tx-34-2026-11-03-dem,BUY,ORDER_INTENT_BUY_LONG,0.74,9.86,CJPR0X5X8W0Y,passive,,2026-09-18T14:17:22.798411739Z,0.043,-0.02,0,1,ORDER_STATE_PARTIALLY_FILLED,UNSOLICITED_CXL_REASON_UNDEFINED,ORD_REJECT_REASON_EXCHANGE_OPTION,,
1789741240.7,2026-09-18T14:20:40.687767001Z,ACTIVITY_TYPE_TRADE,usgubewc-usgub-tx-2026-11-03-rep,BUY,ORDER_INTENT_SELL_SHORT,0.81,39.01,CJNCEJDAMWM9,passive,14.94,2026-09-18T12:44:58.855957932Z,1.595,-0.08,0,1,ORDER_STATE_PARTIALLY_FILLED,UNSOLICITED_CXL_REASON_UNDEFINED,ORD_REJECT_REASON_EXCHANGE_OPTION,,
1789741240.7,2026-09-18T14:20:40.689550879Z,ACTIVITY_TYPE_TRADE,usgubewc-usgub-tx-2026-11-03-dem,BUY,ORDER_INTENT_SELL_SHORT,0.24,35.01,CJP0NREVMWM9,passive,-18.79,2026-09-18T13:26:59.937887242Z,0.895,-0.08,0,1,ORDER_STATE_PARTIALLY_FILLED,UNSOLICITED_CXL_REASON_UNDEFINED,ORD_REJECT_REASON_EXCHANGE_OPTION,,
1789741258.9,2026-09-18T14:20:58.876491237Z,ACTIVITY_TYPE_TRADE,usgubewc-usgub-tx-2026-11-03-rep,BUY,ORDER_INTENT_SELL_SHORT,0.81,100,CJNCEJDAMWM9,passive,38.27,2026-09-18T12:44:58.855957932Z,1.6,-0.19,0,1,ORDER_STATE_PARTIALLY_FILLED,UNSOLICITED_CXL_REASON_UNDEFINED,ORD_REJECT_REASON_EXCHANGE_OPTION,,
1789741258.9,2026-09-18T14:20:58.878090512Z,ACTIVITY_TYPE_TRADE,usgubewc-usgub-tx-2026-11-03-dem,BUY,ORDER_INTENT_SELL_SHORT,0.24,16.99,CJP0NREVMWM9,passive,-9.12,2026-09-18T13:26:59.937887242Z,0.9,-0.04,0,1,ORDER_STATE_FILLED,UNSOLICITED_CXL_REASON_UNDEFINED,ORD_REJECT_REASON_EXCHANGE_OPTION,,
1789741277.1,2026-09-18T14:21:17.105120139Z,ACTIVITY_TYPE_TRADE,ushrewc-ushr-me-02-2026-11-03-rep,BUY,ORDER_INTENT_SELL_SHORT,0.63,7.01,CJPS0E9TWW0Y,passive,1,2026-09-18T14:19:29.342388268Z,0.03,-0.02,0,1,ORDER_STATE_PARTIALLY_FILLED,UNSOLICITED_CXL_REASON_UNDEFINED,ORD_REJECT_REASON_EXCHANGE_OPTION,,
1789741312.4,2026-09-18T14:21:52.411881297Z,ACTIVITY_TYPE_TRADE,usgubewc-usgub-tx-2026-11-03-dem,BUY,ORDER_INTENT_SELL_SHORT,0.24,13.94,CJPSW5FJYW22,passive,-7.48,2026-09-18T14:21:30.178848795Z,0.006,-0.03,0,1,ORDER_STATE_PARTIALLY_FILLED,UNSOLICITED_CXL_REASON_UNDEFINED,ORD_REJECT_REASON_EXCHANGE_OPTION,,
1789741319.1,2026-09-18T14:21:59.094174050Z,ACTIVITY_TYPE_TRADE,usgubewc-usgub-tx-2026-11-03-dem,BUY,ORDER_INTENT_SELL_SHORT,0.24,38.06,CJPSW5FJYW22,passive,-20.42,2026-09-18T14:21:30.178848795Z,0.008,-0.09,0,1,ORDER_STATE_FILLED,UNSOLICITED_CXL_REASON_UNDEFINED,ORD_REJECT_REASON_EXCHANGE_OPTION,,
1789741472.1,2026-09-18T14:24:32.083224562Z,ACTIVITY_TYPE_TRADE,ewc-usse-tx-2026-11-03-dem,BUY,ORDER_INTENT_SELL_SHORT,0.58,36,CJMC6X3FTW1Z,passive,5.42,2026-09-18T11:34:16.608158947Z,2.838,-0.11,0,1,ORDER_STATE_PARTIALLY_FILLED,UNSOLICITED_CXL_REASON_UNDEFINED,ORD_REJECT_REASON_EXCHANGE_OPTION,,
1789741936.5,2026-09-18T14:32:16.509072675Z,ACTIVITY_TYPE_TRADE,paccc-usse-midterms-2026-11-03-dem,BUY,ORDER_INTENT_BUY_LONG,0.599,6,CJPWGP5S2W0Y,passive,,2026-09-18T14:27:41.035901141Z,0.077,-0.02,0,1,ORDER_STATE_FILLED,UNSOLICITED_CXL_REASON_UNDEFINED,ORD_REJECT_REASON_EXCHANGE_OPTION,,
1789741999.0,2026-09-18T14:33:19.014579305Z,ACTIVITY_TYPE_TRADE,paccc-usho-midterms-2026-11-03-rep,SELL,ORDER_INTENT_SELL_LONG,0.112,100,CJPX2K9FYW7H,passive,-17.19,2026-09-18T14:29:10.795247383Z,0.069,-0.12,0,1,ORDER_STATE_FILLED,UNSOLICITED_CXL_REASON_UNDEFINED,ORD_REJECT_REASON_EXCHANGE_OPTION,,
1789742626.8,2026-09-18T14:43:46.841226849Z,ACTIVITY_TYPE_TRADE,paccc-usho-midterms-2026-11-03-rep,SELL,ORDER_INTENT_BUY_SHORT,0.115,6,CJQ1ATN6AW7E,passive,,2026-09-18T14:38:28.492668434Z,0.088,-0.01,0,1,ORDER_STATE_FILLED,UNSOLICITED_CXL_REASON_UNDEFINED,ORD_REJECT_REASON_EXCHANGE_OPTION,,
1789742750.0,2026-09-18T14:45:50.013646795Z,ACTIVITY_TYPE_TRADE,scc-senate-gop-2026-11-03-lte45,SELL,ORDER_INTENT_SELL_LONG,0.02,80,CJMDV4TFRW7H,passive,-6.4,2026-09-18T11:37:20.134989045Z,3.142,-0.02,0,1,ORDER_STATE_PARTIALLY_FILLED,UNSOLICITED_CXL_REASON_UNDEFINED,ORD_REJECT_REASON_EXCHANGE_OPTION,,
1789742750.5,2026-09-18T14:45:50.511451926Z,ACTIVITY_TYPE_TRADE,scc-senate-gop-2026-11-03-lte45,SELL,ORDER_INTENT_SELL_LONG,0.02,80,CJMDV4TFRW7H,passive,-6.4,2026-09-18T11:37:20.134989045Z,3.142,-0.02,0,1,ORDER_STATE_FILLED,UNSOLICITED_CXL_REASON_UNDEFINED,ORD_REJECT_REASON_EXCHANGE_OPTION,,
1789742793.3,2026-09-18T14:46:33.278817871Z,ACTIVITY_TYPE_TRADE,scc-senate-gop-2026-11-03-lte45,SELL,ORDER_INTENT_BUY_SHORT,0.02,5.96,CJQ5AH2GYW21,passive,,2026-09-18T14:46:30.297327460Z,0.001,0,0,1,ORDER_STATE_PARTIALLY_FILLED,UNSOLICITED_CXL_REASON_UNDEFINED,ORD_REJECT_REASON_EXCHANGE_OPTION,,
1789742805.1,2026-09-18T14:46:45.119925464Z,ACTIVITY_TYPE_TRADE,scc-senate-gop-2026-11-03-lte45,SELL,ORDER_INTENT_BUY_SHORT,0.02,0.04,CJQ5AH2GYW21,passive,,2026-09-18T14:46:30.297327460Z,0.004,0,0,1,ORDER_STATE_FILLED,UNSOLICITED_CXL_REASON_UNDEFINED,ORD_REJECT_REASON_EXCHANGE_OPTION,,
1789743645.3,2026-09-18T15:00:45.269113098Z,ACTIVITY_TYPE_TRADE,ewc-usse-oh-2026-11-03-dem,SELL,ORDER_INTENT_SELL_LONG,0.55,2,CJQ9H0CNPWM9,passive,-5.67,2026-09-18T14:56:59.171940211Z,0.063,-0.01,0,1,ORDER_STATE_FILLED,UNSOLICITED_CXL_REASON_UNDEFINED,ORD_REJECT_REASON_EXCHANGE_OPTION,,
1789743738.2,2026-09-18T15:02:18.213053707Z,ACTIVITY_TYPE_TRADE,scc-senate-gop-2026-11-03-51,SELL,ORDER_INTENT_SELL_LONG,0.1,94.1,CJQAD55M2W7H,passive,-10.43,2026-09-18T14:58:59.075287402Z,0.055,-0.11,0,1,ORDER_STATE_PARTIALLY_FILLED,UNSOLICITED_CXL_REASON_UNDEFINED,ORD_REJECT_REASON_EXCHANGE_OPTION,,
1789743817.9,2026-09-18T15:03:37.914573012Z,ACTIVITY_TYPE_TRADE,paccc-usho-midterms-2026-11-03-rep,BUY,ORDER_INTENT_SELL_SHORT,0.114,6,CJQ49DBX2W20,passive,-3.6,2026-09-18T14:44:28.354673874Z,0.319,-0.01,0,1,ORDER_STATE_FILLED,UNSOLICITED_CXL_REASON_UNDEFINED,ORD_REJECT_REASON_EXCHANGE_OPTION,,
1789743823.7,2026-09-18T15:03:43.663035753Z,ACTIVITY_TYPE_TRADE,scc-senate-gop-2026-11-03-51,SELL,ORDER_INTENT_SELL_LONG,0.09,71,CJQCNQZDEW20,passive,-8.59,2026-09-18T15:02:59.621909484Z,0.012,-0.07,0,1,ORDER_STATE_FILLED,UNSOLICITED_CXL_REASON_UNDEFINED,ORD_REJECT_REASON_EXCHANGE_OPTION,,
1789743835.9,2026-09-18T15:03:55.933813388Z,ACTIVITY_TYPE_TRADE,scc-senate-gop-2026-11-03-50,SELL,ORDER_INTENT_SELL_LONG,0.14,230,CJPD7B4J6W7E,passive,-25.91,2026-09-18T13:53:52.092994861Z,1.168,-0.35,0,1,ORDER_STATE_FILLED,UNSOLICITED_CXL_REASON_UNDEFINED,ORD_REJECT_REASON_EXCHANGE_OPTION,,
1789743866.7,2026-09-18T15:04:26.715758001Z,ACTIVITY_TYPE_TRADE,paccc-usho-midterms-2026-11-03-rep,SELL,ORDER_INTENT_BUY_SHORT,0.114,3,CJQD552QMW1Y,passive,,2026-09-18T15:03:41.907398855Z,0.012,0,0,1,ORDER_STATE_FILLED,UNSOLICITED_CXL_REASON_UNDEFINED,ORD_REJECT_REASON_EXCHANGE_OPTION,,
1789744179.9,2026-09-18T15:09:39.915280505Z,ACTIVITY_TYPE_TRADE,paccc-usho-midterms-2026-11-03-rep,BUY,ORDER_INTENT_SELL_SHORT,0.12,3,CJQDHNX4AWM9,passive,-1.78,2026-09-18T15:05:29.482710031Z,0.07,0,0,1,ORDER_STATE_FILLED,UNSOLICITED_CXL_REASON_UNDEFINED,ORD_REJECT_REASON_EXCHANGE_OPTION,,
1789744298.5,2026-09-18T15:11:38.531341492Z,ACTIVITY_TYPE_TRADE,usgubewc-usgub-tx-2026-11-03-rep,BUY,ORDER_INTENT_SELL_SHORT,0.81,31,CJPT1RVARWM9,passive,11.87,2026-09-18T14:22:28.823701256Z,0.819,-0.06,0,1,ORDER_STATE_FILLED,UNSOLICITED_CXL_REASON_UNDEFINED,ORD_REJECT_REASON_EXCHANGE_OPTION,,
1789744314.8,2026-09-18T15:11:54.770945770Z,ACTIVITY_TYPE_TRADE,enwc-uspres-nom-dem-2028-dwajoh,BUY,ORDER_INTENT_SELL_SHORT,0.01,8.46,CJP3764XPW0Y,passive,-5.91,2026-09-18T13:31:25.472115070Z,1.675,0,0,1,ORDER_STATE_PARTIALLY_FILLED,UNSOLICITED_CXL_REASON_UNDEFINED,ORD_REJECT_REASON_EXCHANGE_OPTION,,
1789744324.7,2026-09-18T15:12:04.727215428Z,ACTIVITY_TYPE_TRADE,scc-senate-gop-2026-11-03-lte45,SELL,ORDER_INTENT_BUY_SHORT,0.02,1.97,CJQE7BQ6MW22,passive,,2026-09-18T15:06:30.621038137Z,0.093,0,0,1,ORDER_STATE_PARTIALLY_FILLED,UNSOLICITED_CXL_REASON_UNDEFINED,ORD_REJECT_REASON_EXCHANGE_OPTION,,
1789744436.2,2026-09-18T15:13:56.174321129Z,ACTIVITY_TYPE_TRADE,scc-senate-gop-2026-11-03-lte45,SELL,ORDER_INTENT_BUY_SHORT,0.02,4,CJQGK58YEW1Y,passive,,2026-09-18T15:12:30.492590746Z,0.024,0,0,1,ORDER_STATE_FILLED,UNSOLICITED_CXL_REASON_UNDEFINED,ORD_REJECT_REASON_EXCHANGE_OPTION,,
1789744458.6,2026-09-18T15:14:18.627261442Z,ACTIVITY_TYPE_TRADE,ewc-usse-tx-2026-11-03-dem,BUY,ORDER_INTENT_SELL_SHORT,0.58,12,CJMC6X3FTW1Z,passive,1.81,2026-09-18T11:34:16.608158947Z,3.667,-0.04,0,1,ORDER_STATE_FILLED,UNSOLICITED_CXL_REASON_UNDEFINED,ORD_REJECT_REASON_EXCHANGE_OPTION,,
1789744593.1,2026-09-18T15:16:33.096185709Z,ACTIVITY_TYPE_TRADE,paccc-usse-midterms-2026-11-03-dem,SELL,ORDER_INTENT_SELL_LONG,0.6,6,CJPYJPBTWW7E,passive,3.07,2026-09-18T14:32:30.119099847Z,0.734,-0.02,0,1,ORDER_STATE_FILLED,UNSOLICITED_CXL_REASON_UNDEFINED,ORD_REJECT_REASON_EXCHANGE_OPTION,,
1789744884.6,2026-09-18T15:21:24.643645148Z,ACTIVITY_TYPE_TRADE,enwc-uspres-nom-rep-2028-dontru,BUY,ORDER_INTENT_SELL_SHORT,0.01,1,CJME3ZRFTW1Z,passive,-0.84,2026-09-18T11:36:55.648590122Z,3.741,0,0,1,ORDER_STATE_FILLED,UNSOLICITED_CXL_REASON_UNDEFINED,ORD_REJECT_REASON_EXCHANGE_OPTION,,
1789744890.4,2026-09-18T15:21:30.402483807Z,ACTIVITY_TYPE_TRADE,usgubewc-usgub-sd-2026-11-03-rep,SELL,ORDER_INTENT_SELL_LONG,0.93,10,CJPVXGH0AW21,passive,5.26,2026-09-18T14:26:27.690031426Z,0.917,-0.01,0,1,ORDER_STATE_FILLED,UNSOLICITED_CXL_REASON_UNDEFINED,ORD_REJECT_REASON_EXCHANGE_OPTION,,
1789744951.9,2026-09-18T15:22:31.934772816Z,ACTIVITY_TYPE_TRADE,scc-hrep-rep-2026-11-03-gte205,BUY,ORDER_INTENT_BUY_LONG,0.28,31,CJQKDXH5GW22,passive,,2026-09-18T15:18:00.164416053Z,0.075,-0.08,0,1,ORDER_STATE_FILLED,UNSOLICITED_CXL_REASON_UNDEFINED,ORD_REJECT_REASON_EXCHANGE_OPTION,,
1789745056.5,2026-09-18T15:24:16.486057677Z,ACTIVITY_TYPE_TRADE,enwc-uspres-nom-dem-2028-dwajoh,BUY,ORDER_INTENT_SELL_SHORT,0.01,5,CJP3764XPW0Y,passive,-3.49,2026-09-18T13:31:25.472115070Z,1.881,0,0,1,ORDER_STATE_PARTIALLY_FILLED,UNSOLICITED_CXL_REASON_UNDEFINED,ORD_REJECT_REASON_EXCHANGE_OPTION,,
1789745066.5,2026-09-18T15:24:26.451967443Z,ACTIVITY_TYPE_TRADE,ussewc-usse-ky-2026-11-03-rep,SELL,ORDER_INTENT_SELL_LONG,0.91,10,CJQJE0C90WM9,passive,-102.03,2026-09-18T15:16:46.986515509Z,0.128,-0.01,0,1,ORDER_STATE_FILLED,UNSOLICITED_CXL_REASON_UNDEFINED,ORD_REJECT_REASON_EXCHANGE_OPTION,,
1789745090.8,2026-09-18T15:24:50.766908838Z,ACTIVITY_TYPE_TRADE,ewc-usse-oh-2026-11-03-dem,SELL,ORDER_INTENT_BUY_SHORT,0.55,20,CJQH3TD02W22,passive,,2026-09-18T15:13:42.745698678Z,0.186,-0.06,0,1,ORDER_STATE_FILLED,UNSOLICITED_CXL_REASON_UNDEFINED,ORD_REJECT_REASON_EXCHANGE_OPTION,,
1789745225.8,2026-09-18T15:27:05.763200034Z,ACTIVITY_TYPE_TRADE,scc-hrep-rep-2026-11-03-gte205,SELL,ORDER_INTENT_SELL_LONG,0.23,31,CJQP6FZPYWM9,passive,-167.65,2026-09-18T15:23:42.909664007Z,0.056,-0.07,0,1,ORDER_STATE_FILLED,UNSOLICITED_CXL_REASON_UNDEFINED,ORD_REJECT_REASON_EXCHANGE_OPTION,,
1789745351.6,2026-09-18T15:29:11.610750615Z,ACTIVITY_TYPE_TRADE,usgubewc-usgub-ak-2026-11-03-davbro,BUY,ORDER_INTENT_BUY_LONG,0.09,46.05,CJQPHX466W20,passive,,2026-09-18T15:23:59.864785533Z,0.087,-0.05,0,1,ORDER_STATE_PARTIALLY_FILLED,UNSOLICITED_CXL_REASON_UNDEFINED,ORD_REJECT_REASON_EXCHANGE_OPTION,,
1789745439.6,2026-09-18T15:30:39.617983510Z,ACTIVITY_TYPE_TRADE,cpoc-ussec-tx-mi-me-2026-11-03-rtx-dmi-rme,SELL,ORDER_INTENT_BUY_SHORT,0.11,0.02,CJQQC4VNEW0Y,passive,,2026-09-18T15:26:00.162411990Z,0.078,0,0,1,ORDER_STATE_PARTIALLY_FILLED,UNSOLICITED_CXL_REASON_UNDEFINED,ORD_REJECT_REASON_EXCHANGE_OPTION,,
1789745494.8,2026-09-18T15:31:34.807531459Z,ACTIVITY_TYPE_TRADE,paccc-usse-midterms-2026-11-03-dem,SELL,ORDER_INTENT_SELL_LONG,0.6,6,CJQR31JK4W21,passive,3.07,2026-09-18T15:27:27.597504585Z,0.069,-0.02,0,1,ORDER_STATE_PARTIALLY_FILLED,UNSOLICITED_CXL_REASON_UNDEFINED,ORD_REJECT_REASON_EXCHANGE_OPTION,,
1789745533.2,2026-09-18T15:32:13.167179208Z,ACTIVITY_TYPE_TRADE,scc-senate-gop-2026-11-03-lte45,SELL,ORDER_INTENT_BUY_SHORT,0.02,5,CJQS0VDE6W20,passive,,2026-09-18T15:29:44.957163714Z,0.041,0,0,1,ORDER_STATE_FILLED,UNSOLICITED_CXL_REASON_UNDEFINED,ORD_REJECT_REASON_EXCHANGE_OPTION,,
1789745708.0,2026-09-18T15:35:08.033213098Z,ACTIVITY_TYPE_TRADE,ewc-usgub-ca-2026-11-03-xavbec,BUY,ORDER_INTENT_BUY_LONG,0.95,10,CJQNCSPRAW7E,passive,,2026-09-18T15:22:02.441186164Z,0.218,-0.01,0,1,ORDER_STATE_FILLED,UNSOLICITED_CXL_REASON_UNDEFINED,ORD_REJECT_REASON_EXCHANGE_OPTION,,
1789745784.9,2026-09-18T15:36:24.930178584Z,ACTIVITY_TYPE_TRADE,cpoc-ussec-tx-mi-me-2026-11-03-rtx-dmi-rme,SELL,ORDER_INTENT_BUY_SHORT,0.09,0.03,CJQVDE4RMW7E,passive,,2026-09-18T15:36:00.347797905Z,0.007,0,0,1,ORDER_STATE_PARTIALLY_FILLED,UNSOLICITED_CXL_REASON_UNDEFINED,ORD_REJECT_REASON_EXCHANGE_OPTION,,
1789745876.3,2026-09-18T15:37:56.264680314Z,ACTIVITY_TYPE_TRADE,ewc-usgub-ca-2026-11-03-xavbec,BUY,ORDER_INTENT_BUY_LONG,0.95,22,CJQVJGE14W22,passive,,2026-09-18T15:35:31.151692820Z,0.04,-0.01,0,1,ORDER_STATE_FILLED,UNSOLICITED_CXL_REASON_UNDEFINED,ORD_REJECT_REASON_EXCHANGE_OPTION,,
1789745961.9,2026-09-18T15:39:21.934284211Z,ACTIVITY_TYPE_TRADE,paccc-usho-midterms-2026-11-03-rep,SELL,ORDER_INTENT_BUY_SHORT,0.121,6,CJQWQ0MT6W1N,passive,,2026-09-18T15:38:01.672425278Z,0.022,-0.01,0,1,ORDER_STATE_FILLED,UNSOLICITED_CXL_REASON_UNDEFINED,ORD_REJECT_REASON_EXCHANGE_OPTION,,
1789746099.0,2026-09-18T15:41:38.999792231Z,ACTIVITY_TYPE_TRADE,enwc-uspres-nom-dem-2028-dwajoh,BUY,ORDER_INTENT_SELL_SHORT,0.13,1,CJQYEDKM0W1Y,passive,-0.58,2026-09-18T15:41:35.535977255Z,0.001,0,0,1,ORDER_STATE_FILLED,UNSOLICITED_CXL_REASON_UNDEFINED,ORD_REJECT_REASON_EXCHANGE_OPTION,,
1789746161.7,2026-09-18T15:42:41.688065627Z,ACTIVITY_TYPE_TRADE,enwc-uspres-nom-dem-2028-dwajoh,BUY,ORDER_INTENT_SELL_SHORT,0.13,1,CJQYY8NZTW22,passive,-0.58,2026-09-18T15:42:38.017069285Z,0.001,0,0,1,ORDER_STATE_FILLED,UNSOLICITED_CXL_REASON_UNDEFINED,ORD_REJECT_REASON_EXCHANGE_OPTION,,
1789746165.6,2026-09-18T15:42:45.631771523Z,ACTIVITY_TYPE_TRADE,ussewc-usse-ms-2026-11-03-dem,BUY,ORDER_INTENT_SELL_SHORT,0.09,9.66,CJNDSE21MW1Z,passive,-6.96,2026-09-18T12:47:16.283497471Z,2.925,-0.01,0,1,ORDER_STATE_PARTIALLY_FILLED,UNSOLICITED_CXL_REASON_UNDEFINED,ORD_REJECT_REASON_EXCHANGE_OPTION,,
1789746212.7,2026-09-18T15:43:32.678578532Z,ACTIVITY_TYPE_TRADE,enwc-uspres-nom-dem-2028-dwajoh,SELL,ORDER_INTENT_SELL_LONG,0.01,1,CJQZ9YN48W22,aggressor,-0.28,2026-09-18T15:43:32.676974247Z,0,0,0,1,ORDER_STATE_FILLED,UNSOLICITED_CXL_REASON_UNDEFINED,ORD_REJECT_REASON_EXCHANGE_OPTION,,
1789746284.8,2026-09-18T15:44:44.839054204Z,ACTIVITY_TYPE_TRADE,ussewc-usse-de-2026-11-03-rep,BUY,ORDER_INTENT_SELL_SHORT,0.05,10,CJNDYR4ARW7E,passive,-9.3,2026-09-18T12:48:15.695148457Z,2.941,-0.01,0,1,ORDER_STATE_FILLED,UNSOLICITED_CXL_REASON_UNDEFINED,ORD_REJECT_REASON_EXCHANGE_OPTION,,
1789746289.7,2026-09-18T15:44:49.745285353Z,ACTIVITY_TYPE_TRADE,enwc-uspres-nom-dem-2028-dwajoh,SELL,ORDER_INTENT_SELL_LONG,0.01,2,CJQZKSZE8WM9,aggressor,-0.57,2026-09-18T15:44:49.743420706Z,0,0,0,1,ORDER_STATE_FILLED,UNSOLICITED_CXL_REASON_UNDEFINED,ORD_REJECT_REASON_EXCHANGE_OPTION,,
1789746308.5,2026-09-18T15:45:08.507899303Z,ACTIVITY_TYPE_TRADE,enwc-uspres-nom-dem-2028-dwajoh,SELL,ORDER_INTENT_SELL_LONG,0.01,2,CJR01EYWGW21,aggressor,-0.57,2026-09-18T15:45:08.506169099Z,0,0,0,1,ORDER_STATE_FILLED,UNSOLICITED_CXL_REASON_UNDEFINED,ORD_REJECT_REASON_EXCHANGE_OPTION,,
1789746309.1,2026-09-18T15:45:09.085580893Z,ACTIVITY_TYPE_TRADE,ussewc-usse-nm-2026-11-03-dem,SELL,ORDER_INTENT_SELL_LONG,0.94,0.04,CJPAYX92PW1Z,passive,-0.21,2026-09-18T13:48:23.684522426Z,1.946,0,0,1,ORDER_STATE_FILLED,UNSOLICITED_CXL_REASON_UNDEFINED,ORD_REJECT_REASON_EXCHANGE_OPTION,,
1789746309.1,2026-09-18T15:45:09.085580893Z,ACTIVITY_TYPE_TRADE,ussewc-usse-nm-2026-11-03-dem,SELL,ORDER_INTENT_SELL_LONG,0.94,2.96,CJNDRNJ7YW20,passive,-15.27,2026-09-18T12:47:15.299695347Z,2.965,0,0,1,ORDER_STATE_FILLED,UNSOLICITED_CXL_REASON_UNDEFINED,ORD_REJECT_REASON_EXCHANGE_OPTION,,
1789746313.0,2026-09-18T15:45:12.983418332Z,ACTIVITY_TYPE_TRADE,ussewc-usse-nm-2026-11-03-rep,BUY,ORDER_INTENT_SELL_SHORT,0.05,10.6,CJNEFAQZYW1Y,passive,-5.99,2026-09-18T12:48:16.827367244Z,2.949,-0.01,0,1,ORDER_STATE_PARTIALLY_FILLED,UNSOLICITED_CXL_REASON_UNDEFINED,ORD_REJECT_REASON_EXCHANGE_OPTION,,
1789746317.3,2026-09-18T15:45:17.295619556Z,ACTIVITY_TYPE_TRADE,ussewc-usse-nm-2026-11-03-rep,BUY,ORDER_INTENT_SELL_SHORT,0.05,9.4,CJNEFAQZYW1Y,passive,-5.31,2026-09-18T12:48:16.827367244Z,2.95,-0.01,0,1,ORDER_STATE_FILLED,UNSOLICITED_CXL_REASON_UNDEFINED,ORD_REJECT_REASON_EXCHANGE_OPTION,,
1789746325.2,2026-09-18T15:45:25.207870203Z,ACTIVITY_TYPE_TRADE,usgubewc-usgub-ak-2026-11-03-davbro,BUY,ORDER_INTENT_BUY_LONG,0.09,35.97,CJQY07PR0W7E,passive,,2026-09-18T15:40:59.854296980Z,0.074,-0.04,0,1,ORDER_STATE_PARTIALLY_FILLED,UNSOLICITED_CXL_REASON_UNDEFINED,ORD_REJECT_REASON_EXCHANGE_OPTION,,
1789746333.4,2026-09-18T15:45:33.410404738Z,ACTIVITY_TYPE_TRADE,usgubewc-usgub-ak-2026-11-03-davbro,BUY,ORDER_INTENT_BUY_LONG,0.09,2.03,CJQY07PR0W7E,passive,,2026-09-18T15:40:59.854296980Z,0.076,0,0,1,ORDER_STATE_PARTIALLY_FILLED,UNSOLICITED_CXL_REASON_UNDEFINED,ORD_REJECT_REASON_EXCHANGE_OPTION,,
1789746367.1,2026-09-18T15:46:07.117853635Z,ACTIVITY_TYPE_TRADE,enwc-uspres-nom-dem-2028-dwajoh,SELL,ORDER_INTENT_SELL_LONG,0.01,2,CJR0HMTV0W22,aggressor,-0.57,2026-09-18T15:46:07.116254807Z,0,0,0,1,ORDER_STATE_FILLED,UNSOLICITED_CXL_REASON_UNDEFINED,ORD_REJECT_REASON_EXCHANGE_OPTION,,
1789746373.7,2026-09-18T15:46:13.700186458Z,ACTIVITY_TYPE_TRADE,ussewc-usse-nm-2026-11-03-rep,BUY,ORDER_INTENT_SELL_SHORT,0.05,20,CJR0HMV02W22,passive,-11.32,2026-09-18T15:46:07.253050201Z,0.002,-0.01,0,1,ORDER_STATE_FILLED,UNSOLICITED_CXL_REASON_UNDEFINED,ORD_REJECT_REASON_EXCHANGE_OPTION,,
1789746432.2,2026-09-18T15:47:12.162078934Z,ACTIVITY_TYPE_TRADE,enwc-uspres-nom-dem-2028-dwajoh,BUY,ORDER_INTENT_SELL_SHORT,0.1,6,CJR0J2RWYWM9,passive,-3.64,2026-09-18T15:47:09.581729466Z,0.001,-0.01,0,1,ORDER_STATE_FILLED,UNSOLICITED_CXL_REASON_UNDEFINED,ORD_REJECT_REASON_EXCHANGE_OPTION,,
1789746494.6,2026-09-18T15:48:14.616417420Z,ACTIVITY_TYPE_TRADE,enwc-uspres-nom-dem-2028-dwajoh,BUY,ORDER_INTENT_SELL_SHORT,0.11,6,CJR141BFCWM9,passive,-3.58,2026-09-18T15:48:11.753208101Z,0.001,-0.01,0,1,ORDER_STATE_FILLED,UNSOLICITED_CXL_REASON_UNDEFINED,ORD_REJECT_REASON_EXCHANGE_OPTION,,
1789746530.8,2026-09-18T15:48:50.771301075Z,ACTIVITY_TYPE_TRADE,usgubewc-usgub-ak-2026-11-03-davbro,BUY,ORDER_INTENT_BUY_LONG,0.09,1,CJR0AJBPCW7E,passive,,2026-09-18T15:46:00.784910326Z,0.047,0,0,1,ORDER_STATE_PARTIALLY_FILLED,UNSOLICITED_CXL_REASON_UNDEFINED,ORD_REJECT_REASON_EXCHANGE_OPTION,,
1789746540.3,2026-09-18T15:49:00.297293924Z,ACTIVITY_TYPE_TRADE,usgubewc-usgub-ak-2026-11-03-davbro,BUY,ORDER_INTENT_BUY_LONG,0.09,15,CJR0AJBPCW7E,passive,,2026-09-18T15:46:00.784910326Z,0.05,-0.02,0,1,ORDER_STATE_PARTIALLY_FILLED,UNSOLICITED_CXL_REASON_UNDEFINED,ORD_REJECT_REASON_EXCHANGE_OPTION,,
1789746580.5,2026-09-18T15:49:40.456655479Z,ACTIVITY_TYPE_TRADE,ewc-usgub-mi-2026-11-03-dem,BUY,ORDER_INTENT_BUY_LONG,0.92,21,CJR1Q0P1EW1N,passive,,2026-09-18T15:49:03.235527084Z,0.01,-0.02,0,1,ORDER_STATE_FILLED,UNSOLICITED_CXL_REASON_UNDEFINED,ORD_REJECT_REASON_EXCHANGE_OPTION,,
1789746707.1,2026-09-18T15:51:47.088785598Z,ACTIVITY_TYPE_TRADE,paccc-usse-midterms-2026-11-03-rep,BUY,ORDER_INTENT_BUY_LONG,0.413,59,CJR1ZWB22W21,passive,,2026-09-18T15:49:46.767546702Z,0.033,-0.18,0,1,ORDER_STATE_FILLED,UNSOLICITED_CXL_REASON_UNDEFINED,ORD_REJECT_REASON_EXCHANGE_OPTION,,
1789746890.5,2026-09-18T15:54:50.454869978Z,ACTIVITY_TYPE_TRADE,enwc-uspres-nom-dem-2028-dwajoh,SELL,ORDER_INTENT_SELL_LONG,0.01,1,CJR3YSXFEW0Y,aggressor,-0.28,2026-09-18T15:54:50.453368108Z,0,0,0,1,ORDER_STATE_FILLED,UNSOLICITED_CXL_REASON_UNDEFINED,ORD_REJECT_REASON_EXCHANGE_OPTION,,
1789746969.4,2026-09-18T15:56:09.362177049Z,ACTIVITY_TYPE_TRADE,paccc-usse-midterms-2026-11-03-dem,SELL,ORDER_INTENT_BUY_SHORT,0.6,9,CJR2TM5B6W1N,passive,,2026-09-18T15:52:00.393210393Z,0.069,-0.03,0,1,ORDER_STATE_FILLED,UNSOLICITED_CXL_REASON_UNDEFINED,ORD_REJECT_REASON_EXCHANGE_OPTION,,
1789747133.3,2026-09-18T15:58:53.290528613Z,ACTIVITY_TYPE_TRADE,enwc-uspres-nom-dem-2028-dwajoh,SELL,ORDER_INTENT_SELL_LONG,0.01,5,CJR5R3KDAW1Y,aggressor,-1.41,2026-09-18T15:58:53.288938227Z,0,0,0,1,ORDER_STATE_FILLED,UNSOLICITED_CXL_REASON_UNDEFINED,ORD_REJECT_REASON_EXCHANGE_OPTION,,
1789748080.9,2026-09-18T16:14:40.908325761Z,ACTIVITY_TYPE_TRADE,usgubewc-usgub-ma-2026-11-03-rep,BUY,ORDER_INTENT_SELL_SHORT,0.08,9,CJQGGQTTRW22,passive,0.08,2026-09-18T15:12:29.416388424Z,1.037,-0.01,0,1,ORDER_STATE_FILLED,UNSOLICITED_CXL_REASON_UNDEFINED,ORD_REJECT_REASON_EXCHANGE_OPTION,,
1789748094.8,2026-09-18T16:14:54.796325137Z,ACTIVITY_TYPE_TRADE,ewc-usse-me-2026-11-03-rep,SELL,ORDER_INTENT_BUY_SHORT,0.35,8,CJR49ZHJTW1Z,passive,,2026-09-18T15:55:31.896755937Z,0.323,-0.02,0,1,ORDER_STATE_FILLED,UNSOLICITED_CXL_REASON_UNDEFINED,ORD_REJECT_REASON_EXCHANGE_OPTION,,
1789748636.5,2026-09-18T16:23:56.459780757Z,ACTIVITY_TYPE_TRADE,paccc-usho-midterms-2026-11-03-rep,BUY,ORDER_INTENT_SELL_SHORT,0.12,6,CJQY2BX8RW1Y,passive,-3.56,2026-09-18T15:40:42.166494893Z,0.721,-0.01,0,1,ORDER_STATE_FILLED,UNSOLICITED_CXL_REASON_UNDEFINED,ORD_REJECT_REASON_EXCHANGE_OPTION,,
1789748811.2,2026-09-18T16:26:51.175130158Z,ACTIVITY_TYPE_TRADE,ussewc-usse-ma-2026-11-03-rep,BUY,ORDER_INTENT_SELL_SHORT,0.04,4.19,CJRBHQN80W22,passive,-3.7,2026-09-18T16:11:49.634461618Z,0.25,0,0,1,ORDER_STATE_PARTIALLY_FILLED,UNSOLICITED_CXL_REASON_UNDEFINED,ORD_REJECT_REASON_EXCHANGE_OPTION,,
1789749164.3,2026-09-18T16:32:44.342175385Z,ACTIVITY_TYPE_TRADE,ewc-usgub-ca-2026-11-03-xavbec,BUY,ORDER_INTENT_BUY_LONG,0.95,3,CJRM3RFYAW7E,passive,,2026-09-18T16:30:48.235611990Z,0.032,0,0,1,ORDER_STATE_FILLED,UNSOLICITED_CXL_REASON_UNDEFINED,ORD_REJECT_REASON_EXCHANGE_OPTION,,
1789749679.3,2026-09-18T16:41:19.298243642Z,ACTIVITY_TYPE_TRADE,scc-senate-gop-2026-11-03-lte45,SELL,ORDER_INTENT_BUY_SHORT,0.02,5,CJRRH6880W7H,passive,,2026-09-18T16:39:48.243438182Z,0.025,0,0,1,ORDER_STATE_FILLED,UNSOLICITED_CXL_REASON_UNDEFINED,ORD_REJECT_REASON_EXCHANGE_OPTION,,
1789749710.4,2026-09-18T16:41:50.439846013Z,ACTIVITY_TYPE_TRADE,scc-senate-gop-2026-11-03-lte45,SELL,ORDER_INTENT_BUY_SHORT,0.02,4,CJRSZ0TT4W22,passive,,2026-09-18T16:41:48.837663683Z,0,0,0,1,ORDER_STATE_FILLED,UNSOLICITED_CXL_REASON_UNDEFINED,ORD_REJECT_REASON_EXCHANGE_OPTION,,
1789749876.6,2026-09-18T16:44:36.550520954Z,ACTIVITY_TYPE_TRADE,usgubewc-usgub-tx-2026-11-03-dem,SELL,ORDER_INTENT_SELL_LONG,0.23,52,CJPT81NMTW1Y,passive,0.58,2026-09-18T14:22:43.214227438Z,2.365,-0.12,0,1,ORDER_STATE_FILLED,UNSOLICITED_CXL_REASON_UNDEFINED,ORD_REJECT_REASON_EXCHANGE_OPTION,,
1789750714.4,2026-09-18T16:58:34.381996346Z,ACTIVITY_TYPE_TRADE,paccc-usse-midterms-2026-11-03-dem,BUY,ORDER_INTENT_SELL_SHORT,0.605,15,CJRBPNHYGW20,passive,-4.51,2026-09-18T16:12:17.678598434Z,0.771,-0.04,0,1,ORDER_STATE_FILLED,UNSOLICITED_CXL_REASON_UNDEFINED,ORD_REJECT_REASON_EXCHANGE_OPTION,,
1789751092.2,2026-09-18T17:04:52.217985295Z,ACTIVITY_TYPE_TRADE,paccc-usse-midterms-2026-11-03-dem,SELL,ORDER_INTENT_BUY_SHORT,0.606,28,CJS2GQ7AWW21,passive,,2026-09-18T17:01:00.707707971Z,0.064,-0.08,0,1,ORDER_STATE_FILLED,UNSOLICITED_CXL_REASON_UNDEFINED,ORD_REJECT_REASON_EXCHANGE_OPTION,,
1789751328.9,2026-09-18T17:08:48.948965158Z,ACTIVITY_TYPE_TRADE,scc-senate-gop-2026-11-03-lte45,BUY,ORDER_INTENT_SELL_SHORT,0.08,25.39,CJS627HB0W22,passive,-20.79,2026-09-18T17:08:48.588975377Z,0,-0.02,0,1,ORDER_STATE_PARTIALLY_FILLED,UNSOLICITED_CXL_REASON_UNDEFINED,ORD_REJECT_REASON_EXCHANGE_OPTION,,
1789751475.1,2026-09-18T17:11:15.093746513Z,ACTIVITY_TYPE_TRADE,paccc-usho-midterms-2026-11-03-rep,BUY,ORDER_INTENT_SELL_SHORT,0.12,22,CJS4XVQ2YW20,passive,-13.06,2026-09-18T17:06:30.534218014Z,0.079,-0.03,0,1,ORDER_STATE_PARTIALLY_FILLED,UNSOLICITED_CXL_REASON_UNDEFINED,ORD_REJECT_REASON_EXCHANGE_OPTION,,
1789751563.9,2026-09-18T17:12:43.930639214Z,ACTIVITY_TYPE_TRADE,usgubewc-usgub-tn-2026-11-03-dem,BUY,ORDER_INTENT_SELL_SHORT,0.05,0.66,CJNDA47VYW1N,passive,-0.45,2026-09-18T12:46:16.230548896Z,4.441,0,0,1,ORDER_STATE_PARTIALLY_FILLED,UNSOLICITED_CXL_REASON_UNDEFINED,ORD_REJECT_REASON_EXCHANGE_OPTION,,
1789751843.5,2026-09-18T17:17:23.481188686Z,ACTIVITY_TYPE_TRADE,paccc-usho-midterms-2026-11-03-rep,BUY,ORDER_INTENT_SELL_SHORT,0.12,34,CJS7DK33PW7E,passive,-20.19,2026-09-18T17:12:18.149272800Z,0.085,-0.04,0,1,ORDER_STATE_PARTIALLY_FILLED,UNSOLICITED_CXL_REASON_UNDEFINED,ORD_REJECT_REASON_EXCHANGE_OPTION,,
1789751854.2,2026-09-18T17:17:34.244648856Z,ACTIVITY_TYPE_TRADE,paccc-usho-midterms-2026-11-03-rep,BUY,ORDER_INTENT_SELL_SHORT,0.12,87,CJS7DK33PW7E,passive,-51.64,2026-09-18T17:12:18.149272800Z,0.088,-0.11,0,1,ORDER_STATE_FILLED,UNSOLICITED_CXL_REASON_UNDEFINED,ORD_REJECT_REASON_EXCHANGE_OPTION,,
1789752189.0,2026-09-18T17:23:09.034518423Z,ACTIVITY_TYPE_TRADE,ewc-usse-oh-2026-11-03-dem,BUY,ORDER_INTENT_SELL_SHORT,0.55,4,CJQQ5WDJAWM9,passive,-7.35,2026-09-18T15:26:00.823844819Z,1.952,-0.01,0,1,ORDER_STATE_PARTIALLY_FILLED,UNSOLICITED_CXL_REASON_UNDEFINED,ORD_REJECT_REASON_EXCHANGE_OPTION,,
1789752256.0,2026-09-18T17:24:15.988529039Z,ACTIVITY_TYPE_TRADE,scc-hrep-rep-2026-11-03-gte210,SELL,ORDER_INTENT_BUY_SHORT,0.16,13,CJSBX59NYW21,passive,,2026-09-18T17:22:30.407140852Z,0.029,-0.02,0,1,ORDER_STATE_FILLED,UNSOLICITED_CXL_REASON_UNDEFINED,ORD_REJECT_REASON_EXCHANGE_OPTION,,
1789752258.1,2026-09-18T17:24:18.052944665Z,ACTIVITY_TYPE_TRADE,scc-hrep-rep-2026-11-03-gte210,BUY,ORDER_INTENT_BUY_LONG,0.32,1,CJSCRAT0RW22,passive,,2026-09-18T17:24:17.933151147Z,0,0,0,1,ORDER_STATE_FILLED,UNSOLICITED_CXL_REASON_UNDEFINED,ORD_REJECT_REASON_EXCHANGE_OPTION,,
1789752388.3,2026-09-18T17:26:28.304349851Z,ACTIVITY_TYPE_TRADE,scc-senate-gop-2026-11-03-50,SELL,ORDER_INTENT_BUY_SHORT,0.14,6,CJS9XTH7JW1Z,passive,,2026-09-18T17:17:34.733181324Z,0.148,-0.01,0,1,ORDER_STATE_FILLED,UNSOLICITED_CXL_REASON_UNDEFINED,ORD_REJECT_REASON_EXCHANGE_OPTION,,
1789752533.0,2026-09-18T17:28:53.000639601Z,ACTIVITY_TYPE_TRADE,ussewc-usse-ma-2026-11-03-rep,BUY,ORDER_INTENT_SELL_SHORT,0.05,15,CJSEWJPRJW21,passive,-13.08,2026-09-18T17:28:52.335307704Z,0,-0.01,0,1,ORDER_STATE_FILLED,UNSOLICITED_CXL_REASON_UNDEFINED,ORD_REJECT_REASON_EXCHANGE_OPTION,,
1789752592.8,2026-09-18T17:29:52.844049171Z,ACTIVITY_TYPE_TRADE,ussewc-usse-ma-2026-11-03-rep,BUY,ORDER_INTENT_SELL_SHORT,0.06,15,CJSFDN8S8W20,passive,-12.93,2026-09-18T17:29:52.740202220Z,0,-0.01,0,1,ORDER_STATE_FILLED,UNSOLICITED_CXL_REASON_UNDEFINED,ORD_REJECT_REASON_EXCHANGE_OPTION,,
1789753096.0,2026-09-18T17:38:15.983935206Z,ACTIVITY_TYPE_TRADE,scc-senate-gop-2026-11-03-54,BUY,ORDER_INTENT_SELL_SHORT,0.04,66,CJSFMM7MRW7H,passive,-59.37,2026-09-18T17:31:25.607687513Z,0.114,-0.03,0,1,ORDER_STATE_FILLED,UNSOLICITED_CXL_REASON_UNDEFINED,ORD_REJECT_REASON_EXCHANGE_OPTION,,
1789753196.1,2026-09-18T17:39:56.113267419Z,ACTIVITY_TYPE_TRADE,ewc-usse-me-2026-11-03-rep,SELL,ORDER_INTENT_BUY_SHORT,0.35,8,CJSJC83B8W1N,passive,,2026-09-18T17:36:27.167513830Z,0.058,-0.02,0,1,ORDER_STATE_FILLED,UNSOLICITED_CXL_REASON_UNDEFINED,ORD_REJECT_REASON_EXCHANGE_OPTION,,
1789753257.9,2026-09-18T17:40:57.856961707Z,ACTIVITY_TYPE_TRADE,ushrewc-ushr-me-02-2026-11-03-rep,BUY,ORDER_INTENT_SELL_SHORT,0.6,22,CJR6Q139EW7E,passive,2.49,2026-09-18T16:01:17.837407820Z,1.661,-0.07,0,1,ORDER_STATE_PARTIALLY_FILLED,UNSOLICITED_CXL_REASON_UNDEFINED,ORD_REJECT_REASON_EXCHANGE_OPTION,,
1789753308.0,2026-09-18T17:41:47.973323638Z,ACTIVITY_TYPE_TRADE,paccc-usho-midterms-2026-11-03-rep,SELL,ORDER_INTENT_SELL_LONG,0.115,143,CJSF8M4XGW0Y,passive,-24.15,2026-09-18T17:29:38.092045405Z,0.203,-0.18,0,1,ORDER_STATE_FILLED,UNSOLICITED_CXL_REASON_UNDEFINED,ORD_REJECT_REASON_EXCHANGE_OPTION,,
1789753925.5,2026-09-18T17:52:05.460016779Z,ACTIVITY_TYPE_TRADE,cpoc-ussec-tx-me-2026-11-03-dtx-rme,SELL,ORDER_INTENT_SELL_LONG,0.02,50,CJPNYDP9JW0Y,passive,-23.62,2026-09-18T14:12:34.767515478Z,3.659,-0.01,0,1,ORDER_STATE_FILLED,UNSOLICITED_CXL_REASON_UNDEFINED,ORD_REJECT_REASON_EXCHANGE_OPTION,,
1789754586.8,2026-09-18T18:03:06.777171270Z,ACTIVITY_TYPE_TRADE,scc-senate-gop-2026-11-03-51,SELL,ORDER_INTENT_BUY_SHORT,0.1,7,CJQY6FAA4W7H,passive,,2026-09-18T15:41:42.200264542Z,2.357,-0.01,0,1,ORDER_STATE_FILLED,UNSOLICITED_CXL_REASON_UNDEFINED,ORD_REJECT_REASON_EXCHANGE_OPTION,,
1789754786.7,2026-09-18T18:06:26.732160832Z,ACTIVITY_TYPE_TRADE,scc-senate-gop-2026-11-03-54,SELL,ORDER_INTENT_BUY_SHORT,0.04,11,CJSY0SSZ6W1Z,passive,,2026-09-18T18:01:28.154443445Z,0.083,-0.01,0,1,ORDER_STATE_FILLED,UNSOLICITED_CXL_REASON_UNDEFINED,ORD_REJECT_REASON_EXCHANGE_OPTION,,
1789754884.3,2026-09-18T18:08:04.329202500Z,ACTIVITY_TYPE_TRADE,ewc-usgub-wi-2026-11-03-dem,SELL,ORDER_INTENT_SELL_LONG,0.84,17,CJNRR9RWMW7E,passive,-0.48,2026-09-18T13:10:16.535508911Z,4.963,-0.03,0,1,ORDER_STATE_PARTIALLY_FILLED,UNSOLICITED_CXL_REASON_UNDEFINED,ORD_REJECT_REASON_EXCHANGE_OPTION,,
1789755068.5,2026-09-18T18:11:08.534332289Z,ACTIVITY_TYPE_TRADE,scc-hrep-rep-2026-11-03-gte205,SELL,ORDER_INTENT_BUY_SHORT,0.26,16,CJT174XGWW0Y,passive,,2026-09-18T18:08:12.798124252Z,0.049,-0.04,0,1,ORDER_STATE_FILLED,UNSOLICITED_CXL_REASON_UNDEFINED,ORD_REJECT_REASON_EXCHANGE_OPTION,,
1789755223.6,2026-09-18T18:13:43.629646341Z,ACTIVITY_TYPE_TRADE,paccc-usho-midterms-2026-11-03-rep,SELL,ORDER_INTENT_BUY_SHORT,0.115,34,CJT0VWN9EW7E,passive,,2026-09-18T18:08:09.826732417Z,0.093,-0.04,0,1,ORDER_STATE_FILLED,UNSOLICITED_CXL_REASON_UNDEFINED,ORD_REJECT_REASON_EXCHANGE_OPTION,,
1789755406.9,2026-09-18T18:16:46.916955295Z,ACTIVITY_TYPE_TRADE,paccc-usse-midterms-2026-11-03-dem,BUY,ORDER_INTENT_SELL_SHORT,0.606,28,CJS4FNX48W7E,passive,-8.38,2026-09-18T17:06:00.495362111Z,1.18,-0.08,0,1,ORDER_STATE_FILLED,UNSOLICITED_CXL_REASON_UNDEFINED,ORD_REJECT_REASON_EXCHANGE_OPTION,,
1789755713.3,2026-09-18T18:21:53.262664456Z,ACTIVITY_TYPE_TRADE,paccc-usho-midterms-2026-11-03-rep,BUY,ORDER_INTENT_SELL_SHORT,0.129,34,CJT5592TGW21,passive,-19.87,2026-09-18T18:15:57.382659786Z,0.099,-0.05,0,1,ORDER_STATE_FILLED,UNSOLICITED_CXL_REASON_UNDEFINED,ORD_REJECT_REASON_EXCHANGE_OPTION,,
1789755926.7,2026-09-18T18:25:26.729170815Z,ACTIVITY_TYPE_TRADE,usgubewc-usgub-ak-2026-11-03-davbro,BUY,ORDER_INTENT_BUY_LONG,0.08,65,CJT8AM11EW20,passive,,2026-09-18T18:22:57.611347007Z,0.041,-0.06,0,1,ORDER_STATE_PARTIALLY_FILLED,UNSOLICITED_CXL_REASON_UNDEFINED,ORD_REJECT_REASON_EXCHANGE_OPTION,,
1789756333.5,2026-09-18T18:32:13.497967612Z,ACTIVITY_TYPE_TRADE,ewc-usse-oh-2026-11-03-dem,BUY,ORDER_INTENT_SELL_SHORT,0.55,16,CJQQ5WDJAWM9,passive,-29.39,2026-09-18T15:26:00.823844819Z,3.104,-0.05,0,1,ORDER_STATE_FILLED,UNSOLICITED_CXL_REASON_UNDEFINED,ORD_REJECT_REASON_EXCHANGE_OPTION,,
1789757400.0,2026-09-18T18:50:00.036535753Z,ACTIVITY_TYPE_TRADE,usgubewc-usgub-nm-2026-11-03-rep,SELL,ORDER_INTENT_SELL_LONG,0.05,1,CJQ4DYT4GWM9,passive,-0.09,2026-09-18T14:45:25.398023837Z,4.076,0,0,1,ORDER_STATE_FILLED,UNSOLICITED_CXL_REASON_UNDEFINED,ORD_REJECT_REASON_EXCHANGE_OPTION,,
1789757516.6,2026-09-18T18:51:56.601764846Z,ACTIVITY_TYPE_TRADE,paccc-usho-midterms-2026-11-03-rep,BUY,ORDER_INTENT_BUY_LONG,0.125,51,CJTMB70T0W1Y,passive,,2026-09-18T18:48:40.416395404Z,0.054,-0.07,0,1,ORDER_STATE_PARTIALLY_FILLED,UNSOLICITED_CXL_REASON_UNDEFINED,ORD_REJECT_REASON_EXCHANGE_OPTION,,
1789757737.2,2026-09-18T18:55:37.168706009Z,ACTIVITY_TYPE_TRADE,scc-senate-gop-2026-11-03-55,SELL,ORDER_INTENT_BUY_SHORT,0.03,9,CJTPFBW22W21,passive,,2026-09-18T18:54:00.076615218Z,0.027,0,0,1,ORDER_STATE_FILLED,UNSOLICITED_CXL_REASON_UNDEFINED,ORD_REJECT_REASON_EXCHANGE_OPTION,,
1789757786.2,2026-09-18T18:56:26.197660010Z,ACTIVITY_TYPE_TRADE,ussewc-usse-ms-2026-11-03-dem,BUY,ORDER_INTENT_SELL_SHORT,0.09,10,CJQZCAN8WW1Y,passive,-7.21,2026-09-18T15:43:32.570262282Z,3.215,-0.01,0,1,ORDER_STATE_FILLED,UNSOLICITED_CXL_REASON_UNDEFINED,ORD_REJECT_REASON_EXCHANGE_OPTION,,
1789757827.7,2026-09-18T18:57:07.687397120Z,ACTIVITY_TYPE_TRADE,ussewc-usse-sd-2026-11-03-rep,SELL,ORDER_INTENT_SELL_LONG,0.91,10,CJS4512XPW20,passive,-134.61,2026-09-18T17:04:48.231859863Z,1.872,-0.01,0,1,ORDER_STATE_FILLED,UNSOLICITED_CXL_REASON_UNDEFINED,ORD_REJECT_REASON_EXCHANGE_OPTION,,
1789758102.3,2026-09-18T19:01:42.328758202Z,ACTIVITY_TYPE_TRADE,ewc-usgub-mi-2026-11-03-dem,SELL,ORDER_INTENT_SELL_LONG,0.91,28,CJT9XGY58WM9,passive,1.14,2026-09-18T18:26:56.839871538Z,0.579,-0.03,0,1,ORDER_STATE_FILLED,UNSOLICITED_CXL_REASON_UNDEFINED,ORD_REJECT_REASON_EXCHANGE_OPTION,,
1789758271.8,2026-09-18T19:04:31.835245945Z,ACTIVITY_TYPE_TRADE,paccc-usse-midterms-2026-11-03-dem,BUY,ORDER_INTENT_BUY_LONG,0.606,37,CJTV294KJW22,passive,,2026-09-18T19:03:40.395718242Z,0.014,-0.11,0,1,ORDER_STATE_FILLED,UNSOLICITED_CXL_REASON_UNDEFINED,ORD_REJECT_REASON_EXCHANGE_OPTION,,
1789758515.8,2026-09-18T19:08:35.812695579Z,ACTIVITY_TYPE_TRADE,paccc-usho-midterms-2026-11-03-rep,BUY,ORDER_INTENT_BUY_LONG,0.124,103,CJTX1DKSTW1Z,passive,,2026-09-18T19:07:27.578517639Z,0.019,-0.14,0,1,ORDER_STATE_FILLED,UNSOLICITED_CXL_REASON_UNDEFINED,ORD_REJECT_REASON_EXCHANGE_OPTION,,
1789759970.7,2026-09-18T19:32:50.704726823Z,ACTIVITY_TYPE_TRADE,cpoc-ussec-tx-mi-me-2026-11-03-dsweep,BUY,ORDER_INTENT_SELL_SHORT,0.66,2,CJT9X9ENPW1Y,passive,0.65,2026-09-18T18:26:27.281849437Z,1.107,-0.01,0,1,ORDER_STATE_PARTIALLY_FILLED,UNSOLICITED_CXL_REASON_UNDEFINED,ORD_REJECT_REASON_EXCHANGE_OPTION,,
1789759970.9,2026-09-18T19:32:50.874662813Z,ACTIVITY_TYPE_TRADE,cpoc-ussec-tx-mi-me-2026-11-03-dsweep,BUY,ORDER_INTENT_SELL_SHORT,0.66,2,CJT9X9ENPW1Y,passive,0.65,2026-09-18T18:26:27.281849437Z,1.107,-0.01,0,1,ORDER_STATE_PARTIALLY_FILLED,UNSOLICITED_CXL_REASON_UNDEFINED,ORD_REJECT_REASON_EXCHANGE_OPTION,,
1789759971.2,2026-09-18T19:32:51.241107289Z,ACTIVITY_TYPE_TRADE,cpoc-ussec-tx-mi-me-2026-11-03-dsweep,BUY,ORDER_INTENT_SELL_SHORT,0.66,2,CJT9X9ENPW1Y,passive,0.65,2026-09-18T18:26:27.281849437Z,1.107,-0.01,0,1,ORDER_STATE_PARTIALLY_FILLED,UNSOLICITED_CXL_REASON_UNDEFINED,ORD_REJECT_REASON_EXCHANGE_OPTION,,
1789759971.5,2026-09-18T19:32:51.469932338Z,ACTIVITY_TYPE_TRADE,cpoc-ussec-tx-mi-me-2026-11-03-dsweep,BUY,ORDER_INTENT_SELL_SHORT,0.66,2,CJT9X9ENPW1Y,passive,0.65,2026-09-18T18:26:27.281849437Z,1.107,-0.01,0,1,ORDER_STATE_PARTIALLY_FILLED,UNSOLICITED_CXL_REASON_UNDEFINED,ORD_REJECT_REASON_EXCHANGE_OPTION,,
1789759971.9,2026-09-18T19:32:51.947403378Z,ACTIVITY_TYPE_TRADE,cpoc-ussec-tx-mi-me-2026-11-03-dsweep,BUY,ORDER_INTENT_SELL_SHORT,0.66,1,CJT9X9ENPW1Y,passive,0.32,2026-09-18T18:26:27.281849437Z,1.107,0,0,1,ORDER_STATE_FILLED,UNSOLICITED_CXL_REASON_UNDEFINED,ORD_REJECT_REASON_EXCHANGE_OPTION,,
1789760081.6,2026-09-18T19:34:41.555107743Z,ACTIVITY_TYPE_TRADE,paccc-usse-midterms-2026-11-03-dem,BUY,ORDER_INTENT_BUY_LONG,0.599,23,CJV7CTHTRW0Y,passive,,2026-09-18T19:30:41.591764320Z,0.067,-0.07,0,1,ORDER_STATE_FILLED,UNSOLICITED_CXL_REASON_UNDEFINED,ORD_REJECT_REASON_EXCHANGE_OPTION,,
1789760185.0,2026-09-18T19:36:25.049175819Z,ACTIVITY_TYPE_TRADE,cpoc-ussec-tx-mi-me-2026-11-03-dtx-rmi-dme,BUY,ORDER_INTENT_SELL_SHORT,0.11,1,CJV8MRS1CW21,passive,0.11,2026-09-18T19:32:59.142415669Z,0.057,0,0,1,ORDER_STATE_FILLED,UNSOLICITED_CXL_REASON_UNDEFINED,ORD_REJECT_REASON_EXCHANGE_OPTION,,
1789760248.7,2026-09-18T19:37:28.702835521Z,ACTIVITY_TYPE_TRADE,paccc-usho-midterms-2026-11-03-rep,SELL,ORDER_INTENT_SELL_LONG,0.112,80,CJV98D9ERW1Z,passive,-13.75,2026-09-18T19:34:11.206729231Z,0.055,-0.1,0,1,ORDER_STATE_PARTIALLY_FILLED,UNSOLICITED_CXL_REASON_UNDEFINED,ORD_REJECT_REASON_EXCHANGE_OPTION,,
1789760267.3,2026-09-18T19:37:47.299685261Z,ACTIVITY_TYPE_TRADE,cpoc-ussec-tx-mi-me-2026-11-03-rsweep,SELL,ORDER_INTENT_SELL_LONG,0.03,31,CJV474SBTW21,passive,0.94,2026-09-18T19:22:58.420138335Z,0.247,-0.01,0,1,ORDER_STATE_FILLED,UNSOLICITED_CXL_REASON_UNDEFINED,ORD_REJECT_REASON_EXCHANGE_OPTION,,
1789760288.1,2026-09-18T19:38:08.139800365Z,ACTIVITY_TYPE_TRADE,paccc-usho-midterms-2026-11-03-rep,SELL,ORDER_INTENT_SELL_LONG,0.112,74,CJV98D9ERW1Z,passive,-12.72,2026-09-18T19:34:11.206729231Z,0.066,-0.09,0,1,ORDER_STATE_FILLED,UNSOLICITED_CXL_REASON_UNDEFINED,ORD_REJECT_REASON_EXCHANGE_OPTION,,
1789760394.5,2026-09-18T19:39:54.472393718Z,ACTIVITY_TYPE_TRADE,paccc-usse-midterms-2026-11-03-dem,SELL,ORDER_INTENT_SELL_LONG,0.599,60,CJV9SAS54WM9,passive,30.61,2026-09-18T19:35:59.648841462Z,0.065,-0.18,0,1,ORDER_STATE_FILLED,UNSOLICITED_CXL_REASON_UNDEFINED,ORD_REJECT_REASON_EXCHANGE_OPTION,,
1789760437.1,2026-09-18T19:40:37.090914575Z,ACTIVITY_TYPE_TRADE,cpoc-ussec-tx-me-2026-11-03-dtx-rme,SELL,ORDER_INTENT_BUY_SHORT,0.02,49,CJTXRSXY2W0Y,passive,,2026-09-18T19:09:26.851129114Z,0.52,-0.01,0,1,ORDER_STATE_FILLED,UNSOLICITED_CXL_REASON_UNDEFINED,ORD_REJECT_REASON_EXCHANGE_OPTION,,
1789760453.0,2026-09-18T19:40:53.036723677Z,ACTIVITY_TYPE_TRADE,cpoc-ussec-tx-me-2026-11-03-dsweep,BUY,ORDER_INTENT_SELL_SHORT,0.59,11,CJTHXNB0WW7H,passive,6.52,2026-09-18T18:44:29.308810451Z,0.94,-0.03,0,1,ORDER_STATE_FILLED,UNSOLICITED_CXL_REASON_UNDEFINED,ORD_REJECT_REASON_EXCHANGE_OPTION,,
1789760453.0,2026-09-18T19:40:53.037822138Z,ACTIVITY_TYPE_TRADE,cpoc-ussec-tx-me-2026-11-03-rtx-dme,BUY,ORDER_INTENT_BUY_LONG,0.2,21,CJV9F44PTW7H,passive,,2026-09-18T19:35:11.320628720Z,0.095,-0.04,0,1,ORDER_STATE_PARTIALLY_FILLED,UNSOLICITED_CXL_REASON_UNDEFINED,ORD_REJECT_REASON_EXCHANGE_OPTION,,
1789760453.0,2026-09-18T19:40:53.038346836Z,ACTIVITY_TYPE_TRADE,cpoc-ussec-tx-me-2026-11-03-rsweep,BUY,ORDER_INTENT_BUY_LONG,0.25,97.01,CJVBTW35RW1Z,passive,,2026-09-18T19:39:41.897531730Z,0.02,-0.23,0,1,ORDER_STATE_PARTIALLY_FILLED,UNSOLICITED_CXL_REASON_UNDEFINED,ORD_REJECT_REASON_EXCHANGE_OPTION,,
1789761099.0,2026-09-18T19:51:38.993591812Z,ACTIVITY_TYPE_TRADE,ewc-usse-me-2026-11-03-rep,BUY,ORDER_INTENT_SELL_SHORT,0.35,39,CJSMF6K8CW1N,passive,-3.13,2026-09-18T17:41:08.493484209Z,2.175,-0.11,0,1,ORDER_STATE_FILLED,UNSOLICITED_CXL_REASON_UNDEFINED,ORD_REJECT_REASON_EXCHANGE_OPTION,,
1789761319.2,2026-09-18T19:55:19.171638636Z,ACTIVITY_TYPE_TRADE,paccc-usse-midterms-2026-11-03-dem,BUY,ORDER_INTENT_SELL_SHORT,0.593,12,CJVGR1NC0W0Y,passive,-3.74,2026-09-18T19:50:58.285540549Z,0.072,-0.04,0,1,ORDER_STATE_PARTIALLY_FILLED,UNSOLICITED_CXL_REASON_UNDEFINED,ORD_REJECT_REASON_EXCHANGE_OPTION,,
1789762196.7,2026-09-18T20:09:56.712396590Z,ACTIVITY_TYPE_TRADE,ewc-usgub-oh-2026-11-03-rep,SELL,ORDER_INTENT_BUY_SHORT,0.4,76,CJVGZXE1AW7H,passive,,2026-09-18T19:51:44.780363328Z,0.303,-0.23,0,1,ORDER_STATE_FILLED,UNSOLICITED_CXL_REASON_UNDEFINED,ORD_REJECT_REASON_EXCHANGE_OPTION,,
1789762220.5,2026-09-18T20:10:20.502686795Z,ACTIVITY_TYPE_TRADE,ewc-usgub-oh-2026-11-03-rep,SELL,ORDER_INTENT_BUY_SHORT,0.4,68,CJVSHSDPGW1N,passive,,2026-09-18T20:10:12.455974821Z,0.002,-0.2,0,1,ORDER_STATE_FILLED,UNSOLICITED_CXL_REASON_UNDEFINED,ORD_REJECT_REASON_EXCHANGE_OPTION,,
1789762228.5,2026-09-18T20:10:28.512084677Z,ACTIVITY_TYPE_TRADE,ewc-usgub-oh-2026-11-03-dem,SELL,ORDER_INTENT_BUY_SHORT,0.54,1,CJVSF1CPCW22,passive,,2026-09-18T20:10:11.970831649Z,0.005,0,0,1,ORDER_STATE_PARTIALLY_FILLED,UNSOLICITED_CXL_REASON_UNDEFINED,ORD_REJECT_REASON_EXCHANGE_OPTION,,
1789762252.9,2026-09-18T20:10:52.886478815Z,ACTIVITY_TYPE_TRADE,ewc-usgub-oh-2026-11-03-dem,SELL,ORDER_INTENT_BUY_SHORT,0.54,55,CJVSF1CPCW22,passive,,2026-09-18T20:10:11.970831649Z,0.011,-0.17,0,1,ORDER_STATE_FILLED,UNSOLICITED_CXL_REASON_UNDEFINED,ORD_REJECT_REASON_EXCHANGE_OPTION,,
1789762530.1,2026-09-18T20:15:30.112980759Z,ACTIVITY_TYPE_TRADE,ewc-usgub-nv-2026-11-03-rep,BUY,ORDER_INTENT_SELL_SHORT,0.57,26,CJQ7HSA7MW20,passive,3.6,2026-09-18T14:51:29.110176182Z,5.4,-0.08,0,1,ORDER_STATE_FILLED,UNSOLICITED_CXL_REASON_UNDEFINED,ORD_REJECT_REASON_EXCHANGE_OPTION,,
1789763077.1,2026-09-18T20:24:37.134599113Z,ACTIVITY_TYPE_TRADE,ewc-usgub-nv-2026-11-03-dem,BUY,ORDER_INTENT_BUY_LONG,0.46,32,CJVY27J56W7H,passive,,2026-09-18T20:20:46.750179977Z,0.064,-0.1,0,1,ORDER_STATE_FILLED,UNSOLICITED_CXL_REASON_UNDEFINED,ORD_REJECT_REASON_EXCHANGE_OPTION,,
1789763947.7,2026-09-18T20:39:07.717772351Z,ACTIVITY_TYPE_TRADE,scc-senate-gop-2026-11-03-lte45,SELL,ORDER_INTENT_BUY_SHORT,0.07,40,CJW0P2TTGWM9,passive,,2026-09-18T20:26:42.062882391Z,0.207,-0.03,0,1,ORDER_STATE_FILLED,UNSOLICITED_CXL_REASON_UNDEFINED,ORD_REJECT_REASON_EXCHANGE_OPTION,,
1789764014.3,2026-09-18T20:40:14.313171149Z,ACTIVITY_TYPE_TRADE,ushrewc-ushr-ny-17-2026-11-03-dem,BUY,ORDER_INTENT_BUY_LONG,0.65,11.01,CJW3K4EVJWM9,passive,,2026-09-18T20:33:30.949282341Z,0.112,-0.03,0,1,ORDER_STATE_PARTIALLY_FILLED,UNSOLICITED_CXL_REASON_UNDEFINED,ORD_REJECT_REASON_EXCHANGE_OPTION,,
1789764085.5,2026-09-18T20:41:25.487699090Z,ACTIVITY_TYPE_TRADE,scc-senate-gop-2026-11-03-lte45,BUY,ORDER_INTENT_SELL_SHORT,0.09,19.9,CJW7P1W38W1Z,passive,-16.09,2026-09-18T20:41:25.078995527Z,0,-0.02,0,1,ORDER_STATE_PARTIALLY_FILLED,UNSOLICITED_CXL_REASON_UNDEFINED,ORD_REJECT_REASON_EXCHANGE_OPTION,,
1789764086.0,2026-09-18T20:41:25.982189137Z,ACTIVITY_TYPE_TRADE,scc-senate-gop-2026-11-03-lte45,BUY,ORDER_INTENT_SELL_SHORT,0.09,20,CJW7P1W38W1Z,passive,-16.17,2026-09-18T20:41:25.078995527Z,0,-0.02,0,1,ORDER_STATE_PARTIALLY_FILLED,UNSOLICITED_CXL_REASON_UNDEFINED,ORD_REJECT_REASON_EXCHANGE_OPTION,,
1789764158.9,2026-09-18T20:42:38.906595059Z,ACTIVITY_TYPE_TRADE,paccc-usse-midterms-2026-11-03-dem,SELL,ORDER_INTENT_SELL_LONG,0.594,12,CJVK1FJ4WW1Z,passive,6.07,2026-09-18T19:55:41.950525294Z,0.782,-0.04,0,1,ORDER_STATE_FILLED,UNSOLICITED_CXL_REASON_UNDEFINED,ORD_REJECT_REASON_EXCHANGE_OPTION,,
1789764425.6,2026-09-18T20:47:05.627633155Z,ACTIVITY_TYPE_TRADE,scc-senate-gop-2026-11-03-lte45,BUY,ORDER_INTENT_SELL_SHORT,0.09,1.1,CJW7P1W38W1Z,passive,-0.89,2026-09-18T20:41:25.078995527Z,0.095,0,0,1,ORDER_STATE_FILLED,UNSOLICITED_CXL_REASON_UNDEFINED,ORD_REJECT_REASON_EXCHANGE_OPTION,,
1789764487.7,2026-09-18T20:48:07.683125977Z,ACTIVITY_TYPE_TRADE,scc-senate-gop-2026-11-03-lte45,BUY,ORDER_INTENT_BUY_LONG,0.09,19.89,CJWAVH35CW0Y,passive,,2026-09-18T20:48:07.316832795Z,0,-0.02,0,1,ORDER_STATE_PARTIALLY_FILLED,UNSOLICITED_CXL_REASON_UNDEFINED,ORD_REJECT_REASON_EXCHANGE_OPTION,,
1789764488.2,2026-09-18T20:48:08.197357045Z,ACTIVITY_TYPE_TRADE,scc-senate-gop-2026-11-03-lte45,BUY,ORDER_INTENT_BUY_LONG,0.09,20,CJWAVH35CW0Y,passive,,2026-09-18T20:48:07.316832795Z,0,-0.02,0,1,ORDER_STATE_PARTIALLY_FILLED,UNSOLICITED_CXL_REASON_UNDEFINED,ORD_REJECT_REASON_EXCHANGE_OPTION,,
1789764488.7,2026-09-18T20:48:08.737831308Z,ACTIVITY_TYPE_TRADE,scc-senate-gop-2026-11-03-lte45,BUY,ORDER_INTENT_BUY_LONG,0.09,20,CJWAVH35CW0Y,passive,,2026-09-18T20:48:07.316832795Z,0,-0.02,0,1,ORDER_STATE_PARTIALLY_FILLED,UNSOLICITED_CXL_REASON_UNDEFINED,ORD_REJECT_REASON_EXCHANGE_OPTION,,
1789764490.0,2026-09-18T20:48:09.988544037Z,ACTIVITY_TYPE_TRADE,scc-senate-gop-2026-11-03-lte45,BUY,ORDER_INTENT_BUY_LONG,0.09,20,CJWAVH35CW0Y,passive,,2026-09-18T20:48:07.316832795Z,0.001,-0.02,0,1,ORDER_STATE_PARTIALLY_FILLED,UNSOLICITED_CXL_REASON_UNDEFINED,ORD_REJECT_REASON_EXCHANGE_OPTION,,
1789765885.7,2026-09-18T21:11:25.654772054Z,ACTIVITY_TYPE_TRANSFER,,,,,,,,,,,,,,,,,408.34,
1789766438.0,2026-09-18T21:20:37.966490056Z,ACTIVITY_TYPE_TRANSFER,,,,,,,,,,,,,,,,,213.65,
1789766708.5,2026-09-18T21:25:08.515661294Z,ACTIVITY_TYPE_TRADE,paccc-usho-midterms-2026-11-03-rep,SELL,ORDER_INTENT_BUY_SHORT,0.112,150,CJWSB7SV8W0Y,passive,,2026-09-18T21:21:12.025992444Z,0.066,-0.19,0,1,ORDER_STATE_PARTIALLY_FILLED,UNSOLICITED_CXL_REASON_UNDEFINED,ORD_REJECT_REASON_EXCHANGE_OPTION,,
1789766923.9,2026-09-18T21:28:43.895034054Z,ACTIVITY_TYPE_TRANSFER,,,,,,,,,,,,,,,,,381.48,
1789767097.3,2026-09-18T21:31:37.296058835Z,ACTIVITY_TYPE_TRADE,paccc-usho-midterms-2026-11-03-rep,BUY,ORDER_INTENT_SELL_SHORT,0.112,150,CJWXGCC0CW22,passive,-90.24,2026-09-18T21:29:39.259551150Z,0.033,-0.19,0,1,ORDER_STATE_FILLED,UNSOLICITED_CXL_REASON_UNDEFINED,ORD_REJECT_REASON_EXCHANGE_OPTION,,
1789767172.1,2026-09-18T21:32:52.068584207Z,ACTIVITY_TYPE_TRADE,scc-hrep-rep-2026-11-03-gte185,BUY,ORDER_INTENT_SELL_SHORT,0.93,75,CJWYK7FZMWM9,passive,68.64,2026-09-18T21:32:51.939815152Z,0,-0.06,0,1,ORDER_STATE_PARTIALLY_FILLED,UNSOLICITED_CXL_REASON_UNDEFINED,ORD_REJECT_REASON_EXCHANGE_OPTION,,
1789767172.4,2026-09-18T21:32:52.374482323Z,ACTIVITY_TYPE_TRADE,scc-hrep-rep-2026-11-03-gte185,BUY,ORDER_INTENT_SELL_SHORT,0.93,31,CJWYK7FZMWM9,passive,28.37,2026-09-18T21:32:51.939815152Z,0,-0.03,0,1,ORDER_STATE_FILLED,UNSOLICITED_CXL_REASON_UNDEFINED,ORD_REJECT_REASON_EXCHANGE_OPTION,,
1789767196.2,2026-09-18T21:33:16.179886290Z,ACTIVITY_TYPE_TRADE,paccc-usho-midterms-2026-11-03-rep,SELL,ORDER_INTENT_BUY_SHORT,0.116,182,CJWYP51Q2W22,passive,,2026-09-18T21:32:21.890024553Z,0.015,-0.23,0,1,ORDER_STATE_FILLED,UNSOLICITED_CXL_REASON_UNDEFINED,ORD_REJECT_REASON_EXCHANGE_OPTION,,
1789767898.4,2026-09-18T21:44:58.404448331Z,ACTIVITY_TYPE_TRADE,scc-hrep-rep-2026-11-03-gte185,BUY,ORDER_INTENT_SELL_SHORT,0.94,72,CJX3JNGPTW1Z,passive,66.6,2026-09-18T21:43:07.347323544Z,0.031,-0.05,0,1,ORDER_STATE_FILLED,UNSOLICITED_CXL_REASON_UNDEFINED,ORD_REJECT_REASON_EXCHANGE_OPTION,,
1789768520.8,2026-09-18T21:55:20.812602779Z,ACTIVITY_TYPE_TRADE,scc-senate-gop-2026-11-03-lte45,SELL,ORDER_INTENT_SELL_LONG,0.09,52.12,CJWBEJ1YJW22,passive,-0.49,2026-09-18T20:49:24.419907786Z,1.099,-0.05,0,1,ORDER_STATE_PARTIALLY_FILLED,UNSOLICITED_CXL_REASON_UNDEFINED,ORD_REJECT_REASON_EXCHANGE_OPTION,,
1789768541.9,2026-09-18T21:55:41.945385629Z,ACTIVITY_TYPE_TRADE,scc-hrep-rep-2026-11-03-gte180,SELL,ORDER_INTENT_SELL_LONG,0.94,0.66,CJWYSPCEMWM9,passive,-2.76,2026-09-18T21:33:13.620337902Z,0.375,0,0,1,ORDER_STATE_PARTIALLY_FILLED,UNSOLICITED_CXL_REASON_UNDEFINED,ORD_REJECT_REASON_EXCHANGE_OPTION,,
1789769929.6,2026-09-18T22:18:49.601606039Z,ACTIVITY_TYPE_TRADE,scc-senate-gop-2026-11-03-54,SELL,ORDER_INTENT_BUY_SHORT,0.04,38,CJX93EJFGW7H,passive,,2026-09-18T21:55:58.280768743Z,0.381,-0.02,0,1,ORDER_STATE_FILLED,UNSOLICITED_CXL_REASON_UNDEFINED,ORD_REJECT_REASON_EXCHANGE_OPTION,,
1789770682.6,2026-09-18T22:31:22.576893316Z,ACTIVITY_TYPE_TRADE,usgubewc-usgub-tn-2026-11-03-dem,BUY,ORDER_INTENT_SELL_SHORT,0.06,0.03,CJTKKPE6AW20,passive,-0.02,2026-09-18T18:47:09.765954698Z,3.737,0,0,1,ORDER_STATE_PARTIALLY_FILLED,UNSOLICITED_CXL_REASON_UNDEFINED,ORD_REJECT_REASON_EXCHANGE_OPTION,,
1789770748.3,2026-09-18T22:32:28.267473704Z,ACTIVITY_TYPE_TRADE,paccc-usse-midterms-2026-11-03-rep,SELL,ORDER_INTENT_SELL_LONG,0.414,59,CJW8ZA8H4WM9,passive,-32.74,2026-09-18T20:43:55.187863363Z,1.809,-0.18,0,1,ORDER_STATE_FILLED,UNSOLICITED_CXL_REASON_UNDEFINED,ORD_REJECT_REASON_EXCHANGE_OPTION,,
1789773161.5,2026-09-18T23:12:41.510856117Z,ACTIVITY_TYPE_TRADE,ussewc-usse-fl-2026-11-03-rep,BUY,ORDER_INTENT_SELL_SHORT,0.88,68,CJNDR5A3YWM9,passive,-6.98,2026-09-18T12:48:15.547079635Z,10.407,-0.09,0,1,ORDER_STATE_FILLED,UNSOLICITED_CXL_REASON_UNDEFINED,ORD_REJECT_REASON_EXCHANGE_OPTION,,
1789773525.7,2026-09-18T23:18:45.650649213Z,ACTIVITY_TYPE_TRADE,ewc-usgub-ca-2026-11-03-xavbec,BUY,ORDER_INTENT_BUY_LONG,0.95,7,CJYD3DJS2W21,passive,,2026-09-18T23:12:22.788031063Z,0.106,0,0,1,ORDER_STATE_FILLED,UNSOLICITED_CXL_REASON_UNDEFINED,ORD_REJECT_REASON_EXCHANGE_OPTION,,
1789776159.5,2026-09-19T00:02:39.478349122Z,ACTIVITY_TYPE_TRADE,paccc-usho-midterms-2026-11-03-rep,BUY,ORDER_INTENT_SELL_SHORT,0.118,100,CJX8QZ8HPW7E,passive,-59.56,2026-09-18T21:55:25.089153298Z,2.121,-0.13,0,1,ORDER_STATE_PARTIALLY_FILLED,UNSOLICITED_CXL_REASON_UNDEFINED,ORD_REJECT_REASON_EXCHANGE_OPTION,,
1789776186.0,2026-09-19T00:03:05.963204431Z,ACTIVITY_TYPE_TRADE,paccc-usho-midterms-2026-11-03-rep,BUY,ORDER_INTENT_SELL_SHORT,0.118,82,CJX8QZ8HPW7E,passive,-48.83,2026-09-18T21:55:25.089153298Z,2.128,-0.11,0,1,ORDER_STATE_FILLED,UNSOLICITED_CXL_REASON_UNDEFINED,ORD_REJECT_REASON_EXCHANGE_OPTION,,
1789776250.5,2026-09-19T00:04:10.498185848Z,ACTIVITY_TYPE_TRADE,paccc-usho-midterms-2026-11-03-rep,BUY,ORDER_INTENT_BUY_LONG,0.118,148,CJZ4ZKWECW22,passive,,2026-09-19T00:03:23.069168616Z,0.013,-0.19,0,1,ORDER_STATE_PARTIALLY_FILLED,UNSOLICITED_CXL_REASON_UNDEFINED,ORD_REJECT_REASON_EXCHANGE_OPTION,,
1789776303.7,2026-09-19T00:05:03.705614006Z,ACTIVITY_TYPE_TRADE,paccc-usho-midterms-2026-11-03-rep,BUY,ORDER_INTENT_BUY_LONG,0.118,488,CJZ4ZKWECW22,passive,,2026-09-19T00:03:23.069168616Z,0.028,-0.63,0,1,ORDER_STATE_FILLED,UNSOLICITED_CXL_REASON_UNDEFINED,ORD_REJECT_REASON_EXCHANGE_OPTION,,
1789777085.7,2026-09-19T00:18:05.745128308Z,ACTIVITY_TYPE_TRADE,paccc-usho-midterms-2026-11-03-rep,SELL,ORDER_INTENT_SELL_LONG,0.117,32,CJZBEE460W0Y,passive,-5.34,2026-09-19T00:17:24.145084535Z,0.012,-0.04,0,1,ORDER_STATE_PARTIALLY_FILLED,UNSOLICITED_CXL_REASON_UNDEFINED,ORD_REJECT_REASON_EXCHANGE_OPTION,,
1789777314.2,2026-09-19T00:21:54.213636735Z,ACTIVITY_TYPE_TRADE,scc-hrep-rep-2026-11-03-gte215,SELL,ORDER_INTENT_SELL_LONG,0.05,75,CJTS2TMJ4W7H,passive,-18.08,2026-09-18T19:00:40.399546739Z,5.354,-0.04,0,1,ORDER_STATE_PARTIALLY_FILLED,UNSOLICITED_CXL_REASON_UNDEFINED,ORD_REJECT_REASON_EXCHANGE_OPTION,,
1789777893.9,2026-09-19T00:31:33.922115359Z,ACTIVITY_TYPE_TRADE,paccc-usho-midterms-2026-11-03-rep,SELL,ORDER_INTENT_SELL_LONG,0.117,604,CJZBEE460W0Y,passive,-100.77,2026-09-19T00:17:24.145084535Z,0.236,-0.78,0,1,ORDER_STATE_FILLED,UNSOLICITED_CXL_REASON_UNDEFINED,ORD_REJECT_REASON_EXCHANGE_OPTION,,
1789778445.8,2026-09-19T00:40:45.805567642Z,ACTIVITY_TYPE_TRADE,scc-hrep-rep-2026-11-03-gte215,SELL,ORDER_INTENT_SELL_LONG,0.05,153,CJTS2TMJ4W7H,passive,-36.87,2026-09-18T19:00:40.399546739Z,5.668,-0.09,0,1,ORDER_STATE_FILLED,UNSOLICITED_CXL_REASON_UNDEFINED,ORD_REJECT_REASON_EXCHANGE_OPTION,,
1789778992.7,2026-09-19T00:49:52.650950402Z,ACTIVITY_TYPE_TRADE,scc-hrep-rep-2026-11-03-gte195,SELL,ORDER_INTENT_SELL_LONG,0.51,51,CJXMFJ89PW21,passive,-15.92,2026-09-18T22:20:25.630391413Z,2.491,-0.16,0,1,ORDER_STATE_FILLED,UNSOLICITED_CXL_REASON_UNDEFINED,ORD_REJECT_REASON_EXCHANGE_OPTION,,
1789779016.5,2026-09-19T00:50:16.487914982Z,ACTIVITY_TYPE_TRADE,paccc-usho-midterms-2026-11-03-rep,BUY,ORDER_INTENT_BUY_LONG,0.116,658,CJZJNZHH0W20,passive,,2026-09-19T00:32:22.870175985Z,0.298,-0.84,0,1,ORDER_STATE_FILLED,UNSOLICITED_CXL_REASON_UNDEFINED,ORD_REJECT_REASON_EXCHANGE_OPTION,,
1789779070.1,2026-09-19T00:51:10.092318916Z,ACTIVITY_TYPE_TRADE,paccc-usho-midterms-2026-11-03-rep,BUY,ORDER_INTENT_BUY_LONG,0.116,497,CJZV1FSZRW22,passive,,2026-09-19T00:50:39.057569067Z,0.009,-0.64,0,1,ORDER_STATE_FILLED,UNSOLICITED_CXL_REASON_UNDEFINED,ORD_REJECT_REASON_EXCHANGE_OPTION,,
1789781965.2,2026-09-19T01:39:25.237191855Z,ACTIVITY_TYPE_TRADE,paccc-usho-midterms-2026-11-03-rep,SELL,ORDER_INTENT_SELL_LONG,0.117,69,CJZVEH1APW1N,passive,-11.51,2026-09-19T00:51:40.526360080Z,0.796,-0.09,0,1,ORDER_STATE_PARTIALLY_FILLED,UNSOLICITED_CXL_REASON_UNDEFINED,ORD_REJECT_REASON_EXCHANGE_OPTION,,
1789782374.1,2026-09-19T01:46:14.066247985Z,ACTIVITY_TYPE_TRADE,paccc-usho-midterms-2026-11-03-rep,SELL,ORDER_INTENT_SELL_LONG,0.117,6,CJZVEH1APW1N,passive,-1,2026-09-19T00:51:40.526360080Z,0.909,-0.01,0,1,ORDER_STATE_PARTIALLY_FILLED,UNSOLICITED_CXL_REASON_UNDEFINED,ORD_REJECT_REASON_EXCHANGE_OPTION,,
1789782586.7,2026-09-19T01:49:46.722061268Z,ACTIVITY_TYPE_TRADE,usgubewc-usgub-tx-2026-11-03-rep,BUY,ORDER_INTENT_BUY_LONG,0.8,41.74,CJZXDZ1WYW1N,passive,,2026-09-19T00:55:52.917802949Z,0.898,-0.08,0,1,ORDER_STATE_PARTIALLY_FILLED,UNSOLICITED_CXL_REASON_UNDEFINED,ORD_REJECT_REASON_EXCHANGE_OPTION,,
1789782724.4,2026-09-19T01:52:04.363457904Z,ACTIVITY_TYPE_TRADE,paccc-usho-midterms-2026-11-03-rep,SELL,ORDER_INTENT_SELL_LONG,0.117,100,CJZVEH1APW1N,passive,-16.68,2026-09-19T00:51:40.526360080Z,1.007,-0.13,0,1,ORDER_STATE_PARTIALLY_FILLED,UNSOLICITED_CXL_REASON_UNDEFINED,ORD_REJECT_REASON_EXCHANGE_OPTION,,
1789783499.5,2026-09-19T02:04:59.536336877Z,ACTIVITY_TYPE_TRADE,ussewc-usse-ma-2026-11-03-rep,SELL,ORDER_INTENT_SELL_LONG,0.03,15,CJSFCWHYRW7H,passive,-0.7,2026-09-18T17:30:51.378662160Z,8.569,-0.01,0,1,ORDER_STATE_FILLED,UNSOLICITED_CXL_REASON_UNDEFINED,ORD_REJECT_REASON_EXCHANGE_OPTION,,
1789783509.2,2026-09-19T02:05:09.200853224Z,ACTIVITY_TYPE_TRADE,ewc-usgub-az-2026-11-03-rep,SELL,ORDER_INTENT_SELL_LONG,0.14,81,CJMNEN8XEW22,passive,-2.09,2026-09-18T11:53:06.608388358Z,14.201,-0.12,0,1,ORDER_STATE_PARTIALLY_FILLED,UNSOLICITED_CXL_REASON_UNDEFINED,ORD_REJECT_REASON_EXCHANGE_OPTION,,
1789784411.2,2026-09-19T02:20:11.241310468Z,ACTIVITY_TYPE_TRADE,paccc-usho-midterms-2026-11-03-rep,SELL,ORDER_INTENT_SELL_LONG,0.117,80,CJZVEH1APW1N,passive,-13.35,2026-09-19T00:51:40.526360080Z,1.475,-0.1,0,1,ORDER_STATE_PARTIALLY_FILLED,UNSOLICITED_CXL_REASON_UNDEFINED,ORD_REJECT_REASON_EXCHANGE_OPTION,,
1789785200.9,2026-09-19T02:33:20.899179013Z,ACTIVITY_TYPE_TRADE,paccc-usho-midterms-2026-11-03-dem,BUY,ORDER_INTENT_SELL_SHORT,0.898,65,CK12SX4TYW22,passive,-151.85,2026-09-19T02:17:24.334045464Z,0.266,-0.07,0,1,ORDER_STATE_FILLED,UNSOLICITED_CXL_REASON_UNDEFINED,ORD_REJECT_REASON_EXCHANGE_OPTION,,
1789785530.2,2026-09-19T02:38:50.208759634Z,ACTIVITY_TYPE_TRADE,paccc-usho-midterms-2026-11-03-dem,BUY,ORDER_INTENT_BUY_LONG,0.898,40,CK1AJDKE2WPB,passive,,2026-09-19T02:34:25.599668900Z,0.074,-0.05,0,1,ORDER_STATE_PARTIALLY_FILLED,UNSOLICITED_CXL_REASON_UNDEFINED,ORD_REJECT_REASON_EXCHANGE_OPTION,,
1789785541.5,2026-09-19T02:39:01.510719170Z,ACTIVITY_TYPE_TRADE,paccc-usho-midterms-2026-11-03-dem,BUY,ORDER_INTENT_BUY_LONG,0.898,12,CK1AJDKE2WPB,passive,,2026-09-19T02:34:25.599668900Z,0.077,-0.01,0,1,ORDER_STATE_FILLED,UNSOLICITED_CXL_REASON_UNDEFINED,ORD_REJECT_REASON_EXCHANGE_OPTION,,
1789788778.3,2026-09-19T03:32:58.335670566Z,ACTIVITY_TYPE_TRADE,scc-senate-gop-2026-11-03-50,BUY,ORDER_INTENT_SELL_SHORT,0.16,6,CJV4XDFK6W22,passive,-3.51,2026-09-18T19:24:28.271158563Z,8.142,-0.01,0,1,ORDER_STATE_FILLED,UNSOLICITED_CXL_REASON_UNDEFINED,ORD_REJECT_REASON_EXCHANGE_OPTION,,
1789788956.3,2026-09-19T03:35:56.325989840Z,ACTIVITY_TYPE_TRADE,ewc-usgub-az-2026-11-03-rep,SELL,ORDER_INTENT_SELL_LONG,0.14,149,CJMNEN8XEW22,passive,-3.85,2026-09-18T11:53:06.608388358Z,15.714,-0.22,0,1,ORDER_STATE_FILLED,UNSOLICITED_CXL_REASON_UNDEFINED,ORD_REJECT_REASON_EXCHANGE_OPTION,,
1789791966.1,2026-09-19T04:26:06.052935797Z,ACTIVITY_TYPE_TRADE,paccc-usho-midterms-2026-11-03-rep,SELL,ORDER_INTENT_SELL_LONG,0.116,40,CK16GKRK2WP7,passive,-6.71,2026-09-19T02:25:42.027850173Z,2.007,-0.05,0,1,ORDER_STATE_PARTIALLY_FILLED,UNSOLICITED_CXL_REASON_UNDEFINED,ORD_REJECT_REASON_EXCHANGE_OPTION,,
1789797479.3,2026-09-19T05:57:59.339812797Z,ACTIVITY_TYPE_TRADE,paccc-usho-midterms-2026-11-03-rep,SELL,ORDER_INTENT_SELL_LONG,0.116,284,CK16GKRK2WP7,passive,-47.67,2026-09-19T02:25:42.027850173Z,3.538,-0.36,0,1,ORDER_STATE_PARTIALLY_FILLED,UNSOLICITED_CXL_REASON_UNDEFINED,ORD_REJECT_REASON_EXCHANGE_OPTION,,
1789798655.7,2026-09-19T06:17:35.659561137Z,ACTIVITY_TYPE_TRADE,paccc-usho-midterms-2026-11-03-rep,SELL,ORDER_INTENT_SELL_LONG,0.116,8,CK16GKRK2WP7,passive,-1.34,2026-09-19T02:25:42.027850173Z,3.865,-0.01,0,1,ORDER_STATE_PARTIALLY_FILLED,UNSOLICITED_CXL_REASON_UNDEFINED,ORD_REJECT_REASON_EXCHANGE_OPTION,,
1789808340.7,2026-09-19T08:59:00.674195636Z,ACTIVITY_TYPE_TRADE,usgubewc-usgub-ak-2026-11-03-davbro,SELL,ORDER_INTENT_SELL_LONG,0.03,8,CJWB6WACPW7E,passive,-0,2026-09-18T20:49:07.432955712Z,12.165,0,0,1,ORDER_STATE_PARTIALLY_FILLED,UNSOLICITED_CXL_REASON_UNDEFINED,ORD_REJECT_REASON_EXCHANGE_OPTION,,
1789811570.9,2026-09-19T09:52:50.886078871Z,ACTIVITY_TYPE_TRADE,paccc-usho-midterms-2026-11-03-dem,BUY,ORDER_INTENT_BUY_LONG,0.898,12,CK6A9X0SEWPA,passive,,2026-09-19T08:29:05.964451609Z,1.396,-0.01,0,1,ORDER_STATE_PARTIALLY_FILLED,UNSOLICITED_CXL_REASON_UNDEFINED,ORD_REJECT_REASON_EXCHANGE_OPTION,,
1789815858.8,2026-09-19T11:04:18.756539007Z,ACTIVITY_TYPE_TRADE,paccc-usho-midterms-2026-11-03-rep,SELL,ORDER_INTENT_SELL_LONG,0.112,42,CK6Y84CNWWPC,passive,-7.22,2026-09-19T09:13:22.788386943Z,1.849,-0.05,0,1,ORDER_STATE_PARTIALLY_FILLED,UNSOLICITED_CXL_REASON_UNDEFINED,ORD_REJECT_REASON_EXCHANGE_OPTION,,
1789818220.8,2026-09-19T11:43:40.847936250Z,ACTIVITY_TYPE_TRADE,paccc-usho-midterms-2026-11-03-rep,SELL,ORDER_INTENT_SELL_LONG,0.112,126,CK6Y84CNWWPC,passive,-21.65,2026-09-19T09:13:22.788386943Z,2.505,-0.16,0,1,ORDER_STATE_PARTIALLY_FILLED,UNSOLICITED_CXL_REASON_UNDEFINED,ORD_REJECT_REASON_EXCHANGE_OPTION,,
1789819003.3,2026-09-19T11:56:43.264009721Z,ACTIVITY_TYPE_TRADE,paccc-usho-midterms-2026-11-03-rep,SELL,ORDER_INTENT_SELL_LONG,0.112,42,CK6Y84CNWWPC,passive,-7.22,2026-09-19T09:13:22.788386943Z,2.722,-0.05,0,1,ORDER_STATE_PARTIALLY_FILLED,UNSOLICITED_CXL_REASON_UNDEFINED,ORD_REJECT_REASON_EXCHANGE_OPTION,,
1789819118.2,2026-09-19T11:58:38.185303152Z,ACTIVITY_TYPE_TRADE,ussewc-usse-co-2026-11-03-dem,SELL,ORDER_INTENT_BUY_SHORT,0.95,324.84,CK9A1EBA2WPD,passive,,2026-09-19T11:58:07.279581285Z,0.009,-0.19,0,1,ORDER_STATE_PARTIALLY_FILLED,UNSOLICITED_CXL_REASON_UNDEFINED,ORD_REJECT_REASON_EXCHANGE_OPTION,,
1789819138.6,2026-09-19T11:58:58.610058470Z,ACTIVITY_TYPE_TRADE,ussewc-usse-co-2026-11-03-dem,SELL,ORDER_INTENT_BUY_SHORT,0.95,2.4,CK9A1EBA2WPD,passive,,2026-09-19T11:58:07.279581285Z,0.014,0,0,1,ORDER_STATE_PARTIALLY_FILLED,UNSOLICITED_CXL_REASON_UNDEFINED,ORD_REJECT_REASON_EXCHANGE_OPTION,,
1789819142.8,2026-09-19T11:59:02.785762256Z,ACTIVITY_TYPE_TRADE,ussewc-usse-co-2026-11-03-dem,SELL,ORDER_INTENT_BUY_SHORT,0.95,187.79,CK9A1EBA2WPD,passive,,2026-09-19T11:58:07.279581285Z,0.015,-0.11,0,1,ORDER_STATE_FILLED,UNSOLICITED_CXL_REASON_UNDEFINED,ORD_REJECT_REASON_EXCHANGE_OPTION,,
1789819221.8,2026-09-19T12:00:21.769743582Z,ACTIVITY_TYPE_TRADE,usgubewc-usgub-hi-2026-11-03-dem,SELL,ORDER_INTENT_SELL_LONG,0.95,18.73,CK8T5VNWJWPH,passive,0.33,2026-09-19T11:23:05.775235450Z,0.621,-0.01,0,1,ORDER_STATE_PARTIALLY_FILLED,UNSOLICITED_CXL_REASON_UNDEFINED,ORD_REJECT_REASON_EXCHANGE_OPTION,,
1789819254.9,2026-09-19T12:00:54.851746450Z,ACTIVITY_TYPE_TRADE,paccc-usho-midterms-2026-11-03-rep,SELL,ORDER_INTENT_SELL_LONG,0.112,42,CK6Y84CNWWPC,passive,-7.22,2026-09-19T09:13:22.788386943Z,2.792,-0.05,0,1,ORDER_STATE_PARTIALLY_FILLED,UNSOLICITED_CXL_REASON_UNDEFINED,ORD_REJECT_REASON_EXCHANGE_OPTION,,
1789820034.4,2026-09-19T12:13:54.435553481Z,ACTIVITY_TYPE_TRADE,paccc-usho-midterms-2026-11-03-rep,SELL,ORDER_INTENT_SELL_LONG,0.112,210,CK6Y84CNWWPC,passive,-36.1,2026-09-19T09:13:22.788386943Z,3.009,-0.26,0,1,ORDER_STATE_PARTIALLY_FILLED,UNSOLICITED_CXL_REASON_UNDEFINED,ORD_REJECT_REASON_EXCHANGE_OPTION,,
1789820342.5,2026-09-19T12:19:02.526014968Z,ACTIVITY_TYPE_TRADE,paccc-usho-midterms-2026-11-03-rep,SELL,ORDER_INTENT_SELL_LONG,0.112,100,CK6Y84CNWWPC,passive,-17.19,2026-09-19T09:13:22.788386943Z,3.094,-0.12,0,1,ORDER_STATE_PARTIALLY_FILLED,UNSOLICITED_CXL_REASON_UNDEFINED,ORD_REJECT_REASON_EXCHANGE_OPTION,,
1789823953.0,2026-09-19T13:19:12.973971256Z,ACTIVITY_TYPE_TRADE,cpoc-ussec-tx-mi-me-2026-11-03-dsweep,BUY,ORDER_INTENT_BUY_LONG,0.51,115,CK9KSQP6GWPD,passive,,2026-09-19T12:18:14.680081079Z,1.016,-0.36,0,1,ORDER_STATE_FILLED,UNSOLICITED_CXL_REASON_UNDEFINED,ORD_REJECT_REASON_EXCHANGE_OPTION,,
1789824338.0,2026-09-19T13:25:37.978560145Z,ACTIVITY_TYPE_TRADE,paccc-usho-midterms-2026-11-03-rep,SELL,ORDER_INTENT_SELL_LONG,0.112,6,CK9MS1Q34WPH,passive,-1.03,2026-09-19T12:21:02.737555557Z,1.076,-0.01,0,1,ORDER_STATE_FILLED,UNSOLICITED_CXL_REASON_UNDEFINED,ORD_REJECT_REASON_EXCHANGE_OPTION,,
1789824673.3,2026-09-19T13:31:13.287570276Z,ACTIVITY_TYPE_TRADE,usgubewc-usgub-ak-2026-11-03-davbro,SELL,ORDER_INTENT_SELL_LONG,0.03,5,CJWB6WACPW7E,passive,-0,2026-09-18T20:49:07.432955712Z,16.702,0,0,1,ORDER_STATE_PARTIALLY_FILLED,UNSOLICITED_CXL_REASON_UNDEFINED,ORD_REJECT_REASON_EXCHANGE_OPTION,,
1789826270.5,2026-09-19T13:57:50.483487983Z,ACTIVITY_TYPE_TRADE,cpoc-ussec-tx-me-2026-11-03-rsweep,SELL,ORDER_INTENT_SELL_LONG,0.28,10.21,CJVCQD0ZPW1Y,passive,2.89,2026-09-18T19:41:42.549969941Z,18.269,-0.03,0,1,ORDER_STATE_PARTIALLY_FILLED,UNSOLICITED_CXL_REASON_UNDEFINED,ORD_REJECT_REASON_EXCHANGE_OPTION,,
1789830622.2,2026-09-19T15:10:22.204079145Z,ACTIVITY_TYPE_TRADE,ussewc-usse-fl-2026-11-03-dem,SELL,ORDER_INTENT_SELL_LONG,0.1,6.55,CKBCE1Y4CWPC,passive,-0.05,2026-09-19T14:20:35.295850950Z,0.83,-0.01,0,1,ORDER_STATE_PARTIALLY_FILLED,UNSOLICITED_CXL_REASON_UNDEFINED,ORD_REJECT_REASON_EXCHANGE_OPTION,,
1789834679.4,2026-09-19T16:17:59.372171206Z,ACTIVITY_TYPE_TRADE,ewc-usse-nc-2026-11-03-rep,SELL,ORDER_INTENT_SELL_LONG,0.07,116,CJNCYYBE0W20,passive,-19.26,2026-09-18T12:45:11.288115900Z,27.547,-0.09,0,1,ORDER_STATE_PARTIALLY_FILLED,UNSOLICITED_CXL_REASON_UNDEFINED,ORD_REJECT_REASON_EXCHANGE_OPTION,,
1789834768.5,2026-09-19T16:19:28.473593742Z,ACTIVITY_TYPE_TRADE,scc-senate-gop-2026-11-03-51,SELL,ORDER_INTENT_BUY_SHORT,0.11,54,CKD286N28WP7,passive,,2026-09-19T16:15:18.910785742Z,0.069,-0.07,0,1,ORDER_STATE_FILLED,UNSOLICITED_CXL_REASON_UNDEFINED,ORD_REJECT_REASON_EXCHANGE_OPTION,,
1789836167.6,2026-09-19T16:42:47.604872108Z,ACTIVITY_TYPE_TRADE,usgubewc-usgub-fl-2026-11-03-rep,BUY,ORDER_INTENT_SELL_SHORT,0.78,0.66,CJV9M856AW21,passive,0.35,2026-09-18T19:34:58.860356725Z,21.13,0,0,1,ORDER_STATE_PARTIALLY_FILLED,UNSOLICITED_CXL_REASON_UNDEFINED,ORD_REJECT_REASON_EXCHANGE_OPTION,,
1789837618.4,2026-09-19T17:06:58.410450597Z,ACTIVITY_TYPE_TRADE,ussewc-usse-fl-2026-11-03-dem,SELL,ORDER_INTENT_SELL_LONG,0.11,44,CKC3BYEMRWPB,passive,0.06,2026-09-19T15:11:51.242247796Z,1.919,-0.05,0,1,ORDER_STATE_FILLED,UNSOLICITED_CXL_REASON_UNDEFINED,ORD_REJECT_REASON_EXCHANGE_OPTION,,
1789837748.6,2026-09-19T17:09:08.623031549Z,ACTIVITY_TYPE_TRADE,ussewc-usse-fl-2026-11-03-dem,SELL,ORDER_INTENT_SELL_LONG,0.11,44,CKDT4KQSMWPB,passive,0.06,2026-09-19T17:07:35.463709485Z,0.026,-0.05,0,1,ORDER_STATE_FILLED,UNSOLICITED_CXL_REASON_UNDEFINED,ORD_REJECT_REASON_EXCHANGE_OPTION,,
1789840635.3,2026-09-19T17:57:15.305197422Z,ACTIVITY_TYPE_TRADE,scc-hrep-rep-2026-11-03-gte180,SELL,ORDER_INTENT_SELL_LONG,0.97,5.14,CJX9VWF8JW1Z,passive,-21.31,2026-09-18T21:56:56.273415458Z,20.005,0,0,1,ORDER_STATE_PARTIALLY_FILLED,UNSOLICITED_CXL_REASON_UNDEFINED,ORD_REJECT_REASON_EXCHANGE_OPTION,,
1789840649.7,2026-09-19T17:57:29.670404072Z,ACTIVITY_TYPE_TRADE,scc-hrep-rep-2026-11-03-gte180,SELL,ORDER_INTENT_SELL_LONG,0.97,2.86,CJX9VWF8JW1Z,passive,-11.86,2026-09-18T21:56:56.273415458Z,20.009,0,0,1,ORDER_STATE_FILLED,UNSOLICITED_CXL_REASON_UNDEFINED,ORD_REJECT_REASON_EXCHANGE_OPTION,,
1789842250.4,2026-09-19T18:24:10.393610605Z,ACTIVITY_TYPE_TRADE,usgubewc-usgub-co-2026-11-03-dem,SELL,ORDER_INTENT_SELL_LONG,0.93,4,CKEGTYRA0WPA,passive,0.12,2026-09-19T17:57:35.217850343Z,0.443,0,0,1,ORDER_STATE_FILLED,UNSOLICITED_CXL_REASON_UNDEFINED,ORD_REJECT_REASON_EXCHANGE_OPTION,,
1789842282.4,2026-09-19T18:24:42.353773357Z,ACTIVITY_TYPE_TRADE,usgubewc-usgub-tn-2026-11-03-dem,BUY,ORDER_INTENT_SELL_SHORT,0.06,9.64,CK1H5JZT0WP6,passive,-6.52,2026-09-19T02:49:15.041808450Z,15.591,-0.01,0,1,ORDER_STATE_PARTIALLY_FILLED,UNSOLICITED_CXL_REASON_UNDEFINED,ORD_REJECT_REASON_EXCHANGE_OPTION,,
1789842295.0,2026-09-19T18:24:55.028568976Z,ACTIVITY_TYPE_TRADE,usgubewc-usgub-tn-2026-11-03-dem,BUY,ORDER_INTENT_SELL_SHORT,0.06,7.21,CK1H5JZT0WP6,passive,-4.87,2026-09-19T02:49:15.041808450Z,15.594,-0.01,0,1,ORDER_STATE_PARTIALLY_FILLED,UNSOLICITED_CXL_REASON_UNDEFINED,ORD_REJECT_REASON_EXCHANGE_OPTION,,
1789842296.3,2026-09-19T18:24:56.332667789Z,ACTIVITY_TYPE_TRADE,usgubewc-usgub-tn-2026-11-03-dem,BUY,ORDER_INTENT_SELL_SHORT,0.06,2.15,CK1H5JZT0WP6,passive,-1.46,2026-09-19T02:49:15.041808450Z,15.595,0,0,1,ORDER_STATE_FILLED,UNSOLICITED_CXL_REASON_UNDEFINED,ORD_REJECT_REASON_EXCHANGE_OPTION,,
1789842368.0,2026-09-19T18:26:08.022207971Z,ACTIVITY_TYPE_TRADE,usgubewc-usgub-tn-2026-11-03-dem,BUY,ORDER_INTENT_SELL_SHORT,0.07,19,CKEXA7D0WWPF,passive,-12.66,2026-09-19T18:26:07.250009144Z,0,-0.02,0,1,ORDER_STATE_FILLED,UNSOLICITED_CXL_REASON_UNDEFINED,ORD_REJECT_REASON_EXCHANGE_OPTION,,
1789842377.4,2026-09-19T18:26:17.445654305Z,ACTIVITY_TYPE_TRADE,ussewc-usse-sc-2026-11-03-rep,SELL,ORDER_INTENT_SELL_LONG,0.85,10,CKE81FT8YWPB,passive,-0.33,2026-09-19T17:37:41.933771806Z,0.81,-0.02,0,1,ORDER_STATE_FILLED,UNSOLICITED_CXL_REASON_UNDEFINED,ORD_REJECT_REASON_EXCHANGE_OPTION,,
1789842404.4,2026-09-19T18:26:44.408628249Z,ACTIVITY_TYPE_TRADE,usgubewc-usgub-hi-2026-11-03-dem,SELL,ORDER_INTENT_SELL_LONG,0.96,1,CKEQ1ZZYAWP6,passive,0.03,2026-09-19T18:11:35.979580912Z,0.252,0,0,1,ORDER_STATE_FILLED,UNSOLICITED_CXL_REASON_UNDEFINED,ORD_REJECT_REASON_EXCHANGE_OPTION,,
1789842405.9,2026-09-19T18:26:45.937266196Z,ACTIVITY_TYPE_TRADE,ussewc-usse-sc-2026-11-03-dem,BUY,ORDER_INTENT_SELL_SHORT,0.14,20.91,CJNDPN4XTW22,passive,-15.54,2026-09-18T12:47:16.538476249Z,29.658,-0.03,0,1,ORDER_STATE_PARTIALLY_FILLED,UNSOLICITED_CXL_REASON_UNDEFINED,ORD_REJECT_REASON_EXCHANGE_OPTION,,
1789842409.8,2026-09-19T18:26:49.811841045Z,ACTIVITY_TYPE_TRADE,ussewc-usse-sc-2026-11-03-dem,BUY,ORDER_INTENT_SELL_SHORT,0.14,15.66,CJNDPN4XTW22,passive,-11.64,2026-09-18T12:47:16.538476249Z,29.659,-0.02,0,1,ORDER_STATE_PARTIALLY_FILLED,UNSOLICITED_CXL_REASON_UNDEFINED,ORD_REJECT_REASON_EXCHANGE_OPTION,,
1789842412.6,2026-09-19T18:26:52.588130946Z,ACTIVITY_TYPE_TRADE,ussewc-usse-sc-2026-11-03-dem,BUY,ORDER_INTENT_SELL_SHORT,0.14,7.49,CJNDPN4XTW22,passive,-5.57,2026-09-18T12:47:16.538476249Z,29.66,-0.01,0,1,ORDER_STATE_PARTIALLY_FILLED,UNSOLICITED_CXL_REASON_UNDEFINED,ORD_REJECT_REASON_EXCHANGE_OPTION,,
1789842465.8,2026-09-19T18:27:45.780849743Z,ACTIVITY_TYPE_TRADE,ussewc-usse-or-2026-11-03-dem,SELL,ORDER_INTENT_SELL_LONG,0.98,20,CJPSDQ1YWW1N,passive,-31.63,2026-09-18T14:20:25.087869365Z,28.122,0,0,1,ORDER_STATE_FILLED,UNSOLICITED_CXL_REASON_UNDEFINED,ORD_REJECT_REASON_EXCHANGE_OPTION,,
1789842521.4,2026-09-19T18:28:41.367270166Z,ACTIVITY_TYPE_TRADE,ussewc-usse-or-2026-11-03-dem,BUY,ORDER_INTENT_BUY_LONG,0.97,20,CKBSCRXJYWP9,passive,-31.87,2026-09-19T14:49:03.109480461Z,3.661,-0.01,0,1,ORDER_STATE_PARTIALLY_FILLED,UNSOLICITED_CXL_REASON_UNDEFINED,ORD_REJECT_REASON_EXCHANGE_OPTION,,
1789842577.2,2026-09-19T18:29:37.178648574Z,ACTIVITY_TYPE_TRADE,usgubewc-usgub-mn-2026-11-03-rep,BUY,ORDER_INTENT_SELL_SHORT,0.08,20,CJNGN7ATRW7H,passive,-13.47,2026-09-18T12:53:33.510064804Z,29.601,-0.02,0,1,ORDER_STATE_FILLED,UNSOLICITED_CXL_REASON_UNDEFINED,ORD_REJECT_REASON_EXCHANGE_OPTION,,
1789842602.4,2026-09-19T18:30:02.385011196Z,ACTIVITY_TYPE_TRADE,ussewc-usse-fl-2026-11-03-dem,BUY,ORDER_INTENT_SELL_SHORT,0.12,44,CKDV1FBJRWPE,passive,-33.83,2026-09-19T17:09:38.955530964Z,1.34,-0.06,0,1,ORDER_STATE_FILLED,UNSOLICITED_CXL_REASON_UNDEFINED,ORD_REJECT_REASON_EXCHANGE_OPTION,,
1789843140.5,2026-09-19T18:39:00.521028797Z,ACTIVITY_TYPE_TRADE,cpoc-ussec-tx-me-2026-11-03-dtx-rme,BUY,ORDER_INTENT_SELL_SHORT,0.03,1,CJVK6K11EW1N,passive,-0.48,2026-09-18T19:55:59.400371320Z,22.717,0,0,1,ORDER_STATE_PARTIALLY_FILLED,UNSOLICITED_CXL_REASON_UNDEFINED,ORD_REJECT_REASON_EXCHANGE_OPTION,,
1789843517.6,2026-09-19T18:45:17.598002980Z,ACTIVITY_TYPE_TRADE,paccc-usho-midterms-2026-11-03-rep,SELL,ORDER_INTENT_BUY_SHORT,0.112,20,CKF5E3M5EWPB,passive,,2026-09-19T18:43:46.486474058Z,0.025,-0.02,0,1,ORDER_STATE_PARTIALLY_FILLED,UNSOLICITED_CXL_REASON_UNDEFINED,ORD_REJECT_REASON_EXCHANGE_OPTION,,
1789843804.5,2026-09-19T18:50:04.490568833Z,ACTIVITY_TYPE_TRADE,cpoc-ussec-tx-mi-me-2026-11-03-rsweep,BUY,ORDER_INTENT_SELL_SHORT,0.2,54.21,CKF640K88WPD,passive,10.95,2026-09-19T18:45:04.163038686Z,0.083,-0.11,0,1,ORDER_STATE_PARTIALLY_FILLED,UNSOLICITED_CXL_REASON_UNDEFINED,ORD_REJECT_REASON_EXCHANGE_OPTION,,
1789844465.1,2026-09-19T19:01:05.077843870Z,ACTIVITY_TYPE_TRADE,cpoc-ussec-tx-mi-me-2026-11-03-rsweep,BUY,ORDER_INTENT_SELL_SHORT,0.2,1.5,CKFB0KHZ0WPD,passive,0.3,2026-09-19T18:55:16.613884526Z,0.097,0,0,1,ORDER_STATE_PARTIALLY_FILLED,UNSOLICITED_CXL_REASON_UNDEFINED,ORD_REJECT_REASON_EXCHANGE_OPTION,,
1789845666.7,2026-09-19T19:21:06.725903761Z,ACTIVITY_TYPE_TRADE,ussewc-usse-sc-2026-11-03-dem,BUY,ORDER_INTENT_SELL_SHORT,0.14,3.33,CJNDPN4XTW22,passive,-2.47,2026-09-18T12:47:16.538476249Z,30.564,-0.01,0,1,ORDER_STATE_PARTIALLY_FILLED,UNSOLICITED_CXL_REASON_UNDEFINED,ORD_REJECT_REASON_EXCHANGE_OPTION,,
1789846587.1,2026-09-19T19:36:27.060138383Z,ACTIVITY_TYPE_TRADE,paccc-usho-midterms-2026-11-03-rep,SELL,ORDER_INTENT_BUY_SHORT,0.112,37,CKFVTBTVCWPF,passive,,2026-09-19T19:32:16.727234757Z,0.07,-0.05,0,1,ORDER_STATE_FILLED,UNSOLICITED_CXL_REASON_UNDEFINED,ORD_REJECT_REASON_EXCHANGE_OPTION,,
1789847735.7,2026-09-19T19:55:35.734291550Z,ACTIVITY_TYPE_TRADE,paccc-usho-midterms-2026-11-03-rep,SELL,ORDER_INTENT_BUY_SHORT,0.113,17,CKG56MAR0WPC,passive,,2026-09-19T19:52:16.366381152Z,0.055,-0.02,0,1,ORDER_STATE_FILLED,UNSOLICITED_CXL_REASON_UNDEFINED,ORD_REJECT_REASON_EXCHANGE_OPTION,,
1789848016.3,2026-09-19T20:00:16.302166968Z,ACTIVITY_TYPE_TRADE,scc-senate-gop-2026-11-03-51,BUY,ORDER_INTENT_SELL_SHORT,0.12,61,CKD4NHTACWPF,passive,-40.67,2026-09-19T16:20:48.854053576Z,3.658,-0.08,0,1,ORDER_STATE_FILLED,UNSOLICITED_CXL_REASON_UNDEFINED,ORD_REJECT_REASON_EXCHANGE_OPTION,,
1789848017.0,2026-09-19T20:00:16.961183916Z,ACTIVITY_TYPE_TRADE,scc-senate-gop-2026-11-03-49,BUY,ORDER_INTENT_SELL_SHORT,0.17,24,CJV2N512YW21,passive,-16.64,2026-09-18T19:19:28.055030745Z,24.68,-0.04,0,1,ORDER_STATE_FILLED,UNSOLICITED_CXL_REASON_UNDEFINED,ORD_REJECT_REASON_EXCHANGE_OPTION,,
1789848084.0,2026-09-19T20:01:23.987483189Z,ACTIVITY_TYPE_TRADE,scc-senate-gop-2026-11-03-54,BUY,ORDER_INTENT_SELL_SHORT,0.04,49,CKG94011CWP7,passive,-44.08,2026-09-19T20:00:16.500648571Z,0.019,-0.02,0,1,ORDER_STATE_FILLED,UNSOLICITED_CXL_REASON_UNDEFINED,ORD_REJECT_REASON_EXCHANGE_OPTION,,
1789848084.5,2026-09-19T20:01:24.541388475Z,ACTIVITY_TYPE_TRADE,scc-senate-gop-2026-11-03-49,BUY,ORDER_INTENT_BUY_LONG,0.17,153.48,CKG99FRH4WPA,passive,,2026-09-19T20:00:46.529698410Z,0.011,-0.27,0,1,ORDER_STATE_PARTIALLY_FILLED,UNSOLICITED_CXL_REASON_UNDEFINED,ORD_REJECT_REASON_EXCHANGE_OPTION,,
1789848150.2,2026-09-19T20:02:30.163675079Z,ACTIVITY_TYPE_TRADE,scc-senate-gop-2026-11-03-50,BUY,ORDER_INTENT_BUY_LONG,0.15,107,CKG8T3ZTAWPC,passive,,2026-09-19T19:59:46.504069594Z,0.045,-0.17,0,1,ORDER_STATE_FILLED,UNSOLICITED_CXL_REASON_UNDEFINED,ORD_REJECT_REASON_EXCHANGE_OPTION,,
1789849789.9,2026-09-19T20:29:49.871949766Z,ACTIVITY_TYPE_TRADE,scc-senate-gop-2026-11-03-54,SELL,ORDER_INTENT_BUY_SHORT,0.04,51,CKGBZV6Z2WPC,passive,,2026-09-19T20:06:46.802029911Z,0.384,-0.02,0,1,ORDER_STATE_FILLED,UNSOLICITED_CXL_REASON_UNDEFINED,ORD_REJECT_REASON_EXCHANGE_OPTION,,
1789850765.7,2026-09-19T20:46:05.743420578Z,ACTIVITY_TYPE_TRADE,paccc-usho-midterms-2026-11-03-rep,SELL,ORDER_INTENT_BUY_SHORT,0.113,23,CKGWFVZH0WPF,passive,,2026-09-19T20:43:05.116696910Z,0.05,-0.03,0,1,ORDER_STATE_FILLED,UNSOLICITED_CXL_REASON_UNDEFINED,ORD_REJECT_REASON_EXCHANGE_OPTION,,
1789850812.3,2026-09-19T20:46:52.340668498Z,ACTIVITY_TYPE_TRADE,ewc-usse-nc-2026-11-03-rep,SELL,ORDER_INTENT_SELL_LONG,0.07,82,CJNCYYBE0W20,passive,-13.61,2026-09-18T12:45:11.288115900Z,32.028,-0.07,0,1,ORDER_STATE_FILLED,UNSOLICITED_CXL_REASON_UNDEFINED,ORD_REJECT_REASON_EXCHANGE_OPTION,,
1789851384.9,2026-09-19T20:56:24.887378748Z,ACTIVITY_TYPE_TRADE,ewc-usgub-ca-2026-11-03-xavbec,BUY,ORDER_INTENT_BUY_LONG,0.95,39,CKGXE8QQAWPC,passive,,2026-09-19T20:45:16.956309743Z,0.186,-0.02,0,1,ORDER_STATE_FILLED,UNSOLICITED_CXL_REASON_UNDEFINED,ORD_REJECT_REASON_EXCHANGE_OPTION,,
1789853559.5,2026-09-19T21:32:39.512010850Z,ACTIVITY_TYPE_TRADE,scc-senate-gop-2026-11-03-52,BUY,ORDER_INTENT_SELL_SHORT,0.09,4.19,CKGA2C85GWPC,passive,-3.43,2026-09-19T20:02:34.752605123Z,1.501,0,0,1,ORDER_STATE_PARTIALLY_FILLED,UNSOLICITED_CXL_REASON_UNDEFINED,ORD_REJECT_REASON_EXCHANGE_OPTION,,
1789854020.2,2026-09-19T21:40:20.237731988Z,ACTIVITY_TYPE_POSITION_RESOLUTION,aachc-cfb-wins-2026-11-28-boscol-1pt5wins,,,,,,,,,,,,,,,,,keys=afterPosition|beforePosition|comboLegDetails|market|marketSlug|side|tradeId|updateTime
1789855462.8,2026-09-19T22:04:22.843249699Z,ACTIVITY_TYPE_TRADE,paccc-usho-midterms-2026-11-03-dem,SELL,ORDER_INTENT_SELL_LONG,0.899,35,CK7GJ6M74WP7,passive,-116.73,2026-09-19T09:53:06.086995056Z,12.188,-0.04,0,1,ORDER_STATE_PARTIALLY_FILLED,UNSOLICITED_CXL_REASON_UNDEFINED,ORD_REJECT_REASON_EXCHANGE_OPTION,,
1789855900.9,2026-09-19T22:11:40.882177445Z,ACTIVITY_TYPE_TRADE,paccc-usho-midterms-2026-11-03-dem,SELL,ORDER_INTENT_SELL_LONG,0.899,1,CK7GJ6M74WP7,passive,-3.34,2026-09-19T09:53:06.086995056Z,12.31,0,0,1,ORDER_STATE_PARTIALLY_FILLED,UNSOLICITED_CXL_REASON_UNDEFINED,ORD_REJECT_REASON_EXCHANGE_OPTION,,
1789856386.4,2026-09-19T22:19:46.437777948Z,ACTIVITY_TYPE_TRADE,paccc-usho-midterms-2026-11-03-dem,SELL,ORDER_INTENT_SELL_LONG,0.899,28,CK7GJ6M74WP7,passive,-93.38,2026-09-19T09:53:06.086995056Z,12.445,-0.03,0,1,ORDER_STATE_FILLED,UNSOLICITED_CXL_REASON_UNDEFINED,ORD_REJECT_REASON_EXCHANGE_OPTION,,
1789857036.5,2026-09-19T22:30:36.525239660Z,ACTIVITY_TYPE_TRADE,paccc-usho-midterms-2026-11-03-rep,BUY,ORDER_INTENT_SELL_SHORT,0.113,97,CKGYF523TWP9,passive,-58.26,2026-09-19T20:47:18.858519831Z,1.722,-0.12,0,1,ORDER_STATE_FILLED,UNSOLICITED_CXL_REASON_UNDEFINED,ORD_REJECT_REASON_EXCHANGE_OPTION,,
1789857259.6,2026-09-19T22:34:19.571362757Z,ACTIVITY_TYPE_TRADE,paccc-usho-midterms-2026-11-03-rep,SELL,ORDER_INTENT_BUY_SHORT,0.114,70,CKJDWE768WP9,passive,,2026-09-19T22:31:03.562152660Z,0.054,-0.09,0,1,ORDER_STATE_FILLED,UNSOLICITED_CXL_REASON_UNDEFINED,ORD_REJECT_REASON_EXCHANGE_OPTION,,
1789860795.7,2026-09-19T23:33:15.749020686Z,ACTIVITY_TYPE_TRADE,scc-hrep-rep-2026-11-03-gte185,BUY,ORDER_INTENT_BUY_LONG,0.94,30,CKKA57VR6WPC,passive,,2026-09-19T23:32:20.888838381Z,0.015,-0.02,0,1,ORDER_STATE_FILLED,UNSOLICITED_CXL_REASON_UNDEFINED,ORD_REJECT_REASON_EXCHANGE_OPTION,,
1789862644.2,2026-09-20T00:04:04.209935475Z,ACTIVITY_TYPE_TRADE,scc-hrep-rep-2026-11-03-gte180,BUY,ORDER_INTENT_BUY_LONG,0.91,54,CKKR0NQFJWP6,passive,,2026-09-20T00:02:38.905004967Z,0.024,-0.06,0,1,ORDER_STATE_FILLED,UNSOLICITED_CXL_REASON_UNDEFINED,ORD_REJECT_REASON_EXCHANGE_OPTION,,
1789862820.1,2026-09-20T00:07:00.145565522Z,ACTIVITY_TYPE_TRADE,paccc-usho-midterms-2026-11-03-rep,BUY,ORDER_INTENT_SELL_SHORT,0.113,70,CKJFTNBH2WPD,passive,-42.04,2026-09-19T22:35:03.150287794Z,1.532,-0.09,0,1,ORDER_STATE_FILLED,UNSOLICITED_CXL_REASON_UNDEFINED,ORD_REJECT_REASON_EXCHANGE_OPTION,,
1789865183.9,2026-09-20T00:46:23.931598469Z,ACTIVITY_TYPE_TRADE,ewc-usgub-oh-2026-11-03-rep,BUY,ORDER_INTENT_SELL_SHORT,0.4,2,CJVSPDRWWW0Y,passive,-0.34,2026-09-18T20:10:41.826819258Z,28.595,-0.01,0,1,ORDER_STATE_PARTIALLY_FILLED,UNSOLICITED_CXL_REASON_UNDEFINED,ORD_REJECT_REASON_EXCHANGE_OPTION,,
1789865211.1,2026-09-20T00:46:51.133655082Z,ACTIVITY_TYPE_TRADE,paccc-usho-midterms-2026-11-03-rep,SELL,ORDER_INTENT_SELL_LONG,0.114,15,CKM25CCBTWPB,passive,-2.55,2026-09-20T00:24:26.561694638Z,0.373,-0.02,0,1,ORDER_STATE_PARTIALLY_FILLED,UNSOLICITED_CXL_REASON_UNDEFINED,ORD_REJECT_REASON_EXCHANGE_OPTION,,
1789865400.9,2026-09-20T00:50:00.936239452Z,ACTIVITY_TYPE_TRADE,paccc-usho-midterms-2026-11-03-rep,SELL,ORDER_INTENT_SELL_LONG,0.114,26,CKMCKMK4AWPF,passive,-4.42,2026-09-20T00:47:24.934052610Z,0.043,-0.03,0,1,ORDER_STATE_PARTIALLY_FILLED,UNSOLICITED_CXL_REASON_UNDEFINED,ORD_REJECT_REASON_EXCHANGE_OPTION,,
1789866202.2,2026-09-20T01:03:22.226455899Z,ACTIVITY_TYPE_TRADE,cpoc-ussec-tx-mi-me-2026-11-03-rsweep,SELL,ORDER_INTENT_SELL_LONG,0.05,55,CKKT16F7WWPA,passive,2.78,2026-09-20T00:06:56.642490007Z,0.94,-0.03,0,1,ORDER_STATE_FILLED,UNSOLICITED_CXL_REASON_UNDEFINED,ORD_REJECT_REASON_EXCHANGE_OPTION,,
1789866440.5,2026-09-20T01:07:20.467626750Z,ACTIVITY_TYPE_TRADE,cpoc-ussec-tx-mi-me-2026-11-03-rsweep,SELL,ORDER_INTENT_SELL_LONG,0.09,2.34,CKMNDF01JWPB,passive,0.21,2026-09-20T01:06:39.777325524Z,0.011,0,0,1,ORDER_STATE_PARTIALLY_FILLED,UNSOLICITED_CXL_REASON_UNDEFINED,ORD_REJECT_REASON_EXCHANGE_OPTION,,
1789867507.8,2026-09-20T01:25:07.770149763Z,ACTIVITY_TYPE_TRADE,paccc-usho-midterms-2026-11-03-rep,SELL,ORDER_INTENT_BUY_SHORT,0.114,11,CKMW60F1AWPB,passive,,2026-09-20T01:21:54.926398589Z,0.054,-0.01,0,1,ORDER_STATE_PARTIALLY_FILLED,UNSOLICITED_CXL_REASON_UNDEFINED,ORD_REJECT_REASON_EXCHANGE_OPTION,,
1789867746.4,2026-09-20T01:29:06.376304250Z,ACTIVITY_TYPE_TRADE,scc-senate-gop-2026-11-03-51,SELL,ORDER_INTENT_SELL_LONG,0.13,60,CKME00YPEWPA,passive,-4.84,2026-09-20T00:50:42.327601873Z,0.64,-0.08,0,1,ORDER_STATE_FILLED,UNSOLICITED_CXL_REASON_UNDEFINED,ORD_REJECT_REASON_EXCHANGE_OPTION,,
1789868212.7,2026-09-20T01:36:52.669799396Z,ACTIVITY_TYPE_TRADE,usgubewc-usgub-md-2026-11-03-dem,SELL,ORDER_INTENT_SELL_LONG,0.97,1.03,CJP9NCBPGW1N,passive,-4.71,2026-09-18T13:45:23.387086207Z,35.858,0,0,1,ORDER_STATE_PARTIALLY_FILLED,UNSOLICITED_CXL_REASON_UNDEFINED,ORD_REJECT_REASON_EXCHANGE_OPTION,,
1789868577.1,2026-09-20T01:42:57.124537839Z,ACTIVITY_TYPE_TRADE,paccc-usho-midterms-2026-11-03-rep,SELL,ORDER_INTENT_BUY_SHORT,0.114,14,CKN492ZVEWP6,passive,,2026-09-20T01:40:25.099050060Z,0.042,-0.02,0,1,ORDER_STATE_FILLED,UNSOLICITED_CXL_REASON_UNDEFINED,ORD_REJECT_REASON_EXCHANGE_OPTION,,
1789869364.9,2026-09-20T01:56:04.947651978Z,ACTIVITY_TYPE_TRADE,cpoc-ussec-tx-me-2026-11-03-rsweep,SELL,ORDER_INTENT_SELL_LONG,0.28,68.03,CJVCQD0ZPW1Y,passive,19.22,2026-09-18T19:41:42.549969941Z,30.24,-0.17,0,1,ORDER_STATE_PARTIALLY_FILLED,UNSOLICITED_CXL_REASON_UNDEFINED,ORD_REJECT_REASON_EXCHANGE_OPTION,,
1789872295.0,2026-09-20T02:44:54.991117637Z,ACTIVITY_TYPE_TRADE,paccc-usho-midterms-2026-11-03-rep,SELL,ORDER_INTENT_BUY_SHORT,0.114,31,CKNY0F8CTWPA,passive,,2026-09-20T02:37:28.695303639Z,0.124,-0.04,0,1,ORDER_STATE_FILLED,UNSOLICITED_CXL_REASON_UNDEFINED,ORD_REJECT_REASON_EXCHANGE_OPTION,,
1789878964.5,2026-09-20T04:36:04.519121292Z,ACTIVITY_TYPE_TRADE,scc-senate-gop-2026-11-03-49,SELL,ORDER_INTENT_SELL_LONG,0.15,15.39,CKGHNK96RWP6,passive,0.25,2026-09-19T20:18:46.525357333Z,8.288,-0.02,0,1,ORDER_STATE_PARTIALLY_FILLED,UNSOLICITED_CXL_REASON_UNDEFINED,ORD_REJECT_REASON_EXCHANGE_OPTION,,
1789884014.4,2026-09-20T06:00:14.378645316Z,ACTIVITY_TYPE_TRADE,aachc-cfb-wins-2026-11-28-pennst-9pt5wins,SELL,ORDER_INTENT_SELL_LONG,0.49,1,CKRRT46JAWPF,aggressor,0.2,2026-09-20T06:00:14.376219107Z,0,0.02,0,1,ORDER_STATE_FILLED,UNSOLICITED_CXL_REASON_UNDEFINED,ORD_REJECT_REASON_EXCHANGE_OPTION,,
1789886251.6,2026-09-20T06:37:31.557326977Z,ACTIVITY_TYPE_TRADE,scc-senate-gop-2026-11-03-49,SELL,ORDER_INTENT_SELL_LONG,0.15,12.59,CKGHNK96RWP6,passive,0.21,2026-09-19T20:18:46.525357333Z,10.313,-0.02,0,1,ORDER_STATE_PARTIALLY_FILLED,UNSOLICITED_CXL_REASON_UNDEFINED,ORD_REJECT_REASON_EXCHANGE_OPTION,,
1789889250.7,2026-09-20T07:27:30.739611093Z,ACTIVITY_TYPE_TRADE,paccc-usse-midterms-2026-11-03-dem,SELL,ORDER_INTENT_BUY_SHORT,0.594,113,CKQX98P56WPC,passive,,2026-09-20T04:59:00.903681337Z,2.475,-0.34,0,1,ORDER_STATE_FILLED,UNSOLICITED_CXL_REASON_UNDEFINED,ORD_REJECT_REASON_EXCHANGE_OPTION,,
1789899212.5,2026-09-20T10:13:32.479603272Z,ACTIVITY_TYPE_TRADE,aachc-cfb-wins-2026-11-28-ore-7pt5wins,BUY,ORDER_INTENT_SELL_SHORT,0.78,0.71,CKRRYM0Q4WPA,passive,0.09,2026-09-20T06:00:14.048097224Z,4.222,0,0,1,ORDER_STATE_PARTIALLY_FILLED,UNSOLICITED_CXL_REASON_UNDEFINED,ORD_REJECT_REASON_EXCHANGE_OPTION,,
1789902344.6,2026-09-20T11:05:44.615338535Z,ACTIVITY_TYPE_TRADE,ewc-usgub-wi-2026-11-03-rep,BUY,ORDER_INTENT_BUY_LONG,0.19,157,CKX3TM470WPE,passive,,2026-09-20T11:05:30.541564678Z,0.004,-0.3,0,1,ORDER_STATE_FILLED,UNSOLICITED_CXL_REASON_UNDEFINED,ORD_REJECT_REASON_EXCHANGE_OPTION,,
1789902981.6,2026-09-20T11:16:21.617299588Z,ACTIVITY_TYPE_TRADE,paccc-usho-midterms-2026-11-03-rep,BUY,ORDER_INTENT_SELL_SHORT,0.113,97,CKP1FYBJGWPF,passive,-58.26,2026-09-20T02:45:11.573669049Z,8.519,-0.12,0,1,ORDER_STATE_FILLED,UNSOLICITED_CXL_REASON_UNDEFINED,ORD_REJECT_REASON_EXCHANGE_OPTION,,
1789905335.6,2026-09-20T11:55:35.602981045Z,ACTIVITY_TYPE_TRADE,aachc-cfb-wins-2026-11-28-lsu-6pt5wins,BUY,ORDER_INTENT_SELL_SHORT,0.89,5,CKRRT474JWPF,passive,4.46,2026-09-20T06:00:15.106935384Z,5.922,-0.01,0,1,ORDER_STATE_FILLED,UNSOLICITED_CXL_REASON_UNDEFINED,ORD_REJECT_REASON_EXCHANGE_OPTION,,
1789912907.1,2026-09-20T14:01:47.053799804Z,ACTIVITY_TYPE_TRADE,aachc-cfb-wins-2026-11-28-nw-6pt5wins,SELL,ORDER_INTENT_SELL_LONG,0.33,1,CKZNRPPHRWPC,aggressor,-0.13,2026-09-20T14:01:47.052690078Z,0,0.02,0,1,ORDER_STATE_FILLED,UNSOLICITED_CXL_REASON_UNDEFINED,ORD_REJECT_REASON_EXCHANGE_OPTION,,
1789912979.4,2026-09-20T14:02:59.375424373Z,ACTIVITY_TYPE_TRADE,scc-senate-gop-2026-11-03-55,SELL,ORDER_INTENT_BUY_SHORT,0.05,32,CKX9RQTW4WP7,passive,,2026-09-20T11:17:47.664164855Z,2.753,-0.02,0,1,ORDER_STATE_FILLED,UNSOLICITED_CXL_REASON_UNDEFINED,ORD_REJECT_REASON_EXCHANGE_OPTION,,
1789914451.2,2026-09-20T14:27:31.236714072Z,ACTIVITY_TYPE_TRADE,ushrewc-ushr-tx-34-2026-11-03-rep,BUY,ORDER_INTENT_BUY_LONG,0.29,111,CKX99HT58WPA,passive,,2026-09-20T11:16:33.263092930Z,3.183,-0.29,0,1,ORDER_STATE_FILLED,UNSOLICITED_CXL_REASON_UNDEFINED,ORD_REJECT_REASON_EXCHANGE_OPTION,,
1789914778.2,2026-09-20T14:32:58.168574223Z,ACTIVITY_TYPE_TRADE,scc-senate-gop-2026-11-03-51,BUY,ORDER_INTENT_SELL_SHORT,0.12,60,CKMZMVY7GWPH,passive,-40,2026-09-20T01:29:40.516006260Z,13.055,-0.08,0,1,ORDER_STATE_FILLED,UNSOLICITED_CXL_REASON_UNDEFINED,ORD_REJECT_REASON_EXCHANGE_OPTION,,
1789914825.1,2026-09-20T14:33:45.089971183Z,ACTIVITY_TYPE_TRADE,scc-senate-gop-2026-11-03-52,BUY,ORDER_INTENT_SELL_SHORT,0.09,35,CKX1X6TDJWPD,passive,-28.65,2026-09-20T11:01:47.617941259Z,3.533,-0.04,0,1,ORDER_STATE_FILLED,UNSOLICITED_CXL_REASON_UNDEFINED,ORD_REJECT_REASON_EXCHANGE_OPTION,,
1789917533.1,2026-09-20T15:18:53.103159199Z,ACTIVITY_TYPE_TRADE,usgubewc-usgub-ny-2026-11-03-rep,SELL,ORDER_INTENT_SELL_LONG,0.08,73.73,CJNCPXYBAW1N,passive,-91.98,2026-09-18T12:45:00.403749600Z,50.565,-0.07,0,1,ORDER_STATE_PARTIALLY_FILLED,UNSOLICITED_CXL_REASON_UNDEFINED,ORD_REJECT_REASON_EXCHANGE_OPTION,,
1789919418.7,2026-09-20T15:50:18.695640202Z,ACTIVITY_TYPE_TRADE,ussewc-usse-ar-2026-11-03-rep,SELL,ORDER_INTENT_SELL_LONG,0.93,9,CJRGEG11TW7H,passive,-0.1,2026-09-18T16:22:48.173132994Z,47.458,-0.01,0,1,ORDER_STATE_FILLED,UNSOLICITED_CXL_REASON_UNDEFINED,ORD_REJECT_REASON_EXCHANGE_OPTION,,
1789919749.5,2026-09-20T15:55:49.499644259Z,ACTIVITY_TYPE_TRADE,scc-senate-gop-2026-11-03-49,SELL,ORDER_INTENT_SELL_LONG,0.15,81,CKGHNK96RWP6,passive,1.35,2026-09-19T20:18:46.525357333Z,19.617,-0.13,0,1,ORDER_STATE_PARTIALLY_FILLED,UNSOLICITED_CXL_REASON_UNDEFINED,ORD_REJECT_REASON_EXCHANGE_OPTION,,
1789919877.5,2026-09-20T15:57:57.462202049Z,ACTIVITY_TYPE_TRADE,cpoc-ussec-tx-mi-me-2026-11-03-rtx-rmi-dme,SELL,ORDER_INTENT_BUY_SHORT,0.03,48,CM1AWPNBTWPB,passive,,2026-09-20T15:56:49.065807878Z,0.019,-0.02,0,1,ORDER_STATE_FILLED,UNSOLICITED_CXL_REASON_UNDEFINED,ORD_REJECT_REASON_EXCHANGE_OPTION,,
1789920944.3,2026-09-20T16:15:44.298280203Z,ACTIVITY_TYPE_TRADE,scc-senate-gop-2026-11-03-51,SELL,ORDER_INTENT_SELL_LONG,0.13,41,CM1DEVBK8WPA,passive,-3.3,2026-09-20T16:02:01.481937648Z,0.229,-0.06,0,1,ORDER_STATE_FILLED,UNSOLICITED_CXL_REASON_UNDEFINED,ORD_REJECT_REASON_EXCHANGE_OPTION,,
1789921485.4,2026-09-20T16:24:45.408279439Z,ACTIVITY_TYPE_TRADE,scc-senate-gop-2026-11-03-lte45,SELL,ORDER_INTENT_SELL_LONG,0.05,7.43,CKGA53REJWP6,passive,-0.37,2026-09-19T20:02:34.390367179Z,20.37,0,0,1,ORDER_STATE_PARTIALLY_FILLED,UNSOLICITED_CXL_REASON_UNDEFINED,ORD_REJECT_REASON_EXCHANGE_OPTION,,
1789922614.5,2026-09-20T16:43:34.519165261Z,ACTIVITY_TYPE_TRADE,paccc-usse-midterms-2026-11-03-dem,BUY,ORDER_INTENT_SELL_SHORT,0.598,113,CKY4SR9A2WP6,passive,-34.72,2026-09-20T12:15:47.910658679Z,4.463,-0.34,0,1,ORDER_STATE_FILLED,UNSOLICITED_CXL_REASON_UNDEFINED,ORD_REJECT_REASON_EXCHANGE_OPTION,,
1789923421.3,2026-09-20T16:57:01.316927699Z,ACTIVITY_TYPE_TRADE,usgubewc-usgub-tn-2026-11-03-dem,SELL,ORDER_INTENT_SELL_LONG,0.06,19,CM1M1YME8WPB,passive,-3.84,2026-09-20T16:15:50.406449932Z,0.686,-0.01,0,1,ORDER_STATE_FILLED,UNSOLICITED_CXL_REASON_UNDEFINED,ORD_REJECT_REASON_EXCHANGE_OPTION,,
1789923835.7,2026-09-20T17:03:55.692387605Z,ACTIVITY_TYPE_TRADE,paccc-usse-midterms-2026-11-03-dem,SELL,ORDER_INTENT_BUY_SHORT,0.599,59,CM2099CWTWPH,passive,,2026-09-20T16:44:01.566043653Z,0.332,-0.18,0,1,ORDER_STATE_PARTIALLY_FILLED,UNSOLICITED_CXL_REASON_UNDEFINED,ORD_REJECT_REASON_EXCHANGE_OPTION,,
1789923968.0,2026-09-20T17:06:08.019946336Z,ACTIVITY_TYPE_TRADE,aachc-cfb-wins-2026-11-28-clmsn-7pt5wins,SELL,ORDER_INTENT_SELL_LONG,0.34,1,CM2CRAD5EWPE,aggressor,0.32,2026-09-20T17:06:08.017126231Z,0,0.02,0,1,ORDER_STATE_FILLED,UNSOLICITED_CXL_REASON_UNDEFINED,ORD_REJECT_REASON_EXCHANGE_OPTION,,
1789923980.5,2026-09-20T17:06:20.482616387Z,ACTIVITY_TYPE_TRADE,usgubewc-usgub-ny-2026-11-03-rep,SELL,ORDER_INTENT_SELL_LONG,0.08,35.24,CJNCPXYBAW1N,passive,-43.97,2026-09-18T12:45:00.403749600Z,52.356,-0.03,0,1,ORDER_STATE_PARTIALLY_FILLED,UNSOLICITED_CXL_REASON_UNDEFINED,ORD_REJECT_REASON_EXCHANGE_OPTION,,
1789925530.5,2026-09-20T17:32:10.492575118Z,ACTIVITY_TYPE_TRADE,paccc-usse-midterms-2026-11-03-dem,SELL,ORDER_INTENT_BUY_SHORT,0.599,21,CM2AR2BSWWPH,passive,,2026-09-20T17:04:01.892423390Z,0.469,-0.06,0,1,ORDER_STATE_PARTIALLY_FILLED,UNSOLICITED_CXL_REASON_UNDEFINED,ORD_REJECT_REASON_EXCHANGE_OPTION,,
1789925883.2,2026-09-20T17:38:03.249153724Z,ACTIVITY_TYPE_TRADE,usgubewc-usgub-or-2026-11-03-dem,SELL,ORDER_INTENT_SELL_LONG,0.76,30,CM2V7B738WPB,passive,6.12,2026-09-20T17:38:03.116233401Z,0,-0.07,0,1,ORDER_STATE_FILLED,UNSOLICITED_CXL_REASON_UNDEFINED,ORD_REJECT_REASON_EXCHANGE_OPTION,,
1789925942.4,2026-09-20T17:39:02.401450256Z,ACTIVITY_TYPE_TRADE,usgubewc-usgub-or-2026-11-03-dem,SELL,ORDER_INTENT_SELL_LONG,0.76,30,CM2VS97BYWPC,passive,6.12,2026-09-20T17:39:02.349789622Z,0,-0.07,0,1,ORDER_STATE_FILLED,UNSOLICITED_CXL_REASON_UNDEFINED,ORD_REJECT_REASON_EXCHANGE_OPTION,,
1789926687.3,2026-09-20T17:51:27.348079635Z,ACTIVITY_TYPE_TRADE,cpoc-ussec-tx-mi-me-2026-11-03-rsweep,SELL,ORDER_INTENT_BUY_SHORT,0.08,12,CM30MKSV2WP9,passive,,2026-09-20T17:49:33.171328064Z,0.032,-0.01,0,1,ORDER_STATE_PARTIALLY_FILLED,UNSOLICITED_CXL_REASON_UNDEFINED,ORD_REJECT_REASON_EXCHANGE_OPTION,,
1789926925.9,2026-09-20T17:55:25.948807944Z,ACTIVITY_TYPE_TRADE,scc-senate-gop-2026-11-03-51,BUY,ORDER_INTENT_SELL_SHORT,0.13,41,CM1MDMAYAWP9,passive,-26.92,2026-09-20T16:17:01.544311469Z,1.64,-0.06,0,1,ORDER_STATE_FILLED,UNSOLICITED_CXL_REASON_UNDEFINED,ORD_REJECT_REASON_EXCHANGE_OPTION,,
1789927833.9,2026-09-20T18:10:33.941759737Z,ACTIVITY_TYPE_TRADE,usgubewc-usgub-ak-2026-11-03-jonkre,BUY,ORDER_INTENT_SELL_SHORT,0.77,83.41,CM3A8FFTTWP6,passive,64.41,2026-09-20T18:10:33.359917874Z,0,-0.18,0,1,ORDER_STATE_PARTIALLY_FILLED,UNSOLICITED_CXL_REASON_UNDEFINED,ORD_REJECT_REASON_EXCHANGE_OPTION,,
1789927844.2,2026-09-20T18:10:44.207021541Z,ACTIVITY_TYPE_TRADE,usgubewc-usgub-ak-2026-11-03-jonkre,BUY,ORDER_INTENT_SELL_SHORT,0.77,1.59,CM3A8FFTTWP6,passive,1.22,2026-09-20T18:10:33.359917874Z,0.003,0,0,1,ORDER_STATE_FILLED,UNSOLICITED_CXL_REASON_UNDEFINED,ORD_REJECT_REASON_EXCHANGE_OPTION,,
1789927883.5,2026-09-20T18:11:23.527452963Z,ACTIVITY_TYPE_TRADE,usgubewc-usgub-ak-2026-11-03-jonkre,BUY,ORDER_INTENT_BUY_LONG,0.77,62.15,CM3AQ0QB6WPE,passive,,2026-09-20T18:11:21.591263752Z,0.001,-0.14,0,1,ORDER_STATE_PARTIALLY_FILLED,UNSOLICITED_CXL_REASON_UNDEFINED,ORD_REJECT_REASON_EXCHANGE_OPTION,,
1789927887.6,2026-09-20T18:11:27.589761814Z,ACTIVITY_TYPE_TRADE,usgubewc-usgub-ak-2026-11-03-jonkre,BUY,ORDER_INTENT_BUY_LONG,0.77,2.84,CM3AQ0QB6WPE,passive,,2026-09-20T18:11:21.591263752Z,0.002,-0.01,0,1,ORDER_STATE_PARTIALLY_FILLED,UNSOLICITED_CXL_REASON_UNDEFINED,ORD_REJECT_REASON_EXCHANGE_OPTION,,
1789928069.5,2026-09-20T18:14:29.492314064Z,ACTIVITY_TYPE_TRADE,usgubewc-usgub-ak-2026-11-03-jonkre,SELL,ORDER_INTENT_SELL_LONG,0.77,27.91,CM3BV4MZYWPH,passive,21.55,2026-09-20T18:13:21.159666573Z,0.019,-0.06,0,1,ORDER_STATE_PARTIALLY_FILLED,UNSOLICITED_CXL_REASON_UNDEFINED,ORD_REJECT_REASON_EXCHANGE_OPTION,,
1789928070.0,2026-09-20T18:14:30.004025391Z,ACTIVITY_TYPE_TRADE,usgubewc-usgub-ak-2026-11-03-jonkre,SELL,ORDER_INTENT_SELL_LONG,0.77,30,CM3BV4MZYWPH,passive,23.17,2026-09-20T18:13:21.159666573Z,0.019,-0.07,0,1,ORDER_STATE_PARTIALLY_FILLED,UNSOLICITED_CXL_REASON_UNDEFINED,ORD_REJECT_REASON_EXCHANGE_OPTION,,
1789928070.5,2026-09-20T18:14:30.496368116Z,ACTIVITY_TYPE_TRADE,usgubewc-usgub-ak-2026-11-03-jonkre,SELL,ORDER_INTENT_SELL_LONG,0.77,7.09,CM3BV4MZYWPH,passive,5.48,2026-09-20T18:13:21.159666573Z,0.019,-0.02,0,1,ORDER_STATE_FILLED,UNSOLICITED_CXL_REASON_UNDEFINED,ORD_REJECT_REASON_EXCHANGE_OPTION,,
1789928346.8,2026-09-20T18:19:06.834703481Z,ACTIVITY_TYPE_TRADE,usgubewc-usgub-ny-2026-11-03-rep,SELL,ORDER_INTENT_SELL_LONG,0.08,141.03,CJNCPXYBAW1N,passive,-175.94,2026-09-18T12:45:00.403749600Z,53.568,-0.13,0,1,ORDER_STATE_FILLED,UNSOLICITED_CXL_REASON_UNDEFINED,ORD_REJECT_REASON_EXCHANGE_OPTION,,
1789928715.1,2026-09-20T18:25:15.135650738Z,ACTIVITY_TYPE_TRADE,usgubewc-usgub-fl-2026-11-03-rep,BUY,ORDER_INTENT_SELL_SHORT,0.78,6.09,CJV9M856AW21,passive,3.28,2026-09-18T19:34:58.860356725Z,46.838,-0.01,0,1,ORDER_STATE_PARTIALLY_FILLED,UNSOLICITED_CXL_REASON_UNDEFINED,ORD_REJECT_REASON_EXCHANGE_OPTION,,
1789929327.3,2026-09-20T18:35:27.260441019Z,ACTIVITY_TYPE_TRADE,paccc-usse-midterms-2026-11-03-dem,SELL,ORDER_INTENT_BUY_SHORT,0.599,73,CM3JZ1MEJWPC,passive,,2026-09-20T18:29:51.312939333Z,0.093,-0.22,0,1,ORDER_STATE_FILLED,UNSOLICITED_CXL_REASON_UNDEFINED,ORD_REJECT_REASON_EXCHANGE_OPTION,,
1789930551.6,2026-09-20T18:55:51.560972938Z,ACTIVITY_TYPE_TRADE,usgubewc-usgub-ak-2026-11-03-jonkre,BUY,ORDER_INTENT_BUY_LONG,0.78,25.57,CM3Z1M576WP7,passive,,2026-09-20T18:55:50.511603918Z,0,-0.05,0,1,ORDER_STATE_PARTIALLY_FILLED,UNSOLICITED_CXL_REASON_UNDEFINED,ORD_REJECT_REASON_EXCHANGE_OPTION,,
1789930556.8,2026-09-20T18:55:56.824523019Z,ACTIVITY_TYPE_TRADE,usgubewc-usgub-ak-2026-11-03-jonkre,BUY,ORDER_INTENT_BUY_LONG,0.78,0.43,CM3Z1M576WP7,passive,,2026-09-20T18:55:50.511603918Z,0.002,0,0,1,ORDER_STATE_FILLED,UNSOLICITED_CXL_REASON_UNDEFINED,ORD_REJECT_REASON_EXCHANGE_OPTION,,
1789930651.7,2026-09-20T18:57:31.678634467Z,ACTIVITY_TYPE_TRADE,usgubewc-usgub-ak-2026-11-03-jonkre,SELL,ORDER_INTENT_SELL_LONG,0.82,26,CM3ZGT230WPE,passive,21.37,2026-09-20T18:56:51.741979226Z,0.011,-0.05,0,1,ORDER_STATE_FILLED,UNSOLICITED_CXL_REASON_UNDEFINED,ORD_REJECT_REASON_EXCHANGE_OPTION,,
1789930804.5,2026-09-20T19:00:04.545682785Z,ACTIVITY_TYPE_TRADE,usgubewc-usgub-ak-2026-11-03-jonkre,SELL,ORDER_INTENT_BUY_SHORT,0.82,30,CM41479KPWPB,passive,,2026-09-20T19:00:04.105748961Z,0,-0.06,0,1,ORDER_STATE_PARTIALLY_FILLED,UNSOLICITED_CXL_REASON_UNDEFINED,ORD_REJECT_REASON_EXCHANGE_OPTION,,
1789930805.3,2026-09-20T19:00:05.285121740Z,ACTIVITY_TYPE_TRADE,usgubewc-usgub-ak-2026-11-03-jonkre,SELL,ORDER_INTENT_BUY_SHORT,0.82,21,CM41479KPWPB,passive,,2026-09-20T19:00:04.105748961Z,0,-0.04,0,1,ORDER_STATE_FILLED,UNSOLICITED_CXL_REASON_UNDEFINED,ORD_REJECT_REASON_EXCHANGE_OPTION,,
1789931622.0,2026-09-20T19:13:42.011921603Z,ACTIVITY_TYPE_TRADE,scc-senate-gop-2026-11-03-49,SELL,ORDER_INTENT_SELL_LONG,0.15,31.46,CKGHNK96RWP6,passive,0.52,2026-09-19T20:18:46.525357333Z,22.915,-0.05,0,1,ORDER_STATE_PARTIALLY_FILLED,UNSOLICITED_CXL_REASON_UNDEFINED,ORD_REJECT_REASON_EXCHANGE_OPTION,,
1789932957.2,2026-09-20T19:35:57.204108380Z,ACTIVITY_TYPE_TRADE,cpoc-ussec-tx-mi-me-2026-11-03-dtx-dmi-rme,SELL,ORDER_INTENT_BUY_SHORT,0.11,7,CM419FAYTWP7,passive,,2026-09-20T19:00:21.704227607Z,0.593,-0.01,0,1,ORDER_STATE_PARTIALLY_FILLED,UNSOLICITED_CXL_REASON_UNDEFINED,ORD_REJECT_REASON_EXCHANGE_OPTION,,
1789933208.5,2026-09-20T19:40:08.533782343Z,ACTIVITY_TYPE_TRADE,paccc-usse-midterms-2026-11-03-dem,BUY,ORDER_INTENT_SELL_SHORT,0.599,43,CM43WK370WP9,passive,-13.17,2026-09-20T19:06:21.614398329Z,0.563,-0.13,0,1,ORDER_STATE_PARTIALLY_FILLED,UNSOLICITED_CXL_REASON_UNDEFINED,ORD_REJECT_REASON_EXCHANGE_OPTION,,
1789933371.2,2026-09-20T19:42:51.179646598Z,ACTIVITY_TYPE_TRADE,paccc-usse-midterms-2026-11-03-dem,BUY,ORDER_INTENT_SELL_SHORT,0.599,16,CM43WK370WP9,passive,-4.9,2026-09-20T19:06:21.614398329Z,0.608,-0.05,0,1,ORDER_STATE_PARTIALLY_FILLED,UNSOLICITED_CXL_REASON_UNDEFINED,ORD_REJECT_REASON_EXCHANGE_OPTION,,
1789933499.1,2026-09-20T19:44:59.052404655Z,ACTIVITY_TYPE_TRADE,aachc-cfb-wins-2026-11-28-oregst-5pt5wins,BUY,ORDER_INTENT_SELL_SHORT,0.83,1,CM4N53T2AWPH,passive,0.12,2026-09-20T19:44:58.922814414Z,0,0,0,1,ORDER_STATE_FILLED,UNSOLICITED_CXL_REASON_UNDEFINED,ORD_REJECT_REASON_EXCHANGE_OPTION,,
1789933568.4,2026-09-20T19:46:08.428951322Z,ACTIVITY_TYPE_TRADE,paccc-usse-midterms-2026-11-03-dem,BUY,ORDER_INTENT_SELL_SHORT,0.599,19,CM43WK370WP9,passive,-5.82,2026-09-20T19:06:21.614398329Z,0.663,-0.06,0,1,ORDER_STATE_PARTIALLY_FILLED,UNSOLICITED_CXL_REASON_UNDEFINED,ORD_REJECT_REASON_EXCHANGE_OPTION,,
1789933601.8,2026-09-20T19:46:41.788718569Z,ACTIVITY_TYPE_TRADE,ushrewc-ushr-ny-17-2026-11-03-dem,BUY,ORDER_INTENT_BUY_LONG,0.62,69,CM4KSP9XPWPB,passive,,2026-09-20T19:41:49.262806067Z,0.081,-0.2,0,1,ORDER_STATE_FILLED,UNSOLICITED_CXL_REASON_UNDEFINED,ORD_REJECT_REASON_EXCHANGE_OPTION,,
1789933607.1,2026-09-20T19:46:47.074625325Z,ACTIVITY_TYPE_TRADE,paccc-usse-midterms-2026-11-03-dem,BUY,ORDER_INTENT_SELL_SHORT,0.599,16,CM43WK370WP9,passive,-4.9,2026-09-20T19:06:21.614398329Z,0.674,-0.05,0,1,ORDER_STATE_PARTIALLY_FILLED,UNSOLICITED_CXL_REASON_UNDEFINED,ORD_REJECT_REASON_EXCHANGE_OPTION,,
1789933624.4,2026-09-20T19:47:04.386089997Z,ACTIVITY_TYPE_TRADE,ushrewc-ushr-ny-17-2026-11-03-dem,BUY,ORDER_INTENT_BUY_LONG,0.62,30.08,CM4P2SWVAWPE,passive,,2026-09-20T19:46:49.175686915Z,0.004,-0.09,0,1,ORDER_STATE_PARTIALLY_FILLED,UNSOLICITED_CXL_REASON_UNDEFINED,ORD_REJECT_REASON_EXCHANGE_OPTION,,
1789936524.3,2026-09-20T20:35:24.275724381Z,ACTIVITY_TYPE_TRADE,ewc-usgub-oh-2026-11-03-rep,BUY,ORDER_INTENT_SELL_SHORT,0.4,8,CJVSPDRWWW0Y,passive,-1.36,2026-09-18T20:10:41.826819258Z,48.412,-0.02,0,1,ORDER_STATE_PARTIALLY_FILLED,UNSOLICITED_CXL_REASON_UNDEFINED,ORD_REJECT_REASON_EXCHANGE_OPTION,,
1789936758.3,2026-09-20T20:39:18.254413849Z,ACTIVITY_TYPE_TRADE,paccc-usse-midterms-2026-11-03-dem,SELL,ORDER_INTENT_BUY_SHORT,0.6,93,CM596FQ3RWPB,passive,,2026-09-20T20:28:05.120485503Z,0.187,-0.28,0,1,ORDER_STATE_FILLED,UNSOLICITED_CXL_REASON_UNDEFINED,ORD_REJECT_REASON_EXCHANGE_OPTION,,
1789937003.5,2026-09-20T20:43:23.526748541Z,ACTIVITY_TYPE_TRADE,usgubewc-usgub-sc-2026-11-03-rep,SELL,ORDER_INTENT_SELL_LONG,0.95,2,CJQYXNG3EW21,passive,-12.01,2026-09-18T15:42:37.801967952Z,53.013,0,0,1,ORDER_STATE_FILLED,UNSOLICITED_CXL_REASON_UNDEFINED,ORD_REJECT_REASON_EXCHANGE_OPTION,,
1789937606.1,2026-09-20T20:53:26.084237491Z,ACTIVITY_TYPE_TRADE,ussewc-usse-sc-2026-11-03-dem,BUY,ORDER_INTENT_SELL_SHORT,0.14,2.3,CJNDPN4XTW22,passive,-1.71,2026-09-18T12:47:16.538476249Z,56.103,0,0,1,ORDER_STATE_PARTIALLY_FILLED,UNSOLICITED_CXL_REASON_UNDEFINED,ORD_REJECT_REASON_EXCHANGE_OPTION,,
1789937662.1,2026-09-20T20:54:22.111836092Z,ACTIVITY_TYPE_TRADE,ewc-usgub-wi-2026-11-03-dem,SELL,ORDER_INTENT_SELL_LONG,0.83,5,CJVWP40J8W1Y,passive,-0.19,2026-09-18T20:16:57.042868394Z,48.624,-0.01,0,1,ORDER_STATE_PARTIALLY_FILLED,UNSOLICITED_CXL_REASON_UNDEFINED,ORD_REJECT_REASON_EXCHANGE_OPTION,,
1789938026.7,2026-09-20T21:00:26.734638185Z,ACTIVITY_TYPE_TRADE,scc-hrep-rep-2026-11-03-gte180,SELL,ORDER_INTENT_SELL_LONG,0.8,6.16,CM1SAZ9P0WPF,passive,-26.57,2026-09-20T16:28:48.950123323Z,4.527,-0.01,0,1,ORDER_STATE_PARTIALLY_FILLED,UNSOLICITED_CXL_REASON_UNDEFINED,ORD_REJECT_REASON_EXCHANGE_OPTION,,
1789938992.8,2026-09-20T21:16:32.810961513Z,ACTIVITY_TYPE_POSITION_RESOLUTION,aachc-cfb-wins-2026-11-28-mspst-2pt5wins,,,,,,,,,,,,,,,,,keys=afterPosition|beforePosition|comboLegDetails|market|marketSlug|side|tradeId|updateTime
1789940501.3,2026-09-20T21:41:41.279422746Z,ACTIVITY_TYPE_TRADE,scc-senate-gop-2026-11-03-lte45,SELL,ORDER_INTENT_SELL_LONG,0.04,21,CM4DJPMXGWP9,passive,-1.26,2026-09-20T19:27:49.673315377Z,2.231,-0.01,0,1,ORDER_STATE_FILLED,UNSOLICITED_CXL_REASON_UNDEFINED,ORD_REJECT_REASON_EXCHANGE_OPTION,,
1789941861.4,2026-09-20T22:04:21.377318748Z,ACTIVITY_TYPE_TRADE,scc-senate-gop-2026-11-03-48,SELL,ORDER_INTENT_BUY_SHORT,0.14,40,CM6E03BH6WPB,passive,,2026-09-20T21:48:52.885190485Z,0.258,-0.06,0,1,ORDER_STATE_FILLED,UNSOLICITED_CXL_REASON_UNDEFINED,ORD_REJECT_REASON_EXCHANGE_OPTION,,
1789942434.8,2026-09-20T22:13:54.846159317Z,ACTIVITY_TYPE_TRADE,scc-hrep-rep-2026-11-03-gte180,SELL,ORDER_INTENT_SELL_LONG,0.8,47.84,CM1SAZ9P0WPF,passive,-206.35,2026-09-20T16:28:48.950123323Z,5.752,-0.1,0,1,ORDER_STATE_FILLED,UNSOLICITED_CXL_REASON_UNDEFINED,ORD_REJECT_REASON_EXCHANGE_OPTION,,
1789942588.9,2026-09-20T22:16:28.941050822Z,ACTIVITY_TYPE_TRADE,aachc-cfb-wins-2026-11-28-pennst-9pt5wins,BUY,ORDER_INTENT_SELL_SHORT,0.49,1,CKRSCK3FWWPH,passive,-0.25,2026-09-20T06:01:15.765363726Z,16.254,0,0,1,ORDER_STATE_FILLED,UNSOLICITED_CXL_REASON_UNDEFINED,ORD_REJECT_REASON_EXCHANGE_OPTION,,
1789942607.7,2026-09-20T22:16:47.678983703Z,ACTIVITY_TYPE_TRADE,aachc-cfb-wins-2026-11-28-pennst-9pt5wins,SELL,ORDER_INTENT_SELL_LONG,0.49,1,CM6TQ30VEWPF,aggressor,0.2,2026-09-20T22:16:47.677369799Z,0,0.02,0,1,ORDER_STATE_FILLED,UNSOLICITED_CXL_REASON_UNDEFINED,ORD_REJECT_REASON_EXCHANGE_OPTION,,
1789942765.3,2026-09-20T22:19:25.333030071Z,ACTIVITY_TYPE_TRADE,scc-senate-gop-2026-11-03-49,SELL,ORDER_INTENT_SELL_LONG,0.15,13.56,CKGHNK96RWP6,passive,0.22,2026-09-19T20:18:46.525357333Z,26.011,-0.02,0,1,ORDER_STATE_FILLED,UNSOLICITED_CXL_REASON_UNDEFINED,ORD_REJECT_REASON_EXCHANGE_OPTION,,
1789946744.7,2026-09-20T23:25:44.705540575Z,ACTIVITY_TYPE_TRADE,paccc-usse-midterms-2026-11-03-dem,BUY,ORDER_INTENT_SELL_SHORT,0.601,100,CM5EWD5BTWP7,passive,-30.42,2026-09-20T20:40:20.108760795Z,2.757,-0.3,0,1,ORDER_STATE_PARTIALLY_FILLED,UNSOLICITED_CXL_REASON_UNDEFINED,ORD_REJECT_REASON_EXCHANGE_OPTION,,
1789947506.5,2026-09-20T23:38:26.541742226Z,ACTIVITY_TYPE_TRADE,ewc-usgub-oh-2026-11-03-rep,BUY,ORDER_INTENT_SELL_SHORT,0.4,9,CJVSPDRWWW0Y,passive,-1.53,2026-09-18T20:10:41.826819258Z,51.462,-0.03,0,1,ORDER_STATE_PARTIALLY_FILLED,UNSOLICITED_CXL_REASON_UNDEFINED,ORD_REJECT_REASON_EXCHANGE_OPTION,,
1789948272.8,2026-09-20T23:51:12.797558717Z,ACTIVITY_TYPE_TRADE,scc-senate-gop-2026-11-03-50,SELL,ORDER_INTENT_SELL_LONG,0.15,45.53,CKGA8VSSAWP7,passive,-4.67,2026-09-19T20:02:46.317798030Z,27.807,-0.07,0,1,ORDER_STATE_PARTIALLY_FILLED,UNSOLICITED_CXL_REASON_UNDEFINED,ORD_REJECT_REASON_EXCHANGE_OPTION,,
1789949528.7,2026-09-21T00:12:08.740666931Z,ACTIVITY_TYPE_TRADE,cpoc-ussec-tx-mi-me-2026-11-03-rtx-rmi-dme,BUY,ORDER_INTENT_SELL_SHORT,0.09,50,CM1MTNKMJWP9,passive,4.55,2026-09-20T16:18:01.744399986Z,7.902,-0.05,0,1,ORDER_STATE_FILLED,UNSOLICITED_CXL_REASON_UNDEFINED,ORD_REJECT_REASON_EXCHANGE_OPTION,,
1789949528.7,2026-09-21T00:12:08.742407908Z,ACTIVITY_TYPE_TRADE,cpoc-ussec-tx-mi-me-2026-11-03-rtx-dmi-dme,BUY,ORDER_INTENT_BUY_LONG,0.32,87.66,CM7T2N8BTWPC,passive,,2026-09-20T23:28:11.460302676Z,0.733,-0.24,0,1,ORDER_STATE_PARTIALLY_FILLED,UNSOLICITED_CXL_REASON_UNDEFINED,ORD_REJECT_REASON_EXCHANGE_OPTION,,
1789949528.8,2026-09-21T00:12:08.778913206Z,ACTIVITY_TYPE_TRADE,cpoc-ussec-tx-mi-me-2026-11-03-rtx-dmi-dme,BUY,ORDER_INTENT_BUY_LONG,0.32,80.34,CM7T2N8BTWPC,passive,,2026-09-20T23:28:11.460302676Z,0.733,-0.22,0,1,ORDER_STATE_FILLED,UNSOLICITED_CXL_REASON_UNDEFINED,ORD_REJECT_REASON_EXCHANGE_OPTION,,
1789951392.6,2026-09-21T00:43:12.599549670Z,ACTIVITY_TYPE_TRADE,paccc-usse-midterms-2026-11-03-dem,BUY,ORDER_INTENT_SELL_SHORT,0.601,29,CM7SWSHR4WPA,passive,-8.82,2026-09-20T23:27:43.021707802Z,1.258,-0.09,0,1,ORDER_STATE_PARTIALLY_FILLED,UNSOLICITED_CXL_REASON_UNDEFINED,ORD_REJECT_REASON_EXCHANGE_OPTION,,
1789953487.1,2026-09-21T01:18:07.088148307Z,ACTIVITY_TYPE_TRADE,ushrewc-ushr-ne-02-2026-11-03-rep,SELL,ORDER_INTENT_SELL_LONG,0.06,5,CJND344BPW22,passive,-0.25,2026-09-18T12:45:44.372139131Z,60.54,0,0,1,ORDER_STATE_PARTIALLY_FILLED,UNSOLICITED_CXL_REASON_UNDEFINED,ORD_REJECT_REASON_EXCHANGE_OPTION,,
1789953732.8,2026-09-21T01:22:12.829992263Z,ACTIVITY_TYPE_TRADE,ushrewc-ushr-ne-02-2026-11-03-rep,SELL,ORDER_INTENT_SELL_LONG,0.06,5,CJND344BPW22,passive,-0.25,2026-09-18T12:45:44.372139131Z,60.608,0,0,1,ORDER_STATE_PARTIALLY_FILLED,UNSOLICITED_CXL_REASON_UNDEFINED,ORD_REJECT_REASON_EXCHANGE_OPTION,,
1789953848.8,2026-09-21T01:24:08.835392546Z,ACTIVITY_TYPE_TRADE,ushrewc-ushr-ne-02-2026-11-03-rep,SELL,ORDER_INTENT_SELL_LONG,0.06,5,CJND344BPW22,passive,-0.25,2026-09-18T12:45:44.372139131Z,60.64,0,0,1,ORDER_STATE_PARTIALLY_FILLED,UNSOLICITED_CXL_REASON_UNDEFINED,ORD_REJECT_REASON_EXCHANGE_OPTION,,
1789954094.7,2026-09-21T01:28:14.689222104Z,ACTIVITY_TYPE_TRADE,ushrewc-ushr-ne-02-2026-11-03-rep,SELL,ORDER_INTENT_SELL_LONG,0.06,5,CJND344BPW22,passive,-0.25,2026-09-18T12:45:44.372139131Z,60.708,0,0,1,ORDER_STATE_PARTIALLY_FILLED,UNSOLICITED_CXL_REASON_UNDEFINED,ORD_REJECT_REASON_EXCHANGE_OPTION,,
1789954217.3,2026-09-21T01:30:17.338466280Z,ACTIVITY_TYPE_TRADE,ewc-usgub-nv-2026-11-03-dem,SELL,ORDER_INTENT_SELL_LONG,0.45,2,CJWBHWJ68W7H,passive,0.22,2026-09-18T20:50:22.351642005Z,52.665,-0.01,0,1,ORDER_STATE_PARTIALLY_FILLED,UNSOLICITED_CXL_REASON_UNDEFINED,ORD_REJECT_REASON_EXCHANGE_OPTION,,
1789954340.3,2026-09-21T01:32:20.344618282Z,ACTIVITY_TYPE_TRADE,ushrewc-ushr-ne-02-2026-11-03-rep,SELL,ORDER_INTENT_SELL_LONG,0.06,5,CJND344BPW22,passive,-0.25,2026-09-18T12:45:44.372139131Z,60.777,0,0,1,ORDER_STATE_PARTIALLY_FILLED,UNSOLICITED_CXL_REASON_UNDEFINED,ORD_REJECT_REASON_EXCHANGE_OPTION,,
1789954455.7,2026-09-21T01:34:15.660139100Z,ACTIVITY_TYPE_TRADE,ushrewc-ushr-ne-02-2026-11-03-rep,SELL,ORDER_INTENT_SELL_LONG,0.06,5,CJND344BPW22,passive,-0.25,2026-09-18T12:45:44.372139131Z,60.809,0,0,1,ORDER_STATE_PARTIALLY_FILLED,UNSOLICITED_CXL_REASON_UNDEFINED,ORD_REJECT_REASON_EXCHANGE_OPTION,,
1789954628.2,2026-09-21T01:37:08.172530118Z,ACTIVITY_TYPE_TRADE,ushrewc-ushr-ne-02-2026-11-03-rep,SELL,ORDER_INTENT_SELL_LONG,0.06,25,CJND344BPW22,passive,-1.23,2026-09-18T12:45:44.372139131Z,60.857,-0.02,0,1,ORDER_STATE_PARTIALLY_FILLED,UNSOLICITED_CXL_REASON_UNDEFINED,ORD_REJECT_REASON_EXCHANGE_OPTION,,
1789954699.5,2026-09-21T01:38:19.492942853Z,ACTIVITY_TYPE_TRADE,ushrewc-ushr-ne-02-2026-11-03-rep,SELL,ORDER_INTENT_SELL_LONG,0.06,5,CJND344BPW22,passive,-0.25,2026-09-18T12:45:44.372139131Z,60.876,0,0,1,ORDER_STATE_PARTIALLY_FILLED,UNSOLICITED_CXL_REASON_UNDEFINED,ORD_REJECT_REASON_EXCHANGE_OPTION,,
1789954942.7,2026-09-21T01:42:22.719775910Z,ACTIVITY_TYPE_TRADE,ushrewc-ushr-ne-02-2026-11-03-rep,SELL,ORDER_INTENT_SELL_LONG,0.06,5,CJND344BPW22,passive,-0.25,2026-09-18T12:45:44.372139131Z,60.944,0,0,1,ORDER_STATE_PARTIALLY_FILLED,UNSOLICITED_CXL_REASON_UNDEFINED,ORD_REJECT_REASON_EXCHANGE_OPTION,,
1789955057.1,2026-09-21T01:44:17.130866995Z,ACTIVITY_TYPE_TRADE,ushrewc-ushr-ne-02-2026-11-03-rep,SELL,ORDER_INTENT_SELL_LONG,0.06,5,CJND344BPW22,passive,-0.25,2026-09-18T12:45:44.372139131Z,60.976,0,0,1,ORDER_STATE_PARTIALLY_FILLED,UNSOLICITED_CXL_REASON_UNDEFINED,ORD_REJECT_REASON_EXCHANGE_OPTION,,
1789955297.9,2026-09-21T01:48:17.858149565Z,ACTIVITY_TYPE_TRADE,ushrewc-ushr-ne-02-2026-11-03-rep,SELL,ORDER_INTENT_SELL_LONG,0.06,5,CJND344BPW22,passive,-0.25,2026-09-18T12:45:44.372139131Z,61.043,0,0,1,ORDER_STATE_PARTIALLY_FILLED,UNSOLICITED_CXL_REASON_UNDEFINED,ORD_REJECT_REASON_EXCHANGE_OPTION,,
1789955539.1,2026-09-21T01:52:19.099072457Z,ACTIVITY_TYPE_TRADE,ushrewc-ushr-ne-02-2026-11-03-rep,SELL,ORDER_INTENT_SELL_LONG,0.06,5,CJND344BPW22,passive,-0.25,2026-09-18T12:45:44.372139131Z,61.11,0,0,1,ORDER_STATE_PARTIALLY_FILLED,UNSOLICITED_CXL_REASON_UNDEFINED,ORD_REJECT_REASON_EXCHANGE_OPTION,,
1789955663.7,2026-09-21T01:54:23.658709711Z,ACTIVITY_TYPE_TRADE,ushrewc-ushr-ne-02-2026-11-03-rep,SELL,ORDER_INTENT_SELL_LONG,0.06,5,CJND344BPW22,passive,-0.25,2026-09-18T12:45:44.372139131Z,61.144,0,0,1,ORDER_STATE_PARTIALLY_FILLED,UNSOLICITED_CXL_REASON_UNDEFINED,ORD_REJECT_REASON_EXCHANGE_OPTION,,
1789955904.3,2026-09-21T01:58:24.280344806Z,ACTIVITY_TYPE_TRADE,ushrewc-ushr-ne-02-2026-11-03-rep,SELL,ORDER_INTENT_SELL_LONG,0.06,5,CJND344BPW22,passive,-0.25,2026-09-18T12:45:44.372139131Z,61.211,0,0,1,ORDER_STATE_PARTIALLY_FILLED,UNSOLICITED_CXL_REASON_UNDEFINED,ORD_REJECT_REASON_EXCHANGE_OPTION,,
1789956145.4,2026-09-21T02:02:25.378080127Z,ACTIVITY_TYPE_TRADE,ushrewc-ushr-ne-02-2026-11-03-rep,SELL,ORDER_INTENT_SELL_LONG,0.06,5,CJND344BPW22,passive,-0.25,2026-09-18T12:45:44.372139131Z,61.278,0,0,1,ORDER_STATE_PARTIALLY_FILLED,UNSOLICITED_CXL_REASON_UNDEFINED,ORD_REJECT_REASON_EXCHANGE_OPTION,,
1789956269.8,2026-09-21T02:04:29.830140862Z,ACTIVITY_TYPE_TRADE,ushrewc-ushr-ne-02-2026-11-03-rep,SELL,ORDER_INTENT_SELL_LONG,0.06,5,CJND344BPW22,passive,-0.25,2026-09-18T12:45:44.372139131Z,61.313,0,0,1,ORDER_STATE_PARTIALLY_FILLED,UNSOLICITED_CXL_REASON_UNDEFINED,ORD_REJECT_REASON_EXCHANGE_OPTION,,
1789956277.3,2026-09-21T02:04:37.305568852Z,ACTIVITY_TYPE_TRADE,paccc-usse-midterms-2026-11-03-dem,BUY,ORDER_INTENT_SELL_SHORT,0.601,2,CM7SWSHR4WPA,passive,-0.6,2026-09-20T23:27:43.021707802Z,2.615,-0.01,0,1,ORDER_STATE_PARTIALLY_FILLED,UNSOLICITED_CXL_REASON_UNDEFINED,ORD_REJECT_REASON_EXCHANGE_OPTION,,
1789956510.6,2026-09-21T02:08:30.601462245Z,ACTIVITY_TYPE_TRADE,ushrewc-ushr-ne-02-2026-11-03-rep,SELL,ORDER_INTENT_SELL_LONG,0.06,5,CJND344BPW22,passive,-0.25,2026-09-18T12:45:44.372139131Z,61.38,0,0,1,ORDER_STATE_PARTIALLY_FILLED,UNSOLICITED_CXL_REASON_UNDEFINED,ORD_REJECT_REASON_EXCHANGE_OPTION,,
1789956751.7,2026-09-21T02:12:31.677819845Z,ACTIVITY_TYPE_TRADE,ushrewc-ushr-ne-02-2026-11-03-rep,SELL,ORDER_INTENT_SELL_LONG,0.06,5,CJND344BPW22,passive,-0.25,2026-09-18T12:45:44.372139131Z,61.446,0,0,1,ORDER_STATE_PARTIALLY_FILLED,UNSOLICITED_CXL_REASON_UNDEFINED,ORD_REJECT_REASON_EXCHANGE_OPTION,,
1789956876.0,2026-09-21T02:14:35.971323530Z,ACTIVITY_TYPE_TRADE,ushrewc-ushr-ne-02-2026-11-03-rep,SELL,ORDER_INTENT_SELL_LONG,0.06,5,CJND344BPW22,passive,-0.25,2026-09-18T12:45:44.372139131Z,61.481,0,0,1,ORDER_STATE_PARTIALLY_FILLED,UNSOLICITED_CXL_REASON_UNDEFINED,ORD_REJECT_REASON_EXCHANGE_OPTION,,
1789957039.8,2026-09-21T02:17:19.750993928Z,ACTIVITY_TYPE_TRADE,paccc-usse-midterms-2026-11-03-dem,SELL,ORDER_INTENT_BUY_SHORT,0.602,2,CM9N71BEGWP7,passive,,2026-09-21T01:37:47.547357573Z,0.659,-0.01,0,1,ORDER_STATE_PARTIALLY_FILLED,UNSOLICITED_CXL_REASON_UNDEFINED,ORD_REJECT_REASON_EXCHANGE_OPTION,,
1789957116.6,2026-09-21T02:18:36.628656698Z,ACTIVITY_TYPE_TRADE,ushrewc-ushr-ne-02-2026-11-03-rep,SELL,ORDER_INTENT_SELL_LONG,0.06,5,CJND344BPW22,passive,-0.25,2026-09-18T12:45:44.372139131Z,61.548,0,0,1,ORDER_STATE_PARTIALLY_FILLED,UNSOLICITED_CXL_REASON_UNDEFINED,ORD_REJECT_REASON_EXCHANGE_OPTION,,
1789957152.9,2026-09-21T02:19:12.873053748Z,ACTIVITY_TYPE_TRADE,paccc-usse-midterms-2026-11-03-dem,BUY,ORDER_INTENT_SELL_SHORT,0.601,21,CM7SWSHR4WPA,passive,-6.39,2026-09-20T23:27:43.021707802Z,2.858,-0.06,0,1,ORDER_STATE_FILLED,UNSOLICITED_CXL_REASON_UNDEFINED,ORD_REJECT_REASON_EXCHANGE_OPTION,,
1789958318.3,2026-09-21T02:38:38.273458764Z,ACTIVITY_TYPE_TRADE,scc-hrep-rep-2026-11-03-gte185,SELL,ORDER_INTENT_SELL_LONG,0.74,81.95,CM9NEHYPEWPE,passive,-19.82,2026-09-21T01:38:17.563971690Z,1.006,-0.2,0,1,ORDER_STATE_PARTIALLY_FILLED,UNSOLICITED_CXL_REASON_UNDEFINED,ORD_REJECT_REASON_EXCHANGE_OPTION,,
1789959049.2,2026-09-21T02:50:49.230819318Z,ACTIVITY_TYPE_TRADE,scc-hrep-rep-2026-11-03-gte185,SELL,ORDER_INTENT_SELL_LONG,0.74,20,CMAJ6EK2AWPE,passive,-4.84,2026-09-21T02:43:05.155096803Z,0.129,-0.05,0,1,ORDER_STATE_FILLED,UNSOLICITED_CXL_REASON_UNDEFINED,ORD_REJECT_REASON_EXCHANGE_OPTION,,
1789959297.6,2026-09-21T02:54:57.579698354Z,ACTIVITY_TYPE_TRADE,ewc-usse-ak-2026-11-03-dem,SELL,ORDER_INTENT_BUY_SHORT,0.67,163,CM7Y0Q2F6WPB,passive,,2026-09-20T23:38:11.679652575Z,3.279,-0.45,0,1,ORDER_STATE_FILLED,UNSOLICITED_CXL_REASON_UNDEFINED,ORD_REJECT_REASON_EXCHANGE_OPTION,,
1789959391.0,2026-09-21T02:56:31.012382226Z,ACTIVITY_TYPE_TRADE,scc-hrep-rep-2026-11-03-gte185,SELL,ORDER_INTENT_BUY_SHORT,0.82,57,CMAP8WE3PWP9,passive,,2026-09-21T02:51:47.670485617Z,0.079,-0.11,0,1,ORDER_STATE_FILLED,UNSOLICITED_CXL_REASON_UNDEFINED,ORD_REJECT_REASON_EXCHANGE_OPTION,,
1789959713.5,2026-09-21T03:01:53.517216887Z,ACTIVITY_TYPE_TRADE,scc-hrep-rep-2026-11-03-gte185,SELL,ORDER_INTENT_BUY_SHORT,0.84,157,CMART51A0WP7,passive,,2026-09-21T02:56:47.728618148Z,0.085,-0.26,0,1,ORDER_STATE_FILLED,UNSOLICITED_CXL_REASON_UNDEFINED,ORD_REJECT_REASON_EXCHANGE_OPTION,,
1789960838.7,2026-09-21T03:20:38.701691266Z,ACTIVITY_TYPE_TRADE,scc-senate-gop-2026-11-03-lte45,SELL,ORDER_INTENT_BUY_SHORT,0.04,31,CMB35DNPMWPB,passive,,2026-09-21T03:20:17.731682950Z,0.006,-0.01,0,1,ORDER_STATE_FILLED,UNSOLICITED_CXL_REASON_UNDEFINED,ORD_REJECT_REASON_EXCHANGE_OPTION,,
1789961361.3,2026-09-21T03:29:21.324199245Z,ACTIVITY_TYPE_TRADE,scc-senate-gop-2026-11-03-51,BUY,ORDER_INTENT_BUY_LONG,0.13,115,CMB4XY4SWWPF,passive,,2026-09-21T03:24:35.361483604Z,0.079,-0.16,0,1,ORDER_STATE_FILLED,UNSOLICITED_CXL_REASON_UNDEFINED,ORD_REJECT_REASON_EXCHANGE_OPTION,,
1789961917.0,2026-09-21T03:38:37.035287911Z,ACTIVITY_TYPE_TRADE,ushrewc-ushr-wa-03-2026-11-03-rep,SELL,ORDER_INTENT_SELL_LONG,0.08,4,CM8H69B72WP6,passive,0.32,2026-09-21T00:21:17.144613621Z,3.289,0,0,1,ORDER_STATE_FILLED,UNSOLICITED_CXL_REASON_UNDEFINED,ORD_REJECT_REASON_EXCHANGE_OPTION,,
1789961991.0,2026-09-21T03:39:50.991175951Z,ACTIVITY_TYPE_TRADE,scc-senate-gop-2026-11-03-55,BUY,ORDER_INTENT_SELL_SHORT,0.05,50,CMBA78YSYWPE,passive,-46.55,2026-09-21T03:36:35.202908812Z,0.054,-0.03,0,1,ORDER_STATE_FILLED,UNSOLICITED_CXL_REASON_UNDEFINED,ORD_REJECT_REASON_EXCHANGE_OPTION,,
1789962670.1,2026-09-21T03:51:10.092489824Z,ACTIVITY_TYPE_TRADE,paccc-usho-midterms-2026-11-03-rep,BUY,ORDER_INTENT_BUY_LONG,0.112,235,CMB72GFWGWPD,passive,,2026-09-21T03:29:48.914839047Z,0.356,-0.29,0,1,ORDER_STATE_FILLED,UNSOLICITED_CXL_REASON_UNDEFINED,ORD_REJECT_REASON_EXCHANGE_OPTION,,
1789963166.4,2026-09-21T03:59:26.373298868Z,ACTIVITY_TYPE_TRADE,scc-hrep-rep-2026-11-03-gte210,BUY,ORDER_INTENT_SELL_SHORT,0.29,12,CJSNM1XG0W0Y,passive,-3.45,2026-09-18T17:43:55.960436316Z,58.258,-0.03,0,1,ORDER_STATE_FILLED,UNSOLICITED_CXL_REASON_UNDEFINED,ORD_REJECT_REASON_EXCHANGE_OPTION,,
1789963184.3,2026-09-21T03:59:44.286093355Z,ACTIVITY_TYPE_TRADE,scc-hrep-rep-2026-11-03-gte205,SELL,ORDER_INTENT_BUY_SHORT,0.29,8.36,CMBM0KD8RWP9,passive,,2026-09-21T03:59:35.463174431Z,0.002,-0.02,0,1,ORDER_STATE_PARTIALLY_FILLED,UNSOLICITED_CXL_REASON_UNDEFINED,ORD_REJECT_REASON_EXCHANGE_OPTION,,
1789963194.8,2026-09-21T03:59:54.753221312Z,ACTIVITY_TYPE_TRADE,scc-hrep-rep-2026-11-03-gte205,SELL,ORDER_INTENT_BUY_SHORT,0.29,1.28,CMBM0KD8RWP9,passive,,2026-09-21T03:59:35.463174431Z,0.005,0,0,1,ORDER_STATE_PARTIALLY_FILLED,UNSOLICITED_CXL_REASON_UNDEFINED,ORD_REJECT_REASON_EXCHANGE_OPTION,,
1789963216.8,2026-09-21T04:00:16.804541709Z,ACTIVITY_TYPE_TRADE,scc-hrep-rep-2026-11-03-gte205,SELL,ORDER_INTENT_BUY_SHORT,0.29,22,CMBKYWWP6WP7,passive,,2026-09-21T03:59:47.739872957Z,0.008,-0.06,0,1,ORDER_STATE_FILLED,UNSOLICITED_CXL_REASON_UNDEFINED,ORD_REJECT_REASON_EXCHANGE_OPTION,,
1789963216.8,2026-09-21T04:00:16.804541709Z,ACTIVITY_TYPE_TRADE,scc-hrep-rep-2026-11-03-gte205,SELL,ORDER_INTENT_BUY_SHORT,0.29,12.36,CMBM0KD8RWP9,passive,,2026-09-21T03:59:35.463174431Z,0.011,-0.03,0,1,ORDER_STATE_FILLED,UNSOLICITED_CXL_REASON_UNDEFINED,ORD_REJECT_REASON_EXCHANGE_OPTION,,
1789963425.8,2026-09-21T04:03:45.753127558Z,ACTIVITY_TYPE_TRADE,scc-hrep-rep-2026-11-03-gte235,BUY,ORDER_INTENT_SELL_SHORT,0.02,71.7,CMBKSZ0H8WPF,passive,-67.36,2026-09-21T03:59:48.231606341Z,0.066,-0.02,0,1,ORDER_STATE_PARTIALLY_FILLED,UNSOLICITED_CXL_REASON_UNDEFINED,ORD_REJECT_REASON_EXCHANGE_OPTION,,
1789964132.8,2026-09-21T04:15:32.831050512Z,ACTIVITY_TYPE_TRADE,usgubewc-usgub-fl-2026-11-03-dem,SELL,ORDER_INTENT_SELL_LONG,0.19,144,CM9SXHQDEWPB,passive,-9.66,2026-09-21T01:48:05.096889331Z,2.458,-0.28,0,1,ORDER_STATE_PARTIALLY_FILLED,UNSOLICITED_CXL_REASON_UNDEFINED,ORD_REJECT_REASON_EXCHANGE_OPTION,,
1789964508.1,2026-09-21T04:21:48.125998811Z,ACTIVITY_TYPE_TRADE,scc-senate-gop-2026-11-03-54,BUY,ORDER_INTENT_SELL_SHORT,0.05,51,CM85MH5VWWPB,passive,-45.36,2026-09-20T23:56:09.474717842Z,4.427,-0.03,0,1,ORDER_STATE_FILLED,UNSOLICITED_CXL_REASON_UNDEFINED,ORD_REJECT_REASON_EXCHANGE_OPTION,,
1789964508.7,2026-09-21T04:21:48.686615392Z,ACTIVITY_TYPE_TRADE,scc-senate-gop-2026-11-03-48,BUY,ORDER_INTENT_SELL_SHORT,0.15,40,CM6NJ669CWPB,passive,-3.12,2026-09-20T22:05:53.360863984Z,6.265,-0.06,0,1,ORDER_STATE_FILLED,UNSOLICITED_CXL_REASON_UNDEFINED,ORD_REJECT_REASON_EXCHANGE_OPTION,,
1789965366.4,2026-09-21T04:36:06.363687925Z,ACTIVITY_TYPE_TRADE,paccc-usse-midterms-2026-11-03-dem,SELL,ORDER_INTENT_BUY_SHORT,0.602,40,CMC3WEDEPWPH,passive,,2026-09-21T04:35:35.457210879Z,0.009,-0.12,0,1,ORDER_STATE_PARTIALLY_FILLED,UNSOLICITED_CXL_REASON_UNDEFINED,ORD_REJECT_REASON_EXCHANGE_OPTION,,
1789965846.1,2026-09-21T04:44:06.118785582Z,ACTIVITY_TYPE_TRADE,cpoc-ussec-tx-me-2026-11-03-dsweep,BUY,ORDER_INTENT_BUY_LONG,0.59,38,CMBTW38JEWP7,passive,,2026-09-21T04:16:19.993732750Z,0.463,-0.11,0,1,ORDER_STATE_FILLED,UNSOLICITED_CXL_REASON_UNDEFINED,ORD_REJECT_REASON_EXCHANGE_OPTION,,
1789966237.5,2026-09-21T04:50:37.506148418Z,ACTIVITY_TYPE_TRADE,aachc-cfb-wins-2026-11-28-col-2pt5wins,SELL,ORDER_INTENT_SELL_LONG,0.91,0.9,CMCA6MXV4WPH,aggressor,0.81,2026-09-21T04:50:37.504521667Z,0,0.01,0,1,ORDER_STATE_FILLED,UNSOLICITED_CXL_REASON_UNDEFINED,ORD_REJECT_REASON_EXCHANGE_OPTION,,
1789966237.5,2026-09-21T04:50:37.506148418Z,ACTIVITY_TYPE_TRADE,aachc-cfb-wins-2026-11-28-col-2pt5wins,BUY,ORDER_INTENT_BUY_LONG,0.91,0.1,CMAS1FZXPWPE,passive,0.09,2026-09-21T02:58:04.094472894Z,1.876,0,0,1,ORDER_STATE_FILLED,UNSOLICITED_CXL_REASON_UNDEFINED,ORD_REJECT_REASON_EXCHANGE_OPTION,,
1789966863.0,2026-09-21T05:01:02.965611580Z,ACTIVITY_TYPE_TRADE,cpoc-ussec-tx-me-2026-11-03-dsweep,SELL,ORDER_INTENT_SELL_LONG,0.17,38,CMCEYE05CWPA,passive,6.53,2026-09-21T05:00:48.258279460Z,0.004,-0.07,0,1,ORDER_STATE_FILLED,UNSOLICITED_CXL_REASON_UNDEFINED,ORD_REJECT_REASON_EXCHANGE_OPTION,,
1789967137.0,2026-09-21T05:05:37.015250516Z,ACTIVITY_TYPE_TRADE,cpoc-ussec-tx-me-2026-11-03-rsweep,BUY,ORDER_INTENT_BUY_LONG,0.27,100,CMCGB02KGWP6,passive,,2026-09-21T05:04:18.039988800Z,0.022,-0.25,0,1,ORDER_STATE_FILLED,UNSOLICITED_CXL_REASON_UNDEFINED,ORD_REJECT_REASON_EXCHANGE_OPTION,,
1789967169.7,2026-09-21T05:06:09.702746413Z,ACTIVITY_TYPE_TRADE,aachc-cfb-wins-2026-11-28-vir-7pt5wins,BUY,ORDER_INTENT_SELL_SHORT,0.66,2.12,CKSPAJ4QCWPD,passive,0.69,2026-09-20T07:11:14.753094923Z,21.915,-0.01,0,1,ORDER_STATE_PARTIALLY_FILLED,UNSOLICITED_CXL_REASON_UNDEFINED,ORD_REJECT_REASON_EXCHANGE_OPTION,,
1789967243.5,2026-09-21T05:07:23.512979491Z,ACTIVITY_TYPE_TRADE,aachc-cfb-wins-2026-11-28-vir-7pt5wins,BUY,ORDER_INTENT_SELL_SHORT,0.66,0.1,CKSPAJ4QCWPD,passive,0.03,2026-09-20T07:11:14.753094923Z,21.936,0,0,1,ORDER_STATE_PARTIALLY_FILLED,UNSOLICITED_CXL_REASON_UNDEFINED,ORD_REJECT_REASON_EXCHANGE_OPTION,,
1789968472.1,2026-09-21T05:27:52.108198908Z,ACTIVITY_TYPE_TRADE,cpoc-ussec-tx-mi-me-2026-11-03-dtx-rmi-rme,SELL,ORDER_INTENT_BUY_SHORT,0.02,25.35,CMCHENW4GWPF,passive,,2026-09-21T05:06:08.950193032Z,0.362,-0.01,0,1,ORDER_STATE_PARTIALLY_FILLED,UNSOLICITED_CXL_REASON_UNDEFINED,ORD_REJECT_REASON_EXCHANGE_OPTION,,
1789968477.4,2026-09-21T05:27:57.371326331Z,ACTIVITY_TYPE_TRADE,cpoc-ussec-tx-mi-me-2026-11-03-dtx-rmi-rme,SELL,ORDER_INTENT_BUY_SHORT,0.02,0.12,CMCHENW4GWPF,passive,,2026-09-21T05:06:08.950193032Z,0.363,0,0,1,ORDER_STATE_PARTIALLY_FILLED,UNSOLICITED_CXL_REASON_UNDEFINED,ORD_REJECT_REASON_EXCHANGE_OPTION,,
1789968542.8,2026-09-21T05:29:02.776036885Z,ACTIVITY_TYPE_TRADE,cpoc-ussec-tx-mi-me-2026-11-03-dtx-dmi-rme,BUY,ORDER_INTENT_SELL_SHORT,0.15,8,CM4K7J41JWPA,passive,1.21,2026-09-20T19:40:37.107935743Z,9.807,-0.01,0,1,ORDER_STATE_FILLED,UNSOLICITED_CXL_REASON_UNDEFINED,ORD_REJECT_REASON_EXCHANGE_OPTION,,
1789968629.0,2026-09-21T05:30:28.956808653Z,ACTIVITY_TYPE_TRADE,cpoc-ussec-tx-mi-me-2026-11-03-dtx-rmi-dme,BUY,ORDER_INTENT_BUY_LONG,0.11,77.85,CMCVW01PWWPH,passive,,2026-09-21T05:29:55.168690125Z,0.009,-0.1,0,1,ORDER_STATE_PARTIALLY_FILLED,UNSOLICITED_CXL_REASON_UNDEFINED,ORD_REJECT_REASON_EXCHANGE_OPTION,,
1789969433.9,2026-09-21T05:43:53.917215743Z,ACTIVITY_TYPE_TRADE,usgubewc-usgub-or-2026-11-03-dem,BUY,ORDER_INTENT_SELL_SHORT,0.83,30,CM2WR8DZYWPD,passive,11.7,2026-09-20T17:41:01.918450043Z,12.048,-0.05,0,1,ORDER_STATE_FILLED,UNSOLICITED_CXL_REASON_UNDEFINED,ORD_REJECT_REASON_EXCHANGE_OPTION,,
1789970308.4,2026-09-21T05:58:28.395718475Z,ACTIVITY_TYPE_TRADE,scc-hrep-rep-2026-11-03-gte215,SELL,ORDER_INTENT_BUY_SHORT,0.11,23,CMCWXCB8RWPC,passive,,2026-09-21T05:33:05.186635515Z,0.423,-0.03,0,1,ORDER_STATE_FILLED,UNSOLICITED_CXL_REASON_UNDEFINED,ORD_REJECT_REASON_EXCHANGE_OPTION,,
1789970313.1,2026-09-21T05:58:33.084613532Z,ACTIVITY_TYPE_TRADE,scc-hrep-rep-2026-11-03-gte210,BUY,ORDER_INTENT_BUY_LONG,0.29,14.07,CMCWS5PF0WPD,passive,,2026-09-21T05:33:04.925108910Z,0.424,-0.04,0,1,ORDER_STATE_PARTIALLY_FILLED,UNSOLICITED_CXL_REASON_UNDEFINED,ORD_REJECT_REASON_EXCHANGE_OPTION,,
1789970618.6,2026-09-21T06:03:38.579845019Z,ACTIVITY_TYPE_TRADE,ussewc-usse-nm-2026-11-03-rep,SELL,ORDER_INTENT_SELL_LONG,0.03,7.66,CJRTARRVPW1Y,passive,-2.71,2026-09-18T16:42:50.975604331Z,61.347,0,0,1,ORDER_STATE_PARTIALLY_FILLED,UNSOLICITED_CXL_REASON_UNDEFINED,ORD_REJECT_REASON_EXCHANGE_OPTION,,
1789971191.7,2026-09-21T06:13:11.667294377Z,ACTIVITY_TYPE_TRADE,ewc-usgub-oh-2026-11-03-rep,BUY,ORDER_INTENT_SELL_SHORT,0.4,125,CJVSPDRWWW0Y,passive,-21.23,2026-09-18T20:10:41.826819258Z,58.042,-0.38,0,1,ORDER_STATE_FILLED,UNSOLICITED_CXL_REASON_UNDEFINED,ORD_REJECT_REASON_EXCHANGE_OPTION,,
1789973424.5,2026-09-21T06:50:24.454086022Z,ACTIVITY_TYPE_TRADE,paccc-usse-midterms-2026-11-03-dem,SELL,ORDER_INTENT_BUY_SHORT,0.605,3,CMDYQPZE2WP9,passive,,2026-09-21T06:48:50.487785594Z,0.026,-0.01,0,1,ORDER_STATE_PARTIALLY_FILLED,UNSOLICITED_CXL_REASON_UNDEFINED,ORD_REJECT_REASON_EXCHANGE_OPTION,,
1789974735.6,2026-09-21T07:12:15.573382741Z,ACTIVITY_TYPE_TRADE,paccc-usse-midterms-2026-11-03-dem,BUY,ORDER_INTENT_SELL_SHORT,0.605,45,CME8HVR5AWPA,passive,-13.52,2026-09-21T07:11:50.719601815Z,0.007,-0.13,0,1,ORDER_STATE_FILLED,UNSOLICITED_CXL_REASON_UNDEFINED,ORD_REJECT_REASON_EXCHANGE_OPTION,,
1789982325.0,2026-09-21T09:18:44.991023610Z,ACTIVITY_TYPE_TRADE,usgubewc-usgub-ok-2026-11-03-rep,SELL,ORDER_INTENT_SELL_LONG,0.87,3.08,CMFFBNMKEWPC,passive,-5.55,2026-09-21T08:35:16.365598803Z,0.725,0,0,1,ORDER_STATE_PARTIALLY_FILLED,UNSOLICITED_CXL_REASON_UNDEFINED,ORD_REJECT_REASON_EXCHANGE_OPTION,,
1789982328.6,2026-09-21T09:18:48.620272405Z,ACTIVITY_TYPE_TRADE,usgubewc-usgub-ok-2026-11-03-rep,SELL,ORDER_INTENT_SELL_LONG,0.87,0.92,CMFFBNMKEWPC,passive,-1.66,2026-09-21T08:35:16.365598803Z,0.726,0,0,1,ORDER_STATE_PARTIALLY_FILLED,UNSOLICITED_CXL_REASON_UNDEFINED,ORD_REJECT_REASON_EXCHANGE_OPTION,,
1789982362.9,2026-09-21T09:19:22.940787383Z,ACTIVITY_TYPE_TRADE,aachc-cfb-wins-2026-11-28-oregst-5pt5wins,SELL,ORDER_INTENT_SELL_LONG,0.53,0.62,CM4SMZTPJWPD,passive,0.14,2026-09-20T19:54:57.554717183Z,13.407,0,0,1,ORDER_STATE_PARTIALLY_FILLED,UNSOLICITED_CXL_REASON_UNDEFINED,ORD_REJECT_REASON_EXCHANGE_OPTION,,
1789982368.0,2026-09-21T09:19:27.990503733Z,ACTIVITY_TYPE_TRADE,aachc-cfb-wins-2026-11-28-oregst-5pt5wins,BUY,ORDER_INTENT_BUY_LONG,0.51,1,CM5MAKYN6WP7,passive,0.19,2026-09-20T20:52:10.880462372Z,12.455,0,0,1,ORDER_STATE_PARTIALLY_FILLED,UNSOLICITED_CXL_REASON_UNDEFINED,ORD_REJECT_REASON_EXCHANGE_OPTION,,
1789986435.3,2026-09-21T10:27:15.336631412Z,ACTIVITY_TYPE_TRADE,cpoc-ussec-tx-mi-me-2026-11-03-dsweep,SELL,ORDER_INTENT_SELL_LONG,0.41,115,CMCWARR2EWPE,passive,-28.25,2026-09-21T05:30:52.162485848Z,4.94,-0.35,0,1,ORDER_STATE_FILLED,UNSOLICITED_CXL_REASON_UNDEFINED,ORD_REJECT_REASON_EXCHANGE_OPTION,,
1789986451.7,2026-09-21T10:27:31.712566690Z,ACTIVITY_TYPE_TRADE,cpoc-ussec-tx-me-2026-11-03-dsweep,BUY,ORDER_INTENT_SELL_SHORT,0.5,41,CME8X9FY6WPD,passive,20.63,2026-09-21T07:12:50.974487523Z,3.245,-0.13,0,1,ORDER_STATE_FILLED,UNSOLICITED_CXL_REASON_UNDEFINED,ORD_REJECT_REASON_EXCHANGE_OPTION,,
1789986588.9,2026-09-21T10:29:48.914100674Z,ACTIVITY_TYPE_TRADE,cpoc-ussec-tx-mi-me-2026-11-03-rtx-dmi-rme,SELL,ORDER_INTENT_BUY_SHORT,0.11,32,CMH3AZ2YEWPF,passive,,2026-09-21T10:27:38.578136225Z,0.036,-0.04,0,1,ORDER_STATE_FILLED,UNSOLICITED_CXL_REASON_UNDEFINED,ORD_REJECT_REASON_EXCHANGE_OPTION,,
1789986591.5,2026-09-21T10:29:51.509595444Z,ACTIVITY_TYPE_TRADE,cpoc-ussec-tx-mi-me-2026-11-03-rsweep,SELL,ORDER_INTENT_BUY_SHORT,0.11,13.99,CMH3QV9QAWP6,passive,,2026-09-21T10:27:55.226887600Z,0.032,-0.02,0,1,ORDER_STATE_PARTIALLY_FILLED,UNSOLICITED_CXL_REASON_UNDEFINED,ORD_REJECT_REASON_EXCHANGE_OPTION,,
1789986594.7,2026-09-21T10:29:54.691689138Z,ACTIVITY_TYPE_TRADE,cpoc-ussec-tx-mi-me-2026-11-03-rsweep,SELL,ORDER_INTENT_BUY_SHORT,0.11,2.9,CMH3QV9QAWP6,passive,,2026-09-21T10:27:55.226887600Z,0.033,0,0,1,ORDER_STATE_PARTIALLY_FILLED,UNSOLICITED_CXL_REASON_UNDEFINED,ORD_REJECT_REASON_EXCHANGE_OPTION,,
1789986853.2,2026-09-21T10:34:13.227846806Z,ACTIVITY_TYPE_TRADE,cpoc-ussec-tx-mi-me-2026-11-03-dtx-dmi-rme,BUY,ORDER_INTENT_BUY_LONG,0.14,41,CMH4GP5SRWPF,passive,,2026-09-21T10:29:54.988618614Z,0.072,-0.06,0,1,ORDER_STATE_FILLED,UNSOLICITED_CXL_REASON_UNDEFINED,ORD_REJECT_REASON_EXCHANGE_OPTION,,
1789986863.8,2026-09-21T10:34:23.777819179Z,ACTIVITY_TYPE_TRADE,cpoc-ussec-tx-mi-me-2026-11-03-dtx-rmi-rme,BUY,ORDER_INTENT_SELL_SHORT,0.08,25,CMDRFE4SPWPF,passive,2.02,2026-09-21T06:34:07.366533319Z,4.005,-0.02,0,1,ORDER_STATE_FILLED,UNSOLICITED_CXL_REASON_UNDEFINED,ORD_REJECT_REASON_EXCHANGE_OPTION,,
1789986990.1,2026-09-21T10:36:30.132273404Z,ACTIVITY_TYPE_TRADE,cpoc-ussec-tx-mi-me-2026-11-03-dtx-rmi-rme,SELL,ORDER_INTENT_BUY_SHORT,0.03,7,CMH6PH9BGWPA,passive,,2026-09-21T10:34:37.044165568Z,0.031,0,0,1,ORDER_STATE_FILLED,UNSOLICITED_CXL_REASON_UNDEFINED,ORD_REJECT_REASON_EXCHANGE_OPTION,,
1789988641.7,2026-09-21T11:04:01.739030898Z,ACTIVITY_TYPE_TRADE,scc-senate-gop-2026-11-03-55,SELL,ORDER_INTENT_BUY_SHORT,0.05,0.01,CMHK4VG5TWPA,passive,,2026-09-21T11:02:54.636960873Z,0.019,0,0,1,ORDER_STATE_PARTIALLY_FILLED,UNSOLICITED_CXL_REASON_UNDEFINED,ORD_REJECT_REASON_EXCHANGE_OPTION,,
1789988830.7,2026-09-21T11:07:10.678151961Z,ACTIVITY_TYPE_TRADE,scc-senate-gop-2026-11-03-55,SELL,ORDER_INTENT_BUY_SHORT,0.05,27.99,CMHK4VG5TWPA,passive,,2026-09-21T11:02:54.636960873Z,0.071,-0.02,0,1,ORDER_STATE_FILLED,UNSOLICITED_CXL_REASON_UNDEFINED,ORD_REJECT_REASON_EXCHANGE_OPTION,,
1789988880.9,2026-09-21T11:08:00.854054498Z,ACTIVITY_TYPE_TRADE,scc-senate-gop-2026-11-03-54,SELL,ORDER_INTENT_BUY_SHORT,0.05,28,CMHJY09DTWPD,passive,,2026-09-21T11:02:07.188260273Z,0.098,-0.02,0,1,ORDER_STATE_FILLED,UNSOLICITED_CXL_REASON_UNDEFINED,ORD_REJECT_REASON_EXCHANGE_OPTION,,
1789989076.1,2026-09-21T11:11:16.107032200Z,ACTIVITY_TYPE_TRADE,scc-senate-gop-2026-11-03-51,SELL,ORDER_INTENT_SELL_LONG,0.12,115,CMBX5AVVCWPH,passive,-10.43,2026-09-21T04:21:50.499245567Z,6.824,-0.15,0,1,ORDER_STATE_FILLED,UNSOLICITED_CXL_REASON_UNDEFINED,ORD_REJECT_REASON_EXCHANGE_OPTION,,
1789989712.9,2026-09-21T11:21:52.865238232Z,ACTIVITY_TYPE_TRADE,aachc-cfb-wins-2026-11-28-clmsn-7pt5wins,BUY,ORDER_INTENT_SELL_SHORT,0.34,1,CM5NGXDR0WPC,passive,0.34,2026-09-20T20:54:49.860871950Z,14.451,0,0,1,ORDER_STATE_FILLED,UNSOLICITED_CXL_REASON_UNDEFINED,ORD_REJECT_REASON_EXCHANGE_OPTION,,
1789990734.8,2026-09-21T11:38:54.819687844Z,ACTIVITY_TYPE_TRADE,usgubewc-usgub-fl-2026-11-03-dem,SELL,ORDER_INTENT_SELL_LONG,0.19,20,CM9SXHQDEWPB,passive,-1.34,2026-09-21T01:48:05.096889331Z,9.847,-0.04,0,1,ORDER_STATE_FILLED,UNSOLICITED_CXL_REASON_UNDEFINED,ORD_REJECT_REASON_EXCHANGE_OPTION,,
1789992495.1,2026-09-21T12:08:15.107878606Z,ACTIVITY_TYPE_TRADE,paccc-usse-midterms-2026-11-03-dem,BUY,ORDER_INTENT_BUY_LONG,0.605,6,CMJEQ5798WP7,passive,,2026-09-21T12:03:24.787974587Z,0.081,-0.02,0,1,ORDER_STATE_PARTIALLY_FILLED,UNSOLICITED_CXL_REASON_UNDEFINED,ORD_REJECT_REASON_EXCHANGE_OPTION,,
1789992988.1,2026-09-21T12:16:28.107093587Z,ACTIVITY_TYPE_TRADE,cpoc-ussec-tx-mi-me-2026-11-03-dtx-rmi-rme,SELL,ORDER_INTENT_BUY_SHORT,0.03,19,CMJEWVQD4WPB,passive,,2026-09-21T12:03:24.896970858Z,0.218,-0.01,0,1,ORDER_STATE_FILLED,UNSOLICITED_CXL_REASON_UNDEFINED,ORD_REJECT_REASON_EXCHANGE_OPTION,,
1789993044.7,2026-09-21T12:17:24.658238672Z,ACTIVITY_TYPE_TRADE,paccc-usho-midterms-2026-11-03-rep,SELL,ORDER_INTENT_SELL_LONG,0.1,186,CMHMANG12WPA,passive,-34.22,2026-09-21T11:05:07.171289057Z,1.205,-0.21,0,1,ORDER_STATE_PARTIALLY_FILLED,UNSOLICITED_CXL_REASON_UNDEFINED,ORD_REJECT_REASON_EXCHANGE_OPTION,,
1789993069.2,2026-09-21T12:17:49.181840294Z,ACTIVITY_TYPE_TRADE,paccc-usho-midterms-2026-11-03-rep,SELL,ORDER_INTENT_SELL_LONG,0.1,49,CMHMANG12WPA,passive,-9.01,2026-09-21T11:05:07.171289057Z,1.212,-0.06,0,1,ORDER_STATE_FILLED,UNSOLICITED_CXL_REASON_UNDEFINED,ORD_REJECT_REASON_EXCHANGE_OPTION,,
1789993095.9,2026-09-21T12:18:15.876819458Z,ACTIVITY_TYPE_TRADE,cpoc-ussec-tx-mi-me-2026-11-03-dtx-rmi-dme,BUY,ORDER_INTENT_BUY_LONG,0.07,53,CMHQQXCYRWP6,passive,,2026-09-21T11:12:24.720618636Z,1.098,-0.04,0,1,ORDER_STATE_FILLED,UNSOLICITED_CXL_REASON_UNDEFINED,ORD_REJECT_REASON_EXCHANGE_OPTION,,
1789993109.2,2026-09-21T12:18:29.203399109Z,ACTIVITY_TYPE_TRADE,cpoc-ussec-tx-mi-me-2026-11-03-dtx-rmi-dme,BUY,ORDER_INTENT_BUY_LONG,0.07,0.78,CMJNX0CGRWP9,passive,,2026-09-21T12:18:24.706798007Z,0.001,0,0,1,ORDER_STATE_PARTIALLY_FILLED,UNSOLICITED_CXL_REASON_UNDEFINED,ORD_REJECT_REASON_EXCHANGE_OPTION,,
1789993122.2,2026-09-21T12:18:42.163643417Z,ACTIVITY_TYPE_TRADE,cpoc-ussec-tx-mi-me-2026-11-03-dtx-rmi-dme,BUY,ORDER_INTENT_BUY_LONG,0.07,12.22,CMJNX0CGRWP9,passive,,2026-09-21T12:18:24.706798007Z,0.005,-0.01,0,1,ORDER_STATE_FILLED,UNSOLICITED_CXL_REASON_UNDEFINED,ORD_REJECT_REASON_EXCHANGE_OPTION,,
1789993486.5,2026-09-21T12:24:46.522817676Z,ACTIVITY_TYPE_TRADE,cpoc-ussec-tx-mi-me-2026-11-03-rtx-rmi-dme,BUY,ORDER_INTENT_BUY_LONG,0.08,11.02,CMJQ72552WPD,passive,,2026-09-21T12:21:24.707126250Z,0.056,-0.01,0,1,ORDER_STATE_PARTIALLY_FILLED,UNSOLICITED_CXL_REASON_UNDEFINED,ORD_REJECT_REASON_EXCHANGE_OPTION,,
1789994624.8,2026-09-21T12:43:44.754347859Z,ACTIVITY_TYPE_TRADE,paccc-usho-midterms-2026-11-03-rep,SELL,ORDER_INTENT_BUY_SHORT,0.101,39,CMK0WJFMJWPH,passive,,2026-09-21T12:40:54.843011516Z,0.047,-0.04,0,1,ORDER_STATE_FILLED,UNSOLICITED_CXL_REASON_UNDEFINED,ORD_REJECT_REASON_EXCHANGE_OPTION,,
1789996697.5,2026-09-21T13:18:17.529360489Z,ACTIVITY_TYPE_TRADE,paccc-usho-midterms-2026-11-03-rep,SELL,ORDER_INTENT_BUY_SHORT,0.113,10,CMKF41NF8WPB,passive,,2026-09-21T13:12:22.813499368Z,0.099,-0.01,0,1,ORDER_STATE_FILLED,UNSOLICITED_CXL_REASON_UNDEFINED,ORD_REJECT_REASON_EXCHANGE_OPTION,,
1789997214.5,2026-09-21T13:26:54.542040821Z,ACTIVITY_TYPE_TRADE,scc-senate-gop-2026-11-03-54,BUY,ORDER_INTENT_SELL_SHORT,0.05,28,CMKJBCAW4WPD,passive,-24.9,2026-09-21T13:18:52.671770279Z,0.134,-0.02,0,1,ORDER_STATE_FILLED,UNSOLICITED_CXL_REASON_UNDEFINED,ORD_REJECT_REASON_EXCHANGE_OPTION,,
1789997214.9,2026-09-21T13:26:54.884468372Z,ACTIVITY_TYPE_TRADE,scc-senate-gop-2026-11-03-lte45,BUY,ORDER_INTENT_SELL_SHORT,0.07,31,CMCGC0CM0WPF,passive,-25.69,2026-09-21T05:03:35.761491895Z,8.389,-0.03,0,1,ORDER_STATE_FILLED,UNSOLICITED_CXL_REASON_UNDEFINED,ORD_REJECT_REASON_EXCHANGE_OPTION,,
1789997215.4,2026-09-21T13:26:55.361436858Z,ACTIVITY_TYPE_TRADE,scc-senate-gop-2026-11-03-50,BUY,ORDER_INTENT_BUY_LONG,0.14,49,CMKN8QHCRWP9,passive,,2026-09-21T13:23:22.854627747Z,0.059,-0.07,0,1,ORDER_STATE_FILLED,UNSOLICITED_CXL_REASON_UNDEFINED,ORD_REJECT_REASON_EXCHANGE_OPTION,,
1789997215.7,2026-09-21T13:26:55.709077704Z,ACTIVITY_TYPE_TRADE,scc-senate-gop-2026-11-03-48,BUY,ORDER_INTENT_BUY_LONG,0.15,57,CMKP33FCGWPH,passive,,2026-09-21T13:25:10.802963025Z,0.029,-0.09,0,1,ORDER_STATE_FILLED,UNSOLICITED_CXL_REASON_UNDEFINED,ORD_REJECT_REASON_EXCHANGE_OPTION,,
1789998647.3,2026-09-21T13:50:47.276564613Z,ACTIVITY_TYPE_TRADE,paccc-usse-midterms-2026-11-03-dem,SELL,ORDER_INTENT_SELL_LONG,0.606,3,CMJHC9KNTWPB,passive,1.55,2026-09-21T12:08:38.694822723Z,1.702,-0.01,0,1,ORDER_STATE_PARTIALLY_FILLED,UNSOLICITED_CXL_REASON_UNDEFINED,ORD_REJECT_REASON_EXCHANGE_OPTION,,
1789999035.4,2026-09-21T13:57:15.415455373Z,ACTIVITY_TYPE_TRADE,scc-senate-gop-2026-11-03-55,BUY,ORDER_INTENT_SELL_SHORT,0.05,28,CMKPT896RWPH,passive,-26.06,2026-09-21T13:27:15.054784837Z,0.5,-0.02,0,1,ORDER_STATE_FILLED,UNSOLICITED_CXL_REASON_UNDEFINED,ORD_REJECT_REASON_EXCHANGE_OPTION,,
1789999737.6,2026-09-21T14:08:57.619762472Z,ACTIVITY_TYPE_TRADE,paccc-usho-midterms-2026-11-03-rep,BUY,ORDER_INTENT_SELL_SHORT,0.112,49,CMKJS9GDPWPB,passive,-29.48,2026-09-21T13:19:24.469943650Z,0.826,-0.06,0,1,ORDER_STATE_FILLED,UNSOLICITED_CXL_REASON_UNDEFINED,ORD_REJECT_REASON_EXCHANGE_OPTION,,
1790000215.6,2026-09-21T14:16:55.592420033Z,ACTIVITY_TYPE_TRADE,paccc-usho-midterms-2026-11-03-rep,BUY,ORDER_INTENT_BUY_LONG,0.112,345,CMMC8SZSPWP7,passive,,2026-09-21T14:14:12.045115433Z,0.045,-0.43,0,1,ORDER_STATE_FILLED,UNSOLICITED_CXL_REASON_UNDEFINED,ORD_REJECT_REASON_EXCHANGE_OPTION,,
1790002536.3,2026-09-21T14:55:36.330742474Z,ACTIVITY_TYPE_TRADE,paccc-usse-midterms-2026-11-03-dem,SELL,ORDER_INTENT_SELL_LONG,0.606,3,CMM24ZF74WP7,passive,1.55,2026-09-21T13:52:11.209935906Z,1.057,-0.01,0,1,ORDER_STATE_FILLED,UNSOLICITED_CXL_REASON_UNDEFINED,ORD_REJECT_REASON_EXCHANGE_OPTION,,
1790005432.5,2026-09-21T15:43:52.460124236Z,ACTIVITY_TYPE_TRADE,paccc-usse-midterms-2026-11-03-dem,SELL,ORDER_INTENT_BUY_SHORT,0.606,53,CMNM47JTYWPF,passive,,2026-09-21T15:41:08.338325Z,0.046,-0.16,0,1,ORDER_STATE_PARTIALLY_FILLED,UNSOLICITED_CXL_REASON_UNDEFINED,ORD_REJECT_REASON_EXCHANGE_OPTION,,
1790005432.6,2026-09-21T15:43:52.568921871Z,ACTIVITY_TYPE_TRADE,paccc-usse-midterms-2026-11-03-dem,SELL,ORDER_INTENT_BUY_SHORT,0.606,5,CMNM47JTYWPF,passive,,2026-09-21T15:41:08.338325Z,0.046,-0.01,0,1,ORDER_STATE_PARTIALLY_FILLED,UNSOLICITED_CXL_REASON_UNDEFINED,ORD_REJECT_REASON_EXCHANGE_OPTION,,
1790005460.7,2026-09-21T15:44:20.714387862Z,ACTIVITY_TYPE_TRADE,paccc-usse-midterms-2026-11-03-dem,SELL,ORDER_INTENT_BUY_SHORT,0.606,4,CMNM47JTYWPF,passive,,2026-09-21T15:41:08.338325Z,0.053,-0.01,0,1,ORDER_STATE_PARTIALLY_FILLED,UNSOLICITED_CXL_REASON_UNDEFINED,ORD_REJECT_REASON_EXCHANGE_OPTION,,
1790006042.1,2026-09-21T15:54:02.143619293Z,ACTIVITY_TYPE_TRADE,usgubewc-usgub-ny-2026-11-03-dem,BUY,ORDER_INTENT_SELL_SHORT,0.93,40.27,CK93JF66GWPA,passive,16.6,2026-09-19T11:43:24.646700254Z,52.177,-0.03,0,1,ORDER_STATE_PARTIALLY_FILLED,UNSOLICITED_CXL_REASON_UNDEFINED,ORD_REJECT_REASON_EXCHANGE_OPTION,,
1790006256.9,2026-09-21T15:57:36.939066933Z,ACTIVITY_TYPE_TRADE,paccc-usho-midterms-2026-11-03-dem,SELL,ORDER_INTENT_BUY_SHORT,0.899,238,CMNV9PR56WPB,passive,,2026-09-21T15:57:08.365431604Z,0.008,-0.27,0,1,ORDER_STATE_FILLED,UNSOLICITED_CXL_REASON_UNDEFINED,ORD_REJECT_REASON_EXCHANGE_OPTION,,
1790006442.4,2026-09-21T16:00:42.387876294Z,ACTIVITY_TYPE_TRADE,ushrewc-ushr-wa-03-2026-11-03-dem,BUY,ORDER_INTENT_SELL_SHORT,0.93,106,CMNXDZ5RTWPH,passive,81.85,2026-09-21T16:00:25.715654935Z,0.005,-0.09,0,1,ORDER_STATE_FILLED,UNSOLICITED_CXL_REASON_UNDEFINED,ORD_REJECT_REASON_EXCHANGE_OPTION,,
1790006752.3,2026-09-21T16:05:52.306231293Z,ACTIVITY_TYPE_TRADE,usgubewc-usgub-ok-2026-11-03-rep,SELL,ORDER_INTENT_SELL_LONG,0.87,6,CMNJTJMYMWPF,passive,-10.8,2026-09-21T15:37:26.519212236Z,0.474,-0.01,0,1,ORDER_STATE_FILLED,UNSOLICITED_CXL_REASON_UNDEFINED,ORD_REJECT_REASON_EXCHANGE_OPTION,,
1790006842.7,2026-09-21T16:07:22.746771004Z,ACTIVITY_TYPE_TRADE,paccc-usho-midterms-2026-11-03-dem,BUY,ORDER_INTENT_SELL_SHORT,0.912,238,CMNWMFW96WPE,passive,-552.67,2026-09-21T15:58:55.558379045Z,0.141,-0.24,0,1,ORDER_STATE_FILLED,UNSOLICITED_CXL_REASON_UNDEFINED,ORD_REJECT_REASON_EXCHANGE_OPTION,,
1790006866.7,2026-09-21T16:07:46.743112840Z,ACTIVITY_TYPE_TRADE,usgubewc-usgub-ok-2026-11-03-rep,SELL,ORDER_INTENT_SELL_LONG,0.91,0.07,CMP04654TWPE,passive,-0.12,2026-09-21T16:06:39.753529909Z,0.019,0,0,1,ORDER_STATE_PARTIALLY_FILLED,UNSOLICITED_CXL_REASON_UNDEFINED,ORD_REJECT_REASON_EXCHANGE_OPTION,,
1790007169.0,2026-09-21T16:12:48.978146148Z,ACTIVITY_TYPE_TRADE,paccc-usho-midterms-2026-11-03-rep,SELL,ORDER_INTENT_SELL_LONG,0.101,345,CMN0YHQ2MWP7,passive,-63.13,2026-09-21T14:59:08.333771651Z,1.228,-0.39,0,1,ORDER_STATE_FILLED,UNSOLICITED_CXL_REASON_UNDEFINED,ORD_REJECT_REASON_EXCHANGE_OPTION,,
1790007169.1,2026-09-21T16:12:49.138334289Z,ACTIVITY_TYPE_TRADE,paccc-usho-midterms-2026-11-03-dem,BUY,ORDER_INTENT_BUY_LONG,0.912,29,CMP0KT9MJWPC,passive,,2026-09-21T16:07:38.232393062Z,0.086,-0.03,0,1,ORDER_STATE_FILLED,UNSOLICITED_CXL_REASON_UNDEFINED,ORD_REJECT_REASON_EXCHANGE_OPTION,,
1790007224.1,2026-09-21T16:13:44.101569830Z,ACTIVITY_TYPE_TRADE,paccc-usho-midterms-2026-11-03-rep,BUY,ORDER_INTENT_BUY_LONG,0.102,88,CMP35SWYEWP9,passive,,2026-09-21T16:13:38.422178320Z,0.002,-0.1,0,1,ORDER_STATE_PARTIALLY_FILLED,UNSOLICITED_CXL_REASON_UNDEFINED,ORD_REJECT_REASON_EXCHANGE_OPTION,,
1790007229.1,2026-09-21T16:13:49.128987525Z,ACTIVITY_TYPE_TRADE,paccc-usho-midterms-2026-11-03-rep,BUY,ORDER_INTENT_BUY_LONG,0.102,85,CMP35SWYEWP9,passive,,2026-09-21T16:13:38.422178320Z,0.003,-0.1,0,1,ORDER_STATE_PARTIALLY_FILLED,UNSOLICITED_CXL_REASON_UNDEFINED,ORD_REJECT_REASON_EXCHANGE_OPTION,,
1790007231.0,2026-09-21T16:13:51.018095502Z,ACTIVITY_TYPE_TRADE,paccc-usho-midterms-2026-11-03-rep,BUY,ORDER_INTENT_BUY_LONG,0.102,54,CMP35SWYEWP9,passive,,2026-09-21T16:13:38.422178320Z,0.003,-0.06,0,1,ORDER_STATE_PARTIALLY_FILLED,UNSOLICITED_CXL_REASON_UNDEFINED,ORD_REJECT_REASON_EXCHANGE_OPTION,,
1790007320.3,2026-09-21T16:15:20.276515634Z,ACTIVITY_TYPE_TRADE,paccc-usse-midterms-2026-11-03-dem,SELL,ORDER_INTENT_BUY_SHORT,0.616,22,CMP1BP5Q8WPH,passive,,2026-09-21T16:09:38.260541534Z,0.095,-0.07,0,1,ORDER_STATE_FILLED,UNSOLICITED_CXL_REASON_UNDEFINED,ORD_REJECT_REASON_EXCHANGE_OPTION,,
1790008266.7,2026-09-21T16:31:06.731515041Z,ACTIVITY_TYPE_TRADE,paccc-usho-midterms-2026-11-03-dem,BUY,ORDER_INTENT_BUY_LONG,0.911,5,CMP9MKB3TWPE,passive,,2026-09-21T16:28:38.220744354Z,0.041,-0.01,0,1,ORDER_STATE_FILLED,UNSOLICITED_CXL_REASON_UNDEFINED,ORD_REJECT_REASON_EXCHANGE_OPTION,,
1790008689.2,2026-09-21T16:38:09.236863978Z,ACTIVITY_TYPE_TRADE,usgubewc-usgub-tx-2026-11-03-rep,BUY,ORDER_INTENT_BUY_LONG,0.8,24,CMPC61GEGWP6,passive,,2026-09-21T16:34:08.310841309Z,0.067,-0.05,0,1,ORDER_STATE_FILLED,UNSOLICITED_CXL_REASON_UNDEFINED,ORD_REJECT_REASON_EXCHANGE_OPTION,,
1790008728.7,2026-09-21T16:38:48.731786419Z,ACTIVITY_TYPE_TRADE,usgubewc-usgub-tx-2026-11-03-rep,BUY,ORDER_INTENT_BUY_LONG,0.8,24,CMPE7YM7RWPB,passive,,2026-09-21T16:38:26.193783642Z,0.006,-0.05,0,1,ORDER_STATE_FILLED,UNSOLICITED_CXL_REASON_UNDEFINED,ORD_REJECT_REASON_EXCHANGE_OPTION,,
1790008945.8,2026-09-21T16:42:25.805561801Z,ACTIVITY_TYPE_TRADE,scc-senate-gop-2026-11-03-50,SELL,ORDER_INTENT_SELL_LONG,0.14,111,CMM44Q1H0WP6,passive,-12.5,2026-09-21T13:57:11.616337137Z,2.754,-0.17,0,1,ORDER_STATE_FILLED,UNSOLICITED_CXL_REASON_UNDEFINED,ORD_REJECT_REASON_EXCHANGE_OPTION,,
1790008975.7,2026-09-21T16:42:55.747473565Z,ACTIVITY_TYPE_TRADE,paccc-usho-midterms-2026-11-03-rep,SELL,ORDER_INTENT_SELL_LONG,0.103,27,CMP3HADQGWP7,passive,-4.89,2026-09-21T16:14:38.173817953Z,0.472,-0.03,0,1,ORDER_STATE_PARTIALLY_FILLED,UNSOLICITED_CXL_REASON_UNDEFINED,ORD_REJECT_REASON_EXCHANGE_OPTION,,
1790009046.5,2026-09-21T16:44:06.532668279Z,ACTIVITY_TYPE_TRADE,cpoc-ussec-tx-mi-me-2026-11-03-rtx-rmi-dme,SELL,ORDER_INTENT_SELL_LONG,0.02,11,CMNYVYDPYWP7,passive,0.22,2026-09-21T16:03:55.758834164Z,0.67,0,0,1,ORDER_STATE_FILLED,UNSOLICITED_CXL_REASON_UNDEFINED,ORD_REJECT_REASON_EXCHANGE_OPTION,,
1790009345.4,2026-09-21T16:49:05.377623179Z,ACTIVITY_TYPE_TRADE,paccc-usho-midterms-2026-11-03-dem,BUY,ORDER_INTENT_BUY_LONG,0.911,4,CMPJBPDP8WPD,passive,,2026-09-21T16:46:38.276431302Z,0.041,0,0,1,ORDER_STATE_FILLED,UNSOLICITED_CXL_REASON_UNDEFINED,ORD_REJECT_REASON_EXCHANGE_OPTION,,
1790009525.5,2026-09-21T16:52:05.506064381Z,ACTIVITY_TYPE_TRADE,paccc-usho-midterms-2026-11-03-dem,BUY,ORDER_INTENT_BUY_LONG,0.911,4,CMPMD1RJYWP7,passive,,2026-09-21T16:51:33.920582360Z,0.009,0,0,1,ORDER_STATE_FILLED,UNSOLICITED_CXL_REASON_UNDEFINED,ORD_REJECT_REASON_EXCHANGE_OPTION,,
1790009754.3,2026-09-21T16:55:54.285818137Z,ACTIVITY_TYPE_TRADE,paccc-usho-midterms-2026-11-03-rep,SELL,ORDER_INTENT_SELL_LONG,0.103,9,CMP3HADQGWP7,passive,-1.63,2026-09-21T16:14:38.173817953Z,0.688,-0.01,0,1,ORDER_STATE_PARTIALLY_FILLED,UNSOLICITED_CXL_REASON_UNDEFINED,ORD_REJECT_REASON_EXCHANGE_OPTION,,
1790009797.1,2026-09-21T16:56:37.143854694Z,ACTIVITY_TYPE_TRADE,cpoc-ussec-tx-mi-me-2026-11-03-rtx-rmi-dme,SELL,ORDER_INTENT_SELL_LONG,0.04,5.1,CMPKSJDHGWPE,passive,0.2,2026-09-21T16:50:08.274291918Z,0.108,0,0,1,ORDER_STATE_PARTIALLY_FILLED,UNSOLICITED_CXL_REASON_UNDEFINED,ORD_REJECT_REASON_EXCHANGE_OPTION,,
1790010380.0,2026-09-21T17:06:19.972965130Z,ACTIVITY_TYPE_TRADE,ewc-usgub-ia-2026-11-03-dem,SELL,ORDER_INTENT_SELL_LONG,0.77,40,CJM91Y75AW0Y,passive,0.33,2026-09-18T11:30:22.442658057Z,77.599,-0.09,0,1,ORDER_STATE_PARTIALLY_FILLED,UNSOLICITED_CXL_REASON_UNDEFINED,ORD_REJECT_REASON_EXCHANGE_OPTION,,
1790010720.6,2026-09-21T17:12:00.566742546Z,ACTIVITY_TYPE_TRADE,paccc-usho-midterms-2026-11-03-dem,SELL,ORDER_INTENT_SELL_LONG,0.91,42,CMPSPA4CCWPA,passive,-139.62,2026-09-21T17:01:47.555310221Z,0.17,-0.04,0,1,ORDER_STATE_FILLED,UNSOLICITED_CXL_REASON_UNDEFINED,ORD_REJECT_REASON_EXCHANGE_OPTION,,
1790010960.3,2026-09-21T17:16:00.310522143Z,ACTIVITY_TYPE_TRADE,ussewc-usse-il-2026-11-03-dem,SELL,ORDER_INTENT_SELL_LONG,0.97,10,CMPKS3MJCWP6,passive,-17.74,2026-09-21T16:49:27.316091799Z,0.442,0,0,1,ORDER_STATE_FILLED,UNSOLICITED_CXL_REASON_UNDEFINED,ORD_REJECT_REASON_EXCHANGE_OPTION,,
1790011189.8,2026-09-21T17:19:49.792858279Z,ACTIVITY_TYPE_TRADE,ussewc-usse-la-2026-11-03-dem,SELL,ORDER_INTENT_SELL_LONG,0.06,2,CJWD2RWPCW1Y,passive,0.02,2026-09-18T20:53:26.306603047Z,68.44,0,0,1,ORDER_STATE_FILLED,UNSOLICITED_CXL_REASON_UNDEFINED,ORD_REJECT_REASON_EXCHANGE_OPTION,,
1790011291.8,2026-09-21T17:21:31.766886921Z,ACTIVITY_TYPE_TRADE,ussewc-usse-co-2026-11-03-dem,BUY,ORDER_INTENT_SELL_SHORT,0.94,515,CK9ASABXRWP6,passive,-21706.6,2026-09-19T12:00:07.060721474Z,53.357,-0.36,0,1,ORDER_STATE_FILLED,UNSOLICITED_CXL_REASON_UNDEFINED,ORD_REJECT_REASON_EXCHANGE_OPTION,,
1790011525.0,2026-09-21T17:25:25.045593107Z,ACTIVITY_TYPE_TRADE,paccc-usse-midterms-2026-11-03-dem,SELL,ORDER_INTENT_BUY_SHORT,0.617,11,CMQ31A1G6WPF,passive,,2026-09-21T17:22:05.626254538Z,0.055,-0.03,0,1,ORDER_STATE_PARTIALLY_FILLED,UNSOLICITED_CXL_REASON_UNDEFINED,ORD_REJECT_REASON_EXCHANGE_OPTION,,
1790011948.0,2026-09-21T17:32:27.959752533Z,ACTIVITY_TYPE_TRADE,paccc-usho-midterms-2026-11-03-rep,SELL,ORDER_INTENT_SELL_LONG,0.103,182,CMP3HADQGWP7,passive,-32.94,2026-09-21T16:14:38.173817953Z,1.297,-0.21,0,1,ORDER_STATE_PARTIALLY_FILLED,UNSOLICITED_CXL_REASON_UNDEFINED,ORD_REJECT_REASON_EXCHANGE_OPTION,,
1790012113.9,2026-09-21T17:35:13.891623192Z,ACTIVITY_TYPE_TRADE,cpoc-ussec-tx-me-2026-11-03-dsweep,SELL,ORDER_INTENT_SELL_LONG,0.47,41,CMH5QRYHRWPB,passive,19.4,2026-09-21T10:31:54.886041568Z,7.055,-0.13,0,1,ORDER_STATE_FILLED,UNSOLICITED_CXL_REASON_UNDEFINED,ORD_REJECT_REASON_EXCHANGE_OPTION,,
1790013318.5,2026-09-21T17:55:18.464107969Z,ACTIVITY_TYPE_TRADE,paccc-usho-midterms-2026-11-03-rep,SELL,ORDER_INTENT_SELL_LONG,0.103,9,CMP3HADQGWP7,passive,-1.63,2026-09-21T16:14:38.173817953Z,1.678,-0.01,0,1,ORDER_STATE_FILLED,UNSOLICITED_CXL_REASON_UNDEFINED,ORD_REJECT_REASON_EXCHANGE_OPTION,,
1790013516.5,2026-09-21T17:58:36.467110698Z,ACTIVITY_TYPE_TRADE,ewc-usse-tx-2026-11-03-rep,BUY,ORDER_INTENT_SELL_SHORT,0.43,8,CKQ48659YWP9,passive,1.43,2026-09-20T04:01:46.111463336Z,37.947,-0.02,0,1,ORDER_STATE_PARTIALLY_FILLED,UNSOLICITED_CXL_REASON_UNDEFINED,ORD_REJECT_REASON_EXCHANGE_OPTION,,
1790013640.3,2026-09-21T18:00:40.261542708Z,ACTIVITY_TYPE_TRADE,ewc-usse-tx-2026-11-03-rep,BUY,ORDER_INTENT_SELL_SHORT,0.43,32,CKQ48659YWP9,passive,5.73,2026-09-20T04:01:46.111463336Z,37.982,-0.1,0,1,ORDER_STATE_PARTIALLY_FILLED,UNSOLICITED_CXL_REASON_UNDEFINED,ORD_REJECT_REASON_EXCHANGE_OPTION,,
1790014943.0,2026-09-21T18:22:23.008796931Z,ACTIVITY_TYPE_TRADE,ewc-usgub-nv-2026-11-03-dem,SELL,ORDER_INTENT_SELL_LONG,0.45,10,CJWBHWJ68W7H,passive,1.06,2026-09-18T20:50:22.351642005Z,69.534,-0.03,0,1,ORDER_STATE_PARTIALLY_FILLED,UNSOLICITED_CXL_REASON_UNDEFINED,ORD_REJECT_REASON_EXCHANGE_OPTION,,
1790015847.4,2026-09-21T18:37:27.382506128Z,ACTIVITY_TYPE_TRADE,ewc-usse-tx-2026-11-03-rep,BUY,ORDER_INTENT_SELL_SHORT,0.43,33,CKQ48659YWP9,passive,5.91,2026-09-20T04:01:46.111463336Z,38.595,-0.1,0,1,ORDER_STATE_FILLED,UNSOLICITED_CXL_REASON_UNDEFINED,ORD_REJECT_REASON_EXCHANGE_OPTION,,
1790016718.8,2026-09-21T18:51:58.756306840Z,ACTIVITY_TYPE_TRADE,paccc-usho-midterms-2026-11-03-rep,BUY,ORDER_INTENT_BUY_LONG,0.101,552,CMQX5VEMGWPB,passive,,2026-09-21T18:19:58.655116028Z,0.533,-0.63,0,1,ORDER_STATE_FILLED,UNSOLICITED_CXL_REASON_UNDEFINED,ORD_REJECT_REASON_EXCHANGE_OPTION,,
1790016744.2,2026-09-21T18:52:24.189927394Z,ACTIVITY_TYPE_TRADE,paccc-usho-midterms-2026-11-03-rep,BUY,ORDER_INTENT_BUY_LONG,0.09,222,CMRBWDV6CWPA,passive,,2026-09-21T18:52:11.751522208Z,0.003,-0.23,0,1,ORDER_STATE_PARTIALLY_FILLED,UNSOLICITED_CXL_REASON_UNDEFINED,ORD_REJECT_REASON_EXCHANGE_OPTION,,
1790016775.4,2026-09-21T18:52:55.411156623Z,ACTIVITY_TYPE_TRADE,ewc-usse-mi-2026-11-03-rep,SELL,ORDER_INTENT_SELL_LONG,0.33,16,CJN7PQB5EW22,passive,-1.13,2026-09-18T12:33:26.022882858Z,78.325,-0.04,0,1,ORDER_STATE_PARTIALLY_FILLED,UNSOLICITED_CXL_REASON_UNDEFINED,ORD_REJECT_REASON_EXCHANGE_OPTION,,
1790016784.0,2026-09-21T18:53:04.026670337Z,ACTIVITY_TYPE_TRADE,paccc-usse-midterms-2026-11-03-dem,SELL,ORDER_INTENT_BUY_SHORT,0.618,39,CMRBWXJ4YWPD,passive,,2026-09-21T18:51:59.475475945Z,0.018,-0.12,0,1,ORDER_STATE_PARTIALLY_FILLED,UNSOLICITED_CXL_REASON_UNDEFINED,ORD_REJECT_REASON_EXCHANGE_OPTION,,
1790017091.0,2026-09-21T18:58:10.966458577Z,ACTIVITY_TYPE_TRADE,ewc-usse-mi-2026-11-03-rep,SELL,ORDER_INTENT_SELL_LONG,0.33,28,CJN7PQB5EW22,passive,-1.97,2026-09-18T12:33:26.022882858Z,78.412,-0.08,0,1,ORDER_STATE_PARTIALLY_FILLED,UNSOLICITED_CXL_REASON_UNDEFINED,ORD_REJECT_REASON_EXCHANGE_OPTION,,
1790017727.8,2026-09-21T19:08:47.758337315Z,ACTIVITY_TYPE_TRADE,ewc-usse-mi-2026-11-03-rep,SELL,ORDER_INTENT_SELL_LONG,0.33,5,CJN7PQB5EW22,passive,-0.36,2026-09-18T12:33:26.022882858Z,78.589,-0.01,0,1,ORDER_STATE_PARTIALLY_FILLED,UNSOLICITED_CXL_REASON_UNDEFINED,ORD_REJECT_REASON_EXCHANGE_OPTION,,
1790017922.5,2026-09-21T19:12:02.518669572Z,ACTIVITY_TYPE_TRADE,cpoc-ussec-tx-me-2026-11-03-rsweep,SELL,ORDER_INTENT_SELL_LONG,0.27,5.81,CMCHYK5DRWPC,passive,1.58,2026-09-21T05:07:05.751231734Z,14.082,-0.01,0,1,ORDER_STATE_PARTIALLY_FILLED,UNSOLICITED_CXL_REASON_UNDEFINED,ORD_REJECT_REASON_EXCHANGE_OPTION,,
1790018005.5,2026-09-21T19:13:25.534326666Z,ACTIVITY_TYPE_TRADE,scc-senate-gop-2026-11-03-48,SELL,ORDER_INTENT_SELL_LONG,0.15,57,CMKQ9598PWPD,passive,-35.28,2026-09-21T13:28:11.257248029Z,5.754,-0.09,0,1,ORDER_STATE_FILLED,UNSOLICITED_CXL_REASON_UNDEFINED,ORD_REJECT_REASON_EXCHANGE_OPTION,,
1790019638.5,2026-09-21T19:40:38.502896680Z,ACTIVITY_TYPE_TRADE,paccc-usse-midterms-2026-11-03-dem,BUY,ORDER_INTENT_SELL_SHORT,0.618,73,CMRPBX0QJWP7,passive,33.88,2026-09-21T19:12:11.942446144Z,0.474,-0.22,0,1,ORDER_STATE_PARTIALLY_FILLED,UNSOLICITED_CXL_REASON_UNDEFINED,ORD_REJECT_REASON_EXCHANGE_OPTION,,
1790019691.4,2026-09-21T19:41:31.394284846Z,ACTIVITY_TYPE_TRADE,paccc-usse-midterms-2026-11-03-dem,BUY,ORDER_INTENT_SELL_SHORT,0.618,16,CMRPBX0QJWP7,passive,4.29,2026-09-21T19:12:11.942446144Z,0.489,-0.05,0,1,ORDER_STATE_PARTIALLY_FILLED,UNSOLICITED_CXL_REASON_UNDEFINED,ORD_REJECT_REASON_EXCHANGE_OPTION,,
1790019847.0,2026-09-21T19:44:07.007477303Z,ACTIVITY_TYPE_TRADE,paccc-usse-midterms-2026-11-03-dem,BUY,ORDER_INTENT_SELL_SHORT,0.618,16,CMRPBX0QJWP7,passive,-2.3,2026-09-21T19:12:11.942446144Z,0.532,-0.05,0,1,ORDER_STATE_PARTIALLY_FILLED,UNSOLICITED_CXL_REASON_UNDEFINED,ORD_REJECT_REASON_EXCHANGE_OPTION,,
1790019929.0,2026-09-21T19:45:28.982378999Z,ACTIVITY_TYPE_TRADE,paccc-usse-midterms-2026-11-03-dem,BUY,ORDER_INTENT_SELL_SHORT,0.618,16,CMRPBX0QJWP7,passive,-24.97,2026-09-21T19:12:11.942446144Z,0.555,-0.05,0,1,ORDER_STATE_PARTIALLY_FILLED,UNSOLICITED_CXL_REASON_UNDEFINED,ORD_REJECT_REASON_EXCHANGE_OPTION,,
1790020329.8,2026-09-21T19:52:09.841145408Z,ACTIVITY_TYPE_TRADE,ewc-usse-oh-2026-11-03-dem,SELL,ORDER_INTENT_BUY_SHORT,0.6,131,CMS39ZGK8WP7,passive,,2026-09-21T19:41:27.668354965Z,0.178,-0.39,0,1,ORDER_STATE_FILLED,UNSOLICITED_CXL_REASON_UNDEFINED,ORD_REJECT_REASON_EXCHANGE_OPTION,,
1790020529.0,2026-09-21T19:55:28.997563767Z,ACTIVITY_TYPE_TRADE,paccc-usse-midterms-2026-11-03-dem,BUY,ORDER_INTENT_SELL_SHORT,0.618,13,CMRPBX0QJWP7,passive,-20.29,2026-09-21T19:12:11.942446144Z,0.721,-0.04,0,1,ORDER_STATE_FILLED,UNSOLICITED_CXL_REASON_UNDEFINED,ORD_REJECT_REASON_EXCHANGE_OPTION,,
1790020773.7,2026-09-21T19:59:33.704113858Z,ACTIVITY_TYPE_TRADE,paccc-usho-midterms-2026-11-03-rep,SELL,ORDER_INTENT_SELL_LONG,0.091,7,CMRCQ171TWPE,passive,-1.35,2026-09-21T18:53:11.219023317Z,1.106,-0.01,0,1,ORDER_STATE_PARTIALLY_FILLED,UNSOLICITED_CXL_REASON_UNDEFINED,ORD_REJECT_REASON_EXCHANGE_OPTION,,
1790020780.4,2026-09-21T19:59:40.434784460Z,ACTIVITY_TYPE_TRADE,paccc-usho-midterms-2026-11-03-rep,SELL,ORDER_INTENT_SELL_LONG,0.091,51,CMRCQ171TWPE,passive,-9.85,2026-09-21T18:53:11.219023317Z,1.108,-0.05,0,1,ORDER_STATE_PARTIALLY_FILLED,UNSOLICITED_CXL_REASON_UNDEFINED,ORD_REJECT_REASON_EXCHANGE_OPTION,,
1790020837.1,2026-09-21T20:00:37.052551617Z,ACTIVITY_TYPE_TRADE,paccc-usho-midterms-2026-11-03-rep,SELL,ORDER_INTENT_SELL_LONG,0.091,51,CMRCQ171TWPE,passive,-9.85,2026-09-21T18:53:11.219023317Z,1.124,-0.05,0,1,ORDER_STATE_PARTIALLY_FILLED,UNSOLICITED_CXL_REASON_UNDEFINED,ORD_REJECT_REASON_EXCHANGE_OPTION,,
1790020919.7,2026-09-21T20:01:59.723538954Z,ACTIVITY_TYPE_TRADE,paccc-usho-midterms-2026-11-03-rep,SELL,ORDER_INTENT_SELL_LONG,0.091,665,CMRCQ171TWPE,passive,-128.4,2026-09-21T18:53:11.219023317Z,1.147,-0.69,0,1,ORDER_STATE_FILLED,UNSOLICITED_CXL_REASON_UNDEFINED,ORD_REJECT_REASON_EXCHANGE_OPTION,,
1790021339.3,2026-09-21T20:08:59.321666791Z,ACTIVITY_TYPE_TRADE,ushrewc-ushr-tx-34-2026-11-03-dem,SELL,ORDER_INTENT_SELL_LONG,0.74,10,CKWRX3SEYWPA,passive,7.42,2026-09-20T10:43:00.329647207Z,33.433,-0.02,0,1,ORDER_STATE_FILLED,UNSOLICITED_CXL_REASON_UNDEFINED,ORD_REJECT_REASON_EXCHANGE_OPTION,,
1790021552.2,2026-09-21T20:12:32.154600005Z,ACTIVITY_TYPE_TRADE,ewc-usse-mi-2026-11-03-rep,SELL,ORDER_INTENT_SELL_LONG,0.33,37,CJN7PQB5EW22,passive,-2.6,2026-09-18T12:33:26.022882858Z,79.652,-0.1,0,1,ORDER_STATE_FILLED,UNSOLICITED_CXL_REASON_UNDEFINED,ORD_REJECT_REASON_EXCHANGE_OPTION,,
1790021659.5,2026-09-21T20:14:19.458965404Z,ACTIVITY_TYPE_TRADE,paccc-usse-midterms-2026-11-03-dem,SELL,ORDER_INTENT_BUY_SHORT,0.619,7,CMSGVFGWEWPE,passive,,2026-09-21T20:10:45.190942682Z,0.06,-0.02,0,1,ORDER_STATE_PARTIALLY_FILLED,UNSOLICITED_CXL_REASON_UNDEFINED,ORD_REJECT_REASON_EXCHANGE_OPTION,,
1790022088.1,2026-09-21T20:21:28.086129763Z,ACTIVITY_TYPE_TRADE,ushrewc-ushr-tx-34-2026-11-03-dem,SELL,ORDER_INTENT_BUY_SHORT,0.75,261,CMSGAXBC2WPE,passive,,2026-09-21T20:09:27.922556610Z,0.2,-0.61,0,1,ORDER_STATE_FILLED,UNSOLICITED_CXL_REASON_UNDEFINED,ORD_REJECT_REASON_EXCHANGE_OPTION,,
1790022499.9,2026-09-21T20:28:19.938796052Z,ACTIVITY_TYPE_TRADE,aachc-cfb-wins-2026-11-28-clmsn-7pt5wins,SELL,ORDER_INTENT_SELL_LONG,0.34,1,CMSRHK5QYWPA,aggressor,0.32,2026-09-21T20:28:19.937081872Z,0,0.02,0,1,ORDER_STATE_FILLED,UNSOLICITED_CXL_REASON_UNDEFINED,ORD_REJECT_REASON_EXCHANGE_OPTION,,
1790022995.0,2026-09-21T20:36:35.013431371Z,ACTIVITY_TYPE_TRADE,paccc-usho-midterms-2026-11-03-rep,SELL,ORDER_INTENT_BUY_SHORT,0.098,57,CMSNKDH8JWPA,passive,,2026-09-21T20:22:45.502274010Z,0.23,-0.06,0,1,ORDER_STATE_FILLED,UNSOLICITED_CXL_REASON_UNDEFINED,ORD_REJECT_REASON_EXCHANGE_OPTION,,
1790023725.3,2026-09-21T20:48:45.303343462Z,ACTIVITY_TYPE_TRADE,paccc-usse-midterms-2026-11-03-dem,BUY,ORDER_INTENT_SELL_SHORT,0.618,7,CMSJGYB7PWPD,passive,-10.93,2026-09-21T20:15:27.651226241Z,0.555,-0.02,0,1,ORDER_STATE_FILLED,UNSOLICITED_CXL_REASON_UNDEFINED,ORD_REJECT_REASON_EXCHANGE_OPTION,,
1790024615.6,2026-09-21T21:03:35.564802349Z,ACTIVITY_TYPE_TRADE,paccc-usho-midterms-2026-11-03-rep,SELL,ORDER_INTENT_BUY_SHORT,0.102,9,CMT569EFEWPA,passive,,2026-09-21T20:58:45.921316194Z,0.08,-0.01,0,1,ORDER_STATE_PARTIALLY_FILLED,UNSOLICITED_CXL_REASON_UNDEFINED,ORD_REJECT_REASON_EXCHANGE_OPTION,,
1790025775.8,2026-09-21T21:22:55.766095452Z,ACTIVITY_TYPE_ACCOUNT_DEPOSIT,,,,,,,,,,,,,,,,,25,
1790026425.1,2026-09-21T21:33:45.142282154Z,ACTIVITY_TYPE_TRADE,ewc-usgub-oh-2026-11-03-rep,SELL,ORDER_INTENT_BUY_SHORT,0.41,63,CMTHMENVTWPC,passive,,2026-09-21T21:33:30.683320035Z,0.004,-0.19,0,1,ORDER_STATE_FILLED,UNSOLICITED_CXL_REASON_UNDEFINED,ORD_REJECT_REASON_EXCHANGE_OPTION,,
1790026763.9,2026-09-21T21:39:23.890506316Z,ACTIVITY_TYPE_TRADE,paccc-usho-midterms-2026-11-03-rep,BUY,ORDER_INTENT_SELL_SHORT,0.102,66,CMTFDSWEJWPC,passive,-40.37,2026-09-21T21:27:30.893943552Z,0.198,-0.08,0,1,ORDER_STATE_FILLED,UNSOLICITED_CXL_REASON_UNDEFINED,ORD_REJECT_REASON_EXCHANGE_OPTION,,
1790027592.3,2026-09-21T21:53:12.251953768Z,ACTIVITY_TYPE_TRADE,ewc-usgub-wi-2026-11-03-dem,SELL,ORDER_INTENT_SELL_LONG,0.83,14,CJVWP40J8W1Y,passive,-0.54,2026-09-18T20:16:57.042868394Z,73.604,-0.02,0,1,ORDER_STATE_PARTIALLY_FILLED,UNSOLICITED_CXL_REASON_UNDEFINED,ORD_REJECT_REASON_EXCHANGE_OPTION,,
1790027618.2,2026-09-21T21:53:38.220039903Z,ACTIVITY_TYPE_TRADE,paccc-usse-midterms-2026-11-03-dem,BUY,ORDER_INTENT_BUY_LONG,0.618,4,CMTMQ39X0WP9,passive,,2026-09-21T21:39:31.728482409Z,0.235,-0.01,0,1,ORDER_STATE_PARTIALLY_FILLED,UNSOLICITED_CXL_REASON_UNDEFINED,ORD_REJECT_REASON_EXCHANGE_OPTION,,
1790027895.5,2026-09-21T21:58:15.494425228Z,ACTIVITY_TYPE_TRADE,paccc-usho-midterms-2026-11-03-rep,BUY,ORDER_INTENT_SELL_SHORT,0.102,576,CMTQ70B6MWP6,passive,-352.36,2026-09-21T21:44:27.717532332Z,0.23,-0.66,0,1,ORDER_STATE_FILLED,UNSOLICITED_CXL_REASON_UNDEFINED,ORD_REJECT_REASON_EXCHANGE_OPTION,,
1790028362.6,2026-09-21T22:06:02.582791304Z,ACTIVITY_TYPE_ACCOUNT_WITHDRAWAL,,,,,,,,,,,,,,,,,3500,
1790028365.6,2026-09-21T22:06:05.581629576Z,ACTIVITY_TYPE_ACCOUNT_WITHDRAWAL,,,,,,,,,,,,,,,,,600,
1790028368.6,2026-09-21T22:06:08.594096439Z,ACTIVITY_TYPE_ACCOUNT_WITHDRAWAL,,,,,,,,,,,,,,,,,500,
1790028371.6,2026-09-21T22:06:11.581717968Z,ACTIVITY_TYPE_ACCOUNT_WITHDRAWAL,,,,,,,,,,,,,,,,,300,
1790028978.1,2026-09-21T22:16:18.071402653Z,ACTIVITY_TYPE_TRADE,paccc-usse-midterms-2026-11-03-dem,SELL,ORDER_INTENT_SELL_LONG,0.619,4,CMTV86SXGWP7,passive,-10.24,2026-09-21T21:53:57.768604691Z,0.372,-0.01,0,1,ORDER_STATE_FILLED,UNSOLICITED_CXL_REASON_UNDEFINED,ORD_REJECT_REASON_EXCHANGE_OPTION,,
1790034029.8,2026-09-21T23:40:29.830510334Z,ACTIVITY_TYPE_TRADE,ushrewc-ushr-wa-03-2026-11-03-rep,SELL,ORDER_INTENT_BUY_SHORT,0.09,51,CMTXQMV60WPB,passive,,2026-09-21T21:58:45.739833929Z,1.696,-0.05,0,1,ORDER_STATE_FILLED,UNSOLICITED_CXL_REASON_UNDEFINED,ORD_REJECT_REASON_EXCHANGE_OPTION,,
1790035713.2,2026-09-22T00:08:33.186772859Z,ACTIVITY_TYPE_TRADE,ewc-usgub-wi-2026-11-03-dem,SELL,ORDER_INTENT_SELL_LONG,0.83,1,CJVWP40J8W1Y,passive,-0.04,2026-09-18T20:16:57.042868394Z,75.86,0,0,1,ORDER_STATE_FILLED,UNSOLICITED_CXL_REASON_UNDEFINED,ORD_REJECT_REASON_EXCHANGE_OPTION,,
1790035921.4,2026-09-22T00:12:01.381520101Z,ACTIVITY_TYPE_TRADE,ewc-usse-tx-2026-11-03-rep,BUY,ORDER_INTENT_BUY_LONG,0.43,82,CMWEQZCARWP6,passive,,2026-09-21T23:41:15.637598125Z,0.513,-0.25,0,1,ORDER_STATE_FILLED,UNSOLICITED_CXL_REASON_UNDEFINED,ORD_REJECT_REASON_EXCHANGE_OPTION,,
1790037448.9,2026-09-22T00:37:28.886436566Z,ACTIVITY_TYPE_TRADE,cpoc-ussec-tx-mi-me-2026-11-03-rtx-rmi-dme,BUY,ORDER_INTENT_SELL_SHORT,0.07,5,CMWZEZJ5GWPD,passive,0.35,2026-09-22T00:16:51.648363930Z,0.344,0,0,1,ORDER_STATE_FILLED,UNSOLICITED_CXL_REASON_UNDEFINED,ORD_REJECT_REASON_EXCHANGE_OPTION,,
1790038438.5,2026-09-22T00:53:58.481672261Z,ACTIVITY_TYPE_TRADE,paccc-usho-midterms-2026-11-03-rep,SELL,ORDER_INTENT_SELL_LONG,0.102,61,CMXDTF48CWPC,passive,-11.1,2026-09-22T00:43:28.150549966Z,0.175,-0.07,0,1,ORDER_STATE_PARTIALLY_FILLED,UNSOLICITED_CXL_REASON_UNDEFINED,ORD_REJECT_REASON_EXCHANGE_OPTION,,
1790039302.3,2026-09-22T01:08:22.291437808Z,ACTIVITY_TYPE_TRADE,paccc-usho-midterms-2026-11-03-rep,SELL,ORDER_INTENT_SELL_LONG,0.102,230,CMXDTF48CWPC,passive,-41.86,2026-09-22T00:43:28.150549966Z,0.415,-0.26,0,1,ORDER_STATE_PARTIALLY_FILLED,UNSOLICITED_CXL_REASON_UNDEFINED,ORD_REJECT_REASON_EXCHANGE_OPTION,,
1790039905.3,2026-09-22T01:18:25.308586861Z,ACTIVITY_TYPE_TRADE,ewc-usse-tx-2026-11-03-rep,SELL,ORDER_INTENT_SELL_LONG,0.43,14,CMWXFBPFMWPE,passive,-4.38,2026-09-22T00:13:15.627507173Z,1.086,-0.04,0,1,ORDER_STATE_PARTIALLY_FILLED,UNSOLICITED_CXL_REASON_UNDEFINED,ORD_REJECT_REASON_EXCHANGE_OPTION,,
1790039980.9,2026-09-22T01:19:40.889921728Z,ACTIVITY_TYPE_TRADE,ewc-usse-tx-2026-11-03-rep,SELL,ORDER_INTENT_SELL_LONG,0.43,22,CMWXFBPFMWPE,passive,-6.88,2026-09-22T00:13:15.627507173Z,1.107,-0.07,0,1,ORDER_STATE_PARTIALLY_FILLED,UNSOLICITED_CXL_REASON_UNDEFINED,ORD_REJECT_REASON_EXCHANGE_OPTION,,
1790040604.6,2026-09-22T01:30:04.600912260Z,ACTIVITY_TYPE_TRADE,ushrewc-ushr-ne-02-2026-11-03-rep,SELL,ORDER_INTENT_SELL_LONG,0.06,20,CJND344BPW22,passive,-0.99,2026-09-18T12:45:44.372139131Z,84.739,-0.01,0,1,ORDER_STATE_PARTIALLY_FILLED,UNSOLICITED_CXL_REASON_UNDEFINED,ORD_REJECT_REASON_EXCHANGE_OPTION,,
1790041203.8,2026-09-22T01:40:03.767569707Z,ACTIVITY_TYPE_TRADE,ushrewc-ushr-ne-02-2026-11-03-rep,SELL,ORDER_INTENT_SELL_LONG,0.06,19,CMY38YVW4WPC,passive,-0.94,2026-09-22T01:32:03.124333019Z,0.134,-0.01,0,1,ORDER_STATE_PARTIALLY_FILLED,UNSOLICITED_CXL_REASON_UNDEFINED,ORD_REJECT_REASON_EXCHANGE_OPTION,,
1790041215.2,2026-09-22T01:40:15.153264130Z,ACTIVITY_TYPE_TRADE,ushrewc-ushr-ne-02-2026-11-03-rep,SELL,ORDER_INTENT_SELL_LONG,0.06,20,CMY38YVW4WPC,passive,-0.99,2026-09-22T01:32:03.124333019Z,0.137,-0.01,0,1,ORDER_STATE_PARTIALLY_FILLED,UNSOLICITED_CXL_REASON_UNDEFINED,ORD_REJECT_REASON_EXCHANGE_OPTION,,
1790041470.7,2026-09-22T01:44:30.662263999Z,ACTIVITY_TYPE_TRADE,ewc-usse-tx-2026-11-03-rep,SELL,ORDER_INTENT_SELL_LONG,0.43,11,CMWXFBPFMWPE,passive,-3.45,2026-09-22T00:13:15.627507173Z,1.521,-0.03,0,1,ORDER_STATE_PARTIALLY_FILLED,UNSOLICITED_CXL_REASON_UNDEFINED,ORD_REJECT_REASON_EXCHANGE_OPTION,,
1790041572.1,2026-09-22T01:46:12.124605992Z,ACTIVITY_TYPE_TRADE,ewc-usse-tx-2026-11-03-rep,SELL,ORDER_INTENT_SELL_LONG,0.43,35,CMWXFBPFMWPE,passive,-10.95,2026-09-22T00:13:15.627507173Z,1.549,-0.11,0,1,ORDER_STATE_FILLED,UNSOLICITED_CXL_REASON_UNDEFINED,ORD_REJECT_REASON_EXCHANGE_OPTION,,
1790041656.2,2026-09-22T01:47:36.205034179Z,ACTIVITY_TYPE_TRADE,ushrewc-ushr-ne-02-2026-11-03-rep,SELL,ORDER_INTENT_SELL_LONG,0.06,20,CMY7Y9NSAWP7,passive,-0.99,2026-09-22T01:42:03.970963831Z,0.092,-0.01,0,1,ORDER_STATE_PARTIALLY_FILLED,UNSOLICITED_CXL_REASON_UNDEFINED,ORD_REJECT_REASON_EXCHANGE_OPTION,,
1790041814.0,2026-09-22T01:50:14.010665474Z,ACTIVITY_TYPE_TRADE,ushrewc-ushr-ne-02-2026-11-03-rep,SELL,ORDER_INTENT_SELL_LONG,0.06,20,CMY7Y9NSAWP7,passive,-0.99,2026-09-22T01:42:03.970963831Z,0.136,-0.01,0,1,ORDER_STATE_PARTIALLY_FILLED,UNSOLICITED_CXL_REASON_UNDEFINED,ORD_REJECT_REASON_EXCHANGE_OPTION,,
1790042042.3,2026-09-22T01:54:02.257475561Z,ACTIVITY_TYPE_TRADE,ushrewc-ushr-ne-02-2026-11-03-rep,SELL,ORDER_INTENT_SELL_LONG,0.06,20,CMY7Y9NSAWP7,passive,-0.99,2026-09-22T01:42:03.970963831Z,0.2,-0.01,0,1,ORDER_STATE_PARTIALLY_FILLED,UNSOLICITED_CXL_REASON_UNDEFINED,ORD_REJECT_REASON_EXCHANGE_OPTION,,
1790042279.6,2026-09-22T01:57:59.625166627Z,ACTIVITY_TYPE_TRADE,ushrewc-ushr-ne-02-2026-11-03-rep,SELL,ORDER_INTENT_SELL_LONG,0.06,20,CMY7Y9NSAWP7,passive,-0.99,2026-09-22T01:42:03.970963831Z,0.265,-0.01,0,1,ORDER_STATE_PARTIALLY_FILLED,UNSOLICITED_CXL_REASON_UNDEFINED,ORD_REJECT_REASON_EXCHANGE_OPTION,,
1790042424.6,2026-09-22T02:00:24.582900188Z,ACTIVITY_TYPE_TRADE,ushrewc-ushr-ne-02-2026-11-03-rep,SELL,ORDER_INTENT_SELL_LONG,0.06,20,CMY7Y9NSAWP7,passive,-0.99,2026-09-22T01:42:03.970963831Z,0.306,-0.01,0,1,ORDER_STATE_PARTIALLY_FILLED,UNSOLICITED_CXL_REASON_UNDEFINED,ORD_REJECT_REASON_EXCHANGE_OPTION,,
1790042665.8,2026-09-22T02:04:25.796604383Z,ACTIVITY_TYPE_TRADE,ushrewc-ushr-ne-02-2026-11-03-rep,SELL,ORDER_INTENT_SELL_LONG,0.06,11,CMY7Y9NSAWP7,passive,-0.54,2026-09-22T01:42:03.970963831Z,0.373,-0.01,0,1,ORDER_STATE_FILLED,UNSOLICITED_CXL_REASON_UNDEFINED,ORD_REJECT_REASON_EXCHANGE_OPTION,,
1790044959.3,2026-09-22T02:42:39.281209322Z,ACTIVITY_TYPE_TRADE,ewc-usse-tx-2026-11-03-rep,BUY,ORDER_INTENT_BUY_LONG,0.42,41,CMY9T842PWPD,passive,,2026-09-22T01:46:28.969301463Z,0.936,-0.12,0,1,ORDER_STATE_PARTIALLY_FILLED,UNSOLICITED_CXL_REASON_UNDEFINED,ORD_REJECT_REASON_EXCHANGE_OPTION,,
1790045059.5,2026-09-22T02:44:19.472573635Z,ACTIVITY_TYPE_TRADE,paccc-usho-midterms-2026-11-03-rep,SELL,ORDER_INTENT_SELL_LONG,0.102,285,CMXSQCYBMWP9,passive,-51.86,2026-09-22T01:09:58.333083769Z,1.573,-0.33,0,1,ORDER_STATE_FILLED,UNSOLICITED_CXL_REASON_UNDEFINED,ORD_REJECT_REASON_EXCHANGE_OPTION,,
1790047384.2,2026-09-22T03:23:04.162357975Z,ACTIVITY_TYPE_TRADE,ussewc-usse-co-2026-11-03-dem,SELL,ORDER_INTENT_BUY_SHORT,0.95,366,CMYYK40DYWPD,passive,,2026-09-22T02:33:31.128620710Z,0.826,-0.22,0,1,ORDER_STATE_FILLED,UNSOLICITED_CXL_REASON_UNDEFINED,ORD_REJECT_REASON_EXCHANGE_OPTION,,
1790047771.3,2026-09-22T03:29:31.331991277Z,ACTIVITY_TYPE_TRADE,paccc-usse-midterms-2026-11-03-dem,SELL,ORDER_INTENT_BUY_SHORT,0.619,14,CMZJRWZKEWPE,passive,,2026-09-22T03:21:46.274209227Z,0.129,-0.04,0,1,ORDER_STATE_PARTIALLY_FILLED,UNSOLICITED_CXL_REASON_UNDEFINED,ORD_REJECT_REASON_EXCHANGE_OPTION,,
1790049471.2,2026-09-22T03:57:51.242400628Z,ACTIVITY_TYPE_TRADE,paccc-usse-midterms-2026-11-03-dem,SELL,ORDER_INTENT_BUY_SHORT,0.619,3,CMZYTAMXJWPB,passive,,2026-09-22T03:50:43.656642184Z,0.119,-0.01,0,1,ORDER_STATE_PARTIALLY_FILLED,UNSOLICITED_CXL_REASON_UNDEFINED,ORD_REJECT_REASON_EXCHANGE_OPTION,,
1790050524.4,2026-09-22T04:15:24.429123648Z,ACTIVITY_TYPE_TRADE,paccc-usse-midterms-2026-11-03-dem,SELL,ORDER_INTENT_BUY_SHORT,0.619,28,CN09WKM8RWP9,passive,,2026-09-22T04:13:14.281188576Z,0.036,-0.08,0,1,ORDER_STATE_FILLED,UNSOLICITED_CXL_REASON_UNDEFINED,ORD_REJECT_REASON_EXCHANGE_OPTION,,
1790051115.6,2026-09-22T04:25:15.584824454Z,ACTIVITY_TYPE_TRADE,ewc-usse-ia-2026-11-03-rep,BUY,ORDER_INTENT_BUY_LONG,0.58,69,CN0E58F3MWP7,passive,,2026-09-22T04:25:13.791229961Z,0,-0.21,0,1,ORDER_STATE_FILLED,UNSOLICITED_CXL_REASON_UNDEFINED,ORD_REJECT_REASON_EXCHANGE_OPTION,,
1790051683.2,2026-09-22T04:34:43.184335895Z,ACTIVITY_TYPE_TRADE,paccc-usse-midterms-2026-11-03-rep,BUY,ORDER_INTENT_BUY_LONG,0.413,73,CN0EHWYJ4WPE,passive,,2026-09-22T04:25:28.766977956Z,0.154,-0.22,0,1,ORDER_STATE_FILLED,UNSOLICITED_CXL_REASON_UNDEFINED,ORD_REJECT_REASON_EXCHANGE_OPTION,,
1790051975.0,2026-09-22T04:39:35.003860682Z,ACTIVITY_TYPE_TRADE,ewc-usse-tx-2026-11-03-rep,BUY,ORDER_INTENT_BUY_LONG,0.42,53,CN0HHD7SRWPF,passive,,2026-09-22T04:35:04.855636707Z,0.075,-0.16,0,1,ORDER_STATE_FILLED,UNSOLICITED_CXL_REASON_UNDEFINED,ORD_REJECT_REASON_EXCHANGE_OPTION,,
1790052549.1,2026-09-22T04:49:09.126272075Z,ACTIVITY_TYPE_TRADE,paccc-usse-midterms-2026-11-03-dem,SELL,ORDER_INTENT_BUY_SHORT,0.619,2,CN0N904CJWP6,passive,,2026-09-22T04:46:31.630565052Z,0.044,-0.01,0,1,ORDER_STATE_PARTIALLY_FILLED,UNSOLICITED_CXL_REASON_UNDEFINED,ORD_REJECT_REASON_EXCHANGE_OPTION,,
1790053076.3,2026-09-22T04:57:56.333410523Z,ACTIVITY_TYPE_TRADE,usgubewc-usgub-fl-2026-11-03-dem,SELL,ORDER_INTENT_BUY_SHORT,0.19,20,CN0K8PDS2WP6,passive,,2026-09-22T04:41:31.530311313Z,0.274,-0.04,0,1,ORDER_STATE_FILLED,UNSOLICITED_CXL_REASON_UNDEFINED,ORD_REJECT_REASON_EXCHANGE_OPTION,,
1790053191.5,2026-09-22T04:59:51.487488499Z,ACTIVITY_TYPE_TRADE,ewc-usgub-ia-2026-11-03-dem,SELL,ORDER_INTENT_SELL_LONG,0.77,39,CMPWQ5G3JWPA,passive,0.32,2026-09-21T17:07:35.325930646Z,11.871,-0.09,0,1,ORDER_STATE_FILLED,UNSOLICITED_CXL_REASON_UNDEFINED,ORD_REJECT_REASON_EXCHANGE_OPTION,,
1790053201.2,2026-09-22T05:00:01.163982805Z,ACTIVITY_TYPE_TRADE,paccc-usho-midterms-2026-11-03-rep,BUY,ORDER_INTENT_BUY_LONG,0.1,177,CN0WB9QE2WPC,passive,,2026-09-22T04:59:31.493963589Z,0.008,-0.2,0,1,ORDER_STATE_FILLED,UNSOLICITED_CXL_REASON_UNDEFINED,ORD_REJECT_REASON_EXCHANGE_OPTION,,
1790053237.4,2026-09-22T05:00:37.376113934Z,ACTIVITY_TYPE_TRADE,ewc-usgub-ia-2026-11-03-dem,SELL,ORDER_INTENT_SELL_LONG,0.81,39,CN0WRM97CWPE,passive,1.87,2026-09-22T05:00:04.011062010Z,0.009,-0.08,0,1,ORDER_STATE_FILLED,UNSOLICITED_CXL_REASON_UNDEFINED,ORD_REJECT_REASON_EXCHANGE_OPTION,,
1790053365.2,2026-09-22T05:02:45.239741874Z,ACTIVITY_TYPE_TRADE,paccc-usho-midterms-2026-11-03-rep,SELL,ORDER_INTENT_SELL_LONG,0.094,177,CN0XCJM1AWPE,passive,-33.64,2026-09-22T05:01:13.636282735Z,0.025,-0.19,0,1,ORDER_STATE_FILLED,UNSOLICITED_CXL_REASON_UNDEFINED,ORD_REJECT_REASON_EXCHANGE_OPTION,,
1790053905.3,2026-09-22T05:11:45.289881809Z,ACTIVITY_TYPE_TRADE,paccc-usho-midterms-2026-11-03-rep,SELL,ORDER_INTENT_SELL_LONG,0.094,25,CN10EKEBMWPH,passive,-4.75,2026-09-22T05:08:01.774430950Z,0.062,-0.03,0,1,ORDER_STATE_FILLED,UNSOLICITED_CXL_REASON_UNDEFINED,ORD_REJECT_REASON_EXCHANGE_OPTION,,
1790053968.5,2026-09-22T05:12:48.490413527Z,ACTIVITY_TYPE_TRADE,ewc-usse-tx-2026-11-03-rep,SELL,ORDER_INTENT_SELL_LONG,0.42,94,CN0K0Q76TWPE,passive,-111,2026-09-22T04:40:43.593565466Z,0.535,-0.29,0,1,ORDER_STATE_FILLED,UNSOLICITED_CXL_REASON_UNDEFINED,ORD_REJECT_REASON_EXCHANGE_OPTION,,
1790055030.7,2026-09-22T05:30:30.714237680Z,ACTIVITY_TYPE_TRADE,ewc-usgub-ga-2026-11-03-rep,BUY,ORDER_INTENT_SELL_SHORT,0.43,8,CME33YWEYWP9,passive,1.65,2026-09-21T07:00:09.641991530Z,22.506,-0.02,0,1,ORDER_STATE_FILLED,UNSOLICITED_CXL_REASON_UNDEFINED,ORD_REJECT_REASON_EXCHANGE_OPTION,,
1790055104.2,2026-09-22T05:31:44.242273264Z,ACTIVITY_TYPE_TRADE,ewc-usgub-ia-2026-11-03-dem,SELL,ORDER_INTENT_BUY_SHORT,0.81,145,CN1AT4DREWPC,passive,,2026-09-22T05:30:46.778790722Z,0.016,-0.28,0,1,ORDER_STATE_FILLED,UNSOLICITED_CXL_REASON_UNDEFINED,ORD_REJECT_REASON_EXCHANGE_OPTION,,
1790055796.8,2026-09-22T05:43:16.834417181Z,ACTIVITY_TYPE_TRADE,paccc-usho-midterms-2026-11-03-rep,SELL,ORDER_INTENT_BUY_SHORT,0.094,7,CN18WVVJMWPC,passive,,2026-09-22T05:27:14.181574674Z,0.267,-0.01,0,1,ORDER_STATE_FILLED,UNSOLICITED_CXL_REASON_UNDEFINED,ORD_REJECT_REASON_EXCHANGE_OPTION,,
1790056014.0,2026-09-22T05:46:54.005971645Z,ACTIVITY_TYPE_TRADE,paccc-usse-midterms-2026-11-03-dem,BUY,ORDER_INTENT_SELL_SHORT,0.62,47,CN1F2TTY2WPE,passive,18.77,2026-09-22T05:40:29.200100105Z,0.107,-0.14,0,1,ORDER_STATE_FILLED,UNSOLICITED_CXL_REASON_UNDEFINED,ORD_REJECT_REASON_EXCHANGE_OPTION,,
1790056104.6,2026-09-22T05:48:24.557495915Z,ACTIVITY_TYPE_TRADE,paccc-usse-midterms-2026-11-03-dem,SELL,ORDER_INTENT_BUY_SHORT,0.621,15,CN1JPM1QTWPA,passive,,2026-09-22T05:47:46.782959082Z,0.01,-0.04,0,1,ORDER_STATE_PARTIALLY_FILLED,UNSOLICITED_CXL_REASON_UNDEFINED,ORD_REJECT_REASON_EXCHANGE_OPTION,,
1790056292.6,2026-09-22T05:51:32.646352210Z,ACTIVITY_TYPE_TRADE,paccc-usse-midterms-2026-11-03-rep,SELL,ORDER_INTENT_SELL_LONG,0.365,13,CN1C6FDWJWPH,passive,-7.85,2026-09-22T05:32:47.253687803Z,0.313,-0.04,0,1,ORDER_STATE_PARTIALLY_FILLED,UNSOLICITED_CXL_REASON_UNDEFINED,ORD_REJECT_REASON_EXCHANGE_OPTION,,
1790056304.7,2026-09-22T05:51:44.668635095Z,ACTIVITY_TYPE_TRADE,paccc-usse-midterms-2026-11-03-dem,SELL,ORDER_INTENT_BUY_SHORT,0.621,3,CN1JPM1QTWPA,passive,,2026-09-22T05:47:46.782959082Z,0.066,-0.01,0,1,ORDER_STATE_PARTIALLY_FILLED,UNSOLICITED_CXL_REASON_UNDEFINED,ORD_REJECT_REASON_EXCHANGE_OPTION,,
1790056712.9,2026-09-22T05:58:32.939677812Z,ACTIVITY_TYPE_TRADE,paccc-usse-midterms-2026-11-03-rep,BUY,ORDER_INTENT_BUY_LONG,0.364,2,CN1PVKP2RWPD,passive,,2026-09-22T05:56:36.914087228Z,0.032,-0.01,0,1,ORDER_STATE_PARTIALLY_FILLED,UNSOLICITED_CXL_REASON_UNDEFINED,ORD_REJECT_REASON_EXCHANGE_OPTION,,
1790056963.0,2026-09-22T06:02:43.023871770Z,ACTIVITY_TYPE_TRADE,paccc-usse-midterms-2026-11-03-rep,SELL,ORDER_INTENT_SELL_LONG,0.365,26,CN1C6FDWJWPH,passive,-15.7,2026-09-22T05:32:47.253687803Z,0.499,-0.08,0,1,ORDER_STATE_PARTIALLY_FILLED,UNSOLICITED_CXL_REASON_UNDEFINED,ORD_REJECT_REASON_EXCHANGE_OPTION,,
1790058011.7,2026-09-22T06:20:11.713022983Z,ACTIVITY_TYPE_TRADE,paccc-usse-midterms-2026-11-03-dem,SELL,ORDER_INTENT_BUY_SHORT,0.621,23,CN218ZN38WP7,passive,,2026-09-22T06:18:37.265909594Z,0.026,-0.07,0,1,ORDER_STATE_FILLED,UNSOLICITED_CXL_REASON_UNDEFINED,ORD_REJECT_REASON_EXCHANGE_OPTION,,
1790058187.3,2026-09-22T06:23:07.329189622Z,ACTIVITY_TYPE_TRADE,ushrewc-ushr-nc-01-2026-11-03-dem,SELL,ORDER_INTENT_BUY_SHORT,0.6,0.24,CN23ASWH8WPE,passive,,2026-09-22T06:22:37.300872249Z,0.008,0,0,1,ORDER_STATE_PARTIALLY_FILLED,UNSOLICITED_CXL_REASON_UNDEFINED,ORD_REJECT_REASON_EXCHANGE_OPTION,,
1790058197.7,2026-09-22T06:23:17.687497126Z,ACTIVITY_TYPE_TRADE,ushrewc-ushr-nc-01-2026-11-03-dem,SELL,ORDER_INTENT_BUY_SHORT,0.6,2.76,CN23ASWH8WPE,passive,,2026-09-22T06:22:37.300872249Z,0.011,-0.01,0,1,ORDER_STATE_FILLED,UNSOLICITED_CXL_REASON_UNDEFINED,ORD_REJECT_REASON_EXCHANGE_OPTION,,
1790058851.5,2026-09-22T06:34:11.483741875Z,ACTIVITY_TYPE_TRADE,ewc-usse-ia-2026-11-03-dem,BUY,ORDER_INTENT_SELL_SHORT,0.5,10,CN28XQ844WPF,passive,-3.12,2026-09-22T06:34:07.189894607Z,0.001,-0.03,0,1,ORDER_STATE_PARTIALLY_FILLED,UNSOLICITED_CXL_REASON_UNDEFINED,ORD_REJECT_REASON_EXCHANGE_OPTION,,
1790058861.7,2026-09-22T06:34:21.659755315Z,ACTIVITY_TYPE_TRADE,ewc-usse-ia-2026-11-03-dem,BUY,ORDER_INTENT_SELL_SHORT,0.5,10,CN28XQ844WPF,passive,-3.12,2026-09-22T06:34:07.189894607Z,0.004,-0.03,0,1,ORDER_STATE_PARTIALLY_FILLED,UNSOLICITED_CXL_REASON_UNDEFINED,ORD_REJECT_REASON_EXCHANGE_OPTION,,
1790058871.7,2026-09-22T06:34:31.665241808Z,ACTIVITY_TYPE_TRADE,ewc-usse-ia-2026-11-03-dem,BUY,ORDER_INTENT_SELL_SHORT,0.5,10,CN28XQ844WPF,passive,-3.12,2026-09-22T06:34:07.189894607Z,0.007,-0.03,0,1,ORDER_STATE_PARTIALLY_FILLED,UNSOLICITED_CXL_REASON_UNDEFINED,ORD_REJECT_REASON_EXCHANGE_OPTION,,
1790058882.0,2026-09-22T06:34:42.013335015Z,ACTIVITY_TYPE_TRADE,ewc-usse-ia-2026-11-03-dem,BUY,ORDER_INTENT_SELL_SHORT,0.5,10,CN28XQ844WPF,passive,-3.12,2026-09-22T06:34:07.189894607Z,0.01,-0.03,0,1,ORDER_STATE_PARTIALLY_FILLED,UNSOLICITED_CXL_REASON_UNDEFINED,ORD_REJECT_REASON_EXCHANGE_OPTION,,
1790058892.3,2026-09-22T06:34:52.273341017Z,ACTIVITY_TYPE_TRADE,ewc-usse-ia-2026-11-03-dem,BUY,ORDER_INTENT_SELL_SHORT,0.5,10,CN28XQ844WPF,passive,-3.12,2026-09-22T06:34:07.189894607Z,0.013,-0.03,0,1,ORDER_STATE_PARTIALLY_FILLED,UNSOLICITED_CXL_REASON_UNDEFINED,ORD_REJECT_REASON_EXCHANGE_OPTION,,
1790058902.3,2026-09-22T06:35:02.297979829Z,ACTIVITY_TYPE_TRADE,ewc-usse-ia-2026-11-03-dem,BUY,ORDER_INTENT_SELL_SHORT,0.5,10,CN28XQ844WPF,passive,-3.12,2026-09-22T06:34:07.189894607Z,0.015,-0.03,0,1,ORDER_STATE_PARTIALLY_FILLED,UNSOLICITED_CXL_REASON_UNDEFINED,ORD_REJECT_REASON_EXCHANGE_OPTION,,
1790058912.4,2026-09-22T06:35:12.359426334Z,ACTIVITY_TYPE_TRADE,ewc-usse-ia-2026-11-03-dem,BUY,ORDER_INTENT_SELL_SHORT,0.5,8,CN28XQ844WPF,passive,-2.5,2026-09-22T06:34:07.189894607Z,0.018,-0.02,0,1,ORDER_STATE_FILLED,UNSOLICITED_CXL_REASON_UNDEFINED,ORD_REJECT_REASON_EXCHANGE_OPTION,,
1790058953.1,2026-09-22T06:35:53.127969676Z,ACTIVITY_TYPE_TRADE,ewc-usse-ia-2026-11-03-dem,BUY,ORDER_INTENT_BUY_LONG,0.5,10,CN29TGWHJWP9,passive,,2026-09-22T06:35:38.506157511Z,0.004,-0.03,0,1,ORDER_STATE_PARTIALLY_FILLED,UNSOLICITED_CXL_REASON_UNDEFINED,ORD_REJECT_REASON_EXCHANGE_OPTION,,
1790058963.4,2026-09-22T06:36:03.373777272Z,ACTIVITY_TYPE_TRADE,ewc-usse-ia-2026-11-03-dem,BUY,ORDER_INTENT_BUY_LONG,0.5,10,CN29TGWHJWP9,passive,,2026-09-22T06:35:38.506157511Z,0.007,-0.03,0,1,ORDER_STATE_PARTIALLY_FILLED,UNSOLICITED_CXL_REASON_UNDEFINED,ORD_REJECT_REASON_EXCHANGE_OPTION,,
1790058973.4,2026-09-22T06:36:13.415799246Z,ACTIVITY_TYPE_TRADE,ewc-usse-ia-2026-11-03-dem,BUY,ORDER_INTENT_BUY_LONG,0.5,10,CN29TGWHJWP9,passive,,2026-09-22T06:35:38.506157511Z,0.01,-0.03,0,1,ORDER_STATE_PARTIALLY_FILLED,UNSOLICITED_CXL_REASON_UNDEFINED,ORD_REJECT_REASON_EXCHANGE_OPTION,,
1790058983.7,2026-09-22T06:36:23.702147524Z,ACTIVITY_TYPE_TRADE,ewc-usse-ia-2026-11-03-dem,BUY,ORDER_INTENT_BUY_LONG,0.5,10,CN29TGWHJWP9,passive,,2026-09-22T06:35:38.506157511Z,0.013,-0.03,0,1,ORDER_STATE_PARTIALLY_FILLED,UNSOLICITED_CXL_REASON_UNDEFINED,ORD_REJECT_REASON_EXCHANGE_OPTION,,
1790059081.2,2026-09-22T06:38:01.163671247Z,ACTIVITY_TYPE_TRADE,paccc-usse-midterms-2026-11-03-dem,SELL,ORDER_INTENT_BUY_SHORT,0.624,7,CN2A5PVBAWPB,passive,,2026-09-22T06:35:37.291415973Z,0.04,-0.02,0,1,ORDER_STATE_PARTIALLY_FILLED,UNSOLICITED_CXL_REASON_UNDEFINED,ORD_REJECT_REASON_EXCHANGE_OPTION,,
1790059736.2,2026-09-22T06:48:56.191542159Z,ACTIVITY_TYPE_TRADE,paccc-usho-midterms-2026-11-03-rep,SELL,ORDER_INTENT_BUY_SHORT,0.094,18,CN2F6R75GWPD,passive,,2026-09-22T06:46:07.334870904Z,0.047,-0.02,0,1,ORDER_STATE_FILLED,UNSOLICITED_CXL_REASON_UNDEFINED,ORD_REJECT_REASON_EXCHANGE_OPTION,,
1790060751.7,2026-09-22T07:05:51.748522626Z,ACTIVITY_TYPE_TRADE,paccc-usse-midterms-2026-11-03-dem,SELL,ORDER_INTENT_BUY_SHORT,0.651,22,CN2PG8G5YWPD,passive,,2026-09-22T07:04:07.437037024Z,0.029,-0.06,0,1,ORDER_STATE_FILLED,UNSOLICITED_CXL_REASON_UNDEFINED,ORD_REJECT_REASON_EXCHANGE_OPTION,,
1790061142.4,2026-09-22T07:12:22.401307601Z,ACTIVITY_TYPE_TRADE,paccc-usse-midterms-2026-11-03-rep,BUY,ORDER_INTENT_BUY_LONG,0.364,38,CN2NFQVG2WP7,passive,,2026-09-22T07:02:37.276774428Z,0.163,-0.11,0,1,ORDER_STATE_FILLED,UNSOLICITED_CXL_REASON_UNDEFINED,ORD_REJECT_REASON_EXCHANGE_OPTION,,
1790061445.2,2026-09-22T07:17:25.234234538Z,ACTIVITY_TYPE_TRADE,ewc-usse-oh-2026-11-03-dem,BUY,ORDER_INTENT_SELL_SHORT,0.65,131,CN29VVFEJWP6,passive,-227.57,2026-09-22T06:35:39.614746141Z,0.696,-0.37,0,1,ORDER_STATE_FILLED,UNSOLICITED_CXL_REASON_UNDEFINED,ORD_REJECT_REASON_EXCHANGE_OPTION,,
1790062744.7,2026-09-22T07:39:04.704104193Z,ACTIVITY_TYPE_TRADE,paccc-usho-midterms-2026-11-03-rep,SELL,ORDER_INTENT_BUY_SHORT,0.095,15,CN348JDXEWP7,passive,,2026-09-22T07:32:54.781212848Z,0.103,-0.02,0,1,ORDER_STATE_FILLED,UNSOLICITED_CXL_REASON_UNDEFINED,ORD_REJECT_REASON_EXCHANGE_OPTION,,
1790063060.4,2026-09-22T07:44:20.358905101Z,ACTIVITY_TYPE_TRADE,ewc-usse-oh-2026-11-03-dem,BUY,ORDER_INTENT_BUY_LONG,0.65,40,CN382K8E8WPC,passive,,2026-09-22T07:41:54.704210706Z,0.04,-0.11,0,1,ORDER_STATE_FILLED,UNSOLICITED_CXL_REASON_UNDEFINED,ORD_REJECT_REASON_EXCHANGE_OPTION,,
1790064086.3,2026-09-22T08:01:26.313572958Z,ACTIVITY_TYPE_TRADE,scc-hrep-rep-2026-11-03-gte215,SELL,ORDER_INTENT_BUY_SHORT,0.11,15,CMPKSJE2PWPE,passive,,2026-09-21T16:50:09.443351802Z,15.188,-0.02,0,1,ORDER_STATE_FILLED,UNSOLICITED_CXL_REASON_UNDEFINED,ORD_REJECT_REASON_EXCHANGE_OPTION,,
1790064269.4,2026-09-22T08:04:29.428620215Z,ACTIVITY_TYPE_TRADE,paccc-usho-midterms-2026-11-03-rep,SELL,ORDER_INTENT_BUY_SHORT,0.095,5,CN3F8WJBEWPA,passive,,2026-09-22T07:56:37.323320210Z,0.131,-0.01,0,1,ORDER_STATE_FILLED,UNSOLICITED_CXL_REASON_UNDEFINED,ORD_REJECT_REASON_EXCHANGE_OPTION,,
1790065148.9,2026-09-22T08:19:08.870001324Z,ACTIVITY_TYPE_TRADE,paccc-usse-midterms-2026-11-03-dem,BUY,ORDER_INTENT_SELL_SHORT,0.651,2,CN2VA1DHWWPF,passive,0.86,2026-09-22T07:15:07.193300952Z,1.067,-0.01,0,1,ORDER_STATE_PARTIALLY_FILLED,UNSOLICITED_CXL_REASON_UNDEFINED,ORD_REJECT_REASON_EXCHANGE_OPTION,,
1790065368.4,2026-09-22T08:22:48.355897099Z,ACTIVITY_TYPE_TRADE,paccc-usse-midterms-2026-11-03-dem,BUY,ORDER_INTENT_SELL_SHORT,0.651,49,CN2VA1DHWWPF,passive,21.08,2026-09-22T07:15:07.193300952Z,1.128,-0.14,0,1,ORDER_STATE_PARTIALLY_FILLED,UNSOLICITED_CXL_REASON_UNDEFINED,ORD_REJECT_REASON_EXCHANGE_OPTION,,
1790065984.7,2026-09-22T08:33:04.657229727Z,ACTIVITY_TYPE_TRADE,paccc-usse-midterms-2026-11-03-rep,SELL,ORDER_INTENT_SELL_LONG,0.364,74,CN3M8RHSYWP6,passive,-44.78,2026-09-22T08:05:54.744731826Z,0.453,-0.21,0,1,ORDER_STATE_FILLED,UNSOLICITED_CXL_REASON_UNDEFINED,ORD_REJECT_REASON_EXCHANGE_OPTION,,
1790067059.7,2026-09-22T08:50:59.650366263Z,ACTIVITY_TYPE_TRADE,ussewc-usse-co-2026-11-03-rep,SELL,ORDER_INTENT_SELL_LONG,0.05,153.01,CJNDG4MNRW22,passive,-4.05,2026-09-18T12:46:38.365646551Z,92.073,-0.09,0,1,ORDER_STATE_PARTIALLY_FILLED,UNSOLICITED_CXL_REASON_UNDEFINED,ORD_REJECT_REASON_EXCHANGE_OPTION,,
1790067108.1,2026-09-22T08:51:48.054228480Z,ACTIVITY_TYPE_TRADE,ushrewc-ushr-tx-34-2026-11-03-rep,SELL,ORDER_INTENT_SELL_LONG,0.23,35.38,CM3TXQT2RWPD,passive,8.22,2026-09-20T18:47:21.485562172Z,38.074,-0.08,0,1,ORDER_STATE_PARTIALLY_FILLED,UNSOLICITED_CXL_REASON_UNDEFINED,ORD_REJECT_REASON_EXCHANGE_OPTION,,
1790069243.0,2026-09-22T09:27:23.022888789Z,ACTIVITY_TYPE_TRADE,aachc-cfb-wins-2026-11-28-oregst-5pt5wins,BUY,ORDER_INTENT_SELL_SHORT,0.63,0.1,CN25DTQ9RWPC,passive,-0.01,2026-09-22T06:26:25.433414114Z,3.016,0,0,1,ORDER_STATE_PARTIALLY_FILLED,UNSOLICITED_CXL_REASON_UNDEFINED,ORD_REJECT_REASON_EXCHANGE_OPTION,,
1790069936.7,2026-09-22T09:38:56.714596473Z,ACTIVITY_TYPE_TRADE,ewc-usse-ia-2026-11-03-dem,SELL,ORDER_INTENT_SELL_LONG,0.48,1,CN2NW5YDCWPF,passive,0.3,2026-09-22T07:03:54.584869862Z,2.584,0,0,1,ORDER_STATE_PARTIALLY_FILLED,UNSOLICITED_CXL_REASON_UNDEFINED,ORD_REJECT_REASON_EXCHANGE_OPTION,,
1790071401.7,2026-09-22T10:03:21.702433278Z,ACTIVITY_TYPE_TRADE,paccc-usse-midterms-2026-11-03-dem,BUY,ORDER_INTENT_SELL_SHORT,0.651,19,CN2VA1DHWWPF,passive,8.17,2026-09-22T07:15:07.193300952Z,2.804,-0.05,0,1,ORDER_STATE_FILLED,UNSOLICITED_CXL_REASON_UNDEFINED,ORD_REJECT_REASON_EXCHANGE_OPTION,,
1790072998.3,2026-09-22T10:29:58.280587075Z,ACTIVITY_TYPE_TRADE,paccc-usse-midterms-2026-11-03-dem,BUY,ORDER_INTENT_BUY_LONG,0.651,1,CN5CCS27CWPH,passive,,2026-09-22T10:09:38.144668210Z,0.339,0,0,1,ORDER_STATE_PARTIALLY_FILLED,UNSOLICITED_CXL_REASON_UNDEFINED,ORD_REJECT_REASON_EXCHANGE_OPTION,,
1790073074.5,2026-09-22T10:31:14.548588919Z,ACTIVITY_TYPE_TRADE,paccc-usse-midterms-2026-11-03-rep,BUY,ORDER_INTENT_BUY_LONG,0.363,28,CN4HWZE74WPB,passive,,2026-09-22T09:11:22.867346239Z,1.331,-0.08,0,1,ORDER_STATE_PARTIALLY_FILLED,UNSOLICITED_CXL_REASON_UNDEFINED,ORD_REJECT_REASON_EXCHANGE_OPTION,,
1790073208.2,2026-09-22T10:33:28.199408557Z,ACTIVITY_TYPE_TRADE,ewc-usse-ia-2026-11-03-dem,BUY,ORDER_INTENT_BUY_LONG,0.47,41,CN5MER9AMWPC,passive,,2026-09-22T10:31:38.597011168Z,0.03,-0.13,0,1,ORDER_STATE_FILLED,UNSOLICITED_CXL_REASON_UNDEFINED,ORD_REJECT_REASON_EXCHANGE_OPTION,,
1790073247.6,2026-09-22T10:34:07.634568990Z,ACTIVITY_TYPE_TRADE,ewc-usse-ia-2026-11-03-dem,SELL,ORDER_INTENT_SELL_LONG,0.43,39,CN5MMMBZ2WPA,passive,9.68,2026-09-22T10:33:37.908868603Z,0.008,-0.12,0,1,ORDER_STATE_FILLED,UNSOLICITED_CXL_REASON_UNDEFINED,ORD_REJECT_REASON_EXCHANGE_OPTION,,
1790075546.0,2026-09-22T11:12:26.022817653Z,ACTIVITY_TYPE_TRADE,ewc-usse-ia-2026-11-03-dem,SELL,ORDER_INTENT_SELL_LONG,0.44,39,CN5N0QA8JWP6,passive,10.07,2026-09-22T10:34:28.164517141Z,0.633,-0.12,0,1,ORDER_STATE_FILLED,UNSOLICITED_CXL_REASON_UNDEFINED,ORD_REJECT_REASON_EXCHANGE_OPTION,,
1790076004.1,2026-09-22T11:20:04.080153184Z,ACTIVITY_TYPE_TRADE,ewc-usse-ia-2026-11-03-dem,SELL,ORDER_INTENT_SELL_LONG,0.44,2,CN66N2MPCWPD,passive,0.52,2026-09-22T11:14:08.319067391Z,0.099,-0.01,0,1,ORDER_STATE_FILLED,UNSOLICITED_CXL_REASON_UNDEFINED,ORD_REJECT_REASON_EXCHANGE_OPTION,,
1790076089.7,2026-09-22T11:21:29.654854658Z,ACTIVITY_TYPE_TRADE,cpoc-ussec-tx-mi-me-2026-11-03-dtx-rmi-dme,BUY,ORDER_INTENT_BUY_LONG,0.07,118,CN0ZKHQVCWP6,passive,-2.59,2026-09-22T05:06:24.092379092Z,6.252,-0.1,0,1,ORDER_STATE_PARTIALLY_FILLED,UNSOLICITED_CXL_REASON_UNDEFINED,ORD_REJECT_REASON_EXCHANGE_OPTION,,
1790076089.7,2026-09-22T11:21:29.654854658Z,ACTIVITY_TYPE_TRADE,cpoc-ussec-tx-mi-me-2026-11-03-dtx-rmi-dme,BUY,ORDER_INTENT_BUY_LONG,0.07,26,CMPRX2BK4WPB,passive,-0.57,2026-09-21T17:00:01.132559183Z,18.358,-0.02,0,1,ORDER_STATE_FILLED,UNSOLICITED_CXL_REASON_UNDEFINED,ORD_REJECT_REASON_EXCHANGE_OPTION,,
1790076897.3,2026-09-22T11:34:57.271447713Z,ACTIVITY_TYPE_TRADE,ussewc-usse-co-2026-11-03-rep,SELL,ORDER_INTENT_SELL_LONG,0.05,19.6,CJNDG4MNRW22,passive,-0.52,2026-09-18T12:46:38.365646551Z,94.805,-0.01,0,1,ORDER_STATE_PARTIALLY_FILLED,UNSOLICITED_CXL_REASON_UNDEFINED,ORD_REJECT_REASON_EXCHANGE_OPTION,,
1790077600.8,2026-09-22T11:46:40.754779579Z,ACTIVITY_TYPE_TRADE,paccc-usse-midterms-2026-11-03-rep,SELL,ORDER_INTENT_SELL_LONG,0.364,28,CN5M9X16GWPE,passive,-16.94,2026-09-22T10:31:39.754464144Z,1.25,-0.08,0,1,ORDER_STATE_FILLED,UNSOLICITED_CXL_REASON_UNDEFINED,ORD_REJECT_REASON_EXCHANGE_OPTION,,
1790078811.7,2026-09-22T12:06:51.712423996Z,ACTIVITY_TYPE_TRADE,paccc-usse-midterms-2026-11-03-dem,BUY,ORDER_INTENT_BUY_LONG,0.651,46,CN6VJ7SSRWP7,passive,,2026-09-22T11:57:25.677416341Z,0.157,-0.13,0,1,ORDER_STATE_FILLED,UNSOLICITED_CXL_REASON_UNDEFINED,ORD_REJECT_REASON_EXCHANGE_OPTION,,
1790079492.9,2026-09-22T12:18:12.862353653Z,ACTIVITY_TYPE_TRADE,paccc-balpow-2026-11-03-dsweep,SELL,ORDER_INTENT_BUY_SHORT,0.6,79,CN72Z2YS8WPF,passive,,2026-09-22T12:14:25.850041068Z,0.063,-0.24,0,1,ORDER_STATE_FILLED,UNSOLICITED_CXL_REASON_UNDEFINED,ORD_REJECT_REASON_EXCHANGE_OPTION,,
1790080447.1,2026-09-22T12:34:07.094384412Z,ACTIVITY_TYPE_TRADE,paccc-usse-midterms-2026-11-03-dem,BUY,ORDER_INTENT_BUY_LONG,0.651,33,CN756M0SMWPA,passive,,2026-09-22T12:18:38.296664915Z,0.258,-0.09,0,1,ORDER_STATE_FILLED,UNSOLICITED_CXL_REASON_UNDEFINED,ORD_REJECT_REASON_EXCHANGE_OPTION,,
1790080541.8,2026-09-22T12:35:41.792340096Z,ACTIVITY_TYPE_TRADE,paccc-usse-midterms-2026-11-03-dem,SELL,ORDER_INTENT_BUY_SHORT,0.65,62,CN7D130WEWP9,passive,,2026-09-22T12:35:38.267438655Z,0.001,-0.18,0,1,ORDER_STATE_FILLED,UNSOLICITED_CXL_REASON_UNDEFINED,ORD_REJECT_REASON_EXCHANGE_OPTION,,
1790081596.9,2026-09-22T12:53:16.929554932Z,ACTIVITY_TYPE_TRADE,paccc-usse-midterms-2026-11-03-dem,BUY,ORDER_INTENT_BUY_LONG,0.646,12,CN7KKBTMTWPA,passive,,2026-09-22T12:49:38.443936381Z,0.061,-0.03,0,1,ORDER_STATE_FILLED,UNSOLICITED_CXL_REASON_UNDEFINED,ORD_REJECT_REASON_EXCHANGE_OPTION,,
1790082211.2,2026-09-22T13:03:31.212872021Z,ACTIVITY_TYPE_TRADE,paccc-usho-midterms-2026-11-03-rep,BUY,ORDER_INTENT_SELL_SHORT,0.099,70,CN3NB6QWPWPH,passive,4.35,2026-09-22T08:08:37.198130425Z,4.915,-0.08,0,1,ORDER_STATE_FILLED,UNSOLICITED_CXL_REASON_UNDEFINED,ORD_REJECT_REASON_EXCHANGE_OPTION,,
1790083677.4,2026-09-22T13:27:57.400915871Z,ACTIVITY_TYPE_TRADE,paccc-usse-midterms-2026-11-03-dem,BUY,ORDER_INTENT_BUY_LONG,0.645,12,CN84NMTGTWPC,passive,,2026-09-22T13:24:56.140535157Z,0.05,-0.03,0,1,ORDER_STATE_PARTIALLY_FILLED,UNSOLICITED_CXL_REASON_UNDEFINED,ORD_REJECT_REASON_EXCHANGE_OPTION,,
1790084525.0,2026-09-22T13:42:04.955850890Z,ACTIVITY_TYPE_TRADE,paccc-usse-midterms-2026-11-03-rep,SELL,ORDER_INTENT_BUY_SHORT,0.364,72,CN7SG72MAWP7,passive,,2026-09-22T13:03:38.537028732Z,0.641,-0.21,0,1,ORDER_STATE_FILLED,UNSOLICITED_CXL_REASON_UNDEFINED,ORD_REJECT_REASON_EXCHANGE_OPTION,,
1790085470.2,2026-09-22T13:57:50.234780400Z,ACTIVITY_TYPE_TRADE,usgubewc-usgub-fl-2026-11-03-dem,SELL,ORDER_INTENT_BUY_SHORT,0.2,34,CN8CEYWRGWPF,passive,,2026-09-22T13:42:26.504352541Z,0.257,-0.07,0,1,ORDER_STATE_FILLED,UNSOLICITED_CXL_REASON_UNDEFINED,ORD_REJECT_REASON_EXCHANGE_OPTION,,
1790085522.1,2026-09-22T13:58:42.111844518Z,ACTIVITY_TYPE_TRADE,paccc-usse-midterms-2026-11-03-dem,BUY,ORDER_INTENT_BUY_LONG,0.645,18,CN8MWFCFEWPF,passive,,2026-09-22T13:58:38.747884722Z,0.001,-0.05,0,1,ORDER_STATE_FILLED,UNSOLICITED_CXL_REASON_UNDEFINED,ORD_REJECT_REASON_EXCHANGE_OPTION,,
1790085901.7,2026-09-22T14:05:01.733672430Z,ACTIVITY_TYPE_TRADE,ewc-usse-tx-2026-11-03-dem,BUY,ORDER_INTENT_BUY_LONG,0.59,55,CN8CGVPWAWPB,passive,,2026-09-22T13:42:28.296969259Z,0.376,-0.17,0,1,ORDER_STATE_FILLED,UNSOLICITED_CXL_REASON_UNDEFINED,ORD_REJECT_REASON_EXCHANGE_OPTION,,
1790086851.3,2026-09-22T14:20:51.250444058Z,ACTIVITY_TYPE_TRADE,paccc-usse-midterms-2026-11-03-dem,BUY,ORDER_INTENT_BUY_LONG,0.64,9,CN8VR1M8AWPH,passive,,2026-09-22T14:14:38.977209143Z,0.103,-0.03,0,1,ORDER_STATE_FILLED,UNSOLICITED_CXL_REASON_UNDEFINED,ORD_REJECT_REASON_EXCHANGE_OPTION,,
1790087022.2,2026-09-22T14:23:42.208055414Z,ACTIVITY_TYPE_TRADE,aachc-cfb-wins-2026-11-28-kan-5pt5wins,BUY,ORDER_INTENT_SELL_SHORT,0.41,1,CM5PFS7B8WPB,passive,-0.38,2026-09-20T20:57:01.951980269Z,41.445,0,0,1,ORDER_STATE_FILLED,UNSOLICITED_CXL_REASON_UNDEFINED,ORD_REJECT_REASON_EXCHANGE_OPTION,,
1790087072.1,2026-09-22T14:24:32.140462734Z,ACTIVITY_TYPE_TRADE,aachc-cfb-wins-2026-11-28-kan-5pt5wins,SELL,ORDER_INTENT_SELL_LONG,0.29,1,CN8ZZRMV8WPB,passive,0.08,2026-09-22T14:24:29.264868205Z,0.001,0,0,1,ORDER_STATE_FILLED,UNSOLICITED_CXL_REASON_UNDEFINED,ORD_REJECT_REASON_EXCHANGE_OPTION,,
1790087241.8,2026-09-22T14:27:21.762852072Z,ACTIVITY_TYPE_TRADE,paccc-usse-midterms-2026-11-03-dem,SELL,ORDER_INTENT_SELL_LONG,0.626,44,CN8ZXV22GWPA,passive,-26.17,2026-09-22T14:24:26.235121304Z,0.049,-0.13,0,1,ORDER_STATE_PARTIALLY_FILLED,UNSOLICITED_CXL_REASON_UNDEFINED,ORD_REJECT_REASON_EXCHANGE_OPTION,,
1790087568.8,2026-09-22T14:32:48.825750258Z,ACTIVITY_TYPE_TRADE,paccc-usse-midterms-2026-11-03-dem,SELL,ORDER_INTENT_SELL_LONG,0.626,2,CN8ZXV22GWPA,passive,-1.19,2026-09-22T14:24:26.235121304Z,0.14,-0.01,0,1,ORDER_STATE_PARTIALLY_FILLED,UNSOLICITED_CXL_REASON_UNDEFINED,ORD_REJECT_REASON_EXCHANGE_OPTION,,
1790087720.2,2026-09-22T14:35:20.160634251Z,ACTIVITY_TYPE_TRADE,paccc-usse-midterms-2026-11-03-dem,SELL,ORDER_INTENT_SELL_LONG,0.626,7,CN8ZXV22GWPA,passive,-4.16,2026-09-22T14:24:26.235121304Z,0.182,-0.02,0,1,ORDER_STATE_PARTIALLY_FILLED,UNSOLICITED_CXL_REASON_UNDEFINED,ORD_REJECT_REASON_EXCHANGE_OPTION,,
1790087750.3,2026-09-22T14:35:50.317415525Z,ACTIVITY_TYPE_TRADE,paccc-usse-midterms-2026-11-03-dem,SELL,ORDER_INTENT_SELL_LONG,0.626,7,CN8ZXV22GWPA,passive,-4.16,2026-09-22T14:24:26.235121304Z,0.19,-0.02,0,1,ORDER_STATE_PARTIALLY_FILLED,UNSOLICITED_CXL_REASON_UNDEFINED,ORD_REJECT_REASON_EXCHANGE_OPTION,,
1790088113.2,2026-09-22T14:41:53.215535392Z,ACTIVITY_TYPE_TRADE,paccc-usse-midterms-2026-11-03-dem,SELL,ORDER_INTENT_SELL_LONG,0.626,9,CN8ZXV22GWPA,passive,-5.35,2026-09-22T14:24:26.235121304Z,0.291,-0.03,0,1,ORDER_STATE_FILLED,UNSOLICITED_CXL_REASON_UNDEFINED,ORD_REJECT_REASON_EXCHANGE_OPTION,,
1790088136.6,2026-09-22T14:42:16.575809457Z,ACTIVITY_TYPE_TRADE,usgubewc-usgub-ok-2026-11-03-dem,BUY,ORDER_INTENT_SELL_SHORT,0.1,40,CMTNM7YW0WP7,passive,-33.96,2026-09-21T21:42:10.352436730Z,17.002,-0.05,0,1,ORDER_STATE_FILLED,UNSOLICITED_CXL_REASON_UNDEFINED,ORD_REJECT_REASON_EXCHANGE_OPTION,,
1790089410.7,2026-09-22T15:03:30.685418089Z,ACTIVITY_TYPE_TRADE,paccc-usse-midterms-2026-11-03-dem,SELL,ORDER_INTENT_BUY_SHORT,0.626,111,CN9BS4XW0WPA,passive,,2026-09-22T14:48:56.321332787Z,0.243,-0.32,0,1,ORDER_STATE_FILLED,UNSOLICITED_CXL_REASON_UNDEFINED,ORD_REJECT_REASON_EXCHANGE_OPTION,,
1790091013.2,2026-09-22T15:30:13.237696120Z,ACTIVITY_TYPE_TRADE,paccc-usse-midterms-2026-11-03-dem,BUY,ORDER_INTENT_SELL_SHORT,0.625,111,CN9KVKYTPWPC,passive,44.87,2026-09-22T15:04:38.871915207Z,0.426,-0.33,0,1,ORDER_STATE_FILLED,UNSOLICITED_CXL_REASON_UNDEFINED,ORD_REJECT_REASON_EXCHANGE_OPTION,,
1790091162.4,2026-09-22T15:32:42.402645972Z,ACTIVITY_TYPE_TRADE,ewc-usse-me-2026-11-03-dem,SELL,ORDER_INTENT_BUY_SHORT,0.66,122,CN9ZP5MPPWPH,passive,,2026-09-22T15:32:11.790767921Z,0.009,-0.34,0,1,ORDER_STATE_FILLED,UNSOLICITED_CXL_REASON_UNDEFINED,ORD_REJECT_REASON_EXCHANGE_OPTION,,
1790091376.0,2026-09-22T15:36:15.955157457Z,ACTIVITY_TYPE_TRADE,paccc-usse-midterms-2026-11-03-dem,SELL,ORDER_INTENT_BUY_SHORT,0.626,84,CNA1ER824WPD,passive,,2026-09-22T15:35:41.098317844Z,0.01,-0.25,0,1,ORDER_STATE_FILLED,UNSOLICITED_CXL_REASON_UNDEFINED,ORD_REJECT_REASON_EXCHANGE_OPTION,,
1790092384.6,2026-09-22T15:53:04.614834650Z,ACTIVITY_TYPE_TRADE,paccc-usse-midterms-2026-11-03-dem,SELL,ORDER_INTENT_BUY_SHORT,0.626,6,CNA8XAYEAWPE,passive,,2026-09-22T15:52:39.127785679Z,0.007,-0.02,0,1,ORDER_STATE_PARTIALLY_FILLED,UNSOLICITED_CXL_REASON_UNDEFINED,ORD_REJECT_REASON_EXCHANGE_OPTION,,
1790092495.2,2026-09-22T15:54:55.173723593Z,ACTIVITY_TYPE_TRADE,ewc-usse-ia-2026-11-03-dem,SELL,ORDER_INTENT_BUY_SHORT,0.46,76,CNA8MW3BWWP9,passive,,2026-09-22T15:51:56.712627196Z,0.05,-0.24,0,1,ORDER_STATE_FILLED,UNSOLICITED_CXL_REASON_UNDEFINED,ORD_REJECT_REASON_EXCHANGE_OPTION,,
1790092549.7,2026-09-22T15:55:49.705442519Z,ACTIVITY_TYPE_TRADE,ewc-usse-oh-2026-11-03-dem,SELL,ORDER_INTENT_SELL_LONG,0.66,40,CN39378AMWPH,passive,-109.09,2026-09-22T07:44:37.703940690Z,8.187,-0.11,0,1,ORDER_STATE_FILLED,UNSOLICITED_CXL_REASON_UNDEFINED,ORD_REJECT_REASON_EXCHANGE_OPTION,,
1790093033.8,2026-09-22T16:03:53.791722617Z,ACTIVITY_TYPE_TRADE,ewc-usse-me-2026-11-03-rep,BUY,ORDER_INTENT_BUY_LONG,0.34,107,CNA9RGHAPWPD,passive,,2026-09-22T15:54:56.704763509Z,0.149,-0.3,0,1,ORDER_STATE_PARTIALLY_FILLED,UNSOLICITED_CXL_REASON_UNDEFINED,ORD_REJECT_REASON_EXCHANGE_OPTION,,
1790093907.5,2026-09-22T16:18:27.484435733Z,ACTIVITY_TYPE_TRADE,paccc-usse-midterms-2026-11-03-dem,SELL,ORDER_INTENT_BUY_SHORT,0.627,21,CNAHCDD64WP6,passive,,2026-09-22T16:13:57.504240412Z,0.075,-0.06,0,1,ORDER_STATE_FILLED,UNSOLICITED_CXL_REASON_UNDEFINED,ORD_REJECT_REASON_EXCHANGE_OPTION,,
1790096811.8,2026-09-22T17:06:51.785367081Z,ACTIVITY_TYPE_TRADE,paccc-usse-midterms-2026-11-03-dem,SELL,ORDER_INTENT_BUY_SHORT,0.629,24,CNB99H2Q8WPA,passive,,2026-09-22T17:05:39.305996944Z,0.02,-0.07,0,1,ORDER_STATE_FILLED,UNSOLICITED_CXL_REASON_UNDEFINED,ORD_REJECT_REASON_EXCHANGE_OPTION,,
1790096939.5,2026-09-22T17:08:59.503726871Z,ACTIVITY_TYPE_TRADE,ewc-usse-tx-2026-11-03-rep,SELL,ORDER_INTENT_BUY_SHORT,0.42,45,CNAWY9FMGWP9,passive,,2026-09-22T16:39:09.317975266Z,0.497,-0.14,0,1,ORDER_STATE_FILLED,UNSOLICITED_CXL_REASON_UNDEFINED,ORD_REJECT_REASON_EXCHANGE_OPTION,,
1790097152.5,2026-09-22T17:12:32.541630591Z,ACTIVITY_TYPE_TRADE,ewc-usse-tx-2026-11-03-dem,SELL,ORDER_INTENT_SELL_LONG,0.59,13,CNB0MHAJTWPH,passive,3.19,2026-09-22T16:47:39.241717564Z,0.415,-0.04,0,1,ORDER_STATE_PARTIALLY_FILLED,UNSOLICITED_CXL_REASON_UNDEFINED,ORD_REJECT_REASON_EXCHANGE_OPTION,,
1790097299.1,2026-09-22T17:14:59.073634569Z,ACTIVITY_TYPE_TRADE,ewc-usse-mi-2026-11-03-dem,SELL,ORDER_INTENT_SELL_LONG,0.67,7,CN2TJNYWWWPC,passive,0.51,2026-09-22T07:13:39.955287908Z,10.022,-0.02,0,1,ORDER_STATE_FILLED,UNSOLICITED_CXL_REASON_UNDEFINED,ORD_REJECT_REASON_EXCHANGE_OPTION,,
1790097498.9,2026-09-22T17:18:18.872235794Z,ACTIVITY_TYPE_TRADE,ewc-usse-mi-2026-11-03-dem,SELL,ORDER_INTENT_BUY_SHORT,0.69,66,CNBEXB13EWPD,passive,,2026-09-22T17:15:39.413135990Z,0.044,-0.18,0,1,ORDER_STATE_FILLED,UNSOLICITED_CXL_REASON_UNDEFINED,ORD_REJECT_REASON_EXCHANGE_OPTION,,
1790100429.9,2026-09-22T18:07:09.869324128Z,ACTIVITY_TYPE_TRADE,paccc-usse-midterms-2026-11-03-dem,BUY,ORDER_INTENT_SELL_SHORT,0.636,44,CNBGB3QNPWPF,passive,18.27,2026-09-22T17:17:56.683745101Z,0.82,-0.13,0,1,ORDER_STATE_PARTIALLY_FILLED,UNSOLICITED_CXL_REASON_UNDEFINED,ORD_REJECT_REASON_EXCHANGE_OPTION,,
1790100736.8,2026-09-22T18:12:16.823040866Z,ACTIVITY_TYPE_TRANSFER,,,,,,,,,,,,,,,,,196,
1790101431.7,2026-09-22T18:23:51.652322778Z,ACTIVITY_TYPE_TRANSFER,,,,,,,,,,,,,,,,,342.99,
1790101740.1,2026-09-22T18:29:00.139625996Z,ACTIVITY_TYPE_TRADE,paccc-balpow-2026-11-03-dhou-rsen,BUY,ORDER_INTENT_SELL_SHORT,0.31,12,CJN0ZTPHGW0Y,passive,-5.33,2026-09-18T12:18:26.630843003Z,102.176,-0.03,0,1,ORDER_STATE_FILLED,UNSOLICITED_CXL_REASON_UNDEFINED,ORD_REJECT_REASON_EXCHANGE_OPTION,,
1790102300.2,2026-09-22T18:38:20.199807440Z,ACTIVITY_TYPE_TRANSFER,,,,,,,,,,,,,,,,,257.59,
1790102906.6,2026-09-22T18:48:26.571658691Z,ACTIVITY_TYPE_TRANSFER,,,,,,,,,,,,,,,,,206.05,
1790103275.5,2026-09-22T18:54:35.487040066Z,ACTIVITY_TYPE_TRADE,paccc-usse-midterms-2026-11-03-dem,BUY,ORDER_INTENT_SELL_SHORT,0.636,25,CNC7QFGD0WPC,passive,10.38,2026-09-22T18:08:42.996162250Z,0.765,-0.07,0,1,ORDER_STATE_PARTIALLY_FILLED,UNSOLICITED_CXL_REASON_UNDEFINED,ORD_REJECT_REASON_EXCHANGE_OPTION,,
1790103576.9,2026-09-22T18:59:36.917649898Z,ACTIVITY_TYPE_TRADE,paccc-usse-midterms-2026-11-03-dem,SELL,ORDER_INTENT_BUY_SHORT,0.637,55,CNCSAT2V4WPB,passive,,2026-09-22T18:48:46.627228857Z,0.181,-0.16,0,1,ORDER_STATE_PARTIALLY_FILLED,UNSOLICITED_CXL_REASON_UNDEFINED,ORD_REJECT_REASON_EXCHANGE_OPTION,,
1790104532.1,2026-09-22T19:15:32.095312020Z,ACTIVITY_TYPE_TRADE,usgubewc-usgub-pa-2026-11-03-dem,SELL,ORDER_INTENT_SELL_LONG,0.95,17,CNCXHR3Q6WPC,passive,-19.21,2026-09-22T18:57:35.003269240Z,0.299,-0.01,0,1,ORDER_STATE_FILLED,UNSOLICITED_CXL_REASON_UNDEFINED,ORD_REJECT_REASON_EXCHANGE_OPTION,,
1790105479.3,2026-09-22T19:31:19.263370959Z,ACTIVITY_TYPE_TRADE,ewc-usgub-oh-2026-11-03-rep,BUY,ORDER_INTENT_SELL_SHORT,0.41,32,CMVCVTMNEWP7,passive,-5.11,2026-09-21T22:32:16.631667556Z,20.984,-0.1,0,1,ORDER_STATE_PARTIALLY_FILLED,UNSOLICITED_CXL_REASON_UNDEFINED,ORD_REJECT_REASON_EXCHANGE_OPTION,,
1790105685.6,2026-09-22T19:34:45.580289892Z,ACTIVITY_TYPE_TRADE,paccc-usho-midterms-2026-11-03-rep,SELL,ORDER_INTENT_BUY_SHORT,0.101,18,CNDDS2YR8WPE,passive,,2026-09-22T19:33:04.372841425Z,0.028,-0.02,0,1,ORDER_STATE_FILLED,UNSOLICITED_CXL_REASON_UNDEFINED,ORD_REJECT_REASON_EXCHANGE_OPTION,,
1790106315.9,2026-09-22T19:45:15.932357276Z,ACTIVITY_TYPE_TRADE,usgubewc-usgub-ny-2026-11-03-dem,BUY,ORDER_INTENT_SELL_SHORT,0.93,203.73,CK93JF66GWPA,passive,84.01,2026-09-19T11:43:24.646700254Z,80.031,-0.17,0,1,ORDER_STATE_FILLED,UNSOLICITED_CXL_REASON_UNDEFINED,ORD_REJECT_REASON_EXCHANGE_OPTION,,
1790106484.9,2026-09-22T19:48:04.929386101Z,ACTIVITY_TYPE_TRADE,paccc-usse-midterms-2026-11-03-dem,BUY,ORDER_INTENT_SELL_SHORT,0.636,101,CNCZ5A962WPF,passive,41.93,2026-09-22T19:00:46.643791732Z,0.788,-0.29,0,1,ORDER_STATE_PARTIALLY_FILLED,UNSOLICITED_CXL_REASON_UNDEFINED,ORD_REJECT_REASON_EXCHANGE_OPTION,,
1790106710.0,2026-09-22T19:51:50.017800244Z,ACTIVITY_TYPE_TRADE,paccc-usse-midterms-2026-11-03-dem,SELL,ORDER_INTENT_BUY_SHORT,0.637,35,CNDMBK1TMWP6,passive,,2026-09-22T19:48:46.260142126Z,0.051,-0.1,0,1,ORDER_STATE_FILLED,UNSOLICITED_CXL_REASON_UNDEFINED,ORD_REJECT_REASON_EXCHANGE_OPTION,,
1790108299.1,2026-09-22T20:18:19.149629131Z,ACTIVITY_TYPE_TRADE,scc-hrep-rep-2026-11-03-gte235,SELL,ORDER_INTENT_BUY_SHORT,0.03,18,CNDQKBFJGWPA,passive,,2026-09-22T19:55:46.408502349Z,0.376,-0.01,0,1,ORDER_STATE_FILLED,UNSOLICITED_CXL_REASON_UNDEFINED,ORD_REJECT_REASON_EXCHANGE_OPTION,,
1790108704.1,2026-09-22T20:25:04.071760979Z,ACTIVITY_TYPE_TRADE,paccc-usse-midterms-2026-11-03-dem,BUY,ORDER_INTENT_SELL_SHORT,0.639,55,CNDW081K8WPA,passive,23,2026-09-22T20:05:46.503939920Z,0.322,-0.16,0,1,ORDER_STATE_FILLED,UNSOLICITED_CXL_REASON_UNDEFINED,ORD_REJECT_REASON_EXCHANGE_OPTION,,
1790108707.3,2026-09-22T20:25:07.262956714Z,ACTIVITY_TYPE_TRADE,ewc-usgub-ca-2026-11-03-xavbec,SELL,ORDER_INTENT_SELL_LONG,0.95,81.38,CNE53APTAWPH,aggressor,-74.14,2026-09-22T20:25:07.260725085Z,0,0.27,0,1,ORDER_STATE_FILLED,UNSOLICITED_CXL_REASON_UNDEFINED,ORD_REJECT_REASON_EXCHANGE_OPTION,,
1790108715.5,2026-09-22T20:25:15.492957386Z,ACTIVITY_TYPE_TRADE,usgubewc-usgub-fl-2026-11-03-rep,BUY,ORDER_INTENT_SELL_SHORT,0.78,29.43,CNAJBQSZTWPE,passive,15.86,2026-09-22T16:16:09.220893776Z,4.152,-0.06,0,1,ORDER_STATE_PARTIALLY_FILLED,UNSOLICITED_CXL_REASON_UNDEFINED,ORD_REJECT_REASON_EXCHANGE_OPTION,,
1790108720.6,2026-09-22T20:25:20.576348321Z,ACTIVITY_TYPE_TRADE,usgubewc-usgub-fl-2026-11-03-rep,BUY,ORDER_INTENT_SELL_SHORT,0.78,23.21,CNAJBQSZTWPE,passive,12.51,2026-09-22T16:16:09.220893776Z,4.153,-0.05,0,1,ORDER_STATE_PARTIALLY_FILLED,UNSOLICITED_CXL_REASON_UNDEFINED,ORD_REJECT_REASON_EXCHANGE_OPTION,,
1790108728.6,2026-09-22T20:25:28.571666923Z,ACTIVITY_TYPE_TRADE,usgubewc-usgub-fl-2026-11-03-rep,BUY,ORDER_INTENT_SELL_SHORT,0.78,16.66,CNAJBQSZTWPE,passive,8.98,2026-09-22T16:16:09.220893776Z,4.155,-0.04,0,1,ORDER_STATE_PARTIALLY_FILLED,UNSOLICITED_CXL_REASON_UNDEFINED,ORD_REJECT_REASON_EXCHANGE_OPTION,,
1790108733.5,2026-09-22T20:25:33.487013548Z,ACTIVITY_TYPE_TRADE,usgubewc-usgub-fl-2026-11-03-rep,BUY,ORDER_INTENT_SELL_SHORT,0.78,11.94,CNAJBQSZTWPE,passive,6.44,2026-09-22T16:16:09.220893776Z,4.157,-0.03,0,1,ORDER_STATE_PARTIALLY_FILLED,UNSOLICITED_CXL_REASON_UNDEFINED,ORD_REJECT_REASON_EXCHANGE_OPTION,,
1790108738.0,2026-09-22T20:25:38.030339129Z,ACTIVITY_TYPE_TRADE,usgubewc-usgub-fl-2026-11-03-rep,BUY,ORDER_INTENT_SELL_SHORT,0.78,8.58,CNAJBQSZTWPE,passive,4.63,2026-09-22T16:16:09.220893776Z,4.158,-0.02,0,1,ORDER_STATE_PARTIALLY_FILLED,UNSOLICITED_CXL_REASON_UNDEFINED,ORD_REJECT_REASON_EXCHANGE_OPTION,,
1790108741.3,2026-09-22T20:25:41.250750726Z,ACTIVITY_TYPE_TRADE,usgubewc-usgub-fl-2026-11-03-rep,BUY,ORDER_INTENT_SELL_SHORT,0.78,6.16,CNAJBQSZTWPE,passive,3.32,2026-09-22T16:16:09.220893776Z,4.159,-0.01,0,1,ORDER_STATE_PARTIALLY_FILLED,UNSOLICITED_CXL_REASON_UNDEFINED,ORD_REJECT_REASON_EXCHANGE_OPTION,,
1790108749.1,2026-09-22T20:25:49.058905435Z,ACTIVITY_TYPE_TRADE,usgubewc-usgub-fl-2026-11-03-rep,BUY,ORDER_INTENT_SELL_SHORT,0.78,4.42,CNAJBQSZTWPE,passive,2.38,2026-09-22T16:16:09.220893776Z,4.161,-0.01,0,1,ORDER_STATE_PARTIALLY_FILLED,UNSOLICITED_CXL_REASON_UNDEFINED,ORD_REJECT_REASON_EXCHANGE_OPTION,,
1790108753.4,2026-09-22T20:25:53.434317899Z,ACTIVITY_TYPE_TRADE,usgubewc-usgub-tx-2026-11-03-rep,BUY,ORDER_INTENT_BUY_LONG,0.78,89.59,CNDQC2GTEWPB,passive,17.67,2026-09-22T19:55:31.600402437Z,0.506,-0.19,0,1,ORDER_STATE_PARTIALLY_FILLED,UNSOLICITED_CXL_REASON_UNDEFINED,ORD_REJECT_REASON_EXCHANGE_OPTION,,
1790108753.9,2026-09-22T20:25:53.852302889Z,ACTIVITY_TYPE_TRADE,usgubewc-usgub-fl-2026-11-03-rep,BUY,ORDER_INTENT_SELL_SHORT,0.78,3.17,CNAJBQSZTWPE,passive,1.71,2026-09-22T16:16:09.220893776Z,4.162,-0.01,0,1,ORDER_STATE_PARTIALLY_FILLED,UNSOLICITED_CXL_REASON_UNDEFINED,ORD_REJECT_REASON_EXCHANGE_OPTION,,
1790108757.4,2026-09-22T20:25:57.444930308Z,ACTIVITY_TYPE_TRADE,usgubewc-usgub-fl-2026-11-03-rep,BUY,ORDER_INTENT_SELL_SHORT,0.78,2.28,CNAJBQSZTWPE,passive,1.22,2026-09-22T16:16:09.220893776Z,4.163,0,0,1,ORDER_STATE_PARTIALLY_FILLED,UNSOLICITED_CXL_REASON_UNDEFINED,ORD_REJECT_REASON_EXCHANGE_OPTION,,
1790108760.2,2026-09-22T20:26:00.247389556Z,ACTIVITY_TYPE_TRADE,usgubewc-usgub-fl-2026-11-03-rep,BUY,ORDER_INTENT_SELL_SHORT,0.78,1.64,CNAJBQSZTWPE,passive,0.88,2026-09-22T16:16:09.220893776Z,4.164,0,0,1,ORDER_STATE_PARTIALLY_FILLED,UNSOLICITED_CXL_REASON_UNDEFINED,ORD_REJECT_REASON_EXCHANGE_OPTION,,
1790108763.1,2026-09-22T20:26:03.144740116Z,ACTIVITY_TYPE_TRADE,usgubewc-usgub-fl-2026-11-03-rep,BUY,ORDER_INTENT_SELL_SHORT,0.78,1.17,CNAJBQSZTWPE,passive,0.63,2026-09-22T16:16:09.220893776Z,4.165,0,0,1,ORDER_STATE_PARTIALLY_FILLED,UNSOLICITED_CXL_REASON_UNDEFINED,ORD_REJECT_REASON_EXCHANGE_OPTION,,
1790108766.0,2026-09-22T20:26:05.951378884Z,ACTIVITY_TYPE_TRADE,usgubewc-usgub-fl-2026-11-03-rep,BUY,ORDER_INTENT_SELL_SHORT,0.78,0.84,CNAJBQSZTWPE,passive,0.45,2026-09-22T16:16:09.220893776Z,4.166,0,0,1,ORDER_STATE_PARTIALLY_FILLED,UNSOLICITED_CXL_REASON_UNDEFINED,ORD_REJECT_REASON_EXCHANGE_OPTION,,
1790108768.3,2026-09-22T20:26:08.275104872Z,ACTIVITY_TYPE_TRADE,usgubewc-usgub-fl-2026-11-03-rep,BUY,ORDER_INTENT_SELL_SHORT,0.78,0.61,CNAJBQSZTWPE,passive,0.33,2026-09-22T16:16:09.220893776Z,4.166,0,0,1,ORDER_STATE_PARTIALLY_FILLED,UNSOLICITED_CXL_REASON_UNDEFINED,ORD_REJECT_REASON_EXCHANGE_OPTION,,
1790108771.5,2026-09-22T20:26:11.546186443Z,ACTIVITY_TYPE_TRADE,usgubewc-usgub-fl-2026-11-03-rep,BUY,ORDER_INTENT_SELL_SHORT,0.78,0.43,CNAJBQSZTWPE,passive,0.23,2026-09-22T16:16:09.220893776Z,4.167,0,0,1,ORDER_STATE_PARTIALLY_FILLED,UNSOLICITED_CXL_REASON_UNDEFINED,ORD_REJECT_REASON_EXCHANGE_OPTION,,
1790108776.0,2026-09-22T20:26:16.043092935Z,ACTIVITY_TYPE_TRADE,usgubewc-usgub-fl-2026-11-03-rep,BUY,ORDER_INTENT_SELL_SHORT,0.78,0.3,CNAJBQSZTWPE,passive,0.16,2026-09-22T16:16:09.220893776Z,4.169,0,0,1,ORDER_STATE_PARTIALLY_FILLED,UNSOLICITED_CXL_REASON_UNDEFINED,ORD_REJECT_REASON_EXCHANGE_OPTION,,
1790108778.4,2026-09-22T20:26:18.381065390Z,ACTIVITY_TYPE_TRADE,usgubewc-usgub-nh-2026-11-03-dem,SELL,ORDER_INTENT_SELL_LONG,0.11,15.65,CKQJJ9RQRWPD,passive,-11.38,2026-09-20T04:33:08.091897286Z,63.886,-0.02,0,1,ORDER_STATE_PARTIALLY_FILLED,UNSOLICITED_CXL_REASON_UNDEFINED,ORD_REJECT_REASON_EXCHANGE_OPTION,,
1790108778.4,2026-09-22T20:26:18.381065390Z,ACTIVITY_TYPE_TRADE,usgubewc-usgub-nh-2026-11-03-dem,SELL,ORDER_INTENT_SELL_LONG,0.11,50,CJVEWE2B4W1N,passive,-36.33,2026-09-18T19:46:47.301145867Z,96.659,-0.06,0,1,ORDER_STATE_FILLED,UNSOLICITED_CXL_REASON_UNDEFINED,ORD_REJECT_REASON_EXCHANGE_OPTION,,
1790108778.4,2026-09-22T20:26:18.381065390Z,ACTIVITY_TYPE_TRADE,usgubewc-usgub-nh-2026-11-03-dem,BUY,ORDER_INTENT_SELL_SHORT,0.11,7.34,CNE5T5XF0WPB,aggressor,-5.33,2026-09-22T20:26:18.379143019Z,0,0.05,0,1,ORDER_STATE_PARTIALLY_FILLED,UNSOLICITED_CXL_REASON_UNDEFINED,ORD_REJECT_REASON_EXCHANGE_OPTION,,
1790108781.4,2026-09-22T20:26:21.369502977Z,ACTIVITY_TYPE_TRADE,usgubewc-usgub-nh-2026-11-03-rep,BUY,ORDER_INTENT_BUY_LONG,0.87,0.02,CJVDQJZQ0W7H,passive,-0,2026-09-18T19:44:54.429215988Z,96.691,0,0,1,ORDER_STATE_PARTIALLY_FILLED,UNSOLICITED_CXL_REASON_UNDEFINED,ORD_REJECT_REASON_EXCHANGE_OPTION,,
1790108828.4,2026-09-22T20:27:08.434757047Z,ACTIVITY_TYPE_TRADE,cpoc-ussec-tx-mi-me-2026-11-03-dtx-rmi-rme,SELL,ORDER_INTENT_BUY_SHORT,0.1,26.47,CJVAZ5CZYW7H,passive,2.48,2026-09-18T19:38:23.317475246Z,96.813,-0.03,0,1,ORDER_STATE_PARTIALLY_FILLED,UNSOLICITED_CXL_REASON_UNDEFINED,ORD_REJECT_REASON_EXCHANGE_OPTION,,
1790108869.6,2026-09-22T20:27:49.627535243Z,ACTIVITY_TYPE_TRADE,cpoc-ussec-tx-mi-me-2026-11-03-dtx-dmi-rme,BUY,ORDER_INTENT_BUY_LONG,0.14,39.74,CMT3WZ2ZAWPD,passive,5.23,2026-09-21T20:55:39.594972650Z,23.536,-0.06,0,1,ORDER_STATE_PARTIALLY_FILLED,UNSOLICITED_CXL_REASON_UNDEFINED,ORD_REJECT_REASON_EXCHANGE_OPTION,,
1790108869.6,2026-09-22T20:27:49.627535243Z,ACTIVITY_TYPE_TRADE,cpoc-ussec-tx-mi-me-2026-11-03-dtx-dmi-rme,SELL,ORDER_INTENT_SELL_LONG,0.14,1,CNE6KMNRWWPH,aggressor,0.13,2026-09-22T20:27:49.625766495Z,0,0.01,0,1,ORDER_STATE_PARTIALLY_FILLED,UNSOLICITED_CXL_REASON_UNDEFINED,ORD_REJECT_REASON_EXCHANGE_OPTION,,
1790108871.1,2026-09-22T20:27:51.128935766Z,ACTIVITY_TYPE_TRADE,paccc-usse-midterms-2026-11-03-rep,BUY,ORDER_INTENT_SELL_SHORT,0.364,72,CN8CZ1XMTWPC,passive,24.4,2026-09-22T13:42:39.159311483Z,6.753,-0.21,0,1,ORDER_STATE_FILLED,UNSOLICITED_CXL_REASON_UNDEFINED,ORD_REJECT_REASON_EXCHANGE_OPTION,,
1790108878.8,2026-09-22T20:27:58.834115354Z,ACTIVITY_TYPE_TRADE,cpoc-ussec-tx-mi-me-2026-11-03-rtx-dmi-rme,BUY,ORDER_INTENT_SELL_SHORT,0.11,20.13,CNE68ZFRGWPB,aggressor,2.07,2026-09-22T20:27:58.832712415Z,0,0.14,0,1,ORDER_STATE_FILLED,UNSOLICITED_CXL_REASON_UNDEFINED,ORD_REJECT_REASON_EXCHANGE_OPTION,,
1790108878.8,2026-09-22T20:27:58.834115354Z,ACTIVITY_TYPE_TRADE,cpoc-ussec-tx-mi-me-2026-11-03-rtx-dmi-rme,SELL,ORDER_INTENT_SELL_LONG,0.11,12,CMPQRC98EWPF,passive,1.24,2026-09-21T16:57:46.130963506Z,27.504,-0.01,0,1,ORDER_STATE_FILLED,UNSOLICITED_CXL_REASON_UNDEFINED,ORD_REJECT_REASON_EXCHANGE_OPTION,,
1790108878.8,2026-09-22T20:27:58.834115354Z,ACTIVITY_TYPE_TRADE,cpoc-ussec-tx-mi-me-2026-11-03-rtx-dmi-rme,SELL,ORDER_INTENT_SELL_LONG,0.11,0.13,CMNEP0B1WWPC,passive,0.01,2026-09-21T15:29:04.918331828Z,28.982,0,0,1,ORDER_STATE_FILLED,UNSOLICITED_CXL_REASON_UNDEFINED,ORD_REJECT_REASON_EXCHANGE_OPTION,,
1790108886.1,2026-09-22T20:28:06.129621273Z,ACTIVITY_TYPE_TRADE,cpoc-ussec-tx-mi-me-2026-11-03-rsweep,SELL,ORDER_INTENT_BUY_SHORT,0.11,30.96,CNC6M6XARWPE,passive,3.2,2026-09-22T18:06:47.327149548Z,2.355,-0.04,0,1,ORDER_STATE_PARTIALLY_FILLED,UNSOLICITED_CXL_REASON_UNDEFINED,ORD_REJECT_REASON_EXCHANGE_OPTION,,
1790108890.2,2026-09-22T20:28:10.242775965Z,ACTIVITY_TYPE_TRADE,cpoc-ussec-tx-mi-me-2026-11-03-dsweep,BUY,ORDER_INTENT_BUY_LONG,0.44,0.48,CN9PKJYG8WPA,passive,-0.11,2026-09-22T15:11:20.372596629Z,5.281,0,0,1,ORDER_STATE_PARTIALLY_FILLED,UNSOLICITED_CXL_REASON_UNDEFINED,ORD_REJECT_REASON_EXCHANGE_OPTION,,
1790108894.4,2026-09-22T20:28:14.400218605Z,ACTIVITY_TYPE_TRADE,cpoc-ussec-tx-mi-me-2026-11-03-dtx-rmi-dme,SELL,ORDER_INTENT_SELL_LONG,0.08,0.19,CN5V8SHTTWPH,passive,-0.16,2026-09-22T10:49:11.500457378Z,9.651,0,0,1,ORDER_STATE_PARTIALLY_FILLED,UNSOLICITED_CXL_REASON_UNDEFINED,ORD_REJECT_REASON_EXCHANGE_OPTION,,
1790108898.4,2026-09-22T20:28:18.424186630Z,ACTIVITY_TYPE_TRADE,cpoc-ussec-tx-mi-me-2026-11-03-rtx-rmi-dme,SELL,ORDER_INTENT_SELL_LONG,0.07,0.15,CNE6KGPHRWP7,aggressor,0.01,2026-09-22T20:28:18.422565370Z,0,0,0,1,ORDER_STATE_FILLED,UNSOLICITED_CXL_REASON_UNDEFINED,ORD_REJECT_REASON_EXCHANGE_OPTION,,
1790109006.7,2026-09-22T20:30:06.671512121Z,ACTIVITY_TYPE_TRADE,ewc-usgub-nv-2026-11-03-dem,SELL,ORDER_INTENT_SELL_LONG,0.45,2,CJWBHWJ68W7H,passive,0.22,2026-09-18T20:50:22.351642005Z,95.662,-0.01,0,1,ORDER_STATE_PARTIALLY_FILLED,UNSOLICITED_CXL_REASON_UNDEFINED,ORD_REJECT_REASON_EXCHANGE_OPTION,,
1790111629.0,2026-09-22T21:13:48.967774773Z,ACTIVITY_TYPE_TRADE,paccc-usse-midterms-2026-11-03-dem,SELL,ORDER_INTENT_BUY_SHORT,0.64,152,CNEQ8ES4AWPD,passive,,2026-09-22T21:05:16.999607440Z,0.142,-0.44,0,1,ORDER_STATE_FILLED,UNSOLICITED_CXL_REASON_UNDEFINED,ORD_REJECT_REASON_EXCHANGE_OPTION,,
1790112525.7,2026-09-22T21:28:45.706474512Z,ACTIVITY_TYPE_TRADE,ewc-usse-tx-2026-11-03-rep,SELL,ORDER_INTENT_BUY_SHORT,0.42,26,CNEVW1MHEWP7,passive,,2026-09-22T21:14:48.481822541Z,0.233,-0.08,0,1,ORDER_STATE_PARTIALLY_FILLED,UNSOLICITED_CXL_REASON_UNDEFINED,ORD_REJECT_REASON_EXCHANGE_OPTION,,
1790114307.6,2026-09-22T21:58:27.599081486Z,ACTIVITY_TYPE_TRADE,paccc-usse-midterms-2026-11-03-dem,BUY,ORDER_INTENT_SELL_SHORT,0.639,81,CNEVHVMSEWPA,passive,33.87,2026-09-22T21:15:04.415394614Z,0.723,-0.23,0,1,ORDER_STATE_PARTIALLY_FILLED,UNSOLICITED_CXL_REASON_UNDEFINED,ORD_REJECT_REASON_EXCHANGE_OPTION,,
1790115299.0,2026-09-22T22:14:59.023005662Z,ACTIVITY_TYPE_TRADE,paccc-usse-midterms-2026-11-03-dem,BUY,ORDER_INTENT_SELL_SHORT,0.639,1,CNEVHVMSEWPA,passive,0.42,2026-09-22T21:15:04.415394614Z,0.999,0,0,1,ORDER_STATE_PARTIALLY_FILLED,UNSOLICITED_CXL_REASON_UNDEFINED,ORD_REJECT_REASON_EXCHANGE_OPTION,,
1790115562.4,2026-09-22T22:19:22.407205765Z,ACTIVITY_TYPE_TRADE,paccc-usse-midterms-2026-11-03-dem,SELL,ORDER_INTENT_BUY_SHORT,0.64,71,CNFPBVMP2WPH,passive,,2026-09-22T22:11:47.195385379Z,0.126,-0.2,0,1,ORDER_STATE_PARTIALLY_FILLED,UNSOLICITED_CXL_REASON_UNDEFINED,ORD_REJECT_REASON_EXCHANGE_OPTION,,
1790116044.2,2026-09-22T22:27:24.179441686Z,ACTIVITY_TYPE_TRADE,paccc-usse-midterms-2026-11-03-dem,BUY,ORDER_INTENT_SELL_SHORT,0.64,12,CNFSZRS98WPE,passive,5.03,2026-09-22T22:20:48.422554121Z,0.11,-0.03,0,1,ORDER_STATE_PARTIALLY_FILLED,UNSOLICITED_CXL_REASON_UNDEFINED,ORD_REJECT_REASON_EXCHANGE_OPTION,,
1790116284.8,2026-09-22T22:31:24.844227611Z,ACTIVITY_TYPE_TRADE,paccc-usse-midterms-2026-11-03-dem,BUY,ORDER_INTENT_SELL_SHORT,0.64,2,CNFSZRS98WPE,passive,0.84,2026-09-22T22:20:48.422554121Z,0.177,-0.01,0,1,ORDER_STATE_PARTIALLY_FILLED,UNSOLICITED_CXL_REASON_UNDEFINED,ORD_REJECT_REASON_EXCHANGE_OPTION,,
1790116582.6,2026-09-22T22:36:22.627463917Z,ACTIVITY_TYPE_TRADE,paccc-usse-midterms-2026-11-03-dem,SELL,ORDER_INTENT_BUY_SHORT,0.642,17,CNG04M0RWWPA,passive,,2026-09-22T22:34:47.250083148Z,0.026,-0.05,0,1,ORDER_STATE_PARTIALLY_FILLED,UNSOLICITED_CXL_REASON_UNDEFINED,ORD_REJECT_REASON_EXCHANGE_OPTION,,
1790117678.3,2026-09-22T22:54:38.283367451Z,ACTIVITY_TYPE_REFERRAL_BONUS,,,,,,,,,,,,,,,,,25,
1790118032.7,2026-09-22T23:00:32.671119093Z,ACTIVITY_TYPE_TRADE,paccc-usse-midterms-2026-11-03-dem,SELL,ORDER_INTENT_BUY_SHORT,0.642,4,CNGESR3XGWPF,passive,,2026-09-22T22:56:50.794153837Z,0.062,-0.01,0,1,ORDER_STATE_PARTIALLY_FILLED,UNSOLICITED_CXL_REASON_UNDEFINED,ORD_REJECT_REASON_EXCHANGE_OPTION,,
1790118055.5,2026-09-22T23:00:55.502710672Z,ACTIVITY_TYPE_TRADE,paccc-usse-midterms-2026-11-03-dem,SELL,ORDER_INTENT_BUY_SHORT,0.642,15,CNGESR3XGWPF,passive,,2026-09-22T22:56:50.794153837Z,0.068,-0.04,0,1,ORDER_STATE_PARTIALLY_FILLED,UNSOLICITED_CXL_REASON_UNDEFINED,ORD_REJECT_REASON_EXCHANGE_OPTION,,
1790118372.4,2026-09-22T23:06:12.435218633Z,ACTIVITY_TYPE_TRADE,cpoc-ussegubc-tx-2026-11-03-rsweep,BUY,ORDER_INTENT_BUY_LONG,0.53,1,CNGEN8YQMWP7,passive,,2026-09-22T22:56:38.700263101Z,0.159,0,0,1,ORDER_STATE_FILLED,UNSOLICITED_CXL_REASON_UNDEFINED,ORD_REJECT_REASON_EXCHANGE_OPTION,,
1790118724.4,2026-09-22T23:12:04.389153567Z,ACTIVITY_TYPE_TRADE,cpoc-ussec-tx-me-2026-11-03-dtx-rme,BUY,ORDER_INTENT_SELL_SHORT,0.12,48,CMD0BJWV6WPH,passive,-18.54,2026-09-21T05:43:22.188531793Z,41.478,-0.06,0,1,ORDER_STATE_FILLED,UNSOLICITED_CXL_REASON_UNDEFINED,ORD_REJECT_REASON_EXCHANGE_OPTION,,
1790119285.8,2026-09-22T23:21:25.781245671Z,ACTIVITY_TYPE_TRADE,paccc-usse-midterms-2026-11-03-dem,SELL,ORDER_INTENT_BUY_SHORT,0.642,35,CNGQQPYBRWPE,passive,,2026-09-22T23:16:51.570875921Z,0.076,-0.1,0,1,ORDER_STATE_FILLED,UNSOLICITED_CXL_REASON_UNDEFINED,ORD_REJECT_REASON_EXCHANGE_OPTION,,
1790119356.1,2026-09-22T23:22:36.118827227Z,ACTIVITY_TYPE_TRADE,paccc-usse-midterms-2026-11-03-dem,SELL,ORDER_INTENT_BUY_SHORT,0.646,30,CNGTC675CWPB,passive,,2026-09-22T23:22:06.744497560Z,0.008,-0.09,0,1,ORDER_STATE_PARTIALLY_FILLED,UNSOLICITED_CXL_REASON_UNDEFINED,ORD_REJECT_REASON_EXCHANGE_OPTION,,
1790120782.2,2026-09-22T23:46:22.176891766Z,ACTIVITY_TYPE_TRADE,ewc-usse-tx-2026-11-03-dem,SELL,ORDER_INTENT_SELL_LONG,0.59,8,CNGF5H5SRWPB,passive,1.96,2026-09-22T22:57:50.695548788Z,0.809,-0.02,0,1,ORDER_STATE_PARTIALLY_FILLED,UNSOLICITED_CXL_REASON_UNDEFINED,ORD_REJECT_REASON_EXCHANGE_OPTION,,
1790120840.0,2026-09-22T23:47:19.997441589Z,ACTIVITY_TYPE_TRADE,aachc-cfb-wins-ou-2026-11-28-utahst,SELL,ORDER_INTENT_SELL_LONG,0.15,1,CNGR9J3YCWPF,passive,0.12,2026-09-22T23:17:32.492775566Z,0.497,0,0,1,ORDER_STATE_FILLED,UNSOLICITED_CXL_REASON_UNDEFINED,ORD_REJECT_REASON_EXCHANGE_OPTION,,
1790120897.3,2026-09-22T23:48:17.336572990Z,ACTIVITY_TYPE_TRADE,ushrewc-ushr-me-02-2026-11-03-dem,BUY,ORDER_INTENT_BUY_LONG,0.42,17.98,CNH5KTJV0WPA,passive,,2026-09-22T23:44:09.648262320Z,0.069,-0.05,0,1,ORDER_STATE_PARTIALLY_FILLED,UNSOLICITED_CXL_REASON_UNDEFINED,ORD_REJECT_REASON_EXCHANGE_OPTION,,
1790121101.0,2026-09-22T23:51:40.993616662Z,ACTIVITY_TYPE_TRADE,aachc-cfb-wins-2026-11-28-ala-10pt5wins,BUY,ORDER_INTENT_BUY_LONG,0.38,1,CNGWW5MWWWPF,passive,,2026-09-22T23:28:02.768611248Z,0.394,0,0,1,ORDER_STATE_FILLED,UNSOLICITED_CXL_REASON_UNDEFINED,ORD_REJECT_REASON_EXCHANGE_OPTION,,
1790121392.1,2026-09-22T23:56:32.103730055Z,ACTIVITY_TYPE_TRADE,paccc-usse-midterms-2026-11-03-dem,BUY,ORDER_INTENT_SELL_SHORT,0.645,50,CNGWH9ZE0WPH,passive,21.2,2026-09-22T23:26:51.496932227Z,0.495,-0.14,0,1,ORDER_STATE_PARTIALLY_FILLED,UNSOLICITED_CXL_REASON_UNDEFINED,ORD_REJECT_REASON_EXCHANGE_OPTION,,
1790122169.1,2026-09-23T00:09:29.080118196Z,ACTIVITY_TYPE_TRADE,ewc-usgub-wi-2026-11-03-dem,SELL,ORDER_INTENT_BUY_SHORT,0.83,385,CNHFNKH36WPC,passive,,2026-09-23T00:07:36.608251364Z,0.031,-0.68,0,1,ORDER_STATE_FILLED,UNSOLICITED_CXL_REASON_UNDEFINED,ORD_REJECT_REASON_EXCHANGE_OPTION,,
1790122315.3,2026-09-23T00:11:55.304537864Z,ACTIVITY_TYPE_TRADE,ewc-usse-mi-2026-11-03-rep,BUY,ORDER_INTENT_BUY_LONG,0.32,177,CNHGYZY06WPA,passive,,2026-09-23T00:09:51.854043632Z,0.034,-0.48,0,1,ORDER_STATE_FILLED,UNSOLICITED_CXL_REASON_UNDEFINED,ORD_REJECT_REASON_EXCHANGE_OPTION,,
1790122372.2,2026-09-23T00:12:52.196751078Z,ACTIVITY_TYPE_TRADE,aachc-cfb-wins-2026-11-28-clmsn-7pt5wins,BUY,ORDER_INTENT_SELL_SHORT,0.34,1,CN0HTQGSMWP7,passive,0.34,2026-09-22T04:36:16.485095955Z,19.61,0,0,1,ORDER_STATE_FILLED,UNSOLICITED_CXL_REASON_UNDEFINED,ORD_REJECT_REASON_EXCHANGE_OPTION,,
1790122852.9,2026-09-23T00:20:52.856773539Z,ACTIVITY_TYPE_TRADE,cpoc-ussegubc-mn-2026-11-03-rsweep,BUY,ORDER_INTENT_BUY_LONG,0.1,5,CNHNTEDZWWP6,passive,,2026-09-23T00:20:40.299290992Z,0.003,-0.01,0,1,ORDER_STATE_FILLED,UNSOLICITED_CXL_REASON_UNDEFINED,ORD_REJECT_REASON_EXCHANGE_OPTION,,
1790122898.6,2026-09-23T00:21:38.599755139Z,ACTIVITY_TYPE_TRADE,paccc-usse-midterms-2026-11-03-dem,BUY,ORDER_INTENT_SELL_SHORT,0.649,96,CNHDFQD4WWP7,passive,41.1,2026-09-23T00:02:06.673894594Z,0.326,-0.27,0,1,ORDER_STATE_PARTIALLY_FILLED,UNSOLICITED_CXL_REASON_UNDEFINED,ORD_REJECT_REASON_EXCHANGE_OPTION,,
1790123172.6,2026-09-23T00:26:12.649405723Z,ACTIVITY_TYPE_TRADE,cpoc-ussegubc-nh-2026-11-03-dsweep,BUY,ORDER_INTENT_BUY_LONG,0.24,50,CNHFT8N8RWP6,passive,,2026-09-23T00:07:38.353093159Z,0.31,-0.11,0,1,ORDER_STATE_FILLED,UNSOLICITED_CXL_REASON_UNDEFINED,ORD_REJECT_REASON_EXCHANGE_OPTION,,
1790123195.1,2026-09-23T00:26:35.092657821Z,ACTIVITY_TYPE_TRADE,paccc-usse-midterms-2026-11-03-dem,BUY,ORDER_INTENT_SELL_SHORT,0.649,8,CNHDFQD4WWP7,passive,3.42,2026-09-23T00:02:06.673894594Z,0.408,-0.02,0,1,ORDER_STATE_PARTIALLY_FILLED,UNSOLICITED_CXL_REASON_UNDEFINED,ORD_REJECT_REASON_EXCHANGE_OPTION,,
1790123504.1,2026-09-23T00:31:44.136817003Z,ACTIVITY_TYPE_TRADE,ewc-usse-tx-2026-11-03-rep,BUY,ORDER_INTENT_SELL_SHORT,0.42,5,CNG7HPV1EWP7,passive,-0.9,2026-09-22T22:47:04.879354482Z,1.744,-0.02,0,1,ORDER_STATE_PARTIALLY_FILLED,UNSOLICITED_CXL_REASON_UNDEFINED,ORD_REJECT_REASON_EXCHANGE_OPTION,,
1790123511.9,2026-09-23T00:31:51.883827434Z,ACTIVITY_TYPE_TRADE,usgubewc-usgub-fl-2026-11-03-rep,BUY,ORDER_INTENT_SELL_SHORT,0.78,86.33,CNAJBQSZTWPE,passive,46.54,2026-09-22T16:16:09.220893776Z,8.262,-0.19,0,1,ORDER_STATE_PARTIALLY_FILLED,UNSOLICITED_CXL_REASON_UNDEFINED,ORD_REJECT_REASON_EXCHANGE_OPTION,,
1790123511.9,2026-09-23T00:31:51.885323966Z,ACTIVITY_TYPE_TRADE,usgubewc-usgub-fl-2026-11-03-dem,BUY,ORDER_INTENT_SELL_SHORT,0.25,54,CNHT27AGAWPB,passive,-26.38,2026-09-23T00:31:06.734062715Z,0.013,-0.13,0,1,ORDER_STATE_FILLED,UNSOLICITED_CXL_REASON_UNDEFINED,ORD_REJECT_REASON_EXCHANGE_OPTION,,
1790123523.6,2026-09-23T00:32:03.638119090Z,ACTIVITY_TYPE_TRADE,usgubewc-usgub-fl-2026-11-03-rep,BUY,ORDER_INTENT_SELL_SHORT,0.78,46.83,CNAJBQSZTWPE,passive,25.24,2026-09-22T16:16:09.220893776Z,8.265,-0.1,0,1,ORDER_STATE_FILLED,UNSOLICITED_CXL_REASON_UNDEFINED,ORD_REJECT_REASON_EXCHANGE_OPTION,,
1790123646.7,2026-09-23T00:34:06.742368558Z,ACTIVITY_TYPE_TRADE,cpoc-ussegubc-oh-2026-11-03-dsweep,SELL,ORDER_INTENT_BUY_SHORT,0.48,19.06,CNHD320XYWPC,passive,,2026-09-23T00:00:37.756062206Z,0.558,-0.06,0,1,ORDER_STATE_PARTIALLY_FILLED,UNSOLICITED_CXL_REASON_UNDEFINED,ORD_REJECT_REASON_EXCHANGE_OPTION,,
1790123662.2,2026-09-23T00:34:22.227906785Z,ACTIVITY_TYPE_TRADE,cpoc-ussegubc-mn-2026-11-03-rgov-dsen,BUY,ORDER_INTENT_BUY_LONG,0.23,20,CNHF78VEYWP7,passive,,2026-09-23T00:06:10.601686922Z,0.47,-0.04,0,1,ORDER_STATE_FILLED,UNSOLICITED_CXL_REASON_UNDEFINED,ORD_REJECT_REASON_EXCHANGE_OPTION,,
1790123760.3,2026-09-23T00:36:00.330763733Z,ACTIVITY_TYPE_TRADE,cpoc-ussegubc-oh-2026-11-03-dsweep,SELL,ORDER_INTENT_BUY_SHORT,0.48,0.94,CNHD320XYWPC,passive,,2026-09-23T00:00:37.756062206Z,0.59,0,0,1,ORDER_STATE_FILLED,UNSOLICITED_CXL_REASON_UNDEFINED,ORD_REJECT_REASON_EXCHANGE_OPTION,,
1790124199.5,2026-09-23T00:43:19.513360287Z,ACTIVITY_TYPE_TRADE,paccc-usse-midterms-2026-11-03-dem,BUY,ORDER_INTENT_SELL_SHORT,0.649,58,CNHDFQD4WWP7,passive,24.84,2026-09-23T00:02:06.673894594Z,0.687,-0.17,0,1,ORDER_STATE_PARTIALLY_FILLED,UNSOLICITED_CXL_REASON_UNDEFINED,ORD_REJECT_REASON_EXCHANGE_OPTION,,
1790124395.5,2026-09-23T00:46:35.478053101Z,ACTIVITY_TYPE_TRADE,ewc-usse-tx-2026-11-03-rep,BUY,ORDER_INTENT_SELL_SHORT,0.42,66,CNG7HPV1EWP7,passive,-11.94,2026-09-22T22:47:04.879354482Z,1.992,-0.2,0,1,ORDER_STATE_FILLED,UNSOLICITED_CXL_REASON_UNDEFINED,ORD_REJECT_REASON_EXCHANGE_OPTION,,
1790124675.3,2026-09-23T00:51:15.250404643Z,ACTIVITY_TYPE_TRADE,paccc-usse-midterms-2026-11-03-dem,BUY,ORDER_INTENT_SELL_SHORT,0.649,7,CNHDFQD4WWP7,passive,3,2026-09-23T00:02:06.673894594Z,0.819,-0.02,0,1,ORDER_STATE_PARTIALLY_FILLED,UNSOLICITED_CXL_REASON_UNDEFINED,ORD_REJECT_REASON_EXCHANGE_OPTION,,
1790125353.6,2026-09-23T01:02:33.582786676Z,ACTIVITY_TYPE_TRADE,ushrewc-ushr-me-02-2026-11-03-dem,BUY,ORDER_INTENT_BUY_LONG,0.42,23,CNJ4VECGCWPH,passive,,2026-09-23T00:55:37.842596928Z,0.115,-0.07,0,1,ORDER_STATE_PARTIALLY_FILLED,UNSOLICITED_CXL_REASON_UNDEFINED,ORD_REJECT_REASON_EXCHANGE_OPTION,,
1790125787.6,2026-09-23T01:09:47.579850448Z,ACTIVITY_TYPE_TRADE,paccc-usse-midterms-2026-11-03-dem,BUY,ORDER_INTENT_SELL_SHORT,0.649,9,CNJ3THCFCWPB,passive,3.86,2026-09-23T00:52:54.335743839Z,0.281,-0.03,0,1,ORDER_STATE_FILLED,UNSOLICITED_CXL_REASON_UNDEFINED,ORD_REJECT_REASON_EXCHANGE_OPTION,,
1790126207.7,2026-09-23T01:16:47.746479270Z,ACTIVITY_TYPE_TRADE,usgubewc-usgub-tx-2026-11-03-dem,SELL,ORDER_INTENT_BUY_SHORT,0.24,61.92,CNJEAJVVEWPE,passive,,2026-09-23T01:16:37.255982176Z,0.003,-0.14,0,1,ORDER_STATE_PARTIALLY_FILLED,UNSOLICITED_CXL_REASON_UNDEFINED,ORD_REJECT_REASON_EXCHANGE_OPTION,,
1790126219.6,2026-09-23T01:16:59.637944893Z,ACTIVITY_TYPE_TRADE,usgubewc-usgub-tx-2026-11-03-rep,BUY,ORDER_INTENT_BUY_LONG,0.77,82,CNJE41HG4WPF,passive,,2026-09-23T01:16:25.223012869Z,0.01,-0.18,0,1,ORDER_STATE_FILLED,UNSOLICITED_CXL_REASON_UNDEFINED,ORD_REJECT_REASON_EXCHANGE_OPTION,,
1790126455.4,2026-09-23T01:20:55.448502554Z,ACTIVITY_TYPE_TRADE,cpoc-ussegubc-mn-2026-11-03-dgov-rsen,SELL,ORDER_INTENT_BUY_SHORT,0.04,5,CNHGRJWZJWPD,passive,,2026-09-23T00:10:04.257985480Z,1.181,0,0,1,ORDER_STATE_FILLED,UNSOLICITED_CXL_REASON_UNDEFINED,ORD_REJECT_REASON_EXCHANGE_OPTION,,
1790128658.0,2026-09-23T01:57:37.992436022Z,ACTIVITY_TYPE_TRADE,ussewc-usse-co-2026-11-03-rep,SELL,ORDER_INTENT_SELL_LONG,0.05,18.79,CJNDG4MNRW22,passive,-0.5,2026-09-18T12:46:38.365646551Z,109.183,-0.01,0,1,ORDER_STATE_PARTIALLY_FILLED,UNSOLICITED_CXL_REASON_UNDEFINED,ORD_REJECT_REASON_EXCHANGE_OPTION,,
1790128786.8,2026-09-23T01:59:46.762591652Z,ACTIVITY_TYPE_TRADE,paccc-usse-midterms-2026-11-03-rep,SELL,ORDER_INTENT_BUY_SHORT,0.365,54,CNJGWAANCWPF,passive,,2026-09-23T01:21:54.554404918Z,0.631,-0.16,0,1,ORDER_STATE_FILLED,UNSOLICITED_CXL_REASON_UNDEFINED,ORD_REJECT_REASON_EXCHANGE_OPTION,,
1790129183.1,2026-09-23T02:06:23.080579491Z,ACTIVITY_TYPE_TRADE,scc-hrep-demst-2026-11-03-gte218,BUY,ORDER_INTENT_BUY_LONG,0.92,1,CNJKVJP9AWP7,passive,,2026-09-23T01:27:38.830477293Z,0.646,0,0,1,ORDER_STATE_FILLED,UNSOLICITED_CXL_REASON_UNDEFINED,ORD_REJECT_REASON_EXCHANGE_OPTION,,
1790131449.9,2026-09-23T02:44:09.883157929Z,ACTIVITY_TYPE_TRADE,paccc-usse-midterms-2026-11-03-dem,BUY,ORDER_INTENT_BUY_LONG,0.649,40,CNK2FEAR0WP9,passive,,2026-09-23T01:59:54.714494986Z,0.738,-0.11,0,1,ORDER_STATE_FILLED,UNSOLICITED_CXL_REASON_UNDEFINED,ORD_REJECT_REASON_EXCHANGE_OPTION,,
1790131471.3,2026-09-23T02:44:31.305931626Z,ACTIVITY_TYPE_TRADE,paccc-usse-midterms-2026-11-03-dem,BUY,ORDER_INTENT_BUY_LONG,0.644,1,CNKPA7FT8WPB,passive,,2026-09-23T02:44:24.426523451Z,0.002,0,0,1,ORDER_STATE_PARTIALLY_FILLED,UNSOLICITED_CXL_REASON_UNDEFINED,ORD_REJECT_REASON_EXCHANGE_OPTION,,
1790132250.5,2026-09-23T02:57:30.527103052Z,ACTIVITY_TYPE_TRADE,ewc-usse-tx-2026-11-03-dem,SELL,ORDER_INTENT_SELL_LONG,0.59,34,CNK2D5QE6WPD,passive,8.33,2026-09-23T01:59:24.880333282Z,0.968,-0.1,0,1,ORDER_STATE_FILLED,UNSOLICITED_CXL_REASON_UNDEFINED,ORD_REJECT_REASON_EXCHANGE_OPTION,,
1790132841.1,2026-09-23T03:07:21.142499679Z,ACTIVITY_TYPE_TRADE,scc-senate-demst-2026-11-03-gte51,BUY,ORDER_INTENT_BUY_LONG,0.88,5,CNK8NT8Y6WPB,passive,,2026-09-23T02:12:41.688750156Z,0.911,-0.01,0,1,ORDER_STATE_FILLED,UNSOLICITED_CXL_REASON_UNDEFINED,ORD_REJECT_REASON_EXCHANGE_OPTION,,
1790133625.3,2026-09-23T03:20:25.344781477Z,ACTIVITY_TYPE_TRADE,ewc-usse-oh-2026-11-03-dem,BUY,ORDER_INTENT_BUY_LONG,0.65,37,CNKVV45A8WPF,passive,,2026-09-23T02:57:52.216818965Z,0.376,-0.11,0,1,ORDER_STATE_FILLED,UNSOLICITED_CXL_REASON_UNDEFINED,ORD_REJECT_REASON_EXCHANGE_OPTION,,
1790133682.5,2026-09-23T03:21:22.506960698Z,ACTIVITY_TYPE_TRADE,ewc-usse-oh-2026-11-03-dem,BUY,ORDER_INTENT_BUY_LONG,0.64,27,CNM6SY04WWP7,passive,,2026-09-23T03:20:55.419939386Z,0.008,-0.08,0,1,ORDER_STATE_FILLED,UNSOLICITED_CXL_REASON_UNDEFINED,ORD_REJECT_REASON_EXCHANGE_OPTION,,
1790134311.2,2026-09-23T03:31:51.198258754Z,ACTIVITY_TYPE_TRADE,paccc-usho-midterms-2026-11-03-rep,SELL,ORDER_INTENT_BUY_SHORT,0.101,14,CNMBYNRBGWPC,passive,,2026-09-23T03:30:55.311944602Z,0.016,-0.02,0,1,ORDER_STATE_FILLED,UNSOLICITED_CXL_REASON_UNDEFINED,ORD_REJECT_REASON_EXCHANGE_OPTION,,
1790136603.4,2026-09-23T04:10:03.365528273Z,ACTIVITY_TYPE_TRADE,ewc-usse-mi-2026-11-03-rep,SELL,ORDER_INTENT_SELL_LONG,0.31,3,CNMAV9WKMWP7,passive,-0.27,2026-09-23T03:28:37.678924544Z,0.69,-0.01,0,1,ORDER_STATE_PARTIALLY_FILLED,UNSOLICITED_CXL_REASON_UNDEFINED,ORD_REJECT_REASON_EXCHANGE_OPTION,,
1790137596.4,2026-09-23T04:26:36.368669726Z,ACTIVITY_TYPE_TRADE,paccc-usse-midterms-2026-11-03-dem,SELL,ORDER_INTENT_SELL_LONG,0.645,41,CNKPY5W6MWPD,passive,-23.61,2026-09-23T02:46:24.758434103Z,1.67,-0.12,0,1,ORDER_STATE_FILLED,UNSOLICITED_CXL_REASON_UNDEFINED,ORD_REJECT_REASON_EXCHANGE_OPTION,,
1790137818.7,2026-09-23T04:30:18.656717101Z,ACTIVITY_TYPE_TRADE,paccc-usse-midterms-2026-11-03-dem,SELL,ORDER_INTENT_BUY_SHORT,0.646,37,CNN4XCR00WPE,passive,,2026-09-23T04:28:50.208860782Z,0.025,-0.11,0,1,ORDER_STATE_PARTIALLY_FILLED,UNSOLICITED_CXL_REASON_UNDEFINED,ORD_REJECT_REASON_EXCHANGE_OPTION,,
1790138796.5,2026-09-23T04:46:36.473114337Z,ACTIVITY_TYPE_TRADE,ewc-usse-mi-2026-11-03-rep,SELL,ORDER_INTENT_SELL_LONG,0.31,76,CNMAV9WKMWP7,passive,-6.87,2026-09-23T03:28:37.678924544Z,1.3,-0.2,0,1,ORDER_STATE_PARTIALLY_FILLED,UNSOLICITED_CXL_REASON_UNDEFINED,ORD_REJECT_REASON_EXCHANGE_OPTION,,
1790140113.1,2026-09-23T05:08:33.051936480Z,ACTIVITY_TYPE_TRADE,paccc-usho-midterms-2026-11-03-rep,SELL,ORDER_INTENT_BUY_SHORT,0.101,25,CNNM47MBYWP9,passive,,2026-09-23T05:07:06.697055215Z,0.024,-0.03,0,1,ORDER_STATE_FILLED,UNSOLICITED_CXL_REASON_UNDEFINED,ORD_REJECT_REASON_EXCHANGE_OPTION,,
1790140665.0,2026-09-23T05:17:44.964103041Z,ACTIVITY_TYPE_TRADE,ewc-usse-mi-2026-11-03-rep,SELL,ORDER_INTENT_SELL_LONG,0.31,40,CNND41RJ2WPF,passive,-3.61,2026-09-23T04:48:05.785473566Z,0.494,-0.11,0,1,ORDER_STATE_PARTIALLY_FILLED,UNSOLICITED_CXL_REASON_UNDEFINED,ORD_REJECT_REASON_EXCHANGE_OPTION,,
1790141571.6,2026-09-23T05:32:51.645571209Z,ACTIVITY_TYPE_TRADE,paccc-usse-midterms-2026-11-03-rep,BUY,ORDER_INTENT_SELL_SHORT,0.377,8,CNNJF3674WP9,passive,2.81,2026-09-23T05:02:21.261375132Z,0.508,-0.02,0,1,ORDER_STATE_PARTIALLY_FILLED,UNSOLICITED_CXL_REASON_UNDEFINED,ORD_REJECT_REASON_EXCHANGE_OPTION,,
1790141993.0,2026-09-23T05:39:53.035392725Z,ACTIVITY_TYPE_TRADE,paccc-usse-midterms-2026-11-03-rep,BUY,ORDER_INTENT_SELL_SHORT,0.377,12,CNNJF3674WP9,passive,4.23,2026-09-23T05:02:21.261375132Z,0.625,-0.04,0,1,ORDER_STATE_PARTIALLY_FILLED,UNSOLICITED_CXL_REASON_UNDEFINED,ORD_REJECT_REASON_EXCHANGE_OPTION,,
1790142154.8,2026-09-23T05:42:34.812039036Z,ACTIVITY_TYPE_TRADE,paccc-usse-midterms-2026-11-03-rep,BUY,ORDER_INTENT_SELL_SHORT,0.377,34,CNNJF3674WP9,passive,11.96,2026-09-23T05:02:21.261375132Z,0.67,-0.1,0,1,ORDER_STATE_FILLED,UNSOLICITED_CXL_REASON_UNDEFINED,ORD_REJECT_REASON_EXCHANGE_OPTION,,
1790143404.4,2026-09-23T06:03:24.396973839Z,ACTIVITY_TYPE_TRADE,cpoc-ussegubc-tx-2026-11-03-dsweep,BUY,ORDER_INTENT_BUY_LONG,0.33,2,CNNW40GGGWP6,passive,,2026-09-23T05:23:14.674105570Z,0.669,-0.01,0,1,ORDER_STATE_FILLED,UNSOLICITED_CXL_REASON_UNDEFINED,ORD_REJECT_REASON_EXCHANGE_OPTION,,
1790146338.9,2026-09-23T06:52:18.932690611Z,ACTIVITY_TYPE_TRADE,aachc-cfb-wins-2026-11-28-clmsn-7pt5wins,SELL,ORDER_INTENT_SELL_LONG,0.34,0.12,CNQ5KRR86WPH,aggressor,0.02,2026-09-23T06:52:18.930958664Z,0,0,0,1,ORDER_STATE_FILLED,UNSOLICITED_CXL_REASON_UNDEFINED,ORD_REJECT_REASON_EXCHANGE_OPTION,,
1790146338.9,2026-09-23T06:52:18.932690611Z,ACTIVITY_TYPE_TRADE,aachc-cfb-wins-2026-11-28-clmsn-7pt5wins,SELL,ORDER_INTENT_SELL_LONG,0.34,0.88,CNQ5KRR86WPH,aggressor,0.14,2026-09-23T06:52:18.930958664Z,0,0.01,0,1,ORDER_STATE_PARTIALLY_FILLED,UNSOLICITED_CXL_REASON_UNDEFINED,ORD_REJECT_REASON_EXCHANGE_OPTION,,
1790146546.8,2026-09-23T06:55:46.842725152Z,ACTIVITY_TYPE_TRADE,ewc-usgub-ga-2026-11-03-dem,SELL,ORDER_INTENT_BUY_SHORT,0.56,57,CNPTH9586WPD,passive,,2026-09-23T06:30:45.975630329Z,0.417,-0.18,0,1,ORDER_STATE_FILLED,UNSOLICITED_CXL_REASON_UNDEFINED,ORD_REJECT_REASON_EXCHANGE_OPTION,,
1790146575.1,2026-09-23T06:56:15.119658235Z,ACTIVITY_TYPE_TRADE,paccc-usse-midterms-2026-11-03-dem,BUY,ORDER_INTENT_SELL_SHORT,0.646,37,CNQ3XQGAYWPF,passive,15.73,2026-09-23T06:49:14.277610062Z,0.117,-0.11,0,1,ORDER_STATE_FILLED,UNSOLICITED_CXL_REASON_UNDEFINED,ORD_REJECT_REASON_EXCHANGE_OPTION,,
1790150886.3,2026-09-23T08:08:06.285351887Z,ACTIVITY_TYPE_TRADE,scc-hrep-demst-2026-11-03-gte218,SELL,ORDER_INTENT_SELL_LONG,0.9,1,CNR6XC2TYWPF,aggressor,0.89,2026-09-23T08:08:06.283679831Z,0,0.01,0,1,ORDER_STATE_FILLED,UNSOLICITED_CXL_REASON_UNDEFINED,ORD_REJECT_REASON_EXCHANGE_OPTION,,
1790157506.3,2026-09-23T09:58:26.318933160Z,ACTIVITY_TYPE_TRADE,scc-senate-gop-2026-11-03-48,SELL,ORDER_INTENT_BUY_SHORT,0.15,7,CNBPE05KWWPF,passive,,2026-09-22T17:31:09.239479227Z,16.455,-0.01,0,1,ORDER_STATE_FILLED,UNSOLICITED_CXL_REASON_UNDEFINED,ORD_REJECT_REASON_EXCHANGE_OPTION,,
1790161487.4,2026-09-23T11:04:47.379145076Z,ACTIVITY_TYPE_TRADE,ewc-usse-mi-2026-11-03-rep,SELL,ORDER_INTENT_SELL_LONG,0.31,29,CNNSYA1CPWPF,passive,-2.62,2026-09-23T05:19:09.272344250Z,5.761,-0.08,0,1,ORDER_STATE_PARTIALLY_FILLED,UNSOLICITED_CXL_REASON_UNDEFINED,ORD_REJECT_REASON_EXCHANGE_OPTION,,
1790163738.5,2026-09-23T11:42:18.453833392Z,ACTIVITY_TYPE_TRADE,ewc-usse-mi-2026-11-03-rep,SELL,ORDER_INTENT_SELL_LONG,0.31,3,CNNSYA1CPWPF,passive,-0.27,2026-09-23T05:19:09.272344250Z,6.386,-0.01,0,1,ORDER_STATE_PARTIALLY_FILLED,UNSOLICITED_CXL_REASON_UNDEFINED,ORD_REJECT_REASON_EXCHANGE_OPTION,,
1790164481.2,2026-09-23T11:54:41.169818190Z,ACTIVITY_TYPE_TRADE,aachc-cfb-wins-2026-11-28-ala-10pt5wins,SELL,ORDER_INTENT_SELL_LONG,0.26,0.1,CNQ71RYB0WPF,passive,-0.01,2026-09-23T06:56:35.053380793Z,4.968,0,0,1,ORDER_STATE_PARTIALLY_FILLED,UNSOLICITED_CXL_REASON_UNDEFINED,ORD_REJECT_REASON_EXCHANGE_OPTION,,
1790164495.9,2026-09-23T11:54:55.931873521Z,ACTIVITY_TYPE_TRADE,aachc-cfb-wins-2026-11-28-ala-10pt5wins,SELL,ORDER_INTENT_SELL_LONG,0.26,0.1,CNQ71RYB0WPF,passive,-0.01,2026-09-23T06:56:35.053380793Z,4.972,0,0,1,ORDER_STATE_PARTIALLY_FILLED,UNSOLICITED_CXL_REASON_UNDEFINED,ORD_REJECT_REASON_EXCHANGE_OPTION,,
1790164955.2,2026-09-23T12:02:35.203234539Z,ACTIVITY_TYPE_TRADE,ewc-usse-mi-2026-11-03-rep,SELL,ORDER_INTENT_SELL_LONG,0.31,2,CNNSYA1CPWPF,passive,-0.18,2026-09-23T05:19:09.272344250Z,6.724,-0.01,0,1,ORDER_STATE_PARTIALLY_FILLED,UNSOLICITED_CXL_REASON_UNDEFINED,ORD_REJECT_REASON_EXCHANGE_OPTION,,
1790168176.9,2026-09-23T12:56:16.858277859Z,ACTIVITY_TYPE_TRADE,scc-hrep-demst-2026-11-03-gte235,BUY,ORDER_INTENT_BUY_LONG,0.87,10,CNQTT9QNYWPE,passive,,2026-09-23T07:42:17.184452128Z,5.233,-0.01,0,1,ORDER_STATE_FILLED,UNSOLICITED_CXL_REASON_UNDEFINED,ORD_REJECT_REASON_EXCHANGE_OPTION,,
1790170168.0,2026-09-23T13:29:27.952785367Z,ACTIVITY_TYPE_TRADE,cpoc-ussegubc-oh-2026-11-03-rsweep,BUY,ORDER_INTENT_BUY_LONG,0.29,4.99,CNNFD68JGWP9,passive,,2026-09-23T04:53:59.229310076Z,8.591,-0.01,0,1,ORDER_STATE_PARTIALLY_FILLED,UNSOLICITED_CXL_REASON_UNDEFINED,ORD_REJECT_REASON_EXCHANGE_OPTION,,
1790170301.4,2026-09-23T13:31:41.368058902Z,ACTIVITY_TYPE_TRADE,ewc-usse-mi-2026-11-03-dem,BUY,ORDER_INTENT_SELL_SHORT,0.69,66,CNHW7JKFAWPH,passive,19.31,2026-09-23T00:36:36.618057147Z,12.918,-0.18,0,1,ORDER_STATE_FILLED,UNSOLICITED_CXL_REASON_UNDEFINED,ORD_REJECT_REASON_EXCHANGE_OPTION,,
1790170506.2,2026-09-23T13:35:06.228897925Z,ACTIVITY_TYPE_TRADE,cpoc-ussegubc-nh-2026-11-03-dgov-rsen,BUY,ORDER_INTENT_BUY_LONG,0.07,2.15,CNP7CG20JWPE,passive,,2026-09-23T05:48:41.014009716Z,7.774,0,0,1,ORDER_STATE_PARTIALLY_FILLED,UNSOLICITED_CXL_REASON_UNDEFINED,ORD_REJECT_REASON_EXCHANGE_OPTION,,
1790170510.4,2026-09-23T13:35:10.421206616Z,ACTIVITY_TYPE_TRADE,cpoc-ussegubc-nh-2026-11-03-dgov-rsen,BUY,ORDER_INTENT_BUY_LONG,0.07,0.85,CNP7CG20JWPE,passive,,2026-09-23T05:48:41.014009716Z,7.775,0,0,1,ORDER_STATE_PARTIALLY_FILLED,UNSOLICITED_CXL_REASON_UNDEFINED,ORD_REJECT_REASON_EXCHANGE_OPTION,,
1790172544.2,2026-09-23T14:09:04.208220218Z,ACTIVITY_TYPE_TRADE,ewc-usse-mi-2026-11-03-rep,SELL,ORDER_INTENT_SELL_LONG,0.31,3,CNNSYA1CPWPF,passive,-0.27,2026-09-23T05:19:09.272344250Z,8.832,-0.01,0,1,ORDER_STATE_PARTIALLY_FILLED,UNSOLICITED_CXL_REASON_UNDEFINED,ORD_REJECT_REASON_EXCHANGE_OPTION,,
1790173408.6,2026-09-23T14:23:28.615440814Z,ACTIVITY_TYPE_TRADE,ewc-usse-mi-2026-11-03-rep,SELL,ORDER_INTENT_SELL_LONG,0.31,21,CNNSYA1CPWPF,passive,-1.89,2026-09-23T05:19:09.272344250Z,9.072,-0.06,0,1,ORDER_STATE_FILLED,UNSOLICITED_CXL_REASON_UNDEFINED,ORD_REJECT_REASON_EXCHANGE_OPTION,,
1790175026.8,2026-09-23T14:50:26.828757452Z,ACTIVITY_TYPE_TRADE,usgubewc-usgub-ri-2026-11-03-dem,BUY,ORDER_INTENT_BUY_LONG,0.98,3,CNGTMH32WWP6,passive,-4.76,2026-09-22T23:22:22.952824781Z,15.468,0,0,1,ORDER_STATE_FILLED,UNSOLICITED_CXL_REASON_UNDEFINED,ORD_REJECT_REASON_EXCHANGE_OPTION,,
1790175026.8,2026-09-23T14:50:26.828757452Z,ACTIVITY_TYPE_TRADE,usgubewc-usgub-ri-2026-11-03-dem,BUY,ORDER_INTENT_BUY_LONG,0.98,6.12,CK6Q4MDH0WP6,passive,-9.73,2026-09-19T08:57:31.713190203Z,101.882,0,0,1,ORDER_STATE_FILLED,UNSOLICITED_CXL_REASON_UNDEFINED,ORD_REJECT_REASON_EXCHANGE_OPTION,,
1790175068.3,2026-09-23T14:51:08.301216880Z,ACTIVITY_TYPE_TRADE,usgubewc-usgub-mn-2026-11-03-dem,BUY,ORDER_INTENT_BUY_LONG,0.94,81.26,CNTTA0BGGWP7,passive,-67.9,2026-09-23T11:09:11.404802341Z,3.699,-0.06,0,1,ORDER_STATE_PARTIALLY_FILLED,UNSOLICITED_CXL_REASON_UNDEFINED,ORD_REJECT_REASON_EXCHANGE_OPTION,,
1790175068.3,2026-09-23T14:51:08.301216880Z,ACTIVITY_TYPE_TRADE,usgubewc-usgub-mn-2026-11-03-dem,SELL,ORDER_INTENT_SELL_LONG,0.94,35,CNY0C5KJEWP9,aggressor,-29.25,2026-09-23T14:51:08.299861318Z,0,0.14,0,1,ORDER_STATE_PARTIALLY_FILLED,UNSOLICITED_CXL_REASON_UNDEFINED,ORD_REJECT_REASON_EXCHANGE_OPTION,,
1790175160.6,2026-09-23T14:52:40.562994010Z,ACTIVITY_TYPE_TRADE,cpoc-ussegubc-tx-2026-11-03-dsweep,SELL,ORDER_INTENT_SELL_LONG,0.28,0.97,CNY0Y98BTWPA,aggressor,0.26,2026-09-23T14:52:40.561732666Z,0,0.01,0,1,ORDER_STATE_FILLED,UNSOLICITED_CXL_REASON_UNDEFINED,ORD_REJECT_REASON_EXCHANGE_OPTION,,
1790175160.6,2026-09-23T14:52:40.562994010Z,ACTIVITY_TYPE_TRADE,cpoc-ussegubc-tx-2026-11-03-dsweep,SELL,ORDER_INTENT_SELL_LONG,0.28,0.03,CNY0Y98BTWPA,aggressor,0.01,2026-09-23T14:52:40.561732666Z,0,0,0,1,ORDER_STATE_PARTIALLY_FILLED,UNSOLICITED_CXL_REASON_UNDEFINED,ORD_REJECT_REASON_EXCHANGE_OPTION,,
1790175160.6,2026-09-23T14:52:40.562994010Z,ACTIVITY_TYPE_TRADE,cpoc-ussegubc-tx-2026-11-03-dsweep,SELL,ORDER_INTENT_SELL_LONG,0.28,1,CNY0Y98BTWPA,aggressor,0.27,2026-09-23T14:52:40.561732666Z,0,0.01,0,1,ORDER_STATE_PARTIALLY_FILLED,UNSOLICITED_CXL_REASON_UNDEFINED,ORD_REJECT_REASON_EXCHANGE_OPTION,,
1790176288.4,2026-09-23T15:11:28.426739701Z,ACTIVITY_TYPE_TRADE,usgubewc-usgub-fl-2026-11-03-dem,SELL,ORDER_INTENT_BUY_SHORT,0.27,79,CNY5WZRVPWPE,passive,,2026-09-23T15:04:06.837898875Z,0.123,-0.19,0,1,ORDER_STATE_FILLED,UNSOLICITED_CXL_REASON_UNDEFINED,ORD_REJECT_REASON_EXCHANGE_OPTION,,
1790176522.5,2026-09-23T15:15:22.465217729Z,ACTIVITY_TYPE_TRADE,cpoc-ussegubc-mi-2026-11-03-dsweep,SELL,ORDER_INTENT_BUY_SHORT,0.69,1.18,CNK6BK0WWWPE,passive,,2026-09-23T02:08:07.247503236Z,13.121,0,0,1,ORDER_STATE_PARTIALLY_FILLED,UNSOLICITED_CXL_REASON_UNDEFINED,ORD_REJECT_REASON_EXCHANGE_OPTION,,
1790176648.6,2026-09-23T15:17:28.640471925Z,ACTIVITY_TYPE_TRADE,cpoc-ussegubc-mi-2026-11-03-dsweep,SELL,ORDER_INTENT_BUY_SHORT,0.69,11,CNYBFJ432WPD,passive,,2026-09-23T15:15:48.455516249Z,0.028,-0.03,0,1,ORDER_STATE_PARTIALLY_FILLED,UNSOLICITED_CXL_REASON_UNDEFINED,ORD_REJECT_REASON_EXCHANGE_OPTION,,
1790176944.1,2026-09-23T15:22:24.116584997Z,ACTIVITY_TYPE_TRADE,scc-senate-gop-2026-11-03-lte45,SELL,ORDER_INTENT_BUY_SHORT,0.06,16.81,CNY9FTTKRWPC,passive,,2026-09-23T15:11:43.134352476Z,0.178,-0.01,0,1,ORDER_STATE_PARTIALLY_FILLED,UNSOLICITED_CXL_REASON_UNDEFINED,ORD_REJECT_REASON_EXCHANGE_OPTION,,
1790176956.7,2026-09-23T15:22:36.652932760Z,ACTIVITY_TYPE_TRADE,scc-senate-gop-2026-11-03-lte45,SELL,ORDER_INTENT_BUY_SHORT,0.06,26,CNY9FTTKRWPC,passive,,2026-09-23T15:11:43.134352476Z,0.182,-0.02,0,1,ORDER_STATE_PARTIALLY_FILLED,UNSOLICITED_CXL_REASON_UNDEFINED,ORD_REJECT_REASON_EXCHANGE_OPTION,,
1790177008.9,2026-09-23T15:23:28.917049437Z,ACTIVITY_TYPE_TRADE,ewc-usgub-ga-2026-11-03-dem,BUY,ORDER_INTENT_SELL_SHORT,0.6,26,CNXZ0R2QEWPF,passive,3.82,2026-09-23T14:47:41.815076114Z,0.596,-0.08,0,1,ORDER_STATE_PARTIALLY_FILLED,UNSOLICITED_CXL_REASON_UNDEFINED,ORD_REJECT_REASON_EXCHANGE_OPTION,,
1790177008.9,2026-09-23T15:23:28.920602725Z,ACTIVITY_TYPE_TRADE,scc-senate-gop-2026-11-03-lte45,SELL,ORDER_INTENT_BUY_SHORT,0.06,11.5,CNYDZ32Y8WPF,passive,,2026-09-23T15:22:39.264685130Z,0.014,-0.01,0,1,ORDER_STATE_PARTIALLY_FILLED,UNSOLICITED_CXL_REASON_UNDEFINED,ORD_REJECT_REASON_EXCHANGE_OPTION,,
1790177051.5,2026-09-23T15:24:11.476618641Z,ACTIVITY_TYPE_TRADE,ewc-usgub-ga-2026-11-03-dem,BUY,ORDER_INTENT_SELL_SHORT,0.6,57,CNYE1WCNYWP7,passive,12.67,2026-09-23T15:23:39.152437984Z,0.009,-0.17,0,1,ORDER_STATE_FILLED,UNSOLICITED_CXL_REASON_UNDEFINED,ORD_REJECT_REASON_EXCHANGE_OPTION,,
1790177166.8,2026-09-23T15:26:06.791393490Z,ACTIVITY_TYPE_TRADE,cpoc-ussegubc-ga-2026-11-03-dsweep,SELL,ORDER_INTENT_BUY_SHORT,0.51,1.96,CNNKFY95JWPH,passive,,2026-09-23T05:04:31.040740936Z,10.36,-0.01,0,1,ORDER_STATE_PARTIALLY_FILLED,UNSOLICITED_CXL_REASON_UNDEFINED,ORD_REJECT_REASON_EXCHANGE_OPTION,,
1790177248.6,2026-09-23T15:27:28.647141992Z,ACTIVITY_TYPE_TRADE,cpoc-ussegubc-ga-2026-11-03-dsweep,SELL,ORDER_INTENT_BUY_SHORT,0.51,18.04,CNNKFY95JWPH,passive,,2026-09-23T05:04:31.040740936Z,10.383,-0.06,0,1,ORDER_STATE_FILLED,UNSOLICITED_CXL_REASON_UNDEFINED,ORD_REJECT_REASON_EXCHANGE_OPTION,,
1790180624.5,2026-09-23T16:23:44.487189156Z,ACTIVITY_TYPE_TRADE,paccc-usho-midterms-2026-11-03-rep,BUY,ORDER_INTENT_SELL_SHORT,0.101,57,CNNPQR4FPWP7,passive,3.65,2026-09-23T05:13:51.482927085Z,11.165,-0.06,0,1,ORDER_STATE_FILLED,UNSOLICITED_CXL_REASON_UNDEFINED,ORD_REJECT_REASON_EXCHANGE_OPTION,,
1790181224.7,2026-09-23T16:33:44.739932726Z,ACTIVITY_TYPE_TRADE,ewc-usse-mi-2026-11-03-dem,SELL,ORDER_INTENT_BUY_SHORT,0.71,151,CNZCCF4DPWPD,passive,,2026-09-23T16:28:37.518243397Z,0.085,-0.39,0,1,ORDER_STATE_FILLED,UNSOLICITED_CXL_REASON_UNDEFINED,ORD_REJECT_REASON_EXCHANGE_OPTION,,
1790181387.1,2026-09-23T16:36:27.126863831Z,ACTIVITY_TYPE_TRADE,cpoc-ussec-tx-me-2026-11-03-rsweep,SELL,ORDER_INTENT_SELL_LONG,0.21,117,CNZFY2K76WP6,aggressor,23.22,2026-09-23T16:36:27.125190770Z,0,1.35,0,1,ORDER_STATE_FILLED,UNSOLICITED_CXL_REASON_UNDEFINED,ORD_REJECT_REASON_EXCHANGE_OPTION,,
1790181483.5,2026-09-23T16:38:03.479855521Z,ACTIVITY_TYPE_TRADE,cpoc-ussegubc-mn-2026-11-03-dgov-rsen,BUY,ORDER_INTENT_SELL_SHORT,0.09,5,CNJHGFWD8WP7,passive,0.46,2026-09-23T01:23:23.564755919Z,15.244,-0.01,0,1,ORDER_STATE_FILLED,UNSOLICITED_CXL_REASON_UNDEFINED,ORD_REJECT_REASON_EXCHANGE_OPTION,,
1790183791.2,2026-09-23T17:16:31.193127981Z,ACTIVITY_TYPE_TRADE,cpoc-ussegubc-ga-2026-11-03-dsweep,BUY,ORDER_INTENT_SELL_SHORT,0.52,20,CNYGKJ9FEWP9,passive,10.46,2026-09-23T15:29:29.810015422Z,1.784,-0.06,0,1,ORDER_STATE_FILLED,UNSOLICITED_CXL_REASON_UNDEFINED,ORD_REJECT_REASON_EXCHANGE_OPTION,,
1790186779.1,2026-09-23T18:06:19.094011477Z,ACTIVITY_TYPE_TRADE,scc-senate-gop-2026-11-03-lte45,BUY,ORDER_INTENT_SELL_SHORT,0.06,1,CP0TYATSPWPA,aggressor,-0.71,2026-09-23T18:06:19.092331282Z,0,0,0,1,ORDER_STATE_PARTIALLY_FILLED,UNSOLICITED_CXL_REASON_UNDEFINED,ORD_REJECT_REASON_EXCHANGE_OPTION,,
1790186779.1,2026-09-23T18:06:19.094011477Z,ACTIVITY_TYPE_TRADE,scc-senate-gop-2026-11-03-lte45,BUY,ORDER_INTENT_SELL_SHORT,0.06,0.5,CP0TYATSPWPA,aggressor,-0.36,2026-09-23T18:06:19.092331282Z,0,0.01,0,1,ORDER_STATE_PARTIALLY_FILLED,UNSOLICITED_CXL_REASON_UNDEFINED,ORD_REJECT_REASON_EXCHANGE_OPTION,,
1790186779.1,2026-09-23T18:06:19.094011477Z,ACTIVITY_TYPE_TRADE,scc-senate-gop-2026-11-03-lte45,BUY,ORDER_INTENT_SELL_SHORT,0.06,0.88,CP0TYATSPWPA,aggressor,-0.62,2026-09-23T18:06:19.092331282Z,0,0,0,1,ORDER_STATE_PARTIALLY_FILLED,UNSOLICITED_CXL_REASON_UNDEFINED,ORD_REJECT_REASON_EXCHANGE_OPTION,,
1790189743.9,2026-09-23T18:55:43.928507696Z,ACTIVITY_TYPE_TRADE,paccc-usho-midterms-2026-11-03-rep,BUY,ORDER_INTENT_BUY_LONG,0.1,429,CP1ET2GYMWPE,passive,,2026-09-23T18:49:36.965871268Z,0.102,-0.48,0,1,ORDER_STATE_FILLED,UNSOLICITED_CXL_REASON_UNDEFINED,ORD_REJECT_REASON_EXCHANGE_OPTION,,
1790189796.0,2026-09-23T18:56:36.003685618Z,ACTIVITY_TYPE_TRADE,ewc-usgub-nv-2026-11-03-dem,SELL,ORDER_INTENT_SELL_LONG,0.45,21,CJWBHWJ68W7H,passive,2.22,2026-09-18T20:50:22.351642005Z,118.104,-0.06,0,1,ORDER_STATE_PARTIALLY_FILLED,UNSOLICITED_CXL_REASON_UNDEFINED,ORD_REJECT_REASON_EXCHANGE_OPTION,,
1790190399.7,2026-09-23T19:06:39.748261303Z,ACTIVITY_TYPE_TRADE,scc-senate-demst-2026-11-03-gte51,BUY,ORDER_INTENT_BUY_LONG,0.78,20,CNYWVR60JWPH,passive,,2026-09-23T15:55:02.298152169Z,3.194,-0.04,0,1,ORDER_STATE_FILLED,UNSOLICITED_CXL_REASON_UNDEFINED,ORD_REJECT_REASON_EXCHANGE_OPTION,,
1790190445.7,2026-09-23T19:07:25.672279780Z,ACTIVITY_TYPE_TRADE,scc-senate-demst-2026-11-03-gte51,BUY,ORDER_INTENT_BUY_LONG,0.76,10,CP1PK96T2WPH,passive,,2026-09-23T19:06:51.268059439Z,0.01,-0.02,0,1,ORDER_STATE_FILLED,UNSOLICITED_CXL_REASON_UNDEFINED,ORD_REJECT_REASON_EXCHANGE_OPTION,,
1790190871.2,2026-09-23T19:14:31.214227447Z,ACTIVITY_TYPE_TRADE,ewc-usgub-ga-2026-11-03-dem,SELL,ORDER_INTENT_SELL_LONG,0.59,16,CP0NK4NTJWP9,passive,-0.91,2026-09-23T17:55:38.128737251Z,1.315,-0.05,0,1,ORDER_STATE_PARTIALLY_FILLED,UNSOLICITED_CXL_REASON_UNDEFINED,ORD_REJECT_REASON_EXCHANGE_OPTION,,
1790191221.9,2026-09-23T19:20:21.869624807Z,ACTIVITY_TYPE_TRADE,paccc-usho-midterms-2026-11-03-rep,SELL,ORDER_INTENT_SELL_LONG,0.091,178,CP1JB0W88WPF,passive,-57.63,2026-09-23T18:56:51.694294809Z,0.392,-0.18,0,1,ORDER_STATE_PARTIALLY_FILLED,UNSOLICITED_CXL_REASON_UNDEFINED,ORD_REJECT_REASON_EXCHANGE_OPTION,,
1790192890.2,2026-09-23T19:48:10.186354532Z,ACTIVITY_TYPE_TRADE,scc-hrep-rep-2026-11-03-gte230,SELL,ORDER_INTENT_BUY_SHORT,0.04,25,CP23ES2YAWPF,passive,,2026-09-23T19:36:37.033418521Z,0.193,-0.01,0,1,ORDER_STATE_PARTIALLY_FILLED,UNSOLICITED_CXL_REASON_UNDEFINED,ORD_REJECT_REASON_EXCHANGE_OPTION,,
1790194108.4,2026-09-23T20:08:28.354878425Z,ACTIVITY_TYPE_TRADE,usgubewc-usgub-ak-2026-11-03-davbro,SELL,ORDER_INTENT_SELL_LONG,0.03,33.33,CJWB6WACPW7E,passive,-1.8,2026-09-18T20:49:07.432955712Z,119.322,-0.01,0,1,ORDER_STATE_PARTIALLY_FILLED,UNSOLICITED_CXL_REASON_UNDEFINED,ORD_REJECT_REASON_EXCHANGE_OPTION,,
1790195387.8,2026-09-23T20:29:47.834056604Z,ACTIVITY_TYPE_TRADE,usgubewc-usgub-ak-2026-11-03-jonkre,BUY,ORDER_INTENT_SELL_SHORT,0.83,51,CNYC1DQ3GWPE,passive,42.42,2026-09-23T15:16:51.649247417Z,5.216,-0.09,0,1,ORDER_STATE_FILLED,UNSOLICITED_CXL_REASON_UNDEFINED,ORD_REJECT_REASON_EXCHANGE_OPTION,,
1790196393.8,2026-09-23T20:46:33.776979429Z,ACTIVITY_TYPE_TRADE,paccc-usse-midterms-2026-11-03-dem,SELL,ORDER_INTENT_BUY_SHORT,0.647,6,CP2XG3S2CWP7,passive,,2026-09-23T20:34:52.722967004Z,0.195,-0.02,0,1,ORDER_STATE_PARTIALLY_FILLED,UNSOLICITED_CXL_REASON_UNDEFINED,ORD_REJECT_REASON_EXCHANGE_OPTION,,
1790196565.2,2026-09-23T20:49:25.200527232Z,ACTIVITY_TYPE_TRADE,cpoc-ussegubc-oh-2026-11-03-rsweep,SELL,ORDER_INTENT_SELL_LONG,0.28,1,CP34RWGDJWP9,aggressor,-0.02,2026-09-23T20:49:25.198762060Z,0,0.01,0,1,ORDER_STATE_FILLED,UNSOLICITED_CXL_REASON_UNDEFINED,ORD_REJECT_REASON_EXCHANGE_OPTION,,
1790196565.2,2026-09-23T20:49:25.200527232Z,ACTIVITY_TYPE_TRADE,cpoc-ussegubc-oh-2026-11-03-rsweep,SELL,ORDER_INTENT_SELL_LONG,0.28,1,CP34RWGDJWP9,aggressor,-0.02,2026-09-23T20:49:25.198762060Z,0,0.01,0,1,ORDER_STATE_PARTIALLY_FILLED,UNSOLICITED_CXL_REASON_UNDEFINED,ORD_REJECT_REASON_EXCHANGE_OPTION,,
1790196569.2,2026-09-23T20:49:29.157759296Z,ACTIVITY_TYPE_TRADE,cpoc-ussegubc-oh-2026-11-03-rsweep,BUY,ORDER_INTENT_BUY_LONG,0.27,1,CNZE609ZAWPC,passive,,2026-09-23T16:32:10.252898481Z,4.289,0,0,1,ORDER_STATE_PARTIALLY_FILLED,UNSOLICITED_CXL_REASON_UNDEFINED,ORD_REJECT_REASON_EXCHANGE_OPTION,,
1790197179.9,2026-09-23T20:59:39.856500594Z,ACTIVITY_TYPE_TRADE,cpoc-ussegubc-nh-2026-11-03-dgov-rsen,SELL,ORDER_INTENT_SELL_LONG,0.07,3,CP39E7EC8WPC,aggressor,-0.01,2026-09-23T20:59:39.854830812Z,0,0.01,0,1,ORDER_STATE_FILLED,UNSOLICITED_CXL_REASON_UNDEFINED,ORD_REJECT_REASON_EXCHANGE_OPTION,,
1790198266.3,2026-09-23T21:17:46.311662867Z,ACTIVITY_TYPE_ACCOUNT_WITHDRAWAL,,,,,,,,,,,,,,,,,196,
1790198269.3,2026-09-23T21:17:49.298109073Z,ACTIVITY_TYPE_ACCOUNT_WITHDRAWAL,,,,,,,,,,,,,,,,,342.99,
1790198272.3,2026-09-23T21:17:52.304210729Z,ACTIVITY_TYPE_ACCOUNT_WITHDRAWAL,,,,,,,,,,,,,,,,,257.59,
1790198275.7,2026-09-23T21:17:55.713293900Z,ACTIVITY_TYPE_ACCOUNT_WITHDRAWAL,,,,,,,,,,,,,,,,,206.05,
1790199115.5,2026-09-23T21:31:55.509251699Z,ACTIVITY_TYPE_TRADE,aachc-cfb-wins-2026-11-28-oregst-5pt5wins,BUY,ORDER_INTENT_SELL_SHORT,0.84,1,CP3HE6SX4WP9,passive,0.13,2026-09-23T21:18:09.775538041Z,0.229,0,0,1,ORDER_STATE_FILLED,UNSOLICITED_CXL_REASON_UNDEFINED,ORD_REJECT_REASON_EXCHANGE_OPTION,,
1790199474.6,2026-09-23T21:37:54.625223607Z,ACTIVITY_TYPE_TRADE,cpoc-ussec-tx-mi-me-2026-11-03-rtx-dmi-dme,BUY,ORDER_INTENT_BUY_LONG,0.1,1,CP3G3C5KWWPD,passive,,2026-09-23T21:14:34.603710351Z,0.389,0,0,1,ORDER_STATE_FILLED,UNSOLICITED_CXL_REASON_UNDEFINED,ORD_REJECT_REASON_EXCHANGE_OPTION,,
1790201738.2,2026-09-23T22:15:38.228895133Z,ACTIVITY_TYPE_TRADE,paccc-usse-midterms-2026-11-03-dem,SELL,ORDER_INTENT_BUY_SHORT,0.647,62,CP47EHEQ4WPE,passive,,2026-09-23T22:05:51.268690682Z,0.163,-0.18,0,1,ORDER_STATE_FILLED,UNSOLICITED_CXL_REASON_UNDEFINED,ORD_REJECT_REASON_EXCHANGE_OPTION,,
1790202016.1,2026-09-23T22:20:16.115484168Z,ACTIVITY_TYPE_TRADE,cpoc-ussegubc-ks-2026-11-03-rsweep,BUY,ORDER_INTENT_BUY_LONG,0.69,2,CNK37H0XJWP6,passive,,2026-09-23T02:01:23.650219069Z,20.315,-0.01,0,1,ORDER_STATE_PARTIALLY_FILLED,UNSOLICITED_CXL_REASON_UNDEFINED,ORD_REJECT_REASON_EXCHANGE_OPTION,,
1790202092.3,2026-09-23T22:21:32.258865053Z,ACTIVITY_TYPE_TRADE,scc-hrep-rep-2026-11-03-gte210,SELL,ORDER_INTENT_SELL_LONG,0.28,3.39,CMDAKT5CCWPB,passive,-0,2026-09-21T06:05:22.281769699Z,64.269,-0.01,0,1,ORDER_STATE_PARTIALLY_FILLED,UNSOLICITED_CXL_REASON_UNDEFINED,ORD_REJECT_REASON_EXCHANGE_OPTION,,
1790202401.7,2026-09-23T22:26:41.737191686Z,ACTIVITY_TYPE_TRADE,paccc-usse-midterms-2026-11-03-dem,SELL,ORDER_INTENT_BUY_SHORT,0.648,15,CP4B7ZWN6WPC,passive,,2026-09-23T22:15:51.958358035Z,0.18,-0.04,0,1,ORDER_STATE_PARTIALLY_FILLED,UNSOLICITED_CXL_REASON_UNDEFINED,ORD_REJECT_REASON_EXCHANGE_OPTION,,
1790202419.9,2026-09-23T22:26:59.902046792Z,ACTIVITY_TYPE_TRADE,paccc-usse-midterms-2026-11-03-dem,SELL,ORDER_INTENT_BUY_SHORT,0.648,15,CP4B7ZWN6WPC,passive,,2026-09-23T22:15:51.958358035Z,0.186,-0.04,0,1,ORDER_STATE_PARTIALLY_FILLED,UNSOLICITED_CXL_REASON_UNDEFINED,ORD_REJECT_REASON_EXCHANGE_OPTION,,
1790202744.7,2026-09-23T22:32:24.680666320Z,ACTIVITY_TYPE_TRADE,ussewc-usse-wy-2026-11-03-dem,SELL,ORDER_INTENT_BUY_SHORT,0.03,20,CP4HH524CWPF,passive,,2026-09-23T22:31:37.696254216Z,0.013,-0.01,0,1,ORDER_STATE_FILLED,UNSOLICITED_CXL_REASON_UNDEFINED,ORD_REJECT_REASON_EXCHANGE_OPTION,,
1790203121.0,2026-09-23T22:38:41.042739825Z,ACTIVITY_TYPE_TRADE,aachc-cfb-wins-2026-11-28-pennst-9pt5wins,BUY,ORDER_INTENT_BUY_LONG,0.54,0.21,CP3C5YCK6WP6,passive,,2026-09-23T21:06:27.478226195Z,1.537,0,0,1,ORDER_STATE_PARTIALLY_FILLED,UNSOLICITED_CXL_REASON_UNDEFINED,ORD_REJECT_REASON_EXCHANGE_OPTION,,
1790203267.0,2026-09-23T22:41:06.993298969Z,ACTIVITY_TYPE_TRADE,aachc-cfb-wins-2026-11-28-pennst-9pt5wins,BUY,ORDER_INTENT_BUY_LONG,0.54,0.79,CP3C5YCK6WP6,passive,,2026-09-23T21:06:27.478226195Z,1.578,0,0,1,ORDER_STATE_FILLED,UNSOLICITED_CXL_REASON_UNDEFINED,ORD_REJECT_REASON_EXCHANGE_OPTION,,
1790205082.7,2026-09-23T23:11:22.730317024Z,ACTIVITY_TYPE_TRADE,usgubewc-usgub-ak-2026-11-03-davbro,SELL,ORDER_INTENT_SELL_LONG,0.02,49,CP529G2TRWP9,passive,-2.95,2026-09-23T23:00:34.811989230Z,0.18,-0.01,0,1,ORDER_STATE_PARTIALLY_FILLED,UNSOLICITED_CXL_REASON_UNDEFINED,ORD_REJECT_REASON_EXCHANGE_OPTION,,
1790206560.5,2026-09-23T23:36:00.513323610Z,ACTIVITY_TYPE_TRADE,usgubewc-usgub-tx-2026-11-03-dem,BUY,ORDER_INTENT_SELL_SHORT,0.29,62,CP5J86N06WPC,passive,-30.15,2026-09-23T23:31:51.166583517Z,0.069,-0.16,0,1,ORDER_STATE_FILLED,UNSOLICITED_CXL_REASON_UNDEFINED,ORD_REJECT_REASON_EXCHANGE_OPTION,,
1790206987.3,2026-09-23T23:43:07.301143897Z,ACTIVITY_TYPE_TRADE,cpoc-ussegubc-ia-2026-11-03-dsweep,BUY,ORDER_INTENT_BUY_LONG,0.46,17,CNZP4MWS0WP9,passive,,2026-09-23T16:50:23.072613153Z,6.879,-0.05,0,1,ORDER_STATE_PARTIALLY_FILLED,UNSOLICITED_CXL_REASON_UNDEFINED,ORD_REJECT_REASON_EXCHANGE_OPTION,,
1790207041.5,2026-09-23T23:44:01.544213616Z,ACTIVITY_TYPE_TRADE,cpoc-ussegubc-ia-2026-11-03-dsweep,BUY,ORDER_INTENT_BUY_LONG,0.46,3,CNZP4MWS0WP9,passive,,2026-09-23T16:50:23.072613153Z,6.894,-0.01,0,1,ORDER_STATE_FILLED,UNSOLICITED_CXL_REASON_UNDEFINED,ORD_REJECT_REASON_EXCHANGE_OPTION,,
1790207045.7,2026-09-23T23:44:05.674043481Z,ACTIVITY_TYPE_TRADE,cpoc-ussegubc-oh-2026-11-03-rsweep,BUY,ORDER_INTENT_BUY_LONG,0.27,19,CNZE609ZAWPC,passive,,2026-09-23T16:32:10.252898481Z,7.199,-0.05,0,1,ORDER_STATE_FILLED,UNSOLICITED_CXL_REASON_UNDEFINED,ORD_REJECT_REASON_EXCHANGE_OPTION,,
1790207045.7,2026-09-23T23:44:05.676270999Z,ACTIVITY_TYPE_TRADE,cpoc-ussegubc-oh-2026-11-03-dgov-rsen,BUY,ORDER_INTENT_BUY_LONG,0.17,19.65,CP0JRY1W8WPE,passive,,2026-09-23T17:49:20.372021713Z,5.913,-0.03,0,1,ORDER_STATE_PARTIALLY_FILLED,UNSOLICITED_CXL_REASON_UNDEFINED,ORD_REJECT_REASON_EXCHANGE_OPTION,,
1790207051.3,2026-09-23T23:44:11.283536693Z,ACTIVITY_TYPE_TRADE,cpoc-ussegubc-oh-2026-11-03-dgov-rsen,BUY,ORDER_INTENT_BUY_LONG,0.17,0.35,CP0JRY1W8WPE,passive,,2026-09-23T17:49:20.372021713Z,5.914,0,0,1,ORDER_STATE_FILLED,UNSOLICITED_CXL_REASON_UNDEFINED,ORD_REJECT_REASON_EXCHANGE_OPTION,,
1790209600.4,2026-09-24T00:26:40.418152482Z,ACTIVITY_TYPE_TRADE,aachc-cfb-wins-2026-11-28-pennst-9pt5wins,SELL,ORDER_INTENT_SELL_LONG,0.49,1,CP6B7QC9MWPA,aggressor,0.18,2026-09-24T00:26:40.416116280Z,0,0.02,0,1,ORDER_STATE_FILLED,UNSOLICITED_CXL_REASON_UNDEFINED,ORD_REJECT_REASON_EXCHANGE_OPTION,,
1790212464.7,2026-09-24T01:14:24.653289627Z,ACTIVITY_TYPE_TRADE,paccc-usho-midterms-2026-11-03-rep,SELL,ORDER_INTENT_SELL_LONG,0.082,34,CP6P4CJW8WPD,passive,-11.32,2026-09-24T00:50:07.276906975Z,0.405,-0.03,0,1,ORDER_STATE_PARTIALLY_FILLED,UNSOLICITED_CXL_REASON_UNDEFINED,ORD_REJECT_REASON_EXCHANGE_OPTION,,
1790213044.0,2026-09-24T01:24:03.961204763Z,ACTIVITY_TYPE_TRADE,paccc-usho-midterms-2026-11-03-rep,SELL,ORDER_INTENT_SELL_LONG,0.082,217,CP6P4CJW8WPD,passive,-72.23,2026-09-24T00:50:07.276906975Z,0.566,-0.2,0,1,ORDER_STATE_FILLED,UNSOLICITED_CXL_REASON_UNDEFINED,ORD_REJECT_REASON_EXCHANGE_OPTION,,
1790214203.0,2026-09-24T01:43:23.034745264Z,ACTIVITY_TYPE_TRADE,scc-senate-demst-2026-11-03-gte51,BUY,ORDER_INTENT_BUY_LONG,0.64,20,CP4PCZ8XJWPE,passive,,2026-09-23T22:40:44.619375787Z,3.044,-0.06,0,1,ORDER_STATE_FILLED,UNSOLICITED_CXL_REASON_UNDEFINED,ORD_REJECT_REASON_EXCHANGE_OPTION,,
1790214416.9,2026-09-24T01:46:56.872833197Z,ACTIVITY_TYPE_TRADE,cpoc-ussegubc-ia-2026-11-03-dsweep,SELL,ORDER_INTENT_SELL_LONG,0.43,0.95,CP7GJC72RXAQ,aggressor,0.39,2026-09-24T01:46:56.871313442Z,0,0.02,0,1,ORDER_STATE_FILLED,UNSOLICITED_CXL_REASON_UNDEFINED,ORD_REJECT_REASON_EXCHANGE_OPTION,,
1790214416.9,2026-09-24T01:46:56.872833197Z,ACTIVITY_TYPE_TRADE,cpoc-ussegubc-ia-2026-11-03-dsweep,SELL,ORDER_INTENT_SELL_LONG,0.43,1.76,CP7GJC72RXAQ,aggressor,0.73,2026-09-24T01:46:56.871313442Z,0,0.03,0,1,ORDER_STATE_PARTIALLY_FILLED,UNSOLICITED_CXL_REASON_UNDEFINED,ORD_REJECT_REASON_EXCHANGE_OPTION,,
1790214416.9,2026-09-24T01:46:56.872833197Z,ACTIVITY_TYPE_TRADE,cpoc-ussegubc-ia-2026-11-03-dsweep,SELL,ORDER_INTENT_SELL_LONG,0.43,0.19,CP7GJC72RXAQ,aggressor,0.08,2026-09-24T01:46:56.871313442Z,0,0,0,1,ORDER_STATE_PARTIALLY_FILLED,UNSOLICITED_CXL_REASON_UNDEFINED,ORD_REJECT_REASON_EXCHANGE_OPTION,,
1790214416.9,2026-09-24T01:46:56.872833197Z,ACTIVITY_TYPE_TRADE,cpoc-ussegubc-ia-2026-11-03-dsweep,SELL,ORDER_INTENT_SELL_LONG,0.43,3.1,CP7GJC72RXAQ,aggressor,1.28,2026-09-24T01:46:56.871313442Z,0,0.05,0,1,ORDER_STATE_PARTIALLY_FILLED,UNSOLICITED_CXL_REASON_UNDEFINED,ORD_REJECT_REASON_EXCHANGE_OPTION,,
1790215467.0,2026-09-24T02:04:26.991214792Z,ACTIVITY_TYPE_TRADE,ewc-usgub-ga-2026-11-03-dem,BUY,ORDER_INTENT_BUY_LONG,0.58,34,CP7G79PC8XAR,passive,,2026-09-24T01:43:54.408553620Z,0.342,-0.1,0,1,ORDER_STATE_FILLED,UNSOLICITED_CXL_REASON_UNDEFINED,ORD_REJECT_REASON_EXCHANGE_OPTION,,
1790216599.7,2026-09-24T02:23:19.669994717Z,ACTIVITY_TYPE_TRADE,aachc-cfb-wins-2026-11-28-ala-10pt5wins,BUY,ORDER_INTENT_BUY_LONG,0.29,1,CP635SYYEWPE,passive,,2026-09-24T00:08:51.565273476Z,2.241,0,0,1,ORDER_STATE_FILLED,UNSOLICITED_CXL_REASON_UNDEFINED,ORD_REJECT_REASON_EXCHANGE_OPTION,,
1790216635.8,2026-09-24T02:23:55.847804099Z,ACTIVITY_TYPE_TRADE,ussewc-usse-fl-2026-11-03-rep,SELL,ORDER_INTENT_BUY_SHORT,0.89,1,CP7V4YM06WPF,passive,,2026-09-24T02:10:38.575040143Z,0.221,0,0,1,ORDER_STATE_PARTIALLY_FILLED,UNSOLICITED_CXL_REASON_UNDEFINED,ORD_REJECT_REASON_EXCHANGE_OPTION,,
1790217611.5,2026-09-24T02:40:11.456963023Z,ACTIVITY_TYPE_TRADE,scc-senate-gop-2026-11-03-52,BUY,ORDER_INTENT_BUY_LONG,0.07,29.75,CNBPB4FR6WPH,passive,,2026-09-22T17:30:56.965970241Z,33.154,-0.02,0,1,ORDER_STATE_PARTIALLY_FILLED,UNSOLICITED_CXL_REASON_UNDEFINED,ORD_REJECT_REASON_EXCHANGE_OPTION,,
1790217630.8,2026-09-24T02:40:30.798956872Z,ACTIVITY_TYPE_TRADE,scc-senate-gop-2026-11-03-52,BUY,ORDER_INTENT_BUY_LONG,0.07,143.65,CNBPB4FR6WPH,passive,,2026-09-22T17:30:56.965970241Z,33.159,-0.12,0,1,ORDER_STATE_PARTIALLY_FILLED,UNSOLICITED_CXL_REASON_UNDEFINED,ORD_REJECT_REASON_EXCHANGE_OPTION,,
1790217642.2,2026-09-24T02:40:42.217819738Z,ACTIVITY_TYPE_TRADE,scc-senate-gop-2026-11-03-52,BUY,ORDER_INTENT_BUY_LONG,0.07,41.91,CNBPB4FR6WPH,passive,,2026-09-22T17:30:56.965970241Z,33.163,-0.03,0,1,ORDER_STATE_PARTIALLY_FILLED,UNSOLICITED_CXL_REASON_UNDEFINED,ORD_REJECT_REASON_EXCHANGE_OPTION,,
1790217667.8,2026-09-24T02:41:07.761582390Z,ACTIVITY_TYPE_TRADE,scc-senate-gop-2026-11-03-52,BUY,ORDER_INTENT_BUY_LONG,0.07,76.31,CNCBMVZY6WP6,passive,,2026-09-22T18:17:30.546048824Z,32.394,-0.06,0,1,ORDER_STATE_PARTIALLY_FILLED,UNSOLICITED_CXL_REASON_UNDEFINED,ORD_REJECT_REASON_EXCHANGE_OPTION,,
1790217667.8,2026-09-24T02:41:07.761582390Z,ACTIVITY_TYPE_TRADE,scc-senate-gop-2026-11-03-52,BUY,ORDER_INTENT_BUY_LONG,0.07,7.69,CNBPB4FR6WPH,passive,,2026-09-22T17:30:56.965970241Z,33.17,-0.01,0,1,ORDER_STATE_FILLED,UNSOLICITED_CXL_REASON_UNDEFINED,ORD_REJECT_REASON_EXCHANGE_OPTION,,
1790217964.4,2026-09-24T02:46:04.387866844Z,ACTIVITY_TYPE_TRADE,paccc-usse-midterms-2026-11-03-rep,BUY,ORDER_INTENT_BUY_LONG,0.377,45,CP89YMCH6XAX,passive,,2026-09-24T02:44:56.873247489Z,0.019,-0.13,0,1,ORDER_STATE_FILLED,UNSOLICITED_CXL_REASON_UNDEFINED,ORD_REJECT_REASON_EXCHANGE_OPTION,,
1790219477.2,2026-09-24T03:11:17.210482680Z,ACTIVITY_TYPE_TRADE,scc-hrep-rep-2026-11-03-gte220,BUY,ORDER_INTENT_SELL_SHORT,0.13,33,CP8NGSBNTXAR,passive,-24.58,2026-09-24T03:10:44.498867260Z,0.009,-0.05,0,1,ORDER_STATE_FILLED,UNSOLICITED_CXL_REASON_UNDEFINED,ORD_REJECT_REASON_EXCHANGE_OPTION,,
1790219748.8,2026-09-24T03:15:48.821295530Z,ACTIVITY_TYPE_TRADE,scc-hrep-rep-2026-11-03-gte220,SELL,ORDER_INTENT_BUY_SHORT,0.11,12,CP8P3EKV8XAV,passive,,2026-09-24T03:12:12.849873683Z,0.06,-0.01,0,1,ORDER_STATE_PARTIALLY_FILLED,UNSOLICITED_CXL_REASON_UNDEFINED,ORD_REJECT_REASON_EXCHANGE_OPTION,,
1790220544.5,2026-09-24T03:29:04.496047712Z,ACTIVITY_TYPE_TRADE,aachc-cfb-wins-2026-11-28-pennst-9pt5wins,SELL,ORDER_INTENT_BUY_SHORT,0.52,2,CP77TF1NEWPE,passive,,2026-09-24T01:28:11.136798587Z,2.015,-0.01,0,1,ORDER_STATE_FILLED,UNSOLICITED_CXL_REASON_UNDEFINED,ORD_REJECT_REASON_EXCHANGE_OPTION,,
1790221483.7,2026-09-24T03:44:43.747324404Z,ACTIVITY_TYPE_TRADE,aachc-cfb-wins-2026-11-28-ala-10pt5wins,SELL,ORDER_INTENT_SELL_LONG,0.2,1.9,CP93QCN5AXAW,passive,-0.29,2026-09-24T03:44:00.906682321Z,0.012,0,0,1,ORDER_STATE_PARTIALLY_FILLED,UNSOLICITED_CXL_REASON_UNDEFINED,ORD_REJECT_REASON_EXCHANGE_OPTION,,
1790221589.2,2026-09-24T03:46:29.238712215Z,ACTIVITY_TYPE_TRADE,aachc-cfb-wins-2026-11-28-ala-10pt5wins,SELL,ORDER_INTENT_SELL_LONG,0.2,0.1,CP93QCN5AXAW,passive,-0.02,2026-09-24T03:44:00.906682321Z,0.041,0,0,1,ORDER_STATE_FILLED,UNSOLICITED_CXL_REASON_UNDEFINED,ORD_REJECT_REASON_EXCHANGE_OPTION,,
1790222579.6,2026-09-24T04:02:59.611839687Z,ACTIVITY_TYPE_TRADE,aachc-cfb-wins-2026-11-28-missr-5pt5wins,BUY,ORDER_INTENT_BUY_LONG,0.77,1,CP7SJT9CPXAV,passive,,2026-09-24T02:03:48.265581154Z,1.986,0,0,1,ORDER_STATE_FILLED,UNSOLICITED_CXL_REASON_UNDEFINED,ORD_REJECT_REASON_EXCHANGE_OPTION,,
1790222633.1,2026-09-24T04:03:53.051981618Z,ACTIVITY_TYPE_TRADE,aachc-cfb-wins-2026-11-28-duke-6pt5wins,SELL,ORDER_INTENT_BUY_SHORT,0.73,2,CP77VCQ76WPH,passive,,2026-09-24T01:28:10.630436698Z,2.595,0,0,1,ORDER_STATE_FILLED,UNSOLICITED_CXL_REASON_UNDEFINED,ORD_REJECT_REASON_EXCHANGE_OPTION,,
1790224711.0,2026-09-24T04:38:31.021060341Z,ACTIVITY_TYPE_TRADE,paccc-usho-midterms-2026-11-03-rep,SELL,ORDER_INTENT_BUY_SHORT,0.082,18,CP9TD8H6CXAS,passive,,2026-09-24T04:36:15.721891451Z,0.038,-0.02,0,1,ORDER_STATE_FILLED,UNSOLICITED_CXL_REASON_UNDEFINED,ORD_REJECT_REASON_EXCHANGE_OPTION,,
1790228040.8,2026-09-24T05:34:00.829065920Z,ACTIVITY_TYPE_TRADE,cpoc-ussegubc-oh-2026-11-03-dgov-rsen,BUY,ORDER_INTENT_BUY_LONG,0.17,20,CPA04G19AXAZ,passive,,2026-09-24T04:48:48.160604305Z,0.754,-0.04,0,1,ORDER_STATE_FILLED,UNSOLICITED_CXL_REASON_UNDEFINED,ORD_REJECT_REASON_EXCHANGE_OPTION,,
1790228414.1,2026-09-24T05:40:14.094917480Z,ACTIVITY_TYPE_TRADE,aachc-cfb-wins-2026-11-28-duke-6pt5wins,BUY,ORDER_INTENT_SELL_SHORT,0.89,2,CP9QGZAZ4XAQ,passive,1.24,2026-09-24T04:26:53.962629899Z,1.222,0,0,1,ORDER_STATE_FILLED,UNSOLICITED_CXL_REASON_UNDEFINED,ORD_REJECT_REASON_EXCHANGE_OPTION,,
1790229767.3,2026-09-24T06:02:47.330370460Z,ACTIVITY_TYPE_TRADE,aachc-cfb-wins-2026-11-28-hou-9pt5wins,BUY,ORDER_INTENT_BUY_LONG,0.29,0.5,CPA81ZV3PXAR,passive,,2026-09-24T05:06:48.425508571Z,0.933,0,0,1,ORDER_STATE_PARTIALLY_FILLED,UNSOLICITED_CXL_REASON_UNDEFINED,ORD_REJECT_REASON_EXCHANGE_OPTION,,
1790239594.4,2026-09-24T08:46:34.407693391Z,ACTIVITY_TYPE_TRADE,ushrewc-ushr-me-02-2026-11-03-dem,SELL,ORDER_INTENT_SELL_LONG,0.41,27.98,CPD4P2PSCXAS,aggressor,-35.45,2026-09-24T08:46:34.405693172Z,0,0.47,0,1,ORDER_STATE_FILLED,UNSOLICITED_CXL_REASON_UNDEFINED,ORD_REJECT_REASON_EXCHANGE_OPTION,,
1790239594.4,2026-09-24T08:46:34.407693391Z,ACTIVITY_TYPE_TRADE,ushrewc-ushr-me-02-2026-11-03-dem,SELL,ORDER_INTENT_SELL_LONG,0.41,7.47,CPD4P2PSCXAS,aggressor,-9.47,2026-09-24T08:46:34.405693172Z,0,0.13,0,1,ORDER_STATE_PARTIALLY_FILLED,UNSOLICITED_CXL_REASON_UNDEFINED,ORD_REJECT_REASON_EXCHANGE_OPTION,,
1790239594.4,2026-09-24T08:46:34.407693391Z,ACTIVITY_TYPE_TRADE,ushrewc-ushr-me-02-2026-11-03-dem,SELL,ORDER_INTENT_SELL_LONG,0.41,5.55,CPD4P2PSCXAS,aggressor,-7.03,2026-09-24T08:46:34.405693172Z,0,0.09,0,1,ORDER_STATE_PARTIALLY_FILLED,UNSOLICITED_CXL_REASON_UNDEFINED,ORD_REJECT_REASON_EXCHANGE_OPTION,,
1790242647.0,2026-09-24T09:37:26.977227088Z,ACTIVITY_TYPE_TRADE,usgubewc-usgub-ak-2026-11-03-davbro,SELL,ORDER_INTENT_SELL_LONG,0.02,17,CP893NEDYXB0,passive,-1.01,2026-09-24T02:43:57.137367342Z,6.892,0,0,1,ORDER_STATE_PARTIALLY_FILLED,UNSOLICITED_CXL_REASON_UNDEFINED,ORD_REJECT_REASON_EXCHANGE_OPTION,,
1790244274.2,2026-09-24T10:04:34.172183826Z,ACTIVITY_TYPE_TRADE,aachc-cfb-wins-2026-11-28-missr-5pt5wins,SELL,ORDER_INTENT_SELL_LONG,0.77,1,CPEFBWHZAXAS,aggressor,-0.01,2026-09-24T10:04:34.170881935Z,0,0.01,0,1,ORDER_STATE_FILLED,UNSOLICITED_CXL_REASON_UNDEFINED,ORD_REJECT_REASON_EXCHANGE_OPTION,,
1790244704.4,2026-09-24T10:11:44.400404811Z,ACTIVITY_TYPE_TRADE,usgubewc-usgub-ak-2026-11-03-davbro,SELL,ORDER_INTENT_SELL_LONG,0.02,53,CP893NEDYXB0,passive,-3.15,2026-09-24T02:43:57.137367342Z,7.463,-0.01,0,1,ORDER_STATE_FILLED,UNSOLICITED_CXL_REASON_UNDEFINED,ORD_REJECT_REASON_EXCHANGE_OPTION,,
1790251283.4,2026-09-24T12:01:23.377488918Z,ACTIVITY_TYPE_TRADE,usgubewc-usgub-tx-2026-11-03-rep,BUY,ORDER_INTENT_BUY_LONG,0.84,1,CPFZJECGGXDR,passive,,2026-09-24T12:01:22.591604567Z,0,0,0,1,ORDER_STATE_FILLED,UNSOLICITED_CXL_REASON_UNDEFINED,ORD_REJECT_REASON_EXCHANGE_OPTION,,
1790251345.6,2026-09-24T12:02:25.575590308Z,ACTIVITY_TYPE_TRADE,ewc-usse-tx-2026-11-03-dem,SELL,ORDER_INTENT_BUY_SHORT,0.58,16,CPFZJEEE4XDQ,passive,,2026-09-24T12:01:52.806519645Z,0.009,-0.05,0,1,ORDER_STATE_FILLED,UNSOLICITED_CXL_REASON_UNDEFINED,ORD_REJECT_REASON_EXCHANGE_OPTION,,
1790251366.0,2026-09-24T12:02:46.042966503Z,ACTIVITY_TYPE_TRADE,ewc-usgub-az-2026-11-03-rep,SELL,ORDER_INTENT_BUY_SHORT,0.09,1,CPFZJFNYCXDR,passive,,2026-09-24T12:02:41.114228685Z,0.001,0,0,1,ORDER_STATE_PARTIALLY_FILLED,UNSOLICITED_CXL_REASON_UNDEFINED,ORD_REJECT_REASON_EXCHANGE_OPTION,,
1790251371.7,2026-09-24T12:02:51.748268406Z,ACTIVITY_TYPE_TRADE,ewc-usgub-az-2026-11-03-rep,SELL,ORDER_INTENT_BUY_SHORT,0.09,17,CPFZJFNYCXDR,passive,,2026-09-24T12:02:41.114228685Z,0.003,-0.02,0,1,ORDER_STATE_FILLED,UNSOLICITED_CXL_REASON_UNDEFINED,ORD_REJECT_REASON_EXCHANGE_OPTION,,
1790251372.1,2026-09-24T12:02:52.136748062Z,ACTIVITY_TYPE_TRADE,ewc-usgub-oh-2026-11-03-rep,BUY,ORDER_INTENT_BUY_LONG,0.48,1,CPG6KAV78XPM,passive,,2026-09-24T12:01:39.379736668Z,0.02,0,0,1,ORDER_STATE_FILLED,UNSOLICITED_CXL_REASON_UNDEFINED,ORD_REJECT_REASON_EXCHANGE_OPTION,,
1790251447.9,2026-09-24T12:04:07.942385762Z,ACTIVITY_TYPE_TRADE,ewc-usgub-mi-2026-11-03-dem,SELL,ORDER_INTENT_BUY_SHORT,0.89,1,CPG6KDER8XPM,passive,,2026-09-24T12:04:07.557527774Z,0,0,0,1,ORDER_STATE_PARTIALLY_FILLED,UNSOLICITED_CXL_REASON_UNDEFINED,ORD_REJECT_REASON_EXCHANGE_OPTION,,
1790251448.4,2026-09-24T12:04:08.369383905Z,ACTIVITY_TYPE_TRADE,ewc-usgub-mi-2026-11-03-dem,SELL,ORDER_INTENT_BUY_SHORT,0.89,47,CPG6KDER8XPM,passive,,2026-09-24T12:04:07.557527774Z,0,-0.06,0,1,ORDER_STATE_FILLED,UNSOLICITED_CXL_REASON_UNDEFINED,ORD_REJECT_REASON_EXCHANGE_OPTION,,
1790251527.4,2026-09-24T12:05:27.373054744Z,ACTIVITY_TYPE_TRADE,ewc-usse-mn-2026-11-03-dem,BUY,ORDER_INTENT_BUY_LONG,0.92,1,CPFZJGVATXDS,passive,,2026-09-24T12:03:22.394198836Z,0.035,0,0,1,ORDER_STATE_FILLED,UNSOLICITED_CXL_REASON_UNDEFINED,ORD_REJECT_REASON_EXCHANGE_OPTION,,
1790251752.3,2026-09-24T12:09:12.263600292Z,ACTIVITY_TYPE_TRADE,ewc-usgub-ia-2026-11-03-dem,BUY,ORDER_INTENT_SELL_SHORT,0.85,184,CPFT9FSJEXDN,passive,113.28,2026-09-24T12:09:07.107337467Z,0.001,-0.29,0,1,ORDER_STATE_FILLED,UNSOLICITED_CXL_REASON_UNDEFINED,ORD_REJECT_REASON_EXCHANGE_OPTION,,
1790251760.7,2026-09-24T12:09:20.683722535Z,ACTIVITY_TYPE_TRADE,aachc-cfb-wins-2026-11-28-hou-9pt5wins,SELL,ORDER_INTENT_SELL_LONG,0.02,1,CPFT9C5XPXDN,passive,-0.1,2026-09-24T12:04:33.736371442Z,0.08,0,0,1,ORDER_STATE_FILLED,UNSOLICITED_CXL_REASON_UNDEFINED,ORD_REJECT_REASON_EXCHANGE_OPTION,,
1790251821.6,2026-09-24T12:10:21.565967287Z,ACTIVITY_TYPE_TRADE,ewc-usgub-oh-2026-11-03-dem,BUY,ORDER_INTENT_SELL_SHORT,0.61,10,CPFZJMSB2XDS,passive,1.46,2026-09-24T12:07:41.677354365Z,0.044,-0.03,0,1,ORDER_STATE_PARTIALLY_FILLED,UNSOLICITED_CXL_REASON_UNDEFINED,ORD_REJECT_REASON_EXCHANGE_OPTION,,
1790251836.1,2026-09-24T12:10:36.134797431Z,ACTIVITY_TYPE_TRADE,ewc-usgub-oh-2026-11-03-dem,BUY,ORDER_INTENT_SELL_SHORT,0.61,1,CPFZJMSB2XDS,passive,0.16,2026-09-24T12:07:41.677354365Z,0.048,0,0,1,ORDER_STATE_PARTIALLY_FILLED,UNSOLICITED_CXL_REASON_UNDEFINED,ORD_REJECT_REASON_EXCHANGE_OPTION,,
1790251838.5,2026-09-24T12:10:38.547338872Z,ACTIVITY_TYPE_TRADE,ewc-usgub-oh-2026-11-03-dem,BUY,ORDER_INTENT_SELL_SHORT,0.61,7,CPFZJMSB2XDS,passive,1.92,2026-09-24T12:07:41.677354365Z,0.049,-0.02,0,1,ORDER_STATE_PARTIALLY_FILLED,UNSOLICITED_CXL_REASON_UNDEFINED,ORD_REJECT_REASON_EXCHANGE_OPTION,,
1790251840.7,2026-09-24T12:10:40.706933822Z,ACTIVITY_TYPE_TRADE,ewc-usgub-oh-2026-11-03-dem,BUY,ORDER_INTENT_SELL_SHORT,0.61,19,CPFZJMSB2XDS,passive,6.47,2026-09-24T12:07:41.677354365Z,0.05,-0.06,0,1,ORDER_STATE_PARTIALLY_FILLED,UNSOLICITED_CXL_REASON_UNDEFINED,ORD_REJECT_REASON_EXCHANGE_OPTION,,
1790251843.3,2026-09-24T12:10:43.307410638Z,ACTIVITY_TYPE_TRADE,ewc-usgub-oh-2026-11-03-dem,BUY,ORDER_INTENT_SELL_SHORT,0.61,30,CPFZJMSB2XDS,passive,-6.51,2026-09-24T12:07:41.677354365Z,0.05,-0.09,0,1,ORDER_STATE_PARTIALLY_FILLED,UNSOLICITED_CXL_REASON_UNDEFINED,ORD_REJECT_REASON_EXCHANGE_OPTION,,
1790251843.3,2026-09-24T12:10:43.308492701Z,ACTIVITY_TYPE_TRADE,ewc-usgub-oh-2026-11-03-rep,BUY,ORDER_INTENT_SELL_SHORT,0.45,30,CPFZJPWC2XDS,passive,-2.58,2026-09-24T12:10:41.372420069Z,0.001,-0.09,0,1,ORDER_STATE_FILLED,UNSOLICITED_CXL_REASON_UNDEFINED,ORD_REJECT_REASON_EXCHANGE_OPTION,,
1790251872.0,2026-09-24T12:11:12.033594472Z,ACTIVITY_TYPE_TRADE,scc-senate-gop-2026-11-03-48,SELL,ORDER_INTENT_BUY_SHORT,0.02,1,CPG6KKFK6XPJ,passive,,2026-09-24T12:11:11.200825707Z,0,0,0,1,ORDER_STATE_FILLED,UNSOLICITED_CXL_REASON_UNDEFINED,ORD_REJECT_REASON_EXCHANGE_OPTION,,
1790251884.9,2026-09-24T12:11:24.854180021Z,ACTIVITY_TYPE_TRADE,ewc-usse-me-2026-11-03-dem,BUY,ORDER_INTENT_SELL_SHORT,0.68,79,CPG6K9FXAXPM,passive,45.36,2026-09-24T12:00:07.699684976Z,0.188,-0.21,0,1,ORDER_STATE_PARTIALLY_FILLED,UNSOLICITED_CXL_REASON_UNDEFINED,ORD_REJECT_REASON_EXCHANGE_OPTION,,
1790251894.9,2026-09-24T12:11:34.852401375Z,ACTIVITY_TYPE_TRADE,ewc-usgub-ks-2026-11-03-dem,SELL,ORDER_INTENT_SELL_LONG,0.29,8,CPFT928D4XDJ,passive,-0.52,2026-09-24T12:11:02.576741032Z,0.009,-0.02,0,1,ORDER_STATE_PARTIALLY_FILLED,UNSOLICITED_CXL_REASON_UNDEFINED,ORD_REJECT_REASON_EXCHANGE_OPTION,,
1790251942.6,2026-09-24T12:12:22.592170604Z,ACTIVITY_TYPE_TRADE,ewc-usgub-oh-2026-11-03-dem,BUY,ORDER_INTENT_SELL_SHORT,0.61,1,CPFZJMSB2XDS,passive,-0.34,2026-09-24T12:07:41.677354365Z,0.078,0,0,1,ORDER_STATE_PARTIALLY_FILLED,UNSOLICITED_CXL_REASON_UNDEFINED,ORD_REJECT_REASON_EXCHANGE_OPTION,,
1790252004.7,2026-09-24T12:13:24.676427662Z,ACTIVITY_TYPE_TRADE,ewc-usgub-ga-2026-11-03-dem,SELL,ORDER_INTENT_SELL_LONG,0.48,4,CPGA2MWT0XDN,passive,-0.5,2026-09-24T12:13:22.229173178Z,0.001,-0.01,0,1,ORDER_STATE_PARTIALLY_FILLED,UNSOLICITED_CXL_REASON_UNDEFINED,ORD_REJECT_REASON_EXCHANGE_OPTION,,
1790252015.3,2026-09-24T12:13:35.275168529Z,ACTIVITY_TYPE_TRADE,ewc-usse-nh-2026-11-03-dem,SELL,ORDER_INTENT_SELL_LONG,0.82,4,CPFZJHEEMXDS,passive,-0.09,2026-09-24T12:03:53.490815676Z,0.162,-0.01,0,1,ORDER_STATE_FILLED,UNSOLICITED_CXL_REASON_UNDEFINED,ORD_REJECT_REASON_EXCHANGE_OPTION,,
1790252032.4,2026-09-24T12:13:52.354541769Z,ACTIVITY_TYPE_TRADE,ewc-usse-me-2026-11-03-dem,BUY,ORDER_INTENT_SELL_SHORT,0.7,48,CPGAJR8JCXDQ,passive,28.52,2026-09-24T12:13:22.553896688Z,0.008,-0.13,0,1,ORDER_STATE_FILLED,UNSOLICITED_CXL_REASON_UNDEFINED,ORD_REJECT_REASON_EXCHANGE_OPTION,,
1790252037.9,2026-09-24T12:13:57.889253712Z,ACTIVITY_TYPE_TRADE,ussewc-usse-fl-2026-11-03-rep,BUY,ORDER_INTENT_SELL_SHORT,0.98,1,CPG6KMYHPXPK,passive,-5.43,2026-09-24T12:13:57.092523467Z,0,0,0,1,ORDER_STATE_FILLED,UNSOLICITED_CXL_REASON_UNDEFINED,ORD_REJECT_REASON_EXCHANGE_OPTION,,
1790252044.1,2026-09-24T12:14:04.146371372Z,ACTIVITY_TYPE_TRADE,ewc-usgub-ga-2026-11-03-dem,SELL,ORDER_INTENT_SELL_LONG,0.48,5,CPGA2MWT0XDN,passive,-1.26,2026-09-24T12:13:22.229173178Z,0.012,-0.02,0,1,ORDER_STATE_PARTIALLY_FILLED,UNSOLICITED_CXL_REASON_UNDEFINED,ORD_REJECT_REASON_EXCHANGE_OPTION,,
1790252065.3,2026-09-24T12:14:25.302876491Z,ACTIVITY_TYPE_TRADE,ewc-usgub-ks-2026-11-03-dem,SELL,ORDER_INTENT_SELL_LONG,0.29,25,CPFT928D4XDJ,passive,-14.81,2026-09-24T12:11:02.576741032Z,0.056,-0.06,0,1,ORDER_STATE_PARTIALLY_FILLED,UNSOLICITED_CXL_REASON_UNDEFINED,ORD_REJECT_REASON_EXCHANGE_OPTION,,
1790252066.2,2026-09-24T12:14:26.154746923Z,ACTIVITY_TYPE_TRADE,ewc-usse-me-2026-11-03-rep,SELL,ORDER_INTENT_SELL_LONG,0.32,107,CPG6KNZYRXPJ,passive,-26.13,2026-09-24T12:14:22.434449128Z,0.001,-0.29,0,1,ORDER_STATE_FILLED,UNSOLICITED_CXL_REASON_UNDEFINED,ORD_REJECT_REASON_EXCHANGE_OPTION,,
1790252078.5,2026-09-24T12:14:38.488791174Z,ACTIVITY_TYPE_TRADE,ewc-usgub-ks-2026-11-03-dem,SELL,ORDER_INTENT_SELL_LONG,0.29,12,CPFT928D4XDJ,passive,-7.11,2026-09-24T12:11:02.576741032Z,0.06,-0.03,0,1,ORDER_STATE_FILLED,UNSOLICITED_CXL_REASON_UNDEFINED,ORD_REJECT_REASON_EXCHANGE_OPTION,,
1790252091.6,2026-09-24T12:14:51.616884770Z,ACTIVITY_TYPE_TRADE,ewc-usgub-ga-2026-11-03-rep,SELL,ORDER_INTENT_BUY_SHORT,0.44,4,CPG6KKZBPXPK,passive,,2026-09-24T12:12:38.911581729Z,0.037,-0.01,0,1,ORDER_STATE_PARTIALLY_FILLED,UNSOLICITED_CXL_REASON_UNDEFINED,ORD_REJECT_REASON_EXCHANGE_OPTION,,
1790252096.7,2026-09-24T12:14:56.737397065Z,ACTIVITY_TYPE_TRADE,ewc-usgub-ga-2026-11-03-dem,SELL,ORDER_INTENT_SELL_LONG,0.48,5,CPGA2MWT0XDN,passive,-1.63,2026-09-24T12:13:22.229173178Z,0.026,-0.02,0,1,ORDER_STATE_PARTIALLY_FILLED,UNSOLICITED_CXL_REASON_UNDEFINED,ORD_REJECT_REASON_EXCHANGE_OPTION,,
1790252126.8,2026-09-24T12:15:26.797361476Z,ACTIVITY_TYPE_TRADE,ewc-usgub-ga-2026-11-03-rep,SELL,ORDER_INTENT_BUY_SHORT,0.44,5,CPG6KKZBPXPK,passive,,2026-09-24T12:12:38.911581729Z,0.047,-0.02,0,1,ORDER_STATE_PARTIALLY_FILLED,UNSOLICITED_CXL_REASON_UNDEFINED,ORD_REJECT_REASON_EXCHANGE_OPTION,,
1790252132.0,2026-09-24T12:15:31.995411216Z,ACTIVITY_TYPE_TRADE,ewc-usgub-ga-2026-11-03-dem,SELL,ORDER_INTENT_SELL_LONG,0.48,5,CPGA2MWT0XDN,passive,-2.73,2026-09-24T12:13:22.229173178Z,0.036,-0.02,0,1,ORDER_STATE_PARTIALLY_FILLED,UNSOLICITED_CXL_REASON_UNDEFINED,ORD_REJECT_REASON_EXCHANGE_OPTION,,
1790252132.6,2026-09-24T12:15:32.584096978Z,ACTIVITY_TYPE_TRADE,ushrewc-ushr-wa-03-2026-11-03-rep,BUY,ORDER_INTENT_SELL_SHORT,0.15,48.9,CPGG3VBJJXDR,passive,-10.8,2026-09-24T12:15:32.531514289Z,0,-0.08,0,1,ORDER_STATE_PARTIALLY_FILLED,UNSOLICITED_CXL_REASON_UNDEFINED,ORD_REJECT_REASON_EXCHANGE_OPTION,,
1790252132.6,2026-09-24T12:15:32.585587131Z,ACTIVITY_TYPE_TRADE,ushrewc-ushr-wa-03-2026-11-03-rep,BUY,ORDER_INTENT_SELL_SHORT,0.15,2.1,CPGG3VBJJXDR,passive,-0.47,2026-09-24T12:15:32.531514289Z,0,0,0,1,ORDER_STATE_FILLED,UNSOLICITED_CXL_REASON_UNDEFINED,ORD_REJECT_REASON_EXCHANGE_OPTION,,
1790252135.2,2026-09-24T12:15:35.192120943Z,ACTIVITY_TYPE_TRADE,ewc-usgub-ia-2026-11-03-dem,BUY,ORDER_INTENT_SELL_SHORT,0.86,184,CPGAJRSPTXDS,passive,117.33,2026-09-24T12:13:22.328296541Z,0.037,-0.28,0,1,ORDER_STATE_FILLED,UNSOLICITED_CXL_REASON_UNDEFINED,ORD_REJECT_REASON_EXCHANGE_OPTION,,
1790252162.7,2026-09-24T12:16:02.703552493Z,ACTIVITY_TYPE_TRADE,ewc-usgub-ga-2026-11-03-dem,SELL,ORDER_INTENT_SELL_LONG,0.48,5,CPGA2MWT0XDN,passive,-3.65,2026-09-24T12:13:22.229173178Z,0.045,-0.02,0,1,ORDER_STATE_PARTIALLY_FILLED,UNSOLICITED_CXL_REASON_UNDEFINED,ORD_REJECT_REASON_EXCHANGE_OPTION,,
1790252207.4,2026-09-24T12:16:47.425032544Z,ACTIVITY_TYPE_TRADE,ewc-usgub-ga-2026-11-03-dem,SELL,ORDER_INTENT_SELL_LONG,0.48,5,CPGA2MWT0XDN,passive,-6.16,2026-09-24T12:13:22.229173178Z,0.057,-0.02,0,1,ORDER_STATE_PARTIALLY_FILLED,UNSOLICITED_CXL_REASON_UNDEFINED,ORD_REJECT_REASON_EXCHANGE_OPTION,,
1790252254.6,2026-09-24T12:17:34.571263350Z,ACTIVITY_TYPE_TRADE,ewc-usgub-ks-2026-11-03-dem,SELL,ORDER_INTENT_SELL_LONG,0.29,25,CPGG0516PXPK,passive,0.46,2026-09-24T12:15:32.853424166Z,0.034,-0.06,0,1,ORDER_STATE_PARTIALLY_FILLED,UNSOLICITED_CXL_REASON_UNDEFINED,ORD_REJECT_REASON_EXCHANGE_OPTION,,
1790252285.9,2026-09-24T12:18:05.945830658Z,ACTIVITY_TYPE_TRADE,ewc-usgub-ga-2026-11-03-dem,SELL,ORDER_INTENT_SELL_LONG,0.48,5,CPGA2MWT0XDN,passive,-9.73,2026-09-24T12:13:22.229173178Z,0.079,-0.02,0,1,ORDER_STATE_PARTIALLY_FILLED,UNSOLICITED_CXL_REASON_UNDEFINED,ORD_REJECT_REASON_EXCHANGE_OPTION,,
1790252299.4,2026-09-24T12:18:19.380273306Z,ACTIVITY_TYPE_TRADE,ushrewc-ushr-wa-03-2026-11-03-rep,BUY,ORDER_INTENT_SELL_SHORT,0.19,6,CPGH6SBRAXPM,passive,-1.28,2026-09-24T12:18:19.293544812Z,0,-0.01,0,1,ORDER_STATE_PARTIALLY_FILLED,UNSOLICITED_CXL_REASON_UNDEFINED,ORD_REJECT_REASON_EXCHANGE_OPTION,,
1790252301.7,2026-09-24T12:18:21.745956450Z,ACTIVITY_TYPE_TRADE,ushrewc-ushr-wa-03-2026-11-03-rep,BUY,ORDER_INTENT_SELL_SHORT,0.19,45,CPGH6SBRAXPM,passive,-25.67,2026-09-24T12:18:19.293544812Z,0.001,-0.09,0,1,ORDER_STATE_FILLED,UNSOLICITED_CXL_REASON_UNDEFINED,ORD_REJECT_REASON_EXCHANGE_OPTION,,
1790252319.9,2026-09-24T12:18:39.912275052Z,ACTIVITY_TYPE_TRADE,ewc-usgub-ga-2026-11-03-dem,SELL,ORDER_INTENT_SELL_LONG,0.48,5,CPGA2MWT0XDN,passive,-23.32,2026-09-24T12:13:22.229173178Z,0.088,-0.02,0,1,ORDER_STATE_PARTIALLY_FILLED,UNSOLICITED_CXL_REASON_UNDEFINED,ORD_REJECT_REASON_EXCHANGE_OPTION,,
1790252383.4,2026-09-24T12:19:43.414132573Z,ACTIVITY_TYPE_TRADE,ewc-usgub-oh-2026-11-03-dem,BUY,ORDER_INTENT_SELL_SHORT,0.62,17,CPGA5SK4RXC0,passive,-164.04,2026-09-24T12:13:10.954098853Z,0.109,-0.05,0,1,ORDER_STATE_PARTIALLY_FILLED,UNSOLICITED_CXL_REASON_UNDEFINED,ORD_REJECT_REASON_EXCHANGE_OPTION,,
1790252388.9,2026-09-24T12:19:48.915033762Z,ACTIVITY_TYPE_TRADE,ewc-usgub-oh-2026-11-03-dem,BUY,ORDER_INTENT_SELL_SHORT,0.62,3,CPGA5SK4RXC0,passive,-135.98,2026-09-24T12:13:10.954098853Z,0.111,-0.01,0,1,ORDER_STATE_PARTIALLY_FILLED,UNSOLICITED_CXL_REASON_UNDEFINED,ORD_REJECT_REASON_EXCHANGE_OPTION,,
1790252424.5,2026-09-24T12:20:24.479541280Z,ACTIVITY_TYPE_TRADE,ewc-usgub-ks-2026-11-03-dem,SELL,ORDER_INTENT_SELL_LONG,0.29,12,CPGG0516PXPK,passive,2.42,2026-09-24T12:15:32.853424166Z,0.081,-0.03,0,1,ORDER_STATE_FILLED,UNSOLICITED_CXL_REASON_UNDEFINED,ORD_REJECT_REASON_EXCHANGE_OPTION,,
1790252426.5,2026-09-24T12:20:26.485428702Z,ACTIVITY_TYPE_TRADE,ewc-usgub-az-2026-11-03-rep,SELL,ORDER_INTENT_BUY_SHORT,0.09,3,CPGJ08WR8XC0,passive,,2026-09-24T12:20:22.341320718Z,0.001,0,0,1,ORDER_STATE_FILLED,UNSOLICITED_CXL_REASON_UNDEFINED,ORD_REJECT_REASON_EXCHANGE_OPTION,,
1790252558.8,2026-09-24T12:22:38.828077721Z,ACTIVITY_TYPE_TRADE,scc-hrep-rep-2026-11-03-gte220,BUY,ORDER_INTENT_SELL_SHORT,0.12,5,CPGA5SY6RXC0,passive,-4.03,2026-09-24T12:13:37.669096364Z,0.15,-0.01,0,1,ORDER_STATE_PARTIALLY_FILLED,UNSOLICITED_CXL_REASON_UNDEFINED,ORD_REJECT_REASON_EXCHANGE_OPTION,,
1790252652.7,2026-09-24T12:24:12.662817157Z,ACTIVITY_TYPE_TRADE,scc-senate-gop-2026-11-03-54,SELL,ORDER_INTENT_BUY_SHORT,0.02,4,CPGJ13YWYXDJ,passive,,2026-09-24T12:19:52.223517936Z,0.072,0,0,1,ORDER_STATE_FILLED,UNSOLICITED_CXL_REASON_UNDEFINED,ORD_REJECT_REASON_EXCHANGE_OPTION,,
1790252724.4,2026-09-24T12:25:24.429634654Z,ACTIVITY_TYPE_TRADE,ewc-usgub-ia-2026-11-03-dem,BUY,ORDER_INTENT_SELL_SHORT,0.85,12,CPGMJ5QE6XDR,passive,7.81,2026-09-24T12:24:22.112471997Z,0.017,-0.02,0,1,ORDER_STATE_FILLED,UNSOLICITED_CXL_REASON_UNDEFINED,ORD_REJECT_REASON_EXCHANGE_OPTION,,
1790252747.9,2026-09-24T12:25:47.948262906Z,ACTIVITY_TYPE_TRADE,ewc-usgub-ga-2026-11-03-rep,BUY,ORDER_INTENT_SELL_SHORT,0.5,9,CPGK9CQW4XC0,passive,-26.35,2026-09-24T12:22:39.285778810Z,0.052,-0.03,0,1,ORDER_STATE_FILLED,UNSOLICITED_CXL_REASON_UNDEFINED,ORD_REJECT_REASON_EXCHANGE_OPTION,,
1790252798.0,2026-09-24T12:26:37.957954290Z,ACTIVITY_TYPE_TRADE,ewc-usgub-ga-2026-11-03-dem,BUY,ORDER_INTENT_BUY_LONG,0.51,17,CPGN74H5JXDJ,passive,,2026-09-24T12:26:22.096364683Z,0.004,-0.05,0,1,ORDER_STATE_FILLED,UNSOLICITED_CXL_REASON_UNDEFINED,ORD_REJECT_REASON_EXCHANGE_OPTION,,
1790252799.5,2026-09-24T12:26:39.470393156Z,ACTIVITY_TYPE_TRADE,usgubewc-usgub-fl-2026-11-03-dem,BUY,ORDER_INTENT_SELL_SHORT,0.29,79,CPFZJQS76XDQ,passive,-35.43,2026-09-24T12:12:53.060630479Z,0.23,-0.2,0,1,ORDER_STATE_FILLED,UNSOLICITED_CXL_REASON_UNDEFINED,ORD_REJECT_REASON_EXCHANGE_OPTION,,
1790252945.4,2026-09-24T12:29:05.392870546Z,ACTIVITY_TYPE_TRADE,ewc-usse-me-2026-11-03-dem,BUY,ORDER_INTENT_BUY_LONG,0.65,5,CPGNAP29PXDQ,passive,,2026-09-24T12:26:22.531730283Z,0.045,-0.01,0,1,ORDER_STATE_FILLED,UNSOLICITED_CXL_REASON_UNDEFINED,ORD_REJECT_REASON_EXCHANGE_OPTION,,
1790252992.5,2026-09-24T12:29:52.475595969Z,ACTIVITY_TYPE_TRADE,cpoc-ussec-tx-mi-me-2026-11-03-rtx-dmi-rme,BUY,ORDER_INTENT_BUY_LONG,0.07,1,CPGDBRVJ8XDR,passive,,2026-09-24T12:13:57.249909525Z,0.265,0,0,1,ORDER_STATE_FILLED,UNSOLICITED_CXL_REASON_UNDEFINED,ORD_REJECT_REASON_EXCHANGE_OPTION,,
1790253028.8,2026-09-24T12:30:28.827859418Z,ACTIVITY_TYPE_TRADE,ewc-usse-me-2026-11-03-rep,SELL,ORDER_INTENT_BUY_SHORT,0.35,32,CPGNJ7TP0XDG,passive,,2026-09-24T12:26:52.371880752Z,0.06,-0.09,0,1,ORDER_STATE_FILLED,UNSOLICITED_CXL_REASON_UNDEFINED,ORD_REJECT_REASON_EXCHANGE_OPTION,,
1790253196.3,2026-09-24T12:33:16.348243923Z,ACTIVITY_TYPE_TRADE,usgubewc-usgub-ak-2026-11-03-jonkre,SELL,ORDER_INTENT_BUY_SHORT,0.7,29,CPGQ1C21GXDS,passive,,2026-09-24T12:30:25.050439955Z,0.048,-0.08,0,1,ORDER_STATE_PARTIALLY_FILLED,UNSOLICITED_CXL_REASON_UNDEFINED,ORD_REJECT_REASON_EXCHANGE_OPTION,,
1790253201.9,2026-09-24T12:33:21.899177336Z,ACTIVITY_TYPE_TRADE,usgubewc-usgub-ak-2026-11-03-jonkre,SELL,ORDER_INTENT_BUY_SHORT,0.7,30,CPGQ1C21GXDS,passive,,2026-09-24T12:30:25.050439955Z,0.049,-0.08,0,1,ORDER_STATE_PARTIALLY_FILLED,UNSOLICITED_CXL_REASON_UNDEFINED,ORD_REJECT_REASON_EXCHANGE_OPTION,,
1790253213.4,2026-09-24T12:33:33.416687593Z,ACTIVITY_TYPE_TRADE,usgubewc-usgub-ak-2026-11-03-berwil,SELL,ORDER_INTENT_BUY_SHORT,0.03,10,CPGRDPG9JXDG,passive,,2026-09-24T12:33:25.225383506Z,0.002,0,0,1,ORDER_STATE_FILLED,UNSOLICITED_CXL_REASON_UNDEFINED,ORD_REJECT_REASON_EXCHANGE_OPTION,,
1790253262.8,2026-09-24T12:34:22.815571874Z,ACTIVITY_TYPE_TRADE,ewc-usse-mn-2026-11-03-dem,BUY,ORDER_INTENT_SELL_SHORT,0.92,93,CPG6KMXEPXPM,passive,70.04,2026-09-24T12:13:37.778971676Z,0.346,-0.09,0,1,ORDER_STATE_FILLED,UNSOLICITED_CXL_REASON_UNDEFINED,ORD_REJECT_REASON_EXCHANGE_OPTION,,
1790253376.8,2026-09-24T12:36:16.765033085Z,ACTIVITY_TYPE_TRADE,aachc-cfb-wins-2026-11-28-clmsn-7pt5wins,BUY,ORDER_INTENT_SELL_SHORT,0.54,0.99,CPG6KDX9RXPK,passive,-0.3,2026-09-24T12:04:33.502788462Z,0.529,0,0,1,ORDER_STATE_PARTIALLY_FILLED,UNSOLICITED_CXL_REASON_UNDEFINED,ORD_REJECT_REASON_EXCHANGE_OPTION,,
1790253734.0,2026-09-24T12:42:13.960387320Z,ACTIVITY_TYPE_TRADE,ewc-usse-mn-2026-11-03-dem,BUY,ORDER_INTENT_BUY_LONG,0.92,5,CPGSA9YYGXPM,passive,,2026-09-24T12:35:24.558175494Z,0.114,0,0,1,ORDER_STATE_FILLED,UNSOLICITED_CXL_REASON_UNDEFINED,ORD_REJECT_REASON_EXCHANGE_OPTION,,
1790254178.4,2026-09-24T12:49:38.379986742Z,ACTIVITY_TYPE_TRADE,paccc-usse-midterms-2026-11-03-rep,SELL,ORDER_INTENT_SELL_LONG,0.366,45,CPG6KFMG2XPJ,passive,-38.58,2026-09-24T12:05:42.073942268Z,0.732,-0.13,0,1,ORDER_STATE_FILLED,UNSOLICITED_CXL_REASON_UNDEFINED,ORD_REJECT_REASON_EXCHANGE_OPTION,,
1790254934.2,2026-09-24T13:02:14.230866233Z,ACTIVITY_TYPE_TRADE,ussewc-usse-ky-2026-11-03-rep,BUY,ORDER_INTENT_BUY_LONG,0.98,9.01,CPH5E6WXAXPM,passive,,2026-09-24T13:02:14.189279860Z,0,0,0,1,ORDER_STATE_PARTIALLY_FILLED,UNSOLICITED_CXL_REASON_UNDEFINED,ORD_REJECT_REASON_EXCHANGE_OPTION,,
1790254945.5,2026-09-24T13:02:25.453253221Z,ACTIVITY_TYPE_TRADE,ushrewc-ushr-tx-15-2026-11-03-dem,BUY,ORDER_INTENT_SELL_SHORT,0.87,34,CPGSFRZM4XPK,passive,12.38,2026-09-24T12:35:39.370576109Z,0.446,-0.05,0,1,ORDER_STATE_PARTIALLY_FILLED,UNSOLICITED_CXL_REASON_UNDEFINED,ORD_REJECT_REASON_EXCHANGE_OPTION,,
1790255127.6,2026-09-24T13:05:27.558442675Z,ACTIVITY_TYPE_TRADE,usgubewc-usgub-md-2026-11-03-dem,SELL,ORDER_INTENT_SELL_LONG,0.98,1.88,CPH6JDF3GXPJ,aggressor,-38.45,2026-09-24T13:05:27.556544108Z,0,0,0,1,ORDER_STATE_FILLED,UNSOLICITED_CXL_REASON_UNDEFINED,ORD_REJECT_REASON_EXCHANGE_OPTION,,
1790255127.6,2026-09-24T13:05:27.558442675Z,ACTIVITY_TYPE_TRADE,usgubewc-usgub-md-2026-11-03-dem,SELL,ORDER_INTENT_SELL_LONG,0.98,6.12,CPH6JDF3GXPJ,aggressor,-125.18,2026-09-24T13:05:27.556544108Z,0,0.01,0,1,ORDER_STATE_PARTIALLY_FILLED,UNSOLICITED_CXL_REASON_UNDEFINED,ORD_REJECT_REASON_EXCHANGE_OPTION,,
1790255285.5,2026-09-24T13:08:05.450850390Z,ACTIVITY_TYPE_TRADE,cpoc-ussegubc-mi-2026-11-03-dsweep,BUY,ORDER_INTENT_SELL_SHORT,0.74,2.08,CPGSEHPSTXDN,passive,0.9,2026-09-24T12:35:42.091878764Z,0.54,-0.01,0,1,ORDER_STATE_PARTIALLY_FILLED,UNSOLICITED_CXL_REASON_UNDEFINED,ORD_REJECT_REASON_EXCHANGE_OPTION,,
1790255471.6,2026-09-24T13:11:11.616831589Z,ACTIVITY_TYPE_TRADE,usgubewc-usgub-md-2026-11-03-dem,BUY,ORDER_INTENT_BUY_LONG,0.98,6,CPH6VXKG2XPJ,passive,,2026-09-24T13:06:37.866090507Z,0.076,0,0,1,ORDER_STATE_PARTIALLY_FILLED,UNSOLICITED_CXL_REASON_UNDEFINED,ORD_REJECT_REASON_EXCHANGE_OPTION,,
1790255484.2,2026-09-24T13:11:24.224630001Z,ACTIVITY_TYPE_TRADE,scc-senate-gop-2026-11-03-54,SELL,ORDER_INTENT_BUY_SHORT,0.03,7,CPH6S9EQEXDQ,passive,,2026-09-24T13:06:10.728183450Z,0.087,0,0,1,ORDER_STATE_FILLED,UNSOLICITED_CXL_REASON_UNDEFINED,ORD_REJECT_REASON_EXCHANGE_OPTION,,
1790255750.2,2026-09-24T13:15:50.213042148Z,ACTIVITY_TYPE_TRADE,ussewc-usse-co-2026-11-03-dem,BUY,ORDER_INTENT_SELL_SHORT,0.98,330,CPGQYZAT8XDS,passive,-2284.79,2026-09-24T12:32:08.553908931Z,0.728,-0.08,0,1,ORDER_STATE_PARTIALLY_FILLED,UNSOLICITED_CXL_REASON_UNDEFINED,ORD_REJECT_REASON_EXCHANGE_OPTION,,
1790255960.9,2026-09-24T13:19:20.942983711Z,ACTIVITY_TYPE_TRADE,paccc-usho-midterms-2026-11-03-rep,SELL,ORDER_INTENT_BUY_SHORT,0.085,16,CPHA2PZT0XPM,passive,,2026-09-24T13:14:55.466795065Z,0.074,-0.02,0,1,ORDER_STATE_FILLED,UNSOLICITED_CXL_REASON_UNDEFINED,ORD_REJECT_REASON_EXCHANGE_OPTION,,
1790256120.4,2026-09-24T13:22:00.376444844Z,ACTIVITY_TYPE_TRADE,paccc-usse-midterms-2026-11-03-dem,BUY,ORDER_INTENT_SELL_SHORT,0.65,16,CPG6KD5WJXPM,passive,9.04,2026-09-24T12:03:52.204509195Z,1.302,-0.05,0,1,ORDER_STATE_PARTIALLY_FILLED,UNSOLICITED_CXL_REASON_UNDEFINED,ORD_REJECT_REASON_EXCHANGE_OPTION,,
1790256150.7,2026-09-24T13:22:30.700657481Z,ACTIVITY_TYPE_TRADE,ewc-usse-tx-2026-11-03-dem,BUY,ORDER_INTENT_SELL_SHORT,0.58,10,CPFT8Y7ZEXDJ,passive,-11.77,2026-09-24T12:05:28.080366616Z,1.284,-0.03,0,1,ORDER_STATE_PARTIALLY_FILLED,UNSOLICITED_CXL_REASON_UNDEFINED,ORD_REJECT_REASON_EXCHANGE_OPTION,,
1790256292.2,2026-09-24T13:24:52.185071116Z,ACTIVITY_TYPE_TRADE,cpoc-ussegubc-mn-2026-11-03-rgov-dsen,SELL,ORDER_INTENT_SELL_LONG,0.04,1,CPH5TQ042XDN,passive,-0.2,2026-09-24T13:03:32.023902511Z,0.356,0,0,1,ORDER_STATE_PARTIALLY_FILLED,UNSOLICITED_CXL_REASON_UNDEFINED,ORD_REJECT_REASON_EXCHANGE_OPTION,,
1790256545.8,2026-09-24T13:29:05.759507916Z,ACTIVITY_TYPE_TRADE,cpoc-ussegubc-nh-2026-11-03-rgov-dsen,SELL,ORDER_INTENT_BUY_SHORT,0.84,1,CPH9PSHCCXPM,passive,,2026-09-24T13:13:27.142776773Z,0.261,0,0,1,ORDER_STATE_FILLED,UNSOLICITED_CXL_REASON_UNDEFINED,ORD_REJECT_REASON_EXCHANGE_OPTION,,
1790256571.8,2026-09-24T13:29:31.780711715Z,ACTIVITY_TYPE_TRADE,cpoc-ussegubc-nh-2026-11-03-rsweep,SELL,ORDER_INTENT_BUY_SHORT,0.02,1,CPHDWK8VPXDJ,passive,,2026-09-24T13:22:31.827315221Z,0.117,0,0,1,ORDER_STATE_FILLED,UNSOLICITED_CXL_REASON_UNDEFINED,ORD_REJECT_REASON_EXCHANGE_OPTION,,
1790256843.1,2026-09-24T13:34:03.100684492Z,ACTIVITY_TYPE_TRADE,ussewc-usse-id-2026-11-03-rep,BUY,ORDER_INTENT_BUY_LONG,0.93,5,CPH6H37KGXPM,passive,,2026-09-24T13:05:27.154203107Z,0.477,0,0,1,ORDER_STATE_FILLED,UNSOLICITED_CXL_REASON_UNDEFINED,ORD_REJECT_REASON_EXCHANGE_OPTION,,
1790257038.1,2026-09-24T13:37:18.061474785Z,ACTIVITY_TYPE_TRADE,ussewc-usse-sd-2026-11-03-rep,BUY,ORDER_INTENT_BUY_LONG,0.97,20,CPHD964C8XPM,passive,,2026-09-24T13:21:44.528396531Z,0.259,-0.01,0,1,ORDER_STATE_FILLED,UNSOLICITED_CXL_REASON_UNDEFINED,ORD_REJECT_REASON_EXCHANGE_OPTION,,
1790257041.2,2026-09-24T13:37:21.205630079Z,ACTIVITY_TYPE_TRADE,ushrewc-ushr-tx-15-2026-11-03-dem,BUY,ORDER_INTENT_SELL_SHORT,0.87,32.09,CPGSFRZM4XPK,passive,26.44,2026-09-24T12:35:39.370576109Z,1.028,-0.05,0,1,ORDER_STATE_PARTIALLY_FILLED,UNSOLICITED_CXL_REASON_UNDEFINED,ORD_REJECT_REASON_EXCHANGE_OPTION,,
1790257044.7,2026-09-24T13:37:24.744937452Z,ACTIVITY_TYPE_TRADE,usgubewc-usgub-al-2026-11-03-rep,BUY,ORDER_INTENT_BUY_LONG,0.94,10,CPHP1472MXDJ,passive,,2026-09-24T13:37:24.701525588Z,0,-0.01,0,1,ORDER_STATE_FILLED,UNSOLICITED_CXL_REASON_UNDEFINED,ORD_REJECT_REASON_EXCHANGE_OPTION,,
1790257048.5,2026-09-24T13:37:28.487817716Z,ACTIVITY_TYPE_TRADE,cpoc-ussegubc-mi-2026-11-03-dsweep,BUY,ORDER_INTENT_SELL_SHORT,0.74,1,CPH98V786XDS,passive,0.59,2026-09-24T13:12:06.690630968Z,0.423,0,0,1,ORDER_STATE_PARTIALLY_FILLED,UNSOLICITED_CXL_REASON_UNDEFINED,ORD_REJECT_REASON_EXCHANGE_OPTION,,
1790257082.1,2026-09-24T13:38:02.081304413Z,ACTIVITY_TYPE_TRADE,ushrewc-ushr-tx-15-2026-11-03-dem,BUY,ORDER_INTENT_SELL_SHORT,0.87,3.67,CPGSFRZM4XPK,passive,3.19,2026-09-24T12:35:39.370576109Z,1.04,-0.01,0,1,ORDER_STATE_PARTIALLY_FILLED,UNSOLICITED_CXL_REASON_UNDEFINED,ORD_REJECT_REASON_EXCHANGE_OPTION,,
1790257087.2,2026-09-24T13:38:07.199932456Z,ACTIVITY_TYPE_TRADE,ushrewc-ushr-tx-15-2026-11-03-dem,BUY,ORDER_INTENT_SELL_SHORT,0.87,2.67,CPGSFRZM4XPK,passive,2.22,2026-09-24T12:35:39.370576109Z,1.041,0,0,1,ORDER_STATE_PARTIALLY_FILLED,UNSOLICITED_CXL_REASON_UNDEFINED,ORD_REJECT_REASON_EXCHANGE_OPTION,,
1790257144.5,2026-09-24T13:39:04.503582222Z,ACTIVITY_TYPE_TRADE,ewc-usgub-nv-2026-11-03-rep,BUY,ORDER_INTENT_BUY_LONG,0.56,9,CPHP15NCAXC0,passive,,2026-09-24T13:37:50.637183246Z,0.021,-0.03,0,1,ORDER_STATE_PARTIALLY_FILLED,UNSOLICITED_CXL_REASON_UNDEFINED,ORD_REJECT_REASON_EXCHANGE_OPTION,,
1790257149.3,2026-09-24T13:39:09.268748442Z,ACTIVITY_TYPE_TRADE,ewc-usgub-nv-2026-11-03-rep,BUY,ORDER_INTENT_BUY_LONG,0.56,5,CPHP15NCAXC0,passive,,2026-09-24T13:37:50.637183246Z,0.022,-0.02,0,1,ORDER_STATE_FILLED,UNSOLICITED_CXL_REASON_UNDEFINED,ORD_REJECT_REASON_EXCHANGE_OPTION,,
1790257197.7,2026-09-24T13:39:57.724429807Z,ACTIVITY_TYPE_TRADE,scc-senate-gop-2026-11-03-lte45,BUY,ORDER_INTENT_SELL_SHORT,0.09,0.45,CPG6KAGS8XPK,passive,-0.3,2026-09-24T12:01:22.860835592Z,1.643,0,0,1,ORDER_STATE_PARTIALLY_FILLED,UNSOLICITED_CXL_REASON_UNDEFINED,ORD_REJECT_REASON_EXCHANGE_OPTION,,
1790257204.9,2026-09-24T13:40:04.902344268Z,ACTIVITY_TYPE_TRADE,ewc-usgub-oh-2026-11-03-dem,BUY,ORDER_INTENT_SELL_SHORT,0.62,1,CPGJVMTH6XPJ,passive,-45.33,2026-09-24T12:22:07.934979470Z,1.299,0,0,1,ORDER_STATE_FILLED,UNSOLICITED_CXL_REASON_UNDEFINED,ORD_REJECT_REASON_EXCHANGE_OPTION,,
1790257204.9,2026-09-24T13:40:04.903371551Z,ACTIVITY_TYPE_TRADE,ewc-usgub-oh-2026-11-03-rep,BUY,ORDER_INTENT_BUY_LONG,0.43,19,CPHP7V0Q0XPK,passive,,2026-09-24T13:37:53.082275258Z,0.037,-0.06,0,1,ORDER_STATE_FILLED,UNSOLICITED_CXL_REASON_UNDEFINED,ORD_REJECT_REASON_EXCHANGE_OPTION,,
1790257257.3,2026-09-24T13:40:57.349028112Z,ACTIVITY_TYPE_TRADE,usgubewc-usgub-me-2026-11-03-dem,BUY,ORDER_INTENT_BUY_LONG,0.96,20,CPH63YAG2XDN,passive,,2026-09-24T13:04:26.450841989Z,0.609,-0.01,0,1,ORDER_STATE_FILLED,UNSOLICITED_CXL_REASON_UNDEFINED,ORD_REJECT_REASON_EXCHANGE_OPTION,,
1790257585.6,2026-09-24T13:46:25.576226900Z,ACTIVITY_TYPE_TRADE,ushrewc-ushr-ny-17-2026-11-03-dem,SELL,ORDER_INTENT_SELL_LONG,0.67,19.72,CPHT9NWHTXDR,aggressor,-3.99,2026-09-24T13:46:25.574451267Z,0,0.3,0,1,ORDER_STATE_FILLED,UNSOLICITED_CXL_REASON_UNDEFINED,ORD_REJECT_REASON_EXCHANGE_OPTION,,
1790257585.6,2026-09-24T13:46:25.576226900Z,ACTIVITY_TYPE_TRADE,ushrewc-ushr-ny-17-2026-11-03-dem,SELL,ORDER_INTENT_SELL_LONG,0.67,2.28,CPHT9NWHTXDR,aggressor,-0.47,2026-09-24T13:46:25.574451267Z,0,0.04,0,1,ORDER_STATE_PARTIALLY_FILLED,UNSOLICITED_CXL_REASON_UNDEFINED,ORD_REJECT_REASON_EXCHANGE_OPTION,,
1790257585.6,2026-09-24T13:46:25.576226900Z,ACTIVITY_TYPE_TRADE,ushrewc-ushr-ny-17-2026-11-03-dem,SELL,ORDER_INTENT_SELL_LONG,0.67,14,CPHT9NWHTXDR,aggressor,-2.83,2026-09-24T13:46:25.574451267Z,0,0.21,0,1,ORDER_STATE_PARTIALLY_FILLED,UNSOLICITED_CXL_REASON_UNDEFINED,ORD_REJECT_REASON_EXCHANGE_OPTION,,
1790257585.6,2026-09-24T13:46:25.576226900Z,ACTIVITY_TYPE_TRADE,ushrewc-ushr-ny-17-2026-11-03-dem,SELL,ORDER_INTENT_SELL_LONG,0.67,1,CPHT9NWHTXDR,aggressor,-0.21,2026-09-24T13:46:25.574451267Z,0,0.02,0,1,ORDER_STATE_PARTIALLY_FILLED,UNSOLICITED_CXL_REASON_UNDEFINED,ORD_REJECT_REASON_EXCHANGE_OPTION,,
1790257606.4,2026-09-24T13:46:46.373127799Z,ACTIVITY_TYPE_TRADE,ussewc-usse-ks-2026-11-03-dem,SELL,ORDER_INTENT_BUY_SHORT,0.33,0.09,CPHDWK9GJXDJ,passive,,2026-09-24T13:22:33.159891210Z,0.404,0,0,1,ORDER_STATE_PARTIALLY_FILLED,UNSOLICITED_CXL_REASON_UNDEFINED,ORD_REJECT_REASON_EXCHANGE_OPTION,,
1790257741.6,2026-09-24T13:49:01.638203446Z,ACTIVITY_TYPE_TRADE,aachc-cfb-wins-2026-11-28-cin-5pt5wins,BUY,ORDER_INTENT_BUY_LONG,0.55,0.1,CPHCTJGCGXDQ,passive,,2026-09-24T13:20:57.068341182Z,0.468,0,0,1,ORDER_STATE_PARTIALLY_FILLED,UNSOLICITED_CXL_REASON_UNDEFINED,ORD_REJECT_REASON_EXCHANGE_OPTION,,
1790257776.6,2026-09-24T13:49:36.610481248Z,ACTIVITY_TYPE_TRADE,cpoc-ussegubc-oh-2026-11-03-rsweep,SELL,ORDER_INTENT_SELL_LONG,0.31,1,CPHVQA1XWXPM,aggressor,0.03,2026-09-24T13:49:36.608725705Z,0,0.01,0,1,ORDER_STATE_FILLED,UNSOLICITED_CXL_REASON_UNDEFINED,ORD_REJECT_REASON_EXCHANGE_OPTION,,
1790258254.6,2026-09-24T13:57:34.597642541Z,ACTIVITY_TYPE_TRADE,ewc-usse-tx-2026-11-03-dem,BUY,ORDER_INTENT_SELL_SHORT,0.58,4,CPFT8Y7ZEXDJ,passive,-22.15,2026-09-24T12:05:28.080366616Z,1.868,-0.01,0,1,ORDER_STATE_PARTIALLY_FILLED,UNSOLICITED_CXL_REASON_UNDEFINED,ORD_REJECT_REASON_EXCHANGE_OPTION,,
1790258634.5,2026-09-24T14:03:54.494272856Z,ACTIVITY_TYPE_TRADE,usgubewc-usgub-ct-2026-11-03-dem,BUY,ORDER_INTENT_BUY_LONG,0.97,6.12,CPHMQHVMAXDS,passive,,2026-09-24T13:34:21.655201640Z,0.492,0,0,1,ORDER_STATE_PARTIALLY_FILLED,UNSOLICITED_CXL_REASON_UNDEFINED,ORD_REJECT_REASON_EXCHANGE_OPTION,,
1790259199.3,2026-09-24T14:13:19.339851617Z,ACTIVITY_TYPE_TRADE,scc-hrep-rep-2026-11-03-gte180,BUY,ORDER_INTENT_BUY_LONG,0.98,6,CPHVAZXK4XPJ,passive,,2026-09-24T13:49:03.212857331Z,0.404,0,0,1,ORDER_STATE_FILLED,UNSOLICITED_CXL_REASON_UNDEFINED,ORD_REJECT_REASON_EXCHANGE_OPTION,,
1790259249.6,2026-09-24T14:14:09.593245172Z,ACTIVITY_TYPE_TRADE,cpoc-ussegubc-ks-2026-11-03-rsweep,SELL,ORDER_INTENT_SELL_LONG,0.47,0.01,CPHXB7C2CXDR,passive,-0,2026-09-24T13:53:31.035458061Z,0.344,0,0,1,ORDER_STATE_PARTIALLY_FILLED,UNSOLICITED_CXL_REASON_UNDEFINED,ORD_REJECT_REASON_EXCHANGE_OPTION,,
1790260195.3,2026-09-24T14:29:55.314885096Z,ACTIVITY_TYPE_TRADE,ewc-usse-me-2026-11-03-dem,SELL,ORDER_INTENT_SELL_LONG,0.66,5,CPGQZ353WXPK,passive,-79.29,2026-09-24T12:32:08.270917320Z,1.963,-0.01,0,1,ORDER_STATE_FILLED,UNSOLICITED_CXL_REASON_UNDEFINED,ORD_REJECT_REASON_EXCHANGE_OPTION,,
1790261341.0,2026-09-24T14:49:01.027710119Z,ACTIVITY_TYPE_TRADE,paccc-usho-midterms-2026-11-03-rep,BUY,ORDER_INTENT_SELL_SHORT,0.085,34,CPHTFPMN6XPK,passive,-39.5,2026-09-24T13:46:51.149926071Z,1.036,-0.03,0,1,ORDER_STATE_FILLED,UNSOLICITED_CXL_REASON_UNDEFINED,ORD_REJECT_REASON_EXCHANGE_OPTION,,
1790261520.1,2026-09-24T14:52:00.054056704Z,ACTIVITY_TYPE_TRADE,paccc-usse-midterms-2026-11-03-rep,SELL,ORDER_INTENT_BUY_SHORT,0.366,21,CPJQ56PJGXDG,passive,,2026-09-24T14:49:19.737798826Z,0.045,-0.06,0,1,ORDER_STATE_FILLED,UNSOLICITED_CXL_REASON_UNDEFINED,ORD_REJECT_REASON_EXCHANGE_OPTION,,
1790263282.9,2026-09-24T15:21:22.937344271Z,ACTIVITY_TYPE_TRADE,ewc-usse-tx-2026-11-03-dem,BUY,ORDER_INTENT_SELL_SHORT,0.58,2,CPFT8Y7ZEXDJ,passive,-11.07,2026-09-24T12:05:28.080366616Z,3.265,-0.01,0,1,ORDER_STATE_FILLED,UNSOLICITED_CXL_REASON_UNDEFINED,ORD_REJECT_REASON_EXCHANGE_OPTION,,
1790265351.3,2026-09-24T15:55:51.268371806Z,ACTIVITY_TYPE_TRADE,usgubewc-usgub-wy-2026-11-03-rep,BUY,ORDER_INTENT_BUY_LONG,0.98,10,CPKKG575PXDS,passive,,2026-09-24T15:55:50.794899734Z,0,0,0,1,ORDER_STATE_FILLED,UNSOLICITED_CXL_REASON_UNDEFINED,ORD_REJECT_REASON_EXCHANGE_OPTION,,
1790265399.0,2026-09-24T15:56:39.035784381Z,ACTIVITY_TYPE_TRADE,aachc-cfb-wins-2026-11-28-minnst-4pt5wins,BUY,ORDER_INTENT_BUY_LONG,0.8,1,CPK1RKFPEXDS,passive,,2026-09-24T15:12:08.886242628Z,0.742,0,0,1,ORDER_STATE_FILLED,UNSOLICITED_CXL_REASON_UNDEFINED,ORD_REJECT_REASON_EXCHANGE_OPTION,,
1790265442.5,2026-09-24T15:57:22.458325939Z,ACTIVITY_TYPE_TRADE,usgubewc-usgub-or-2026-11-03-rep,SELL,ORDER_INTENT_BUY_SHORT,0.13,4.31,CPJSJV6RCXDG,passive,,2026-09-24T14:55:52.384322395Z,1.025,-0.01,0,1,ORDER_STATE_PARTIALLY_FILLED,UNSOLICITED_CXL_REASON_UNDEFINED,ORD_REJECT_REASON_EXCHANGE_OPTION,,
1790265933.5,2026-09-24T16:05:33.478964753Z,ACTIVITY_TYPE_TRADE,ewc-usse-oh-2026-11-03-dem,SELL,ORDER_INTENT_SELL_LONG,0.62,6,CPH09SJWAXDS,passive,-0.73,2026-09-24T12:50:05.675092377Z,3.258,-0.02,0,1,ORDER_STATE_PARTIALLY_FILLED,UNSOLICITED_CXL_REASON_UNDEFINED,ORD_REJECT_REASON_EXCHANGE_OPTION,,
1790266488.1,2026-09-24T16:14:48.135839090Z,ACTIVITY_TYPE_TRADE,cpoc-ussegubc-ks-2026-11-03-dgov-rsen,SELL,ORDER_INTENT_BUY_SHORT,0.03,2,CPKSQPBKYXDQ,passive,,2026-09-24T16:10:32.668837946Z,0.071,0,0,1,ORDER_STATE_FILLED,UNSOLICITED_CXL_REASON_UNDEFINED,ORD_REJECT_REASON_EXCHANGE_OPTION,,
1790266730.4,2026-09-24T16:18:50.424249912Z,ACTIVITY_TYPE_TRADE,scc-hrep-rep-2026-11-03-gte230,BUY,ORDER_INTENT_SELL_SHORT,0.06,25,CPKXY35GJXC0,passive,-22.52,2026-09-24T16:18:50.269478703Z,0,-0.02,0,1,ORDER_STATE_FILLED,UNSOLICITED_CXL_REASON_UNDEFINED,ORD_REJECT_REASON_EXCHANGE_OPTION,,
1790266761.0,2026-09-24T16:19:20.989107979Z,ACTIVITY_TYPE_TRADE,scc-hrep-rep-2026-11-03-gte230,BUY,ORDER_INTENT_BUY_LONG,0.06,124,CPKY7BVKGXDR,passive,,2026-09-24T16:19:20.897469685Z,0,-0.09,0,1,ORDER_STATE_FILLED,UNSOLICITED_CXL_REASON_UNDEFINED,ORD_REJECT_REASON_EXCHANGE_OPTION,,
1790266889.1,2026-09-24T16:21:29.124972174Z,ACTIVITY_TYPE_TRADE,usgubewc-usgub-sd-2026-11-03-rep,BUY,ORDER_INTENT_BUY_LONG,0.97,1,CPKCC3MBPXDR,passive,,2026-09-24T15:39:14.918589762Z,0.704,0,0,1,ORDER_STATE_PARTIALLY_FILLED,UNSOLICITED_CXL_REASON_UNDEFINED,ORD_REJECT_REASON_EXCHANGE_OPTION,,
1790266896.4,2026-09-24T16:21:36.436742063Z,ACTIVITY_TYPE_TRADE,usgubewc-usgub-ct-2026-11-03-rep,SELL,ORDER_INTENT_BUY_SHORT,0.03,1,CPKAHGHMMXPM,passive,,2026-09-24T15:35:19.088207265Z,0.771,0,0,1,ORDER_STATE_PARTIALLY_FILLED,UNSOLICITED_CXL_REASON_UNDEFINED,ORD_REJECT_REASON_EXCHANGE_OPTION,,
1790267095.3,2026-09-24T16:24:55.282775282Z,ACTIVITY_TYPE_TRADE,scc-hrep-rep-2026-11-03-gte230,SELL,ORDER_INTENT_SELL_LONG,0.04,0.99,CPM09QMQTXDN,passive,0,2026-09-24T16:24:35.019601886Z,0.006,0,0,1,ORDER_STATE_PARTIALLY_FILLED,UNSOLICITED_CXL_REASON_UNDEFINED,ORD_REJECT_REASON_EXCHANGE_OPTION,,
1790267123.4,2026-09-24T16:25:23.419162636Z,ACTIVITY_TYPE_TRADE,scc-hrep-rep-2026-11-03-gte230,SELL,ORDER_INTENT_SELL_LONG,0.04,0.01,CPM09QMQTXDN,passive,0,2026-09-24T16:24:35.019601886Z,0.013,0,0,1,ORDER_STATE_PARTIALLY_FILLED,UNSOLICITED_CXL_REASON_UNDEFINED,ORD_REJECT_REASON_EXCHANGE_OPTION,,
1790267207.9,2026-09-24T16:26:47.892995699Z,ACTIVITY_TYPE_TRADE,aachc-cfb-wins-2026-11-28-arz-7pt5wins,BUY,ORDER_INTENT_BUY_LONG,0.47,1,CPM0VPSFCXDS,passive,,2026-09-24T16:25:56.475778519Z,0.014,0,0,1,ORDER_STATE_FILLED,UNSOLICITED_CXL_REASON_UNDEFINED,ORD_REJECT_REASON_EXCHANGE_OPTION,,
1790267346.8,2026-09-24T16:29:06.760400908Z,ACTIVITY_TYPE_TRADE,aachc-cfb-wins-2026-11-28-arz-5pt5wins,BUY,ORDER_INTENT_SELL_SHORT,0.8,1,CPG6KKQ30XPK,passive,0.19,2026-09-24T12:12:17.929373250Z,4.28,0,0,1,ORDER_STATE_FILLED,UNSOLICITED_CXL_REASON_UNDEFINED,ORD_REJECT_REASON_EXCHANGE_OPTION,,
1790267360.8,2026-09-24T16:29:20.767589945Z,ACTIVITY_TYPE_TRADE,cpoc-ussegubc-mi-2026-11-03-dsweep,BUY,ORDER_INTENT_SELL_SHORT,0.74,1,CPH98V786XDS,passive,0.7,2026-09-24T13:12:06.690630968Z,3.287,0,0,1,ORDER_STATE_PARTIALLY_FILLED,UNSOLICITED_CXL_REASON_UNDEFINED,ORD_REJECT_REASON_EXCHANGE_OPTION,,
1790267377.9,2026-09-24T16:29:37.854494980Z,ACTIVITY_TYPE_TRADE,cpoc-ussegubc-mi-2026-11-03-dsweep,BUY,ORDER_INTENT_SELL_SHORT,0.74,1,CPH98V786XDS,passive,0.64,2026-09-24T13:12:06.690630968Z,3.292,0,0,1,ORDER_STATE_PARTIALLY_FILLED,UNSOLICITED_CXL_REASON_UNDEFINED,ORD_REJECT_REASON_EXCHANGE_OPTION,,
1790267657.0,2026-09-24T16:34:16.979578758Z,ACTIVITY_TYPE_TRADE,scc-senate-gop-2026-11-03-lte45,BUY,ORDER_INTENT_SELL_SHORT,0.09,51.55,CPG6KAGS8XPK,passive,-34.04,2026-09-24T12:01:22.860835592Z,4.548,-0.05,0,1,ORDER_STATE_FILLED,UNSOLICITED_CXL_REASON_UNDEFINED,ORD_REJECT_REASON_EXCHANGE_OPTION,,
1790267973.7,2026-09-24T16:39:33.650590251Z,ACTIVITY_TYPE_TRADE,scc-hrep-rep-2026-11-03-gte195,BUY,ORDER_INTENT_BUY_LONG,0.69,43,CPM4VG59WXDG,passive,,2026-09-24T16:34:22.259663929Z,0.086,-0.11,0,1,ORDER_STATE_FILLED,UNSOLICITED_CXL_REASON_UNDEFINED,ORD_REJECT_REASON_EXCHANGE_OPTION,,
1790268009.6,2026-09-24T16:40:09.614059505Z,ACTIVITY_TYPE_TRADE,scc-hrep-rep-2026-11-03-gte225,SELL,ORDER_INTENT_BUY_SHORT,0.03,31,CPM4Q0T4YXPJ,passive,,2026-09-24T16:34:22.097609939Z,0.097,-0.01,0,1,ORDER_STATE_FILLED,UNSOLICITED_CXL_REASON_UNDEFINED,ORD_REJECT_REASON_EXCHANGE_OPTION,,
1790268212.8,2026-09-24T16:43:32.781008526Z,ACTIVITY_TYPE_TRADE,scc-hrep-rep-2026-11-03-gte200,BUY,ORDER_INTENT_BUY_LONG,0.59,0.01,CPM70M5APXPK,passive,,2026-09-24T16:39:53.403947840Z,0.061,0,0,1,ORDER_STATE_PARTIALLY_FILLED,UNSOLICITED_CXL_REASON_UNDEFINED,ORD_REJECT_REASON_EXCHANGE_OPTION,,
1790268457.6,2026-09-24T16:47:37.625948482Z,ACTIVITY_TYPE_TRADE,scc-hrep-rep-2026-11-03-gte200,BUY,ORDER_INTENT_BUY_LONG,0.58,1.1,CPM9PDCYEXDG,passive,,2026-09-24T16:45:36.702764253Z,0.034,0,0,1,ORDER_STATE_PARTIALLY_FILLED,UNSOLICITED_CXL_REASON_UNDEFINED,ORD_REJECT_REASON_EXCHANGE_OPTION,,
1790268578.8,2026-09-24T16:49:38.779112303Z,ACTIVITY_TYPE_TRADE,ussewc-usse-co-2026-11-03-dem,BUY,ORDER_INTENT_SELL_SHORT,0.98,36,CPGQYZAT8XDS,passive,-249.25,2026-09-24T12:32:08.553908931Z,4.292,-0.01,0,1,ORDER_STATE_FILLED,UNSOLICITED_CXL_REASON_UNDEFINED,ORD_REJECT_REASON_EXCHANGE_OPTION,,
1790268658.2,2026-09-24T16:50:58.221434572Z,ACTIVITY_TYPE_TRADE,aachc-cfb-wins-2026-11-28-lsu-10pt5wins,BUY,ORDER_INTENT_BUY_LONG,0.19,0.1,CPM467WPEXPM,passive,,2026-09-24T16:33:25.236416951Z,0.292,0,0,1,ORDER_STATE_PARTIALLY_FILLED,UNSOLICITED_CXL_REASON_UNDEFINED,ORD_REJECT_REASON_EXCHANGE_OPTION,,
1790269727.5,2026-09-24T17:08:47.529548071Z,ACTIVITY_TYPE_TRADE,scc-senate-gop-2026-11-03-50,BUY,ORDER_INTENT_BUY_LONG,0.14,10,CPMKCMAKTXDS,passive,,2026-09-24T17:04:35.419664617Z,0.07,-0.02,0,1,ORDER_STATE_PARTIALLY_FILLED,UNSOLICITED_CXL_REASON_UNDEFINED,ORD_REJECT_REASON_EXCHANGE_OPTION,,
1790269728.8,2026-09-24T17:08:48.774618680Z,ACTIVITY_TYPE_TRADE,scc-senate-gop-2026-11-03-50,BUY,ORDER_INTENT_BUY_LONG,0.14,30,CPMKCMAKTXDS,passive,,2026-09-24T17:04:35.419664617Z,0.07,-0.05,0,1,ORDER_STATE_PARTIALLY_FILLED,UNSOLICITED_CXL_REASON_UNDEFINED,ORD_REJECT_REASON_EXCHANGE_OPTION,,
1790269729.3,2026-09-24T17:08:49.260812988Z,ACTIVITY_TYPE_TRADE,scc-senate-gop-2026-11-03-50,BUY,ORDER_INTENT_BUY_LONG,0.14,30,CPMKCMAKTXDS,passive,,2026-09-24T17:04:35.419664617Z,0.071,-0.05,0,1,ORDER_STATE_PARTIALLY_FILLED,UNSOLICITED_CXL_REASON_UNDEFINED,ORD_REJECT_REASON_EXCHANGE_OPTION,,
1790269729.8,2026-09-24T17:08:49.770827058Z,ACTIVITY_TYPE_TRADE,scc-senate-gop-2026-11-03-50,BUY,ORDER_INTENT_BUY_LONG,0.14,30,CPMKCMAKTXDS,passive,,2026-09-24T17:04:35.419664617Z,0.071,-0.05,0,1,ORDER_STATE_PARTIALLY_FILLED,UNSOLICITED_CXL_REASON_UNDEFINED,ORD_REJECT_REASON_EXCHANGE_OPTION,,
1790269731.0,2026-09-24T17:08:51.042539077Z,ACTIVITY_TYPE_TRADE,scc-senate-gop-2026-11-03-50,BUY,ORDER_INTENT_BUY_LONG,0.14,12,CPMKCMAKTXDS,passive,,2026-09-24T17:04:35.419664617Z,0.071,-0.02,0,1,ORDER_STATE_FILLED,UNSOLICITED_CXL_REASON_UNDEFINED,ORD_REJECT_REASON_EXCHANGE_OPTION,,
1790269741.0,2026-09-24T17:09:01.020596029Z,ACTIVITY_TYPE_TRADE,scc-hrep-rep-2026-11-03-gte200,BUY,ORDER_INTENT_BUY_LONG,0.58,12,CPMER54HCXDG,passive,,2026-09-24T16:55:36.774966744Z,0.223,-0.04,0,1,ORDER_STATE_PARTIALLY_FILLED,UNSOLICITED_CXL_REASON_UNDEFINED,ORD_REJECT_REASON_EXCHANGE_OPTION,,
1790271481.3,2026-09-24T17:38:01.301821038Z,ACTIVITY_TYPE_TRADE,cpoc-ussegubc-tx-2026-11-03-rsweep,SELL,ORDER_INTENT_SELL_LONG,0.3,1,CPMJFBSHTXDN,passive,0.3,2026-09-24T17:02:49.176133921Z,0.587,0,0,1,ORDER_STATE_FILLED,UNSOLICITED_CXL_REASON_UNDEFINED,ORD_REJECT_REASON_EXCHANGE_OPTION,,
1790272231.6,2026-09-24T17:50:31.608838469Z,ACTIVITY_TYPE_TRADE,cpoc-ussec-tx-mi-me-2026-11-03-rtx-dmi-dme,SELL,ORDER_INTENT_SELL_LONG,0.04,168.69,CPKZQYC6JXDR,passive,6.83,2026-09-24T16:23:30.874875337Z,1.45,-0.08,0,1,ORDER_STATE_PARTIALLY_FILLED,UNSOLICITED_CXL_REASON_UNDEFINED,ORD_REJECT_REASON_EXCHANGE_OPTION,,
1790272856.3,2026-09-24T18:00:56.339726882Z,ACTIVITY_TYPE_TRADE,ewc-usse-ne-2026-11-03-rep,SELL,ORDER_INTENT_SELL_LONG,0.69,13,CPM6ASJEPXDG,passive,-0.69,2026-09-24T16:37:57.388189106Z,1.383,-0.03,0,1,ORDER_STATE_FILLED,UNSOLICITED_CXL_REASON_UNDEFINED,ORD_REJECT_REASON_EXCHANGE_OPTION,,
1790272883.1,2026-09-24T18:01:23.135208814Z,ACTIVITY_TYPE_TRADE,cpoc-ussec-tx-mi-me-2026-11-03-rtx-dmi-dme,SELL,ORDER_INTENT_SELL_LONG,0.04,0.31,CPKZQYC6JXDR,passive,0.01,2026-09-24T16:23:30.874875337Z,1.631,0,0,1,ORDER_STATE_FILLED,UNSOLICITED_CXL_REASON_UNDEFINED,ORD_REJECT_REASON_EXCHANGE_OPTION,,
1790272918.3,2026-09-24T18:01:58.321114484Z,ACTIVITY_TYPE_TRADE,paccc-usse-midterms-2026-11-03-dem,BUY,ORDER_INTENT_SELL_SHORT,0.65,82,CPHEMQYG2XDN,passive,46.3,2026-09-24T13:23:35.894336325Z,4.64,-0.23,0,1,ORDER_STATE_FILLED,UNSOLICITED_CXL_REASON_UNDEFINED,ORD_REJECT_REASON_EXCHANGE_OPTION,,
1790274044.2,2026-09-24T18:20:44.178233606Z,ACTIVITY_TYPE_TRADE,cpoc-ussegubc-me-2026-11-03-dsweep,BUY,ORDER_INTENT_BUY_LONG,0.83,10,CPKMZKXJCXPM,passive,,2026-09-24T15:59:18.128818328Z,2.357,-0.02,0,1,ORDER_STATE_FILLED,UNSOLICITED_CXL_REASON_UNDEFINED,ORD_REJECT_REASON_EXCHANGE_OPTION,,
1790274130.0,2026-09-24T18:22:10.045979526Z,ACTIVITY_TYPE_TRADE,cpoc-ussegubc-me-2026-11-03-dgov-rsen,SELL,ORDER_INTENT_BUY_SHORT,0.16,4.65,CPMHB2SHEXPM,passive,,2026-09-24T17:00:36.858391273Z,1.359,-0.01,0,1,ORDER_STATE_PARTIALLY_FILLED,UNSOLICITED_CXL_REASON_UNDEFINED,ORD_REJECT_REASON_EXCHANGE_OPTION,,
1790274135.1,2026-09-24T18:22:15.056968253Z,ACTIVITY_TYPE_TRADE,cpoc-ussegubc-me-2026-11-03-dgov-rsen,SELL,ORDER_INTENT_BUY_SHORT,0.16,0.35,CPMHB2SHEXPM,passive,,2026-09-24T17:00:36.858391273Z,1.361,0,0,1,ORDER_STATE_FILLED,UNSOLICITED_CXL_REASON_UNDEFINED,ORD_REJECT_REASON_EXCHANGE_OPTION,,
1790276511.4,2026-09-24T19:01:51.406870831Z,ACTIVITY_TYPE_TRADE,cpoc-ussegubc-nh-2026-11-03-rgov-dsen,BUY,ORDER_INTENT_SELL_SHORT,0.91,1,CPKBDNXZCXC0,passive,0.75,2026-09-24T15:37:32.387527266Z,3.405,0,0,1,ORDER_STATE_FILLED,UNSOLICITED_CXL_REASON_UNDEFINED,ORD_REJECT_REASON_EXCHANGE_OPTION,,
1790277011.1,2026-09-24T19:10:11.091371330Z,ACTIVITY_TYPE_TRADE,cpoc-ussegubc-me-2026-11-03-rsweep,SELL,ORDER_INTENT_BUY_SHORT,0.02,10,CPKKG577EXDS,passive,,2026-09-24T15:55:50.939177085Z,3.239,0,0,1,ORDER_STATE_FILLED,UNSOLICITED_CXL_REASON_UNDEFINED,ORD_REJECT_REASON_EXCHANGE_OPTION,,
1790277333.2,2026-09-24T19:15:33.209768996Z,ACTIVITY_TYPE_TRADE,cpoc-ussec-tx-mi-me-2026-11-03-rtx-dmi-rme,SELL,ORDER_INTENT_SELL_LONG,0.08,1,CPKBBH8PGXDG,passive,0.01,2026-09-24T15:37:32.261395729Z,3.634,0,0,1,ORDER_STATE_FILLED,UNSOLICITED_CXL_REASON_UNDEFINED,ORD_REJECT_REASON_EXCHANGE_OPTION,,
1790277428.4,2026-09-24T19:17:08.356888277Z,ACTIVITY_TYPE_TRADE,ussewc-usse-sd-2026-11-03-rep,BUY,ORDER_INTENT_BUY_LONG,0.93,1.93,CPJQZ62R6XDG,passive,,2026-09-24T14:51:46.812152849Z,4.423,0,0,1,ORDER_STATE_PARTIALLY_FILLED,UNSOLICITED_CXL_REASON_UNDEFINED,ORD_REJECT_REASON_EXCHANGE_OPTION,,
1790279420.7,2026-09-24T19:50:20.743005460Z,ACTIVITY_TYPE_TRADE,aachc-cfb-wins-ou-2026-11-28-frest,SELL,ORDER_INTENT_BUY_SHORT,0.53,0.1,CPMAVFVA8XDS,passive,,2026-09-24T16:47:22.213288319Z,3.05,0,0,1,ORDER_STATE_PARTIALLY_FILLED,UNSOLICITED_CXL_REASON_UNDEFINED,ORD_REJECT_REASON_EXCHANGE_OPTION,,
1790279479.1,2026-09-24T19:51:19.100089848Z,ACTIVITY_TYPE_TRADE,ewc-usse-me-2026-11-03-rep,BUY,ORDER_INTENT_SELL_SHORT,0.35,32,CPMK6E79RXC0,passive,-9.54,2026-09-24T17:04:23.313853815Z,2.782,-0.09,0,1,ORDER_STATE_FILLED,UNSOLICITED_CXL_REASON_UNDEFINED,ORD_REJECT_REASON_EXCHANGE_OPTION,,
1790280855.8,2026-09-24T20:14:15.805927164Z,ACTIVITY_TYPE_TRADE,ussewc-usse-il-2026-11-03-rep,SELL,ORDER_INTENT_BUY_SHORT,0.03,1,CPQ6M24JGXDN,passive,,2026-09-24T20:05:12.740208526Z,0.151,0,0,1,ORDER_STATE_PARTIALLY_FILLED,UNSOLICITED_CXL_REASON_UNDEFINED,ORD_REJECT_REASON_EXCHANGE_OPTION,,
1790281351.3,2026-09-24T20:22:31.303846268Z,ACTIVITY_TYPE_TRADE,ewc-usse-oh-2026-11-03-dem,SELL,ORDER_INTENT_SELL_LONG,0.62,7,CPH09SJWAXDS,passive,-1.99,2026-09-24T12:50:05.675092377Z,7.54,-0.02,0,1,ORDER_STATE_PARTIALLY_FILLED,UNSOLICITED_CXL_REASON_UNDEFINED,ORD_REJECT_REASON_EXCHANGE_OPTION,,
1790282762.0,2026-09-24T20:46:02.013688244Z,ACTIVITY_TYPE_TRADE,ussewc-usse-sd-2026-11-03-rep,SELL,ORDER_INTENT_SELL_LONG,0.92,2,CPQ3N7WYRXPK,passive,-13.54,2026-09-24T19:58:57.503839433Z,0.785,0,0,1,ORDER_STATE_FILLED,UNSOLICITED_CXL_REASON_UNDEFINED,ORD_REJECT_REASON_EXCHANGE_OPTION,,
1790282790.3,2026-09-24T20:46:30.317009980Z,ACTIVITY_TYPE_TRADE,ewc-usse-mn-2026-11-03-dem,SELL,ORDER_INTENT_SELL_LONG,0.92,5,CPGWSCPKCXDG,passive,-6.33,2026-09-24T12:42:29.957489687Z,8.067,0,0,1,ORDER_STATE_FILLED,UNSOLICITED_CXL_REASON_UNDEFINED,ORD_REJECT_REASON_EXCHANGE_OPTION,,
1790282797.2,2026-09-24T20:46:37.171657909Z,ACTIVITY_TYPE_TRADE,ewc-usgub-ia-2026-11-03-dem,SELL,ORDER_INTENT_SELL_LONG,0.85,184,CPGNN7HR4XPK,passive,-1054.49,2026-09-24T12:27:22.367710955Z,8.321,-0.29,0,1,ORDER_STATE_FILLED,UNSOLICITED_CXL_REASON_UNDEFINED,ORD_REJECT_REASON_EXCHANGE_OPTION,,
1790282809.5,2026-09-24T20:46:49.458790492Z,ACTIVITY_TYPE_TRADE,ewc-usse-oh-2026-11-03-dem,SELL,ORDER_INTENT_SELL_LONG,0.62,51,CPH09SJWAXDS,passive,-14.5,2026-09-24T12:50:05.675092377Z,7.945,-0.15,0,1,ORDER_STATE_FILLED,UNSOLICITED_CXL_REASON_UNDEFINED,ORD_REJECT_REASON_EXCHANGE_OPTION,,
1790282846.5,2026-09-24T20:47:26.468400745Z,ACTIVITY_TYPE_TRADE,vtc-usseto-wy-2026-11-03-gt230k,BUY,ORDER_INTENT_BUY_LONG,0.47,1,CPQN2Q97TXDR,passive,,2026-09-24T20:36:58.516508232Z,0.174,0,0,1,ORDER_STATE_FILLED,UNSOLICITED_CXL_REASON_UNDEFINED,ORD_REJECT_REASON_EXCHANGE_OPTION,,
1790615672.3,2026-09-28T17:14:32.284844022Z,ACTIVITY_TYPE_TRADE,aachc-cfb-wins-2026-11-28-pennst-7pt5wins,BUY,ORDER_INTENT_BUY_LONG,0.77,0.5,CRYAFD290YB5,passive,,2026-09-28T07:10:09.529336065Z,10.073,0,0,1,ORDER_STATE_FILLED,UNSOLICITED_CXL_REASON_UNDEFINED,ORD_REJECT_REASON_EXCHANGE_OPTION,,
1790617597.8,2026-09-28T17:46:37.755266030Z,ACTIVITY_TYPE_TRADE,cpoc-ussec-tx-me-2026-11-03-rtx-dme,SELL,ORDER_INTENT_SELL_LONG,0.11,1.91,CS7DX6SZYYCD,aggressor,-9.85,2026-09-28T17:46:37.753951635Z,0,0.01,0,1,ORDER_STATE_FILLED,UNSOLICITED_CXL_REASON_UNDEFINED,ORD_REJECT_REASON_EXCHANGE_OPTION,,
1790617597.8,2026-09-28T17:46:37.755266030Z,ACTIVITY_TYPE_TRADE,cpoc-ussec-tx-me-2026-11-03-rtx-dme,SELL,ORDER_INTENT_SELL_LONG,0.11,0.09,CS7DX6SZYYCD,aggressor,-0.46,2026-09-28T17:46:37.753951635Z,0,0,0,1,ORDER_STATE_PARTIALLY_FILLED,UNSOLICITED_CXL_REASON_UNDEFINED,ORD_REJECT_REASON_EXCHANGE_OPTION,,
1790617597.8,2026-09-28T17:46:37.755266030Z,ACTIVITY_TYPE_TRADE,cpoc-ussec-tx-me-2026-11-03-rtx-dme,SELL,ORDER_INTENT_SELL_LONG,0.11,37,CS7DX6SZYYCD,aggressor,-190.8,2026-09-28T17:46:37.753951635Z,0,0.25,0,1,ORDER_STATE_PARTIALLY_FILLED,UNSOLICITED_CXL_REASON_UNDEFINED,ORD_REJECT_REASON_EXCHANGE_OPTION,,
1790617597.8,2026-09-28T17:46:37.755266030Z,ACTIVITY_TYPE_TRADE,cpoc-ussec-tx-me-2026-11-03-rtx-dme,SELL,ORDER_INTENT_SELL_LONG,0.11,10,CS7DX6SZYYCD,aggressor,-51.56,2026-09-28T17:46:37.753951635Z,0,0.06,0,1,ORDER_STATE_PARTIALLY_FILLED,UNSOLICITED_CXL_REASON_UNDEFINED,ORD_REJECT_REASON_EXCHANGE_OPTION,,
1790617597.8,2026-09-28T17:46:37.755266030Z,ACTIVITY_TYPE_TRADE,cpoc-ussec-tx-me-2026-11-03-rtx-dme,SELL,ORDER_INTENT_SELL_LONG,0.11,1,CS7DX6SZYYCD,aggressor,-5.16,2026-09-28T17:46:37.753951635Z,0,0.01,0,1,ORDER_STATE_PARTIALLY_FILLED,UNSOLICITED_CXL_REASON_UNDEFINED,ORD_REJECT_REASON_EXCHANGE_OPTION,,
1790621490.5,2026-09-28T18:51:30.464368613Z,ACTIVITY_TYPE_TRADE,vtc-usseto-me-2026-11-03-gt800k,SELL,ORDER_INTENT_SELL_LONG,0.19,1,CS8BQK5E4YBQ,aggressor,-0.02,2026-09-28T18:51:30.463114724Z,0,0.01,0,1,ORDER_STATE_FILLED,UNSOLICITED_CXL_REASON_UNDEFINED,ORD_REJECT_REASON_EXCHANGE_OPTION,,
1790622677.8,2026-09-28T19:11:17.801146501Z,ACTIVITY_TYPE_TRADE,vtc-usseto-wy-2026-11-03-gt230k,SELL,ORDER_INTENT_SELL_LONG,0.11,1,CS831H0EGYAQ,passive,-0.36,2026-09-28T18:34:18.275760245Z,0.617,0,0,1,ORDER_STATE_FILLED,UNSOLICITED_CXL_REASON_UNDEFINED,ORD_REJECT_REASON_EXCHANGE_OPTION,,
1790629819.3,2026-09-28T21:10:19.347309898Z,ACTIVITY_TYPE_ACCOUNT_WITHDRAWAL,,,,,,,,,,,,,,,,,340,
1790630817.7,2026-09-28T21:26:57.734648877Z,ACTIVITY_TYPE_TRADE,paccc-usho-midterms-2026-11-03-rep,SELL,ORDER_INTENT_SELL_LONG,0.088,171,CSA4Y4KE8YBY,passive,-102.66,2026-09-28T21:00:11.122568842Z,0.446,-0.17,0,1,ORDER_STATE_FILLED,UNSOLICITED_CXL_REASON_UNDEFINED,ORD_REJECT_REASON_EXCHANGE_OPTION,,
1790632126.3,2026-09-28T21:48:46.273968236Z,ACTIVITY_TYPE_TRADE,vtc-usgubto-hi-2026-11-03-gt370k,BUY,ORDER_INTENT_BUY_LONG,0.89,1,CR78800FCYCD,passive,,2026-09-27T04:00:10.346197715Z,41.81,0,0,1,ORDER_STATE_FILLED,UNSOLICITED_CXL_REASON_UNDEFINED,ORD_REJECT_REASON_EXCHANGE_OPTION,,
1790632191.9,2026-09-28T21:49:51.911853050Z,ACTIVITY_TYPE_TRADE,vtc-usgubto-hi-2026-11-03-gt370k,BUY,ORDER_INTENT_BUY_LONG,0.89,1,CSAVNW2ATYCD,passive,,2026-09-28T21:49:51.859548105Z,0,0,0,1,ORDER_STATE_FILLED,UNSOLICITED_CXL_REASON_UNDEFINED,ORD_REJECT_REASON_EXCHANGE_OPTION,,
1790637001.7,2026-09-28T23:10:01.661289126Z,ACTIVITY_TYPE_TRADE,usgubewc-usgub-me-2026-11-03-dem,SELL,ORDER_INTENT_SELL_LONG,0.94,34,CSBV7H6YJYBE,passive,-2.56,2026-09-28T22:58:42.121371223Z,0.189,-0.02,0,1,ORDER_STATE_FILLED,UNSOLICITED_CXL_REASON_UNDEFINED,ORD_REJECT_REASON_EXCHANGE_OPTION,,
1790641285.2,2026-09-29T00:21:25.214332863Z,ACTIVITY_TYPE_TRADE,vtc-usgubto-ct-2026-11-03-gt1pt4m,BUY,ORDER_INTENT_SELL_SHORT,0.41,1,CS3YTYSXYYC3,passive,-0.53,2026-09-28T13:46:58.225897944Z,10.574,0,0,1,ORDER_STATE_FILLED,UNSOLICITED_CXL_REASON_UNDEFINED,ORD_REJECT_REASON_EXCHANGE_OPTION,,
1790647611.7,2026-09-29T02:06:51.749745309Z,ACTIVITY_TYPE_TRADE,scc-senate-demst-2026-11-03-gte51,SELL,ORDER_INTENT_SELL_LONG,0.42,10,CSEC0K9B8YCD,passive,-10.92,2026-09-29T01:41:17.425174531Z,0.426,-0.03,0,1,ORDER_STATE_FILLED,UNSOLICITED_CXL_REASON_UNDEFINED,ORD_REJECT_REASON_EXCHANGE_OPTION,,
1790647751.0,2026-09-29T02:09:11.000184425Z,ACTIVITY_TYPE_TRADE,vmc-usgubmov-vt-2026-11-03-dwin,SELL,ORDER_INTENT_BUY_SHORT,0.12,1,CS2ZV4CEWYC6,passive,,2026-09-28T12:38:14.142846506Z,13.516,0,0,1,ORDER_STATE_FILLED,UNSOLICITED_CXL_REASON_UNDEFINED,ORD_REJECT_REASON_EXCHANGE_OPTION,,
1790648078.1,2026-09-29T02:14:38.132687550Z,ACTIVITY_TYPE_TRADE,scc-hrep-rep-2026-11-03-gte185,SELL,ORDER_INTENT_SELL_LONG,0.86,0.1,CSETCN3P8YC3,passive,0.09,2026-09-29T02:14:37.728577061Z,0,0,0,1,ORDER_STATE_PARTIALLY_FILLED,UNSOLICITED_CXL_REASON_UNDEFINED,ORD_REJECT_REASON_EXCHANGE_OPTION,,
1790648699.7,2026-09-29T02:24:59.656437655Z,ACTIVITY_TYPE_TRADE,scc-hrep-rep-2026-11-03-gte200,SELL,ORDER_INTENT_BUY_SHORT,0.44,41,CSEZ5N24MYBY,passive,,2026-09-29T02:23:49.590053620Z,0.019,-0.13,0,1,ORDER_STATE_PARTIALLY_FILLED,UNSOLICITED_CXL_REASON_UNDEFINED,ORD_REJECT_REASON_EXCHANGE_OPTION,,
1790648869.0,2026-09-29T02:27:49.047663372Z,ACTIVITY_TYPE_TRADE,scc-hrep-rep-2026-11-03-gte200,SELL,ORDER_INTENT_BUY_SHORT,0.59,0.01,CSF0HJG74YCC,passive,,2026-09-29T02:27:35.813391647Z,0.004,0,0,1,ORDER_STATE_PARTIALLY_FILLED,UNSOLICITED_CXL_REASON_UNDEFINED,ORD_REJECT_REASON_EXCHANGE_OPTION,,
1790649988.9,2026-09-29T02:46:28.899258897Z,ACTIVITY_TYPE_TRADE,scc-hrep-rep-2026-11-03-gte200,BUY,ORDER_INTENT_SELL_SHORT,0.58,41,CSF3GV7PGYBQ,passive,5.58,2026-09-29T02:33:21.118965627Z,0.219,-0.12,0,1,ORDER_STATE_FILLED,UNSOLICITED_CXL_REASON_UNDEFINED,ORD_REJECT_REASON_EXCHANGE_OPTION,,
1790650123.9,2026-09-29T02:48:43.947682206Z,ACTIVITY_TYPE_TRADE,usgubewc-usgub-tn-2026-11-03-rep,SELL,ORDER_INTENT_SELL_LONG,0.91,10,CSEXR26P4YC3,passive,-24.16,2026-09-29T02:22:06.167482080Z,0.444,-0.01,0,1,ORDER_STATE_FILLED,UNSOLICITED_CXL_REASON_UNDEFINED,ORD_REJECT_REASON_EXCHANGE_OPTION,,
1790650188.1,2026-09-29T02:49:48.099836120Z,ACTIVITY_TYPE_TRADE,scc-hrep-rep-2026-11-03-gte200,BUY,ORDER_INTENT_BUY_LONG,0.58,84,CSFAQ5MJEYBY,passive,,2026-09-29T02:48:50.410088604Z,0.016,-0.26,0,1,ORDER_STATE_FILLED,UNSOLICITED_CXL_REASON_UNDEFINED,ORD_REJECT_REASON_EXCHANGE_OPTION,,
1790650926.9,2026-09-29T03:02:06.937458452Z,ACTIVITY_TYPE_TRADE,usgubewc-usgub-id-2026-11-03-dem,BUY,ORDER_INTENT_SELL_SHORT,0.01,8.83,CQFDK01MTYB5,passive,-8.49,2026-09-26T00:14:12.787330194Z,74.798,0,0,1,ORDER_STATE_PARTIALLY_FILLED,UNSOLICITED_CXL_REASON_UNDEFINED,ORD_REJECT_REASON_EXCHANGE_OPTION,,
1790650933.4,2026-09-29T03:02:13.384399704Z,ACTIVITY_TYPE_TRADE,usgubewc-usgub-sd-2026-11-03-dem,BUY,ORDER_INTENT_SELL_SHORT,0.02,10,CQFFF5FC4YC6,passive,-9.51,2026-09-26T00:17:24.986109004Z,74.747,0,0,1,ORDER_STATE_FILLED,UNSOLICITED_CXL_REASON_UNDEFINED,ORD_REJECT_REASON_EXCHANGE_OPTION,,
1790652071.2,2026-09-29T03:21:11.186215748Z,ACTIVITY_TYPE_TRADE,scc-hrep-rep-2026-11-03-gte230,SELL,ORDER_INTENT_SELL_LONG,0.02,123,CQ5TP66D4YC6,passive,-2.43,2026-09-25T13:13:36.315077774Z,86.126,-0.03,0,1,ORDER_STATE_FILLED,UNSOLICITED_CXL_REASON_UNDEFINED,ORD_REJECT_REASON_EXCHANGE_OPTION,,
1790652728.3,2026-09-29T03:32:08.268884383Z,ACTIVITY_TYPE_TRADE,ushrewc-ushr-ia-01-2026-11-03-dem,BUY,ORDER_INTENT_SELL_SHORT,0.81,11,CS798EVSAYAQ,passive,5.41,2026-09-28T17:37:16.535467799Z,9.914,-0.02,0,1,ORDER_STATE_FILLED,UNSOLICITED_CXL_REASON_UNDEFINED,ORD_REJECT_REASON_EXCHANGE_OPTION,,
1790652957.0,2026-09-29T03:35:56.963532599Z,ACTIVITY_TYPE_TRADE,ushrewc-ushr-wa-03-2026-11-03-rep,SELL,ORDER_INTENT_SELL_LONG,0.1,51,CSFM6JR1RYBE,passive,-6.96,2026-09-29T03:11:24.150163286Z,0.409,-0.06,0,1,ORDER_STATE_FILLED,UNSOLICITED_CXL_REASON_UNDEFINED,ORD_REJECT_REASON_EXCHANGE_OPTION,,
1790654665.4,2026-09-29T04:04:25.424361193Z,ACTIVITY_TYPE_TRADE,vmc-ushrmov-ca-47-2026-11-03-rwin,BUY,ORDER_INTENT_SELL_SHORT,0.1,1,CSG1GBR32YCA,passive,-0.88,2026-09-29T03:48:37.394676795Z,0.263,0,0,1,ORDER_STATE_FILLED,UNSOLICITED_CXL_REASON_UNDEFINED,ORD_REJECT_REASON_EXCHANGE_OPTION,,
1790657388.2,2026-09-29T04:49:48.185894862Z,ACTIVITY_TYPE_TRADE,vtc-usseto-mt-2026-11-03-gt550k,SELL,ORDER_INTENT_SELL_LONG,0.29,1,CS5GTN4KEYBY,passive,0.03,2026-09-28T15:37:00.154724648Z,13.213,0,0,1,ORDER_STATE_FILLED,UNSOLICITED_CXL_REASON_UNDEFINED,ORD_REJECT_REASON_EXCHANGE_OPTION,,
1790658822.9,2026-09-29T05:13:42.932320789Z,ACTIVITY_TYPE_TRADE,usgubewc-usgub-ct-2026-11-03-rep,SELL,ORDER_INTENT_BUY_SHORT,0.03,10,CSFTA5H8PYCC,passive,,2026-09-29T03:29:14.425879880Z,1.741,0,0,1,ORDER_STATE_FILLED,UNSOLICITED_CXL_REASON_UNDEFINED,ORD_REJECT_REASON_EXCHANGE_OPTION,,
1790660695.8,2026-09-29T05:44:55.830787860Z,ACTIVITY_TYPE_TRANSFER,,,,,,,,,,,,,,,,,82.06,
1790661189.3,2026-09-29T05:53:09.258711061Z,ACTIVITY_TYPE_TRANSFER,,,,,,,,,,,,,,,,,88.33,
1790661835.2,2026-09-29T06:03:55.151575123Z,ACTIVITY_TYPE_TRANSFER,,,,,,,,,,,,,,,,,66.06,
1790662294.2,2026-09-29T06:11:34.198844937Z,ACTIVITY_TYPE_TRANSFER,,,,,,,,,,,,,,,,,59.72,
1790668292.9,2026-09-29T07:51:32.915871969Z,ACTIVITY_TYPE_TRADE,vmc-usgubmov-vt-2026-11-03-r20-25,BUY,ORDER_INTENT_BUY_LONG,0.11,2,CSFP3R3JPYCD,passive,,2026-09-29T03:16:23.899025208Z,4.586,0,0,1,ORDER_STATE_FILLED,UNSOLICITED_CXL_REASON_UNDEFINED,ORD_REJECT_REASON_EXCHANGE_OPTION,,
1790668306.9,2026-09-29T07:51:46.875629165Z,ACTIVITY_TYPE_TRADE,vmc-ussemov-al-2026-11-03-r20-25,BUY,ORDER_INTENT_SELL_SHORT,0.37,1,CSECHWVYMYBQ,passive,-0.52,2026-09-29T01:44:09.727676260Z,6.127,0,0,1,ORDER_STATE_FILLED,UNSOLICITED_CXL_REASON_UNDEFINED,ORD_REJECT_REASON_EXCHANGE_OPTION,,
1790668361.4,2026-09-29T07:52:41.392453680Z,ACTIVITY_TYPE_TRADE,vmc-ussemov-mi-2026-11-03-r3-6,BUY,ORDER_INTENT_BUY_LONG,0.19,1,CR3BNEV4TYAQ,passive,,2026-09-26T23:25:18.558548791Z,56.456,0,0,1,ORDER_STATE_FILLED,UNSOLICITED_CXL_REASON_UNDEFINED,ORD_REJECT_REASON_EXCHANGE_OPTION,,
1790676198.0,2026-09-29T10:03:17.996499782Z,ACTIVITY_TYPE_ACCOUNT_WITHDRAWAL,,,,,,,,,,,,,,,,,216,
1790683200.1,2026-09-29T12:00:00.077646188Z,ACTIVITY_TYPE_TRADE,vmc-usgubmov-il-2026-11-03-d20-25,BUY,ORDER_INTENT_BUY_LONG,0.2,1,CRPGEQN0MYCC,passive,,2026-09-27T21:45:54.946886530Z,38.235,0,0,1,ORDER_STATE_FILLED,UNSOLICITED_CXL_REASON_UNDEFINED,ORD_REJECT_REASON_EXCHANGE_OPTION,,
1790683200.1,2026-09-29T12:00:00.083734629Z,ACTIVITY_TYPE_TRADE,vmc-usgubmov-il-2026-11-03-d25-30,BUY,ORDER_INTENT_BUY_LONG,0.19,1,CRRT0A7XJYBE,passive,,2026-09-28T00:34:44.342903296Z,35.421,0,0,1,ORDER_STATE_FILLED,UNSOLICITED_CXL_REASON_UNDEFINED,ORD_REJECT_REASON_EXCHANGE_OPTION,,
1790683200.4,2026-09-29T12:00:00.410832312Z,ACTIVITY_TYPE_TRADE,vmc-usgubmov-il-2026-11-03-d0-5,BUY,ORDER_INTENT_BUY_LONG,0.1,1,CRT2WQHBRYCC,passive,,2026-09-28T02:07:30.281744391Z,33.875,0,0,1,ORDER_STATE_FILLED,UNSOLICITED_CXL_REASON_UNDEFINED,ORD_REJECT_REASON_EXCHANGE_OPTION,,
1790683200.6,2026-09-29T12:00:00.613293048Z,ACTIVITY_TYPE_TRADE,vmc-usgubmov-il-2026-11-03-d10-15,BUY,ORDER_INTENT_BUY_LONG,0.19,1,CSPRRVQE6YCD,passive,,2026-09-29T11:38:58.157375545Z,0.351,0,0,1,ORDER_STATE_FILLED,UNSOLICITED_CXL_REASON_UNDEFINED,ORD_REJECT_REASON_EXCHANGE_OPTION,,
1790683269.2,2026-09-29T12:01:09.249166955Z,ACTIVITY_TYPE_TRADE,vtc-usgubto-pa-2026-11-03-gt6pt5m,BUY,ORDER_INTENT_BUY_LONG,0.19,1,CSPQZFW3PYAQ,passive,,2026-09-29T11:36:09.073634380Z,0.417,0,0,1,ORDER_STATE_FILLED,UNSOLICITED_CXL_REASON_UNDEFINED,ORD_REJECT_REASON_EXCHANGE_OPTION,,
1790690303.0,2026-09-29T13:58:23.011816628Z,ACTIVITY_TYPE_TRADE,vmc-ussemov-mi-2026-11-03-r3-6,SELL,ORDER_INTENT_SELL_LONG,0.17,0.9,CSRRZ3J88YBE,aggressor,-0.01,2026-09-29T13:58:23.009368637Z,0,0.01,0,1,ORDER_STATE_FILLED,UNSOLICITED_CXL_REASON_UNDEFINED,ORD_REJECT_REASON_EXCHANGE_OPTION,,
1790690303.0,2026-09-29T13:58:23.011816628Z,ACTIVITY_TYPE_TRADE,vmc-ussemov-mi-2026-11-03-r3-6,SELL,ORDER_INTENT_SELL_LONG,0.17,0.1,CSRRZ3J88YBE,aggressor,-0,2026-09-29T13:58:23.009368637Z,0,0,0,1,ORDER_STATE_PARTIALLY_FILLED,UNSOLICITED_CXL_REASON_UNDEFINED,ORD_REJECT_REASON_EXCHANGE_OPTION,,
1790691802.4,2026-09-29T14:23:22.435864030Z,ACTIVITY_TYPE_ACCOUNT_WITHDRAWAL,,,,,,,,,,,,,,,,,79,
1790694532.4,2026-09-29T15:08:52.396141456Z,ACTIVITY_TYPE_POSITION_RESOLUTION,aachc-cfb-wins-2026-11-28-ark-1pt5wins,,,,,,,,,,,,,,,,,keys=afterPosition|beforePosition|comboLegDetails|market|marketSlug|side|tradeId|updateTime
1790694532.4,2026-09-29T15:08:52.435464944Z,ACTIVITY_TYPE_POSITION_RESOLUTION,aachc-cfb-wins-2026-11-28-txam-10pt5wins,,,,,,,,,,,,,,,,,keys=afterPosition|beforePosition|comboLegDetails|market|marketSlug|side|tradeId|updateTime
1790695572.1,2026-09-29T15:26:12.076853720Z,ACTIVITY_TYPE_TRADE,ussewc-usse-ks-2026-11-03-rep,BUY,ORDER_INTENT_SELL_SHORT,0.7,20,CRWSA6316YAQ,passive,7.41,2026-09-28T05:19:56.876741920Z,34.104,-0.05,0,1,ORDER_STATE_FILLED,UNSOLICITED_CXL_REASON_UNDEFINED,ORD_REJECT_REASON_EXCHANGE_OPTION,,
1790696302.4,2026-09-29T15:38:22.425659065Z,ACTIVITY_TYPE_TRADE,cpoc-ussegubc-nh-2026-11-03-dsweep,BUY,ORDER_INTENT_SELL_SHORT,0.07,7,CSSW9VJG6YC6,passive,-1.39,2026-09-29T15:15:30.375442620Z,0.381,-0.01,0,1,ORDER_STATE_FILLED,UNSOLICITED_CXL_REASON_UNDEFINED,ORD_REJECT_REASON_EXCHANGE_OPTION,,
1790696388.2,2026-09-29T15:39:48.243461170Z,ACTIVITY_TYPE_POSITION_RESOLUTION,aachc-cfb-wins-2026-11-28-oregst-1pt5wins,,,,,,,,,,,,,,,,,keys=afterPosition|beforePosition|comboLegDetails|market|marketSlug|side|tradeId|updateTime
1790697108.1,2026-09-29T15:51:48.127430571Z,ACTIVITY_TYPE_TRADE,aachc-cfb-wins-2026-11-28-kan-5pt5wins,BUY,ORDER_INTENT_BUY_LONG,0.33,0.02,CSPYZ8YZ2YB5,passive,,2026-09-29T11:52:30.575531142Z,3.988,0,0,1,ORDER_STATE_PARTIALLY_FILLED,UNSOLICITED_CXL_REASON_UNDEFINED,ORD_REJECT_REASON_EXCHANGE_OPTION,,
1790697155.5,2026-09-29T15:52:35.540266537Z,ACTIVITY_TYPE_TRADE,aachc-cfb-wins-2026-11-28-kan-5pt5wins,BUY,ORDER_INTENT_BUY_LONG,0.33,0.06,CSPYZ8YZ2YB5,passive,,2026-09-29T11:52:30.575531142Z,4.001,0,0,1,ORDER_STATE_PARTIALLY_FILLED,UNSOLICITED_CXL_REASON_UNDEFINED,ORD_REJECT_REASON_EXCHANGE_OPTION,,
1790697278.0,2026-09-29T15:54:38.014024045Z,ACTIVITY_TYPE_TRADE,aachc-cfb-wins-2026-11-28-kan-5pt5wins,BUY,ORDER_INTENT_BUY_LONG,0.33,0.02,CSPYZ8YZ2YB5,passive,,2026-09-29T11:52:30.575531142Z,4.035,0,0,1,ORDER_STATE_PARTIALLY_FILLED,UNSOLICITED_CXL_REASON_UNDEFINED,ORD_REJECT_REASON_EXCHANGE_OPTION,,
1790709735.2,2026-09-29T19:22:15.195255832Z,ACTIVITY_TYPE_TRADE,vtc-usgubto-wi-2026-11-03-gt3m,BUY,ORDER_INTENT_BUY_LONG,0.3,1,CSXFNKBCMYBE,passive,,2026-09-29T19:18:03.143572941Z,0.07,0,0,1,ORDER_STATE_FILLED,UNSOLICITED_CXL_REASON_UNDEFINED,ORD_REJECT_REASON_EXCHANGE_OPTION,,
1790715936.8,2026-09-29T21:05:36.785432579Z,ACTIVITY_TYPE_POSITION_RESOLUTION,aachc-cfb-wins-2026-11-28-sdst-8pt5wins,,,,,,,,,,,,,,,,,keys=afterPosition|beforePosition|comboLegDetails|market|marketSlug|side|tradeId|updateTime
1790716579.2,2026-09-29T21:16:19.187740440Z,ACTIVITY_TYPE_TRADE,paccc-usho-midterms-2026-11-03-rep,BUY,ORDER_INTENT_BUY_LONG,0.09,275,CSZ1AHV72YBE,passive,,2026-09-29T21:16:05.878533152Z,0.004,-0.28,0,1,ORDER_STATE_PARTIALLY_FILLED,UNSOLICITED_CXL_REASON_UNDEFINED,ORD_REJECT_REASON_EXCHANGE_OPTION,,
1790717460.2,2026-09-29T21:31:00.176819070Z,ACTIVITY_TYPE_ACCOUNT_WITHDRAWAL,,,,,,,,,,,,,,,,,216,
1790717500.0,2026-09-29T21:31:40.033496548Z,ACTIVITY_TYPE_ACCOUNT_WITHDRAWAL,,,,,,,,,,,,,,,,,79,
1790718756.0,2026-09-29T21:52:36.049939837Z,ACTIVITY_TYPE_TRADE,vtc-usseto-ms-2026-11-03-gt600k,SELL,ORDER_INTENT_BUY_SHORT,0.82,1,CSFR7MHFWYBE,passive,,2026-09-29T03:22:02.811702611Z,18.509,0,0,1,ORDER_STATE_FILLED,UNSOLICITED_CXL_REASON_UNDEFINED,ORD_REJECT_REASON_EXCHANGE_OPTION,,
1790719335.9,2026-09-29T22:02:15.910102912Z,ACTIVITY_TYPE_TRADE,vtc-usseto-tx-2026-11-03-gt9pt2m,SELL,ORDER_INTENT_BUY_SHORT,0.86,1,CSZ6BCNJCYBQ,passive,,2026-09-29T21:26:53.473006787Z,0.59,0,0,1,ORDER_STATE_FILLED,UNSOLICITED_CXL_REASON_UNDEFINED,ORD_REJECT_REASON_EXCHANGE_OPTION,,
1790719756.5,2026-09-29T22:09:16.511541049Z,ACTIVITY_TYPE_TRADE,vtc-usgubto-az-2026-11-03-gt2pt15m,SELL,ORDER_INTENT_BUY_SHORT,0.82,0.01,CSP82YK3JYCD,passive,,2026-09-29T11:01:44.944547312Z,11.125,0,0,1,ORDER_STATE_PARTIALLY_FILLED,UNSOLICITED_CXL_REASON_UNDEFINED,ORD_REJECT_REASON_EXCHANGE_OPTION,,
1790723760.6,2026-09-29T23:16:00.568914196Z,ACTIVITY_TYPE_TRADE,scc-hrep-rep-2026-11-03-gte205,SELL,ORDER_INTENT_SELL_LONG,0.24,2.36,CT03TGD12YC3,passive,-0.02,2026-09-29T22:27:24.202481191Z,0.81,-0.01,0,1,ORDER_STATE_PARTIALLY_FILLED,UNSOLICITED_CXL_REASON_UNDEFINED,ORD_REJECT_REASON_EXCHANGE_OPTION,,
1790723772.4,2026-09-29T23:16:12.447182891Z,ACTIVITY_TYPE_TRADE,scc-hrep-rep-2026-11-03-gte205,SELL,ORDER_INTENT_SELL_LONG,0.24,79.16,CT03TGD12YC3,passive,-172.9,2026-09-29T22:27:24.202481191Z,0.813,-0.18,0,1,ORDER_STATE_PARTIALLY_FILLED,UNSOLICITED_CXL_REASON_UNDEFINED,ORD_REJECT_REASON_EXCHANGE_OPTION,,
1790723782.4,2026-09-29T23:16:22.365490955Z,ACTIVITY_TYPE_TRADE,scc-hrep-rep-2026-11-03-gte205,SELL,ORDER_INTENT_SELL_LONG,0.24,4.48,CT03TGD12YC3,passive,-9.79,2026-09-29T22:27:24.202481191Z,0.816,-0.01,0,1,ORDER_STATE_FILLED,UNSOLICITED_CXL_REASON_UNDEFINED,ORD_REJECT_REASON_EXCHANGE_OPTION,,
1790725022.3,2026-09-29T23:37:02.333090137Z,ACTIVITY_TYPE_TRADE,vmc-usgubmov-ia-2026-11-03-d3-6,BUY,ORDER_INTENT_BUY_LONG,0.19,1,CSWCEHNVWYBQ,passive,,2026-09-29T18:06:40.092193759Z,5.506,0,0,1,ORDER_STATE_FILLED,UNSOLICITED_CXL_REASON_UNDEFINED,ORD_REJECT_REASON_EXCHANGE_OPTION,,
1790728006.2,2026-09-30T00:26:46.171829610Z,ACTIVITY_TYPE_TRADE,scc-hrep-rep-2026-11-03-gte195,BUY,ORDER_INTENT_BUY_LONG,0.7,30,CT05C5N10YC6,passive,,2026-09-29T22:30:21.224489526Z,1.94,-0.08,0,1,ORDER_STATE_FILLED,UNSOLICITED_CXL_REASON_UNDEFINED,ORD_REJECT_REASON_EXCHANGE_OPTION,,
1790728105.3,2026-09-30T00:28:25.338378253Z,ACTIVITY_TYPE_TRADE,vmc-usgubmov-hi-2026-11-03-d25-30,BUY,ORDER_INTENT_SELL_SHORT,0.15,1,CSKJRC64EYAQ,passive,-0.8,2026-09-29T07:57:16.398470586Z,16.519,0,0,1,ORDER_STATE_FILLED,UNSOLICITED_CXL_REASON_UNDEFINED,ORD_REJECT_REASON_EXCHANGE_OPTION,,
1790728124.8,2026-09-30T00:28:44.808989505Z,ACTIVITY_TYPE_TRADE,vtc-usgubto-ct-2026-11-03-gt1pt3m,BUY,ORDER_INTENT_SELL_SHORT,0.48,1,CQTKTQ44EYCD,passive,-0.09,2026-09-26T13:31:19.937015410Z,82.957,0,0,1,ORDER_STATE_FILLED,UNSOLICITED_CXL_REASON_UNDEFINED,ORD_REJECT_REASON_EXCHANGE_OPTION,,
1790728125.5,2026-09-30T00:28:45.460016323Z,ACTIVITY_TYPE_TRADE,vtc-usgubto-vt-2026-11-03-gt300k,SELL,ORDER_INTENT_BUY_SHORT,0.74,1,CSPNFRKZTYCD,passive,,2026-09-29T11:31:50.180104087Z,12.949,0,0,1,ORDER_STATE_FILLED,UNSOLICITED_CXL_REASON_UNDEFINED,ORD_REJECT_REASON_EXCHANGE_OPTION,,
1790728258.0,2026-09-30T00:30:58.017915905Z,ACTIVITY_TYPE_TRADE,scc-hrep-rep-2026-11-03-gte225,BUY,ORDER_INTENT_SELL_SHORT,0.05,31,CQ5ZEA58RYAQ,passive,-27.81,2026-09-25T13:24:51.611002393Z,107.102,-0.02,0,1,ORDER_STATE_FILLED,UNSOLICITED_CXL_REASON_UNDEFINED,ORD_REJECT_REASON_EXCHANGE_OPTION,,
1790737379.1,2026-09-30T03:02:59.094215989Z,ACTIVITY_TYPE_TRADE,usgubewc-usgub-sc-2026-11-03-dem,BUY,ORDER_INTENT_SELL_SHORT,0.04,10,CQE2T76FGYBE,passive,-9.21,2026-09-25T22:49:26.433135967Z,100.226,0,0,1,ORDER_STATE_FILLED,UNSOLICITED_CXL_REASON_UNDEFINED,ORD_REJECT_REASON_EXCHANGE_OPTION,,
1790740145.4,2026-09-30T03:49:05.402298646Z,ACTIVITY_TYPE_TRADE,vmc-usgubmov-il-2026-11-03-d25-30,SELL,ORDER_INTENT_SELL_LONG,0.19,1,CT4PHEB5RYC3,aggressor,-0.01,2026-09-30T03:49:05.400387588Z,0,0.01,0,1,ORDER_STATE_FILLED,UNSOLICITED_CXL_REASON_UNDEFINED,ORD_REJECT_REASON_EXCHANGE_OPTION,,
1790745789.6,2026-09-30T05:23:09.619956229Z,ACTIVITY_TYPE_TRADE,vmc-ussemov-nc-2026-11-03-d12-15,BUY,ORDER_INTENT_BUY_LONG,0.17,4.9,CT5Z625CYYC3,passive,,2026-09-30T05:22:13.052893416Z,0.016,-0.01,0,1,ORDER_STATE_PARTIALLY_FILLED,UNSOLICITED_CXL_REASON_UNDEFINED,ORD_REJECT_REASON_EXCHANGE_OPTION,,
1790749528.0,2026-09-30T06:25:27.954200774Z,ACTIVITY_TYPE_TRADE,vmc-usgubmov-vt-2026-11-03-r10-15,BUY,ORDER_INTENT_BUY_LONG,0.2,1,CT63N7KZJYB5,passive,,2026-09-30T05:32:17.655480712Z,0.886,0,0,1,ORDER_STATE_FILLED,UNSOLICITED_CXL_REASON_UNDEFINED,ORD_REJECT_REASON_EXCHANGE_OPTION,,
1790749535.0,2026-09-30T06:25:35.020804754Z,ACTIVITY_TYPE_TRADE,vmc-usgubmov-nh-2026-11-03-r9-12,BUY,ORDER_INTENT_BUY_LONG,0.26,1,CT5MT0ZJEYCD,passive,,2026-09-30T04:58:47.197382531Z,1.447,0,0,1,ORDER_STATE_FILLED,UNSOLICITED_CXL_REASON_UNDEFINED,ORD_REJECT_REASON_EXCHANGE_OPTION,,
1790749541.9,2026-09-30T06:25:41.938467944Z,ACTIVITY_TYPE_TRADE,vmc-ussemov-ks-2026-11-03-r25-30,BUY,ORDER_INTENT_BUY_LONG,0.2,2,CSEE7YEGAYC6,passive,,2026-09-29T01:49:07.928464406Z,28.609,0,0,1,ORDER_STATE_FILLED,UNSOLICITED_CXL_REASON_UNDEFINED,ORD_REJECT_REASON_EXCHANGE_OPTION,,
1790749547.0,2026-09-30T06:25:47.010816564Z,ACTIVITY_TYPE_TRADE,vmc-usgubmov-az-2026-11-03-d9-12,BUY,ORDER_INTENT_BUY_LONG,0.38,1,CT5MCEGBRYCC,passive,,2026-09-30T04:58:47.361957047Z,1.45,0,0,1,ORDER_STATE_FILLED,UNSOLICITED_CXL_REASON_UNDEFINED,ORD_REJECT_REASON_EXCHANGE_OPTION,,
1790751832.8,2026-09-30T07:03:52.840837460Z,ACTIVITY_TYPE_TRADE,aachc-cfb-wins-2026-11-28-arzst-4pt5wins,BUY,ORDER_INTENT_BUY_LONG,0.92,0.5,CSTD6DVY8YBY,passive,,2026-09-29T15:52:02.520533973Z,15.197,0,0,1,ORDER_STATE_FILLED,UNSOLICITED_CXL_REASON_UNDEFINED,ORD_REJECT_REASON_EXCHANGE_OPTION,,
1790753070.9,2026-09-30T07:24:30.911444272Z,ACTIVITY_TYPE_TRADE,vtc-usgubto-ct-2026-11-03-gt1pt4m,SELL,ORDER_INTENT_BUY_SHORT,0.26,1,CT7P5MMA4YCC,passive,,2026-09-30T07:24:25.609439113Z,0.001,0,0,1,ORDER_STATE_FILLED,UNSOLICITED_CXL_REASON_UNDEFINED,ORD_REJECT_REASON_EXCHANGE_OPTION,,
1790755379.2,2026-09-30T08:02:59.191226797Z,ACTIVITY_TYPE_TRADE,cpoc-ussegubc-me-2026-11-03-rgov-dsen,BUY,ORDER_INTENT_SELL_SHORT,0.01,5,CS1VNPS7MYBY,passive,-4.85,2026-09-28T11:17:31.291768539Z,44.758,0,0,1,ORDER_STATE_FILLED,UNSOLICITED_CXL_REASON_UNDEFINED,ORD_REJECT_REASON_EXCHANGE_OPTION,,
1790757793.0,2026-09-30T08:43:12.960877282Z,ACTIVITY_TYPE_TRADE,vmc-usgubmov-nh-2026-11-03-r12-15,BUY,ORDER_INTENT_BUY_LONG,0.3,1,CT8GWAKRMYC6,passive,,2026-09-30T08:26:30.987101803Z,0.278,0,0,1,ORDER_STATE_FILLED,UNSOLICITED_CXL_REASON_UNDEFINED,ORD_REJECT_REASON_EXCHANGE_OPTION,,
1790757867.5,2026-09-30T08:44:27.452964629Z,ACTIVITY_TYPE_TRADE,vmc-usgubmov-vt-2026-11-03-r5-10,BUY,ORDER_INTENT_BUY_LONG,0.34,1,CSYJAVC0EYBQ,passive,,2026-09-29T20:37:44.467335041Z,12.112,0,0,1,ORDER_STATE_FILLED,UNSOLICITED_CXL_REASON_UNDEFINED,ORD_REJECT_REASON_EXCHANGE_OPTION,,
1790768873.0,2026-09-30T11:47:53.008689682Z,ACTIVITY_TYPE_TRADE,vmc-usgubmov-pa-2026-11-03-d10-15,BUY,ORDER_INTENT_BUY_LONG,0.19,1,CSZQQ97XTYB5,passive,,2026-09-29T21:58:42.676047536Z,13.82,0,0,1,ORDER_STATE_FILLED,UNSOLICITED_CXL_REASON_UNDEFINED,ORD_REJECT_REASON_EXCHANGE_OPTION,,
1790768892.7,2026-09-30T11:48:12.734508560Z,ACTIVITY_TYPE_TRADE,vmc-usgubmov-ct-2026-11-03-d20-25,BUY,ORDER_INTENT_BUY_LONG,0.28,1,CTAYHEF7MYC6,passive,,2026-09-30T11:09:20.269707057Z,0.648,0,0,1,ORDER_STATE_FILLED,UNSOLICITED_CXL_REASON_UNDEFINED,ORD_REJECT_REASON_EXCHANGE_OPTION,,
1790773252.8,2026-09-30T13:00:52.770866732Z,ACTIVITY_TYPE_TRADE,vtc-usgubto-hi-2026-11-03-gt370k,BUY,ORDER_INTENT_BUY_LONG,0.72,1,CT71DHJ2CYB5,passive,,2026-09-30T06:36:21.876328480Z,6.409,0,0,1,ORDER_STATE_FILLED,UNSOLICITED_CXL_REASON_UNDEFINED,ORD_REJECT_REASON_EXCHANGE_OPTION,,
1790774451.7,2026-09-30T13:20:51.655802455Z,ACTIVITY_TYPE_TRADE,scc-senate-demst-2026-11-03-gte51,SELL,ORDER_INTENT_BUY_SHORT,0.82,0.05,CTC4JK67EYAQ,passive,,2026-09-30T12:31:44.884270965Z,0.819,0,0,1,ORDER_STATE_PARTIALLY_FILLED,UNSOLICITED_CXL_REASON_UNDEFINED,ORD_REJECT_REASON_EXCHANGE_OPTION,,
1790782281.0,2026-09-30T15:31:20.991747502Z,ACTIVITY_TYPE_TRADE,vtc-usseto-va-2026-11-03-gt3pt25m,BUY,ORDER_INTENT_BUY_LONG,0.62,1,CTEN5SJH2YB5,passive,,2026-09-30T15:29:25.871381202Z,0.032,0,0,1,ORDER_STATE_FILLED,UNSOLICITED_CXL_REASON_UNDEFINED,ORD_REJECT_REASON_EXCHANGE_OPTION,,
1790783509.8,2026-09-30T15:51:49.757326184Z,ACTIVITY_TYPE_TRADE,aachc-cfb-wins-2026-11-28-arzst-8pt5wins,BUY,ORDER_INTENT_BUY_LONG,0.28,1,CT3EEZXGGYAQ,passive,,2026-09-30T02:20:02.312090592Z,13.53,0,0,1,ORDER_STATE_FILLED,UNSOLICITED_CXL_REASON_UNDEFINED,ORD_REJECT_REASON_EXCHANGE_OPTION,,
1790785521.9,2026-09-30T16:25:21.868066304Z,ACTIVITY_TYPE_TRADE,vmc-usgubmov-mn-2026-11-03-d5-10,SELL,ORDER_INTENT_BUY_SHORT,0.3,1,CT08BF5EMYC6,passive,,2026-09-29T22:37:25.866566182Z,17.799,0,0,1,ORDER_STATE_FILLED,UNSOLICITED_CXL_REASON_UNDEFINED,ORD_REJECT_REASON_EXCHANGE_OPTION,,
1790786931.5,2026-09-30T16:48:51.547709416Z,ACTIVITY_TYPE_TRADE,cpoc-ussegubc-ks-2026-11-03-rgov-dsen,SELL,ORDER_INTENT_BUY_SHORT,0.21,10,CTBHX1YZ0YBQ,passive,,2026-09-30T11:51:13.294274934Z,4.961,-0.02,0,1,ORDER_STATE_FILLED,UNSOLICITED_CXL_REASON_UNDEFINED,ORD_REJECT_REASON_EXCHANGE_OPTION,,
1790786944.7,2026-09-30T16:49:04.720070543Z,ACTIVITY_TYPE_TRADE,cpoc-ussegubc-ks-2026-11-03-dgov-rsen,BUY,ORDER_INTENT_SELL_SHORT,0.11,2,CQJ0DFS0PYBQ,passive,-1.54,2026-09-26T03:17:30.351494233Z,109.526,0,0,1,ORDER_STATE_FILLED,UNSOLICITED_CXL_REASON_UNDEFINED,ORD_REJECT_REASON_EXCHANGE_OPTION,,
1790787680.9,2026-09-30T17:01:20.904260840Z,ACTIVITY_TYPE_TRADE,cpoc-ussec-tx-me-2026-11-03-dsweep,SELL,ORDER_INTENT_SELL_LONG,0.47,1,CTG0RC0FJYBY,aggressor,0.04,2026-09-30T17:01:20.902949597Z,0,0.02,0,1,ORDER_STATE_FILLED,UNSOLICITED_CXL_REASON_UNDEFINED,ORD_REJECT_REASON_EXCHANGE_OPTION,,
1790787838.8,2026-09-30T17:03:58.805392217Z,ACTIVITY_TYPE_TRADE,scc-hrep-rep-2026-11-03-gte200,SELL,ORDER_INTENT_SELL_LONG,0.41,84,CTB0KVCXGYBY,passive,-79.63,2026-09-30T11:14:17.067589391Z,5.828,-0.25,0,1,ORDER_STATE_FILLED,UNSOLICITED_CXL_REASON_UNDEFINED,ORD_REJECT_REASON_EXCHANGE_OPTION,,
1790789105.1,2026-09-30T17:25:05.062249022Z,ACTIVITY_TYPE_TRADE,aachc-cfb-wins-2026-11-28-hou-9pt5wins,BUY,ORDER_INTENT_SELL_SHORT,0.22,1,CRBTSW7AGYB5,passive,-0.59,2026-09-27T09:32:47.633077128Z,79.872,0,0,1,ORDER_STATE_FILLED,UNSOLICITED_CXL_REASON_UNDEFINED,ORD_REJECT_REASON_EXCHANGE_OPTION,,
1790792820.8,2026-09-30T18:27:00.824360805Z,ACTIVITY_TYPE_TRADE,aachc-cfb-wins-ou-2026-11-28-utahst,BUY,ORDER_INTENT_SELL_SHORT,0.42,1,CT4B4FQJ8YBY,passive,-0.07,2026-09-30T03:20:52.283948365Z,15.102,0,0,1,ORDER_STATE_FILLED,UNSOLICITED_CXL_REASON_UNDEFINED,ORD_REJECT_REASON_EXCHANGE_OPTION,,
1790795170.9,2026-09-30T19:06:10.931868663Z,ACTIVITY_TYPE_TRADE,ewc-usgub-wi-2026-11-03-dem,BUY,ORDER_INTENT_SELL_SHORT,0.84,50,CTH8ZVCWPYBE,passive,33.51,2026-09-30T18:26:25.551834369Z,0.663,-0.08,0,1,ORDER_STATE_PARTIALLY_FILLED,UNSOLICITED_CXL_REASON_UNDEFINED,ORD_REJECT_REASON_EXCHANGE_OPTION,,
1790795685.1,2026-09-30T19:14:45.146293656Z,ACTIVITY_TYPE_TRADE,cpoc-ussegubc-ks-2026-11-03-rgov-dsen,BUY,ORDER_INTENT_SELL_SHORT,0.23,4.74,CTFYN2AJCYBY,passive,-1.25,2026-09-30T16:55:49.795301896Z,2.315,-0.01,0,1,ORDER_STATE_PARTIALLY_FILLED,UNSOLICITED_CXL_REASON_UNDEFINED,ORD_REJECT_REASON_EXCHANGE_OPTION,,
1790798735.6,2026-09-30T20:05:35.562825626Z,ACTIVITY_TYPE_TRADE,ewc-usgub-wi-2026-11-03-dem,BUY,ORDER_INTENT_SELL_SHORT,0.84,335,CTH8ZVCWPYBE,passive,224.51,2026-09-30T18:26:25.551834369Z,1.653,-0.56,0,1,ORDER_STATE_FILLED,UNSOLICITED_CXL_REASON_UNDEFINED,ORD_REJECT_REASON_EXCHANGE_OPTION,,
1790799687.1,2026-09-30T20:21:27.094344553Z,ACTIVITY_TYPE_TRADE,ewc-usse-ak-2026-11-03-dem,BUY,ORDER_INTENT_SELL_SHORT,0.67,163,CTJQ42YSGYBY,passive,24.9,2026-09-30T20:06:56.463282645Z,0.242,-0.45,0,1,ORDER_STATE_FILLED,UNSOLICITED_CXL_REASON_UNDEFINED,ORD_REJECT_REASON_EXCHANGE_OPTION,,
1790802707.0,2026-09-30T21:11:47.021350860Z,ACTIVITY_TYPE_TRADE,scc-hrep-rep-2026-11-03-gte200,BUY,ORDER_INTENT_SELL_SHORT,0.56,84.74,CTJY4D1ATYCC,passive,-45.74,2026-09-30T20:23:41.550710494Z,0.802,-0.26,0,1,ORDER_STATE_PARTIALLY_FILLED,UNSOLICITED_CXL_REASON_UNDEFINED,ORD_REJECT_REASON_EXCHANGE_OPTION,,
1790804103.7,2026-09-30T21:35:03.678430386Z,ACTIVITY_TYPE_TRADE,ewc-usse-tx-2026-11-03-rep,BUY,ORDER_INTENT_BUY_LONG,0.39,28,CTKYFWPK6YBE,passive,,2026-09-30T21:34:13.398097936Z,0.014,-0.08,0,1,ORDER_STATE_FILLED,UNSOLICITED_CXL_REASON_UNDEFINED,ORD_REJECT_REASON_EXCHANGE_OPTION,,
1790805241.1,2026-09-30T21:54:01.147979201Z,ACTIVITY_TYPE_TRADE,scc-hrep-rep-2026-11-03-gte205,SELL,ORDER_INTENT_BUY_SHORT,0.34,70,CTM64Z0Q4YCA,passive,,2026-09-30T21:50:46.255328322Z,0.054,-0.2,0,1,ORDER_STATE_FILLED,UNSOLICITED_CXL_REASON_UNDEFINED,ORD_REJECT_REASON_EXCHANGE_OPTION,,
1790805783.6,2026-09-30T22:03:03.613699150Z,ACTIVITY_TYPE_TRADE,scc-hrep-rep-2026-11-03-gte205,SELL,ORDER_INTENT_BUY_SHORT,0.34,2.1,CTM9D2W46YAQ,passive,,2026-09-30T21:58:13.502421385Z,0.081,-0.01,0,1,ORDER_STATE_PARTIALLY_FILLED,UNSOLICITED_CXL_REASON_UNDEFINED,ORD_REJECT_REASON_EXCHANGE_OPTION,,
1790807154.7,2026-09-30T22:25:54.709254094Z,ACTIVITY_TYPE_TRADE,cpoc-ussegubc-oh-2026-11-03-dgov-rsen,SELL,ORDER_INTENT_SELL_LONG,0.1,12,CTKYNMRR8YC6,passive,-5.13,2026-09-30T21:34:34.518572438Z,0.856,-0.01,0,1,ORDER_STATE_FILLED,UNSOLICITED_CXL_REASON_UNDEFINED,ORD_REJECT_REASON_EXCHANGE_OPTION,,
1790808398.0,2026-09-30T22:46:38.029483895Z,ACTIVITY_TYPE_TRADE,ewc-usse-mn-2026-11-03-dem,BUY,ORDER_INTENT_BUY_LONG,0.89,115,CS30XDENTYBE,passive,-8.26,2026-09-28T12:41:44.620018643Z,58.082,-0.14,0,1,ORDER_STATE_PARTIALLY_FILLED,UNSOLICITED_CXL_REASON_UNDEFINED,ORD_REJECT_REASON_EXCHANGE_OPTION,,
1790810849.4,2026-09-30T23:27:29.439175649Z,ACTIVITY_TYPE_TRADE,usgubewc-usgub-tx-2026-11-03-rep,BUY,ORDER_INTENT_BUY_LONG,0.8,7.38,CTKNAJM9RYBQ,passive,,2026-09-30T21:14:58.907492814Z,2.208,-0.01,0,1,ORDER_STATE_PARTIALLY_FILLED,UNSOLICITED_CXL_REASON_UNDEFINED,ORD_REJECT_REASON_EXCHANGE_OPTION,,
1790146338.9,2026-09-23T06:52:18.932690611Z,ACTIVITY_TYPE_TRADE,aachc-cfb-wins-2026-11-28-clmsn-7pt5wins,BUY,ORDER_INTENT_BUY_LONG,0.34,0.88,CNKNVQEEGWPF,passive,0.14,2026-09-23T02:43:04.481834027Z,4.154,0,0,1,ORDER_STATE_FILLED,UNSOLICITED_CXL_REASON_UNDEFINED,ORD_REJECT_REASON_EXCHANGE_OPTION,,
1790175160.6,2026-09-23T14:52:40.562994010Z,ACTIVITY_TYPE_TRADE,cpoc-ussegubc-tx-2026-11-03-dsweep,BUY,ORDER_INTENT_BUY_LONG,0.28,0.97,CNXY0G8PEWPF,passive,0.26,2026-09-23T14:45:56.054716574Z,0.112,0,0,1,ORDER_STATE_PARTIALLY_FILLED,UNSOLICITED_CXL_REASON_UNDEFINED,ORD_REJECT_REASON_EXCHANGE_OPTION,,
1790175160.6,2026-09-23T14:52:40.562994010Z,ACTIVITY_TYPE_TRADE,cpoc-ussegubc-tx-2026-11-03-dsweep,BUY,ORDER_INTENT_BUY_LONG,0.28,0.03,CNVXWXG66WPF,passive,0.01,2026-09-23T12:26:10.727972929Z,2.442,0,0,1,ORDER_STATE_FILLED,UNSOLICITED_CXL_REASON_UNDEFINED,ORD_REJECT_REASON_EXCHANGE_OPTION,,
1790181387.1,2026-09-23T16:36:27.126863831Z,ACTIVITY_TYPE_TRADE,cpoc-ussec-tx-me-2026-11-03-rsweep,BUY,ORDER_INTENT_BUY_LONG,0.21,117,CNZ75HS4PWPE,passive,23.22,2026-09-23T16:18:00.647754805Z,0.307,-0.24,0,1,ORDER_STATE_PARTIALLY_FILLED,UNSOLICITED_CXL_REASON_UNDEFINED,ORD_REJECT_REASON_EXCHANGE_OPTION,,
1790186779.1,2026-09-23T18:06:19.094011477Z,ACTIVITY_TYPE_TRADE,scc-senate-gop-2026-11-03-lte45,SELL,ORDER_INTENT_SELL_LONG,0.06,1,CNZBFZKMAWPC,passive,-0.71,2026-09-23T16:26:25.506123035Z,1.665,0,0,1,ORDER_STATE_FILLED,UNSOLICITED_CXL_REASON_UNDEFINED,ORD_REJECT_REASON_EXCHANGE_OPTION,,
1790186779.1,2026-09-23T18:06:19.094011477Z,ACTIVITY_TYPE_TRADE,scc-senate-gop-2026-11-03-lte45,SELL,ORDER_INTENT_BUY_SHORT,0.06,0.5,CP0S5Z6B2WPA,passive,-0.36,2026-09-23T18:02:58.923841247Z,0.056,0,0,1,ORDER_STATE_FILLED,UNSOLICITED_CXL_REASON_UNDEFINED,ORD_REJECT_REASON_EXCHANGE_OPTION,,
1790186779.1,2026-09-23T18:06:19.094011477Z,ACTIVITY_TYPE_TRADE,scc-senate-gop-2026-11-03-lte45,SELL,ORDER_INTENT_SELL_LONG,0.06,0.88,CP087AJ22WPD,passive,-0.62,2026-09-23T17:26:25.665885358Z,0.665,0,0,1,ORDER_STATE_FILLED,UNSOLICITED_CXL_REASON_UNDEFINED,ORD_REJECT_REASON_EXCHANGE_OPTION,,
1790196565.2,2026-09-23T20:49:25.200527232Z,ACTIVITY_TYPE_TRADE,cpoc-ussegubc-oh-2026-11-03-rsweep,BUY,ORDER_INTENT_BUY_LONG,0.28,1,CP0EP65H8WP9,passive,-0.02,2026-09-23T17:40:57.789731089Z,3.141,0,0,1,ORDER_STATE_PARTIALLY_FILLED,UNSOLICITED_CXL_REASON_UNDEFINED,ORD_REJECT_REASON_EXCHANGE_OPTION,,
1790197179.9,2026-09-23T20:59:39.856500594Z,ACTIVITY_TYPE_TRADE,cpoc-ussegubc-nh-2026-11-03-dgov-rsen,BUY,ORDER_INTENT_BUY_LONG,0.07,3,CNY8Z53PCWPE,passive,-0.01,2026-09-23T15:10:05.389124507Z,5.826,0,0,1,ORDER_STATE_PARTIALLY_FILLED,UNSOLICITED_CXL_REASON_UNDEFINED,ORD_REJECT_REASON_EXCHANGE_OPTION,,
1790812251.9,2026-09-30T23:50:51.919700895Z,ACTIVITY_TYPE_TRADE,usgubewc-usgub-hi-2026-11-03-rep,BUY,ORDER_INTENT_SELL_SHORT,0.03,10,CRTJ3X0WMYAQ,passive,-9.35,2026-09-28T02:36:51.406729254Z,69.233,0,0,1,ORDER_STATE_FILLED,UNSOLICITED_CXL_REASON_UNDEFINED,ORD_REJECT_REASON_EXCHANGE_OPTION,,
1790814809.7,2026-10-01T00:33:29.688396498Z,ACTIVITY_TYPE_TRADE,paccc-usho-midterms-2026-11-03-rep,SELL,ORDER_INTENT_SELL_LONG,0.091,51,CTMYP5RHEYBE,passive,-27.3,2026-09-30T22:47:31.784823196Z,1.766,-0.05,0,1,ORDER_STATE_PARTIALLY_FILLED,UNSOLICITED_CXL_REASON_UNDEFINED,ORD_REJECT_REASON_EXCHANGE_OPTION,,
1790814874.5,2026-10-01T00:34:34.476187283Z,ACTIVITY_TYPE_TRADE,paccc-usho-midterms-2026-11-03-rep,SELL,ORDER_INTENT_SELL_LONG,0.091,224,CTMYP5RHEYBE,passive,-119.89,2026-09-30T22:47:31.784823196Z,1.784,-0.23,0,1,ORDER_STATE_FILLED,UNSOLICITED_CXL_REASON_UNDEFINED,ORD_REJECT_REASON_EXCHANGE_OPTION,,
1790815203.3,2026-10-01T00:40:03.345890825Z,ACTIVITY_TYPE_TRADE,vmc-usgubmov-mn-2026-11-03-d5-10,BUY,ORDER_INTENT_SELL_SHORT,0.55,1,CTMXH5PSAYAQ,passive,-0.15,2026-09-30T22:45:00.658628960Z,1.917,0,0,1,ORDER_STATE_FILLED,UNSOLICITED_CXL_REASON_UNDEFINED,ORD_REJECT_REASON_EXCHANGE_OPTION,,
1790815456.4,2026-10-01T00:44:16.361784710Z,ACTIVITY_TYPE_TRADE,scc-hrep-rep-2026-11-03-gte220,BUY,ORDER_INTENT_SELL_SHORT,0.07,51.15,CTE1XESFWYCC,passive,-43.88,2026-09-30T14:44:19.951637213Z,9.999,-0.04,0,1,ORDER_STATE_PARTIALLY_FILLED,UNSOLICITED_CXL_REASON_UNDEFINED,ORD_REJECT_REASON_EXCHANGE_OPTION,,
1790816503.9,2026-10-01T01:01:43.899833152Z,ACTIVITY_TYPE_TRADE,scc-hrep-rep-2026-11-03-gte205,BUY,ORDER_INTENT_SELL_SHORT,0.33,69.33,CTMW4Z8RYYC6,passive,-253.74,2026-09-30T22:41:14.010373722Z,2.342,-0.19,0,1,ORDER_STATE_PARTIALLY_FILLED,UNSOLICITED_CXL_REASON_UNDEFINED,ORD_REJECT_REASON_EXCHANGE_OPTION,,
1790817112.1,2026-10-01T01:11:52.131742874Z,ACTIVITY_TYPE_TRADE,vmc-ussemov-va-2026-11-03-d0-5,BUY,ORDER_INTENT_BUY_LONG,0.2,1,CSBZRMY76YCA,passive,,2026-09-28T23:08:31.481182378Z,50.056,0,0,1,ORDER_STATE_FILLED,UNSOLICITED_CXL_REASON_UNDEFINED,ORD_REJECT_REASON_EXCHANGE_OPTION,,
1790818346.6,2026-10-01T01:32:26.643188499Z,ACTIVITY_TYPE_TRADE,scc-senate-gop-2026-11-03-54,BUY,ORDER_INTENT_SELL_SHORT,0.05,24,CTQCRBV3AYBE,aggressor,-15.32,2026-10-01T01:32:26.641837750Z,0,0.08,0,1,ORDER_STATE_FILLED,UNSOLICITED_CXL_REASON_UNDEFINED,ORD_REJECT_REASON_EXCHANGE_OPTION,,
1790818363.2,2026-10-01T01:32:43.164794135Z,ACTIVITY_TYPE_TRADE,scc-senate-gop-2026-11-03-lte45,BUY,ORDER_INTENT_SELL_SHORT,0.07,0.41,CT06A3CNGYC3,passive,-0.19,2026-09-29T22:32:59.090458097Z,26.996,0,0,1,ORDER_STATE_PARTIALLY_FILLED,UNSOLICITED_CXL_REASON_UNDEFINED,ORD_REJECT_REASON_EXCHANGE_OPTION,,
1790818366.6,2026-10-01T01:32:46.572872268Z,ACTIVITY_TYPE_TRADE,scc-senate-gop-2026-11-03-49,BUY,ORDER_INTENT_SELL_SHORT,0.13,0.21,CTQCRC0MCYBE,aggressor,-0.14,2026-10-01T01:32:46.571729016Z,0,0,0,1,ORDER_STATE_FILLED,UNSOLICITED_CXL_REASON_UNDEFINED,ORD_REJECT_REASON_EXCHANGE_OPTION,,
1790818371.5,2026-10-01T01:32:51.542339097Z,ACTIVITY_TYPE_TRADE,scc-senate-gop-2026-11-03-51,BUY,ORDER_INTENT_SELL_SHORT,0.09,0.1,CTQCQRZCTYB5,aggressor,-0.07,2026-10-01T01:32:51.540390379Z,0,0,0,1,ORDER_STATE_FILLED,UNSOLICITED_CXL_REASON_UNDEFINED,ORD_REJECT_REASON_EXCHANGE_OPTION,,
1790818377.0,2026-10-01T01:32:57.027129566Z,ACTIVITY_TYPE_TRADE,vtc-usgubto-ct-2026-11-03-gt1pt4m,BUY,ORDER_INTENT_SELL_SHORT,0.29,1,CT8T4WYERYBY,passive,-0.45,2026-09-30T08:44:50.287991155Z,16.802,0,0,1,ORDER_STATE_FILLED,UNSOLICITED_CXL_REASON_UNDEFINED,ORD_REJECT_REASON_EXCHANGE_OPTION,,
1790818715.8,2026-10-01T01:38:35.781468740Z,ACTIVITY_TYPE_TRADE,ushrewc-ushr-tx-34-2026-11-03-dem,SELL,ORDER_INTENT_BUY_SHORT,0.83,223.14,CQBDMH3CYYCD,passive,124.29,2026-09-25T19:45:05.790403696Z,125.892,-0.39,0,1,ORDER_STATE_PARTIALLY_FILLED,UNSOLICITED_CXL_REASON_UNDEFINED,ORD_REJECT_REASON_EXCHANGE_OPTION,,
1790818715.8,2026-10-01T01:38:35.781468740Z,ACTIVITY_TYPE_TRADE,ushrewc-ushr-tx-34-2026-11-03-dem,SELL,ORDER_INTENT_SELL_LONG,0.83,38,CQ47C7AH8YC6,passive,21.17,2026-09-25T12:07:19.332222987Z,133.521,-0.07,0,1,ORDER_STATE_FILLED,UNSOLICITED_CXL_REASON_UNDEFINED,ORD_REJECT_REASON_EXCHANGE_OPTION,,
1790818727.2,2026-10-01T01:38:47.240764743Z,ACTIVITY_TYPE_TRADE,ushrewc-ushr-tx-34-2026-11-03-rep,BUY,ORDER_INTENT_SELL_SHORT,0.14,79.99,CQ40M5Z7PYBE,passive,-27.55,2026-09-25T12:08:08.906311155Z,133.511,-0.12,0,1,ORDER_STATE_PARTIALLY_FILLED,UNSOLICITED_CXL_REASON_UNDEFINED,ORD_REJECT_REASON_EXCHANGE_OPTION,,
1790818767.6,2026-10-01T01:39:27.601605552Z,ACTIVITY_TYPE_TRADE,ushrewc-ushr-ca-45-2026-11-03-dem,BUY,ORDER_INTENT_BUY_LONG,0.94,49.91,CSSVCP04WYBE,passive,0.42,2026-09-29T15:12:29.862406238Z,34.449,-0.04,0,1,ORDER_STATE_PARTIALLY_FILLED,UNSOLICITED_CXL_REASON_UNDEFINED,ORD_REJECT_REASON_EXCHANGE_OPTION,,
1790818834.6,2026-10-01T01:40:34.572308977Z,ACTIVITY_TYPE_TRADE,scc-hrep-rep-2026-11-03-gte235,SELL,ORDER_INTENT_BUY_SHORT,0.03,47.3,CRN4Y3KWYYCA,passive,-43.35,2026-09-27T20:11:01.147322535Z,77.493,-0.02,0,1,ORDER_STATE_PARTIALLY_FILLED,UNSOLICITED_CXL_REASON_UNDEFINED,ORD_REJECT_REASON_EXCHANGE_OPTION,,
1790818840.7,2026-10-01T01:40:40.655683993Z,ACTIVITY_TYPE_TRADE,scc-hrep-rep-2026-11-03-gte195,SELL,ORDER_INTENT_SELL_LONG,0.7,22.96,CTQFYW490YCD,aggressor,-25.93,2026-10-01T01:40:40.654157522Z,0,0.34,0,1,ORDER_STATE_FILLED,UNSOLICITED_CXL_REASON_UNDEFINED,ORD_REJECT_REASON_EXCHANGE_OPTION,,
1790818840.7,2026-10-01T01:40:40.655683993Z,ACTIVITY_TYPE_TRADE,scc-hrep-rep-2026-11-03-gte195,BUY,ORDER_INTENT_BUY_LONG,0.7,0.01,CTEHSVG1PYCA,passive,-0.01,2026-09-30T15:22:38.362737448Z,10.301,0,0,1,ORDER_STATE_FILLED,UNSOLICITED_CXL_REASON_UNDEFINED,ORD_REJECT_REASON_EXCHANGE_OPTION,,
1790818840.7,2026-10-01T01:40:40.655683993Z,ACTIVITY_TYPE_TRADE,scc-hrep-rep-2026-11-03-gte195,BUY,ORDER_INTENT_BUY_LONG,0.7,0.85,CT74ZTYFTYC3,passive,-0.96,2026-09-30T06:43:51.918975830Z,18.947,0,0,1,ORDER_STATE_FILLED,UNSOLICITED_CXL_REASON_UNDEFINED,ORD_REJECT_REASON_EXCHANGE_OPTION,,
1790818840.7,2026-10-01T01:40:40.655683993Z,ACTIVITY_TYPE_TRADE,scc-hrep-rep-2026-11-03-gte195,BUY,ORDER_INTENT_BUY_LONG,0.7,5,CT236B6M4YB5,passive,-5.64,2026-09-30T00:42:53.590740904Z,24.963,-0.01,0,1,ORDER_STATE_FILLED,UNSOLICITED_CXL_REASON_UNDEFINED,ORD_REJECT_REASON_EXCHANGE_OPTION,,
1790818840.7,2026-10-01T01:40:40.655683993Z,ACTIVITY_TYPE_TRADE,scc-hrep-rep-2026-11-03-gte195,SELL,ORDER_INTENT_SELL_LONG,0.7,1,CTQFYW490YCD,aggressor,-1.12,2026-10-01T01:40:40.654157522Z,0,0.01,0,1,ORDER_STATE_PARTIALLY_FILLED,UNSOLICITED_CXL_REASON_UNDEFINED,ORD_REJECT_REASON_EXCHANGE_OPTION,,
1790818847.4,2026-10-01T01:40:47.394369074Z,ACTIVITY_TYPE_TRADE,scc-hrep-rep-2026-11-03-gte190,BUY,ORDER_INTENT_BUY_LONG,0.79,10.66,CTM4EGMHAYCC,passive,-0.84,2026-09-30T21:46:31.516138626Z,3.904,-0.02,0,1,ORDER_STATE_PARTIALLY_FILLED,UNSOLICITED_CXL_REASON_UNDEFINED,ORD_REJECT_REASON_EXCHANGE_OPTION,,
1790818847.4,2026-10-01T01:40:47.394369074Z,ACTIVITY_TYPE_TRADE,scc-hrep-rep-2026-11-03-gte190,BUY,ORDER_INTENT_BUY_LONG,0.79,0.01,CTFQ7Y9FMYCC,passive,-0,2026-09-30T16:38:58.438043593Z,9.03,0,0,1,ORDER_STATE_FILLED,UNSOLICITED_CXL_REASON_UNDEFINED,ORD_REJECT_REASON_EXCHANGE_OPTION,,
1790818847.4,2026-10-01T01:40:47.394369074Z,ACTIVITY_TYPE_TRADE,scc-hrep-rep-2026-11-03-gte190,SELL,ORDER_INTENT_SELL_LONG,0.79,9.64,CTQFVRA26YC6,aggressor,-0.76,2026-10-01T01:40:47.392767852Z,0,0.11,0,1,ORDER_STATE_PARTIALLY_FILLED,UNSOLICITED_CXL_REASON_UNDEFINED,ORD_REJECT_REASON_EXCHANGE_OPTION,,
1790818853.8,2026-10-01T01:40:53.757758786Z,ACTIVITY_TYPE_TRADE,scc-hrep-rep-2026-11-03-gte220,BUY,ORDER_INTENT_SELL_SHORT,0.08,6.85,CTQFZZCD2YBY,aggressor,-5.85,2026-10-01T01:40:53.756557420Z,0,0.04,0,1,ORDER_STATE_FILLED,UNSOLICITED_CXL_REASON_UNDEFINED,ORD_REJECT_REASON_EXCHANGE_OPTION,,
1790818860.2,2026-10-01T01:41:00.185127158Z,ACTIVITY_TYPE_TRADE,scc-hrep-rep-2026-11-03-gte205,BUY,ORDER_INTENT_SELL_SHORT,0.34,1.68,CTQFYSH22YB5,aggressor,-10.05,2026-10-01T01:41:00.182543690Z,0,0.02,0,1,ORDER_STATE_FILLED,UNSOLICITED_CXL_REASON_UNDEFINED,ORD_REJECT_REASON_EXCHANGE_OPTION,,
1790818860.2,2026-10-01T01:41:00.185127158Z,ACTIVITY_TYPE_TRADE,scc-hrep-rep-2026-11-03-gte205,BUY,ORDER_INTENT_SELL_SHORT,0.34,1,CTQFYSH22YB5,aggressor,-5.99,2026-10-01T01:41:00.182543690Z,0,0.02,0,1,ORDER_STATE_PARTIALLY_FILLED,UNSOLICITED_CXL_REASON_UNDEFINED,ORD_REJECT_REASON_EXCHANGE_OPTION,,
1790818860.2,2026-10-01T01:41:00.185127158Z,ACTIVITY_TYPE_TRADE,scc-hrep-rep-2026-11-03-gte205,SELL,ORDER_INTENT_SELL_LONG,0.34,0.05,CTMA0CN3AYAQ,passive,-0.3,2026-09-30T21:58:50.709217772Z,3.703,0,0,1,ORDER_STATE_FILLED,UNSOLICITED_CXL_REASON_UNDEFINED,ORD_REJECT_REASON_EXCHANGE_OPTION,,
1790818862.9,2026-10-01T01:41:02.946786569Z,ACTIVITY_TYPE_TRADE,scc-hrep-rep-2026-11-03-gte180,BUY,ORDER_INTENT_SELL_SHORT,0.85,0.33,CTQFZZEYGYBY,aggressor,0.11,2026-10-01T01:41:02.945467239Z,0,0,0,1,ORDER_STATE_FILLED,UNSOLICITED_CXL_REASON_UNDEFINED,ORD_REJECT_REASON_EXCHANGE_OPTION,,
1790818865.8,2026-10-01T01:41:05.817199114Z,ACTIVITY_TYPE_TRADE,scc-hrep-rep-2026-11-03-gte230,SELL,ORDER_INTENT_SELL_LONG,0.02,0.28,CSFQWS6H2YCD,passive,-0.26,2026-09-29T03:21:14.864613618Z,46.331,0,0,1,ORDER_STATE_PARTIALLY_FILLED,UNSOLICITED_CXL_REASON_UNDEFINED,ORD_REJECT_REASON_EXCHANGE_OPTION,,
1790818869.1,2026-10-01T01:41:09.109859007Z,ACTIVITY_TYPE_TRADE,scc-hrep-rep-2026-11-03-gte225,SELL,ORDER_INTENT_BUY_SHORT,0.06,0.05,CQ6D5A6BJYCC,passive,-0.04,2026-09-25T13:55:03.736361434Z,131.768,0,0,1,ORDER_STATE_PARTIALLY_FILLED,UNSOLICITED_CXL_REASON_UNDEFINED,ORD_REJECT_REASON_EXCHANGE_OPTION,,
1790818920.9,2026-10-01T01:42:00.880383913Z,ACTIVITY_TYPE_TRADE,scc-hrep-demst-2026-11-03-gte235,BUY,ORDER_INTENT_BUY_LONG,0.46,0.17,CT2FQ3GDTYCA,passive,-0.04,2026-09-30T01:11:12.940263737Z,24.513,0,0,1,ORDER_STATE_PARTIALLY_FILLED,UNSOLICITED_CXL_REASON_UNDEFINED,ORD_REJECT_REASON_EXCHANGE_OPTION,,
1790819575.4,2026-10-01T01:52:55.410063848Z,ACTIVITY_TYPE_TRADE,ushrewc-ushr-ia-01-2026-11-03-rep,BUY,ORDER_INTENT_BUY_LONG,0.18,95,CTQDPQ6SAYC3,passive,-16.37,2026-10-01T01:34:49.091646820Z,0.302,-0.18,0,1,ORDER_STATE_PARTIALLY_FILLED,UNSOLICITED_CXL_REASON_UNDEFINED,ORD_REJECT_REASON_EXCHANGE_OPTION,,
1790819575.4,2026-10-01T01:52:55.410063848Z,ACTIVITY_TYPE_TRADE,ushrewc-ushr-ia-01-2026-11-03-rep,SELL,ORDER_INTENT_SELL_LONG,0.18,45,CTQN010ARYCA,aggressor,-7.75,2026-10-01T01:52:55.408007239Z,0,0.46,0,1,ORDER_STATE_PARTIALLY_FILLED,UNSOLICITED_CXL_REASON_UNDEFINED,ORD_REJECT_REASON_EXCHANGE_OPTION,,
1790819607.5,2026-10-01T01:53:27.525605783Z,ACTIVITY_TYPE_TRADE,ewc-usse-me-2026-11-03-rep,SELL,ORDER_INTENT_BUY_SHORT,0.42,22,CTK094W8WYB5,passive,-36.55,2026-09-30T20:27:12.970804459Z,5.437,-0.07,0,1,ORDER_STATE_PARTIALLY_FILLED,UNSOLICITED_CXL_REASON_UNDEFINED,ORD_REJECT_REASON_EXCHANGE_OPTION,,
1790819660.2,2026-10-01T01:54:20.227651362Z,ACTIVITY_TYPE_TRADE,paccc-balpow-2026-11-03-rsweep,SELL,ORDER_INTENT_SELL_LONG,0.09,210.92,CTQNQVBNWYBE,aggressor,-52.82,2026-10-01T01:54:20.226381564Z,0,1.2,0,1,ORDER_STATE_FILLED,UNSOLICITED_CXL_REASON_UNDEFINED,ORD_REJECT_REASON_EXCHANGE_OPTION,,
1790819689.6,2026-10-01T01:54:49.643462908Z,ACTIVITY_TYPE_TRADE,paccc-balpow-2026-11-03-dhou-rsen,BUY,ORDER_INTENT_SELL_SHORT,0.3,0.45,CTQNTC0Q2YAQ,aggressor,-0.22,2026-10-01T01:54:49.640849065Z,0,0.01,0,1,ORDER_STATE_FILLED,UNSOLICITED_CXL_REASON_UNDEFINED,ORD_REJECT_REASON_EXCHANGE_OPTION,,
1790819917.2,2026-10-01T01:58:37.225160620Z,ACTIVITY_TYPE_TRADE,usgubewc-usgub-ak-2026-11-03-davbro,SELL,ORDER_INTENT_SELL_LONG,0.02,0.28,CQJN6APN4YCC,passive,-0.25,2026-09-26T04:04:13.257174133Z,117.907,0,0,1,ORDER_STATE_PARTIALLY_FILLED,UNSOLICITED_CXL_REASON_UNDEFINED,ORD_REJECT_REASON_EXCHANGE_OPTION,,
1790819920.3,2026-10-01T01:58:40.313390798Z,ACTIVITY_TYPE_TRADE,usgubewc-usgub-ak-2026-11-03-adacru,SELL,ORDER_INTENT_SELL_LONG,0.01,0.06,CQ66F1JXWYBY,passive,-0.05,2026-09-25T13:41:01.440722729Z,132.294,0,0,1,ORDER_STATE_PARTIALLY_FILLED,UNSOLICITED_CXL_REASON_UNDEFINED,ORD_REJECT_REASON_EXCHANGE_OPTION,,
1790819944.1,2026-10-01T01:59:04.053377192Z,ACTIVITY_TYPE_TRADE,usgubewc-usgub-nm-2026-11-03-dem,SELL,ORDER_INTENT_SELL_LONG,0.94,28,CTQR3CKZRYCA,aggressor,-1.45,2026-10-01T01:59:04.051186443Z,0,0.11,0,1,ORDER_STATE_FILLED,UNSOLICITED_CXL_REASON_UNDEFINED,ORD_REJECT_REASON_EXCHANGE_OPTION,,
1790819944.1,2026-10-01T01:59:04.053377192Z,ACTIVITY_TYPE_TRADE,usgubewc-usgub-nm-2026-11-03-dem,BUY,ORDER_INTENT_BUY_LONG,0.94,1,CRKWB3NFWYCD,passive,-0.05,2026-09-27T18:43:13.709057313Z,79.264,0,0,1,ORDER_STATE_FILLED,UNSOLICITED_CXL_REASON_UNDEFINED,ORD_REJECT_REASON_EXCHANGE_OPTION,,
1790819963.2,2026-10-01T01:59:23.242959698Z,ACTIVITY_TYPE_TRADE,ushrewc-ushr-nj-07-2026-11-03-dem,SELL,ORDER_INTENT_SELL_LONG,0.85,113.62,CQSXJAVJEYCD,passive,69.14,2026-09-26T12:42:26.336547370Z,109.282,-0.18,0,1,ORDER_STATE_PARTIALLY_FILLED,UNSOLICITED_CXL_REASON_UNDEFINED,ORD_REJECT_REASON_EXCHANGE_OPTION,,
1790819982.4,2026-10-01T01:59:42.365676058Z,ACTIVITY_TYPE_TRADE,ussewc-usse-co-2026-11-03-dem,SELL,ORDER_INTENT_SELL_LONG,0.97,0.03,CTM71FHQJYCC,passive,-0.21,2026-09-30T21:52:30.136313567Z,4.12,0,0,1,ORDER_STATE_PARTIALLY_FILLED,UNSOLICITED_CXL_REASON_UNDEFINED,ORD_REJECT_REASON_EXCHANGE_OPTION,,
1790819994.6,2026-10-01T01:59:54.624074981Z,ACTIVITY_TYPE_TRADE,ushrewc-ushr-tx-15-2026-11-03-dem,SELL,ORDER_INTENT_SELL_LONG,0.76,88.33,CT10S0AYWYCA,passive,62.66,2026-09-29T23:28:29.044745475Z,26.524,-0.2,0,1,ORDER_STATE_PARTIALLY_FILLED,UNSOLICITED_CXL_REASON_UNDEFINED,ORD_REJECT_REASON_EXCHANGE_OPTION,,
1790820000.3,2026-10-01T02:00:00.261775172Z,ACTIVITY_TYPE_TRADE,ushrewc-ushr-tx-15-2026-11-03-rep,BUY,ORDER_INTENT_BUY_LONG,0.22,40.47,CS42B2W5GYAQ,passive,-9.78,2026-09-28T13:56:10.603245091Z,60.064,-0.09,0,1,ORDER_STATE_PARTIALLY_FILLED,UNSOLICITED_CXL_REASON_UNDEFINED,ORD_REJECT_REASON_EXCHANGE_OPTION,,
1790820000.3,2026-10-01T02:00:00.261775172Z,ACTIVITY_TYPE_TRADE,ushrewc-ushr-tx-15-2026-11-03-rep,BUY,ORDER_INTENT_BUY_LONG,0.22,13,CR07DK91TYAQ,passive,-3.15,2026-09-26T19:45:16.739324563Z,102.245,-0.03,0,1,ORDER_STATE_FILLED,UNSOLICITED_CXL_REASON_UNDEFINED,ORD_REJECT_REASON_EXCHANGE_OPTION,,
1790820000.3,2026-10-01T02:00:00.261775172Z,ACTIVITY_TYPE_TRADE,ushrewc-ushr-tx-15-2026-11-03-rep,SELL,ORDER_INTENT_SELL_LONG,0.22,1,CTQRCXHYMYCD,aggressor,-0.24,2026-10-01T02:00:00.259834918Z,0,0.01,0,1,ORDER_STATE_PARTIALLY_FILLED,UNSOLICITED_CXL_REASON_UNDEFINED,ORD_REJECT_REASON_EXCHANGE_OPTION,,
1790820290.9,2026-10-01T02:04:50.930357403Z,ACTIVITY_TYPE_TRADE,ewc-usgub-az-2026-11-03-dem,BUY,ORDER_INTENT_BUY_LONG,0.86,20,CQMMDFSKGYB5,passive,-0.67,2026-09-26T06:38:19.477070154Z,115.442,-0.03,0,1,ORDER_STATE_PARTIALLY_FILLED,UNSOLICITED_CXL_REASON_UNDEFINED,ORD_REJECT_REASON_EXCHANGE_OPTION,,
1790820304.7,2026-10-01T02:05:04.738893239Z,ACTIVITY_TYPE_TRADE,ussewc-usse-wy-2026-11-03-dem,BUY,ORDER_INTENT_SELL_SHORT,0.04,20,CTQTYEGY8YAQ,aggressor,-16.09,2026-10-01T02:05:04.737462699Z,0,0.05,0,1,ORDER_STATE_FILLED,UNSOLICITED_CXL_REASON_UNDEFINED,ORD_REJECT_REASON_EXCHANGE_OPTION,,
1790820308.6,2026-10-01T02:05:08.582615687Z,ACTIVITY_TYPE_TRADE,usgubewc-usgub-id-2026-11-03-dem,SELL,ORDER_INTENT_SELL_LONG,0.02,11.59,CS3N83K5YYC6,passive,-11.05,2026-09-28T13:27:40.692547344Z,60.624,0,0,1,ORDER_STATE_PARTIALLY_FILLED,UNSOLICITED_CXL_REASON_UNDEFINED,ORD_REJECT_REASON_EXCHANGE_OPTION,,
1790820314.6,2026-10-01T02:05:14.588674729Z,ACTIVITY_TYPE_TRADE,ussewc-usse-al-2026-11-03-dem,SELL,ORDER_INTENT_SELL_LONG,0.03,10,CSQ1PZP82YCA,passive,-9.51,2026-09-29T11:57:49.965650883Z,38.124,0,0,1,ORDER_STATE_PARTIALLY_FILLED,UNSOLICITED_CXL_REASON_UNDEFINED,ORD_REJECT_REASON_EXCHANGE_OPTION,,
1790820320.9,2026-10-01T02:05:20.915638803Z,ACTIVITY_TYPE_TRADE,ewc-usgub-nv-2026-11-03-rep,BUY,ORDER_INTENT_BUY_LONG,0.51,14,CR748522RYCD,passive,-1.95,2026-09-27T03:50:37.722811819Z,94.245,-0.04,0,1,ORDER_STATE_PARTIALLY_FILLED,UNSOLICITED_CXL_REASON_UNDEFINED,ORD_REJECT_REASON_EXCHANGE_OPTION,,
1790820343.2,2026-10-01T02:05:43.197703443Z,ACTIVITY_TYPE_TRADE,ushrewc-ushr-va-02-2026-11-03-rep,SELL,ORDER_INTENT_SELL_LONG,0.19,13,CTQV0J5BWYB5,aggressor,-2.74,2026-10-01T02:05:43.196484236Z,0,0.14,0,1,ORDER_STATE_FILLED,UNSOLICITED_CXL_REASON_UNDEFINED,ORD_REJECT_REASON_EXCHANGE_OPTION,,
1790820343.2,2026-10-01T02:05:43.197703443Z,ACTIVITY_TYPE_TRADE,ushrewc-ushr-va-02-2026-11-03-rep,BUY,ORDER_INTENT_BUY_LONG,0.19,13,CR07F0V5CYCC,passive,-2.74,2026-09-26T19:45:19.237199675Z,102.34,-0.03,0,1,ORDER_STATE_FILLED,UNSOLICITED_CXL_REASON_UNDEFINED,ORD_REJECT_REASON_EXCHANGE_OPTION,,
1790820358.7,2026-10-01T02:05:58.656114511Z,ACTIVITY_TYPE_TRADE,aqc-nfl-nfc-2027-01-24-champq-nyg,BUY,ORDER_INTENT_SELL_SHORT,0.09,5.8,CTQVFCH2PYBE,aggressor,-4.51,2026-10-01T02:05:58.654669004Z,0,0.04,0,1,ORDER_STATE_FILLED,UNSOLICITED_CXL_REASON_UNDEFINED,ORD_REJECT_REASON_EXCHANGE_OPTION,,
1790820358.7,2026-10-01T02:05:58.656114511Z,ACTIVITY_TYPE_TRADE,aqc-nfl-nfc-2027-01-24-champq-nyg,BUY,ORDER_INTENT_SELL_SHORT,0.09,2.19,CTQVFCH2PYBE,aggressor,-1.7,2026-10-01T02:05:58.654669004Z,0,0.01,0,1,ORDER_STATE_PARTIALLY_FILLED,UNSOLICITED_CXL_REASON_UNDEFINED,ORD_REJECT_REASON_EXCHANGE_OPTION,,
1790820358.7,2026-10-01T02:05:58.656114511Z,ACTIVITY_TYPE_TRADE,aqc-nfl-nfc-2027-01-24-champq-nyg,SELL,ORDER_INTENT_BUY_SHORT,0.09,0.01,CSRJWNK2CYBE,passive,-0.01,2026-09-29T13:44:22.011635279Z,36.36,0,0,1,ORDER_STATE_FILLED,UNSOLICITED_CXL_REASON_UNDEFINED,ORD_REJECT_REASON_EXCHANGE_OPTION,,
1790820364.2,2026-10-01T02:06:04.219845204Z,ACTIVITY_TYPE_TRADE,ewc-usgub-oh-2026-11-03-rep,SELL,ORDER_INTENT_SELL_LONG,0.38,5,CTQV73P1YYCA,aggressor,-3.57,2026-10-01T02:06:04.218494215Z,0,0.08,0,1,ORDER_STATE_FILLED,UNSOLICITED_CXL_REASON_UNDEFINED,ORD_REJECT_REASON_EXCHANGE_OPTION,,
1790820364.2,2026-10-01T02:06:04.219845204Z,ACTIVITY_TYPE_TRADE,ewc-usgub-oh-2026-11-03-rep,SELL,ORDER_INTENT_SELL_LONG,0.38,3,CTQV73P1YYCA,aggressor,-2.14,2026-10-01T02:06:04.218494215Z,0,0.05,0,1,ORDER_STATE_PARTIALLY_FILLED,UNSOLICITED_CXL_REASON_UNDEFINED,ORD_REJECT_REASON_EXCHANGE_OPTION,,
1790820364.2,2026-10-01T02:06:04.219845204Z,ACTIVITY_TYPE_TRADE,ewc-usgub-oh-2026-11-03-rep,BUY,ORDER_INTENT_BUY_LONG,0.38,8,CTDK5YCYTYAQ,passive,-5.71,2026-09-30T14:11:00.896181063Z,11.918,-0.02,0,1,ORDER_STATE_FILLED,UNSOLICITED_CXL_REASON_UNDEFINED,ORD_REJECT_REASON_EXCHANGE_OPTION,,
1790820364.2,2026-10-01T02:06:04.219845204Z,ACTIVITY_TYPE_TRADE,ewc-usgub-oh-2026-11-03-rep,BUY,ORDER_INTENT_BUY_LONG,0.38,1,CT5YJD870YC3,passive,-0.72,2026-09-30T05:20:44.119917708Z,20.756,0,0,1,ORDER_STATE_FILLED,UNSOLICITED_CXL_REASON_UNDEFINED,ORD_REJECT_REASON_EXCHANGE_OPTION,,
1790820364.2,2026-10-01T02:06:04.219845204Z,ACTIVITY_TYPE_TRADE,ewc-usgub-oh-2026-11-03-rep,BUY,ORDER_INTENT_BUY_LONG,0.38,2,CT2VZE7VJYCC,passive,-1.43,2026-09-30T01:38:20.570090169Z,24.462,-0.01,0,1,ORDER_STATE_FILLED,UNSOLICITED_CXL_REASON_UNDEFINED,ORD_REJECT_REASON_EXCHANGE_OPTION,,
1790820369.4,2026-10-01T02:06:09.446970229Z,ACTIVITY_TYPE_TRADE,usgubewc-usgub-me-2026-11-03-rep,SELL,ORDER_INTENT_BUY_SHORT,0.05,9.82,CR7Z30JGYYCA,passive,-6.25,2026-09-27T04:56:59.410081923Z,93.153,-0.01,0,1,ORDER_STATE_PARTIALLY_FILLED,UNSOLICITED_CXL_REASON_UNDEFINED,ORD_REJECT_REASON_EXCHANGE_OPTION,,
1790820374.7,2026-10-01T02:06:14.746468477Z,ACTIVITY_TYPE_TRADE,usgubewc-usgub-co-2026-11-03-dem,SELL,ORDER_INTENT_SELL_LONG,0.96,5.64,CTQVG9B78YAQ,aggressor,0.09,2026-10-01T02:06:14.744871965Z,0,0.02,0,1,ORDER_STATE_FILLED,UNSOLICITED_CXL_REASON_UNDEFINED,ORD_REJECT_REASON_EXCHANGE_OPTION,,
1790820374.7,2026-10-01T02:06:14.746468477Z,ACTIVITY_TYPE_TRADE,usgubewc-usgub-co-2026-11-03-dem,BUY,ORDER_INTENT_BUY_LONG,0.96,1,CSWBXKF7PYBQ,passive,0.02,2026-09-29T18:05:42.252961052Z,32.009,0,0,1,ORDER_STATE_FILLED,UNSOLICITED_CXL_REASON_UNDEFINED,ORD_REJECT_REASON_EXCHANGE_OPTION,,
1790820382.2,2026-10-01T02:06:22.232443781Z,ACTIVITY_TYPE_TRADE,usgovcc-demvrep-2026-11-03-tie,SELL,ORDER_INTENT_SELL_LONG,0.14,5,CRQPFCZRYYCC,passive,-3.94,2026-09-27T23:09:02.913086873Z,74.955,-0.01,0,1,ORDER_STATE_FILLED,UNSOLICITED_CXL_REASON_UNDEFINED,ORD_REJECT_REASON_EXCHANGE_OPTION,,
1790820389.1,2026-10-01T02:06:29.137292399Z,ACTIVITY_TYPE_TRADE,cpoc-ussegubc-me-2026-11-03-dgov-rsen,SELL,ORDER_INTENT_SELL_LONG,0.35,5,CRX7T5MXRYBE,passive,-2.53,2026-09-28T05:57:53.762441935Z,68.143,-0.01,0,1,ORDER_STATE_PARTIALLY_FILLED,UNSOLICITED_CXL_REASON_UNDEFINED,ORD_REJECT_REASON_EXCHANGE_OPTION,,
1790820394.6,2026-10-01T02:06:34.598406399Z,ACTIVITY_TYPE_TRADE,usgovcc-demvrep-2026-11-03-rep,BUY,ORDER_INTENT_SELL_SHORT,0.2,4,CTQVJY4BPYCD,aggressor,-2.25,2026-10-01T02:06:34.597265408Z,0,0.05,0,1,ORDER_STATE_FILLED,UNSOLICITED_CXL_REASON_UNDEFINED,ORD_REJECT_REASON_EXCHANGE_OPTION,,
1790820394.6,2026-10-01T02:06:34.598406399Z,ACTIVITY_TYPE_TRADE,usgovcc-demvrep-2026-11-03-rep,BUY,ORDER_INTENT_SELL_SHORT,0.2,1,CTQVJY4BPYCD,aggressor,-0.56,2026-10-01T02:06:34.597265408Z,0,0.01,0,1,ORDER_STATE_PARTIALLY_FILLED,UNSOLICITED_CXL_REASON_UNDEFINED,ORD_REJECT_REASON_EXCHANGE_OPTION,,
1790820398.2,2026-10-01T02:06:38.176353326Z,ACTIVITY_TYPE_TRADE,usgubewc-usgub-ct-2026-11-03-rep,BUY,ORDER_INTENT_SELL_SHORT,0.05,9.58,CTQVFCWZGYBE,aggressor,-3.55,2026-10-01T02:06:38.174890067Z,0,0.03,0,1,ORDER_STATE_FILLED,UNSOLICITED_CXL_REASON_UNDEFINED,ORD_REJECT_REASON_EXCHANGE_OPTION,,
1790820402.6,2026-10-01T02:06:42.638796481Z,ACTIVITY_TYPE_TRADE,vtc-usseto-ak-2026-11-03-gt275k,SELL,ORDER_INTENT_SELL_LONG,0.63,1,CTQVD82KJYC6,aggressor,-0.32,2026-10-01T02:06:42.637140312Z,0,0.02,0,1,ORDER_STATE_PARTIALLY_FILLED,UNSOLICITED_CXL_REASON_UNDEFINED,ORD_REJECT_REASON_EXCHANGE_OPTION,,
1790820406.1,2026-10-01T02:06:46.092288299Z,ACTIVITY_TYPE_TRADE,cpoc-ussegubc-ks-2026-11-03-rgov-dsen,SELL,ORDER_INTENT_SELL_LONG,0.24,4.26,CTN3FFFJPYBE,passive,-0.83,2026-09-30T22:58:05.895071068Z,3.144,-0.01,0,1,ORDER_STATE_PARTIALLY_FILLED,UNSOLICITED_CXL_REASON_UNDEFINED,ORD_REJECT_REASON_EXCHANGE_OPTION,,
1790820406.1,2026-10-01T02:06:46.092288299Z,ACTIVITY_TYPE_TRADE,cpoc-ussegubc-ks-2026-11-03-rgov-dsen,BUY,ORDER_INTENT_SELL_SHORT,0.24,1,CTQVD83KEYC6,aggressor,-0.19,2026-10-01T02:06:46.090656353Z,0,0.01,0,1,ORDER_STATE_PARTIALLY_FILLED,UNSOLICITED_CXL_REASON_UNDEFINED,ORD_REJECT_REASON_EXCHANGE_OPTION,,
1790820409.5,2026-10-01T02:06:49.504356096Z,ACTIVITY_TYPE_TRADE,vtc-usgubto-hi-2026-11-03-gt370k,SELL,ORDER_INTENT_SELL_LONG,0.03,3,CTQVJ8QTJYB5,aggressor,-2.42,2026-10-01T02:06:49.502951416Z,0,0.01,0,1,ORDER_STATE_FILLED,UNSOLICITED_CXL_REASON_UNDEFINED,ORD_REJECT_REASON_EXCHANGE_OPTION,,
1790820425.1,2026-10-01T02:07:05.067886404Z,ACTIVITY_TYPE_TRADE,vtc-usseto-ak-2026-11-03-gt275k,BUY,ORDER_INTENT_BUY_LONG,0.53,1.97,CR28V6G5JYBY,passive,-0.81,2026-09-26T22:09:33.281290071Z,99.959,-0.01,0,1,ORDER_STATE_PARTIALLY_FILLED,UNSOLICITED_CXL_REASON_UNDEFINED,ORD_REJECT_REASON_EXCHANGE_OPTION,,
1790820431.6,2026-10-01T02:07:11.555122474Z,ACTIVITY_TYPE_TRADE,ftsc-nfl-kmostfp-2027-01-10-matgay,BUY,ORDER_INTENT_SELL_SHORT,0.04,1.75,CTQW3V5CGYBY,aggressor,-1.43,2026-10-01T02:07:11.553821167Z,0,0,0,1,ORDER_STATE_FILLED,UNSOLICITED_CXL_REASON_UNDEFINED,ORD_REJECT_REASON_EXCHANGE_OPTION,,
1790820431.6,2026-10-01T02:07:11.555122474Z,ACTIVITY_TYPE_TRADE,ftsc-nfl-kmostfp-2027-01-10-matgay,SELL,ORDER_INTENT_BUY_SHORT,0.04,0.01,CTBRX65NTYC3,passive,-0.01,2026-09-30T12:06:02.267088799Z,14.019,0,0,1,ORDER_STATE_FILLED,UNSOLICITED_CXL_REASON_UNDEFINED,ORD_REJECT_REASON_EXCHANGE_OPTION,,
1790820438.3,2026-10-01T02:07:18.304227534Z,ACTIVITY_TYPE_TRADE,ushrewc-ushr-pa-01-2026-11-03-rep,SELL,ORDER_INTENT_SELL_LONG,0.65,2,CSSSNGE2WYB5,passive,0.24,2026-09-29T15:09:26.915834708Z,34.964,-0.01,0,1,ORDER_STATE_PARTIALLY_FILLED,UNSOLICITED_CXL_REASON_UNDEFINED,ORD_REJECT_REASON_EXCHANGE_OPTION,,
1790820438.3,2026-10-01T02:07:18.304227534Z,ACTIVITY_TYPE_TRADE,ushrewc-ushr-pa-01-2026-11-03-rep,BUY,ORDER_INTENT_SELL_SHORT,0.65,1,CTQW3V7DJYBY,aggressor,0.12,2026-10-01T02:07:18.302817921Z,0,0.02,0,1,ORDER_STATE_PARTIALLY_FILLED,UNSOLICITED_CXL_REASON_UNDEFINED,ORD_REJECT_REASON_EXCHANGE_OPTION,,
1790820441.7,2026-10-01T02:07:21.709969160Z,ACTIVITY_TYPE_TRADE,ushrewc-ushr-nc-01-2026-11-03-dem,BUY,ORDER_INTENT_SELL_SHORT,0.63,0.63,CTQW5Z07TYCD,aggressor,0.03,2026-10-01T02:07:21.708571388Z,0,0.01,0,1,ORDER_STATE_FILLED,UNSOLICITED_CXL_REASON_UNDEFINED,ORD_REJECT_REASON_EXCHANGE_OPTION,,
1790820441.7,2026-10-01T02:07:21.709969160Z,ACTIVITY_TYPE_TRADE,ushrewc-ushr-nc-01-2026-11-03-dem,BUY,ORDER_INTENT_SELL_SHORT,0.63,1,CTQW5Z07TYCD,aggressor,0.04,2026-10-01T02:07:21.708571388Z,0,0.02,0,1,ORDER_STATE_PARTIALLY_FILLED,UNSOLICITED_CXL_REASON_UNDEFINED,ORD_REJECT_REASON_EXCHANGE_OPTION,,
1790820441.7,2026-10-01T02:07:21.709969160Z,ACTIVITY_TYPE_TRADE,ushrewc-ushr-nc-01-2026-11-03-dem,SELL,ORDER_INTENT_SELL_LONG,0.63,1.37,CR074SFCEYBY,passive,0.07,2026-09-26T19:44:40.443234180Z,102.378,0,0,1,ORDER_STATE_FILLED,UNSOLICITED_CXL_REASON_UNDEFINED,ORD_REJECT_REASON_EXCHANGE_OPTION,,
1790820444.6,2026-10-01T02:07:24.648189912Z,ACTIVITY_TYPE_TRADE,aachc-cfb-wins-2026-11-28-pennst-7pt5wins,SELL,ORDER_INTENT_SELL_LONG,0.71,1.36,CTQWC8JXMYCA,aggressor,-0.56,2026-10-01T02:07:24.646169612Z,0,0.02,0,1,ORDER_STATE_FILLED,UNSOLICITED_CXL_REASON_UNDEFINED,ORD_REJECT_REASON_EXCHANGE_OPTION,,
1790820444.6,2026-10-01T02:07:24.648189912Z,ACTIVITY_TYPE_TRADE,aachc-cfb-wins-2026-11-28-pennst-7pt5wins,BUY,ORDER_INTENT_BUY_LONG,0.71,0.1,CS725WPN6YBQ,passive,-0.04,2026-09-28T17:21:44.762074958Z,56.761,0,0,1,ORDER_STATE_FILLED,UNSOLICITED_CXL_REASON_UNDEFINED,ORD_REJECT_REASON_EXCHANGE_OPTION,,
1790820447.8,2026-10-01T02:07:27.760812903Z,ACTIVITY_TYPE_TRADE,ftsc-nfl-kmostfp-2027-01-10-caisan,BUY,ORDER_INTENT_BUY_LONG,0.03,5.94,CTM4VK3JRYBY,passive,-0.99,2026-09-30T21:47:38.984287195Z,4.33,0,0,1,ORDER_STATE_PARTIALLY_FILLED,UNSOLICITED_CXL_REASON_UNDEFINED,ORD_REJECT_REASON_EXCHANGE_OPTION,,
1790820447.8,2026-10-01T02:07:27.760812903Z,ACTIVITY_TYPE_TRADE,ftsc-nfl-kmostfp-2027-01-10-caisan,BUY,ORDER_INTENT_BUY_LONG,0.03,0.01,CSEMMXEF2YCA,passive,-0,2026-09-29T02:04:47.053646063Z,48.045,0,0,1,ORDER_STATE_FILLED,UNSOLICITED_CXL_REASON_UNDEFINED,ORD_REJECT_REASON_EXCHANGE_OPTION,,
1790820450.8,2026-10-01T02:07:30.784084276Z,ACTIVITY_TYPE_TRADE,vtc-usgubto-wi-2026-11-03-gt3m,SELL,ORDER_INTENT_SELL_LONG,0.29,0.06,CTQWC8M6YYCA,aggressor,-0,2026-10-01T02:07:30.782681725Z,0,0,0,1,ORDER_STATE_PARTIALLY_FILLED,UNSOLICITED_CXL_REASON_UNDEFINED,ORD_REJECT_REASON_EXCHANGE_OPTION,,
1790820453.8,2026-10-01T02:07:33.849013329Z,ACTIVITY_TYPE_TRADE,vtc-usseto-nc-2026-11-03-gt3pt9m,BUY,ORDER_INTENT_SELL_SHORT,0.74,2,CTQWC8N4RYCA,aggressor,0.35,2026-10-01T02:07:33.846941536Z,0,0.03,0,1,ORDER_STATE_FILLED,UNSOLICITED_CXL_REASON_UNDEFINED,ORD_REJECT_REASON_EXCHANGE_OPTION,,
1790820465.5,2026-10-01T02:07:45.465694565Z,ACTIVITY_TYPE_TRADE,vtc-usgubto-wi-2026-11-03-gt3m,SELL,ORDER_INTENT_SELL_LONG,0.16,2.01,CTQWMD38MYBE,aggressor,-0.26,2026-10-01T02:07:45.463995712Z,0,0.02,0,1,ORDER_STATE_PARTIALLY_FILLED,UNSOLICITED_CXL_REASON_UNDEFINED,ORD_REJECT_REASON_EXCHANGE_OPTION,,
1790820470.1,2026-10-01T02:07:50.139521313Z,ACTIVITY_TYPE_TRADE,vtc-usgubto-wi-2026-11-03-gt3m,BUY,ORDER_INTENT_BUY_LONG,0.03,0.93,CTN92ENF0YBQ,passive,-0.23,2026-09-30T23:10:32.684485423Z,2.955,0,0,1,ORDER_STATE_PARTIALLY_FILLED,UNSOLICITED_CXL_REASON_UNDEFINED,ORD_REJECT_REASON_EXCHANGE_OPTION,,
1790820556.7,2026-10-01T02:09:16.662443155Z,ACTIVITY_TYPE_TRADE,ussewc-usse-tn-2026-11-03-dem,SELL,ORDER_INTENT_SELL_LONG,0.02,0.02,CTQXBZEQ6YBQ,aggressor,-0.01,2026-10-01T02:09:16.661257521Z,0,0,0,1,ORDER_STATE_FILLED,UNSOLICITED_CXL_REASON_UNDEFINED,ORD_REJECT_REASON_EXCHANGE_OPTION,,
1790820559.7,2026-10-01T02:09:19.669148474Z,ACTIVITY_TYPE_TRADE,ussewc-usse-sd-2026-11-03-rep,BUY,ORDER_INTENT_SELL_SHORT,0.94,0.07,CTQWXFZDRYCA,aggressor,-0.4,2026-10-01T02:09:19.667788378Z,0,0,0,1,ORDER_STATE_FILLED,UNSOLICITED_CXL_REASON_UNDEFINED,ORD_REJECT_REASON_EXCHANGE_OPTION,,
1790820562.7,2026-10-01T02:09:22.727154013Z,ACTIVITY_TYPE_TRADE,ussewc-usse-sc-2026-11-03-rep,SELL,ORDER_INTENT_BUY_SHORT,0.87,0.06,CRX6JDRMMYCC,passive,0.05,2026-09-28T05:54:18.053830894Z,68.251,0,0,1,ORDER_STATE_PARTIALLY_FILLED,UNSOLICITED_CXL_REASON_UNDEFINED,ORD_REJECT_REASON_EXCHANGE_OPTION,,
1790820565.3,2026-10-01T02:09:25.326282763Z,ACTIVITY_TYPE_TRADE,ussewc-usse-sc-2026-11-03-dem,SELL,ORDER_INTENT_BUY_SHORT,0.14,0.37,CS71YJYTTYCC,passive,-0.28,2026-09-28T17:21:22.924236695Z,56.801,0,0,1,ORDER_STATE_PARTIALLY_FILLED,UNSOLICITED_CXL_REASON_UNDEFINED,ORD_REJECT_REASON_EXCHANGE_OPTION,,
1790820568.5,2026-10-01T02:09:28.486819568Z,ACTIVITY_TYPE_TRADE,ussewc-usse-ri-2026-11-03-rep,BUY,ORDER_INTENT_SELL_SHORT,0.02,0.36,CTQX3VB9YYC6,aggressor,-0.27,2026-10-01T02:09:28.485048240Z,0,0,0,1,ORDER_STATE_FILLED,UNSOLICITED_CXL_REASON_UNDEFINED,ORD_REJECT_REASON_EXCHANGE_OPTION,,
1790820571.5,2026-10-01T02:09:31.470112906Z,ACTIVITY_TYPE_TRADE,ussewc-usse-or-2026-11-03-rep,SELL,ORDER_INTENT_SELL_LONG,0.02,0.33,CQ674NC1MYBE,passive,-0.27,2026-09-25T13:42:16.376530523Z,132.454,0,0,1,ORDER_STATE_PARTIALLY_FILLED,UNSOLICITED_CXL_REASON_UNDEFINED,ORD_REJECT_REASON_EXCHANGE_OPTION,,
1790820574.2,2026-10-01T02:09:34.179392651Z,ACTIVITY_TYPE_TRADE,ussewc-usse-or-2026-11-03-dem,BUY,ORDER_INTENT_SELL_SHORT,0.97,0.03,CRHBE32W8YB5,passive,-0.05,2026-09-27T15:55:11.310331932Z,82.24,0,0,1,ORDER_STATE_PARTIALLY_FILLED,UNSOLICITED_CXL_REASON_UNDEFINED,ORD_REJECT_REASON_EXCHANGE_OPTION,,
1790820577.8,2026-10-01T02:09:37.773537320Z,ACTIVITY_TYPE_TRADE,ussewc-usse-ok-2026-11-03-rep,SELL,ORDER_INTENT_SELL_LONG,0.97,0.12,CTQXBZM8GYBQ,aggressor,-0.01,2026-10-01T02:09:37.771359240Z,0,0,0,1,ORDER_STATE_FILLED,UNSOLICITED_CXL_REASON_UNDEFINED,ORD_REJECT_REASON_EXCHANGE_OPTION,,
1790820581.0,2026-10-01T02:09:41.012434490Z,ACTIVITY_TYPE_TRADE,ussewc-usse-nm-2026-11-03-rep,SELL,ORDER_INTENT_SELL_LONG,0.02,8.34,CTQX9QZ16YC3,aggressor,-10.94,2026-10-01T02:09:41.010121697Z,0,0.01,0,1,ORDER_STATE_FILLED,UNSOLICITED_CXL_REASON_UNDEFINED,ORD_REJECT_REASON_EXCHANGE_OPTION,,
1790820583.9,2026-10-01T02:09:43.852554443Z,ACTIVITY_TYPE_TRADE,ussewc-usse-nm-2026-11-03-dem,BUY,ORDER_INTENT_SELL_SHORT,0.98,0.11,CTQXF4TV2YCA,aggressor,-3.3,2026-10-01T02:09:43.851193627Z,0,0,0,1,ORDER_STATE_FILLED,UNSOLICITED_CXL_REASON_UNDEFINED,ORD_REJECT_REASON_EXCHANGE_OPTION,,
1790820586.7,2026-10-01T02:09:46.737796721Z,ACTIVITY_TYPE_TRADE,ussewc-usse-mt-2026-11-03-setbod,BUY,ORDER_INTENT_SELL_SHORT,0.1,0.11,CTQXF4VKYYCA,aggressor,-0.08,2026-10-01T02:09:46.736649187Z,0,0,0,1,ORDER_STATE_FILLED,UNSOLICITED_CXL_REASON_UNDEFINED,ORD_REJECT_REASON_EXCHANGE_OPTION,,
1790820589.2,2026-10-01T02:09:49.246964002Z,ACTIVITY_TYPE_TRADE,ussewc-usse-mt-2026-11-03-rep,BUY,ORDER_INTENT_SELL_SHORT,0.91,0.19,CTQX6EV6JYBY,aggressor,0.17,2026-10-01T02:09:49.245301156Z,0,0,0,1,ORDER_STATE_FILLED,UNSOLICITED_CXL_REASON_UNDEFINED,ORD_REJECT_REASON_EXCHANGE_OPTION,,
1790820591.9,2026-10-01T02:09:51.870970108Z,ACTIVITY_TYPE_TRADE,ussewc-usse-ms-2026-11-03-dem,BUY,ORDER_INTENT_SELL_SHORT,0.1,0.34,CTQXF4X10YCA,aggressor,-0.24,2026-10-01T02:09:51.869820100Z,0,0,0,1,ORDER_STATE_FILLED,UNSOLICITED_CXL_REASON_UNDEFINED,ORD_REJECT_REASON_EXCHANGE_OPTION,,
1790820594.3,2026-10-01T02:09:54.319205135Z,ACTIVITY_TYPE_TRADE,ussewc-usse-ma-2026-11-03-rep,BUY,ORDER_INTENT_BUY_LONG,0.01,0.24,CQ71JM2NMYBQ,passive,-0.02,2026-09-25T14:37:44.251494430Z,131.536,0,0,1,ORDER_STATE_PARTIALLY_FILLED,UNSOLICITED_CXL_REASON_UNDEFINED,ORD_REJECT_REASON_EXCHANGE_OPTION,,
1790820597.1,2026-10-01T02:09:57.101496310Z,ACTIVITY_TYPE_TRADE,ussewc-usse-ma-2026-11-03-dem,BUY,ORDER_INTENT_BUY_LONG,0.98,0.03,CQMS01QM2YB5,passive,0.02,2026-09-26T06:48:09.411409955Z,115.363,0,0,1,ORDER_STATE_PARTIALLY_FILLED,UNSOLICITED_CXL_REASON_UNDEFINED,ORD_REJECT_REASON_EXCHANGE_OPTION,,
1790820600.7,2026-10-01T02:10:00.653885429Z,ACTIVITY_TYPE_TRADE,ussewc-usse-ky-2026-11-03-rep,BUY,ORDER_INTENT_SELL_SHORT,0.95,8.99,CQAQ5PQJ4YCC,passive,-152.8,2026-09-25T18:53:16.421269546Z,127.279,-0.01,0,1,ORDER_STATE_PARTIALLY_FILLED,UNSOLICITED_CXL_REASON_UNDEFINED,ORD_REJECT_REASON_EXCHANGE_OPTION,,
1790820603.3,2026-10-01T02:10:03.286381557Z,ACTIVITY_TYPE_TRADE,ussewc-usse-ks-2026-11-03-dem,SELL,ORDER_INTENT_BUY_SHORT,0.33,0.08,CT52B48YPYAQ,passive,-0.05,2026-09-30T04:14:57.578547264Z,21.918,0,0,1,ORDER_STATE_PARTIALLY_FILLED,UNSOLICITED_CXL_REASON_UNDEFINED,ORD_REJECT_REASON_EXCHANGE_OPTION,,
1790820606.0,2026-10-01T02:10:05.985019151Z,ACTIVITY_TYPE_TRADE,ussewc-usse-il-2026-11-03-rep,SELL,ORDER_INTENT_SELL_LONG,0.02,1,CQ5CESPFJYBQ,passive,0,2026-09-25T12:43:31.147028148Z,133.443,0,0,1,ORDER_STATE_PARTIALLY_FILLED,UNSOLICITED_CXL_REASON_UNDEFINED,ORD_REJECT_REASON_EXCHANGE_OPTION,,
1790820608.5,2026-10-01T02:10:08.501141706Z,ACTIVITY_TYPE_TRADE,ussewc-usse-il-2026-11-03-dem,SELL,ORDER_INTENT_BUY_SHORT,0.98,0.03,CSZ2QHMTYYBQ,passive,-0.02,2026-09-29T21:18:22.900748005Z,28.863,0,0,1,ORDER_STATE_PARTIALLY_FILLED,UNSOLICITED_CXL_REASON_UNDEFINED,ORD_REJECT_REASON_EXCHANGE_OPTION,,
1790820611.1,2026-10-01T02:10:11.125641994Z,ACTIVITY_TYPE_TRADE,ussewc-usse-id-2026-11-03-rep,BUY,ORDER_INTENT_SELL_SHORT,0.93,0.18,CTQXBZX88YBQ,aggressor,-0.49,2026-10-01T02:10:11.124099563Z,0,0,0,1,ORDER_STATE_FILLED,UNSOLICITED_CXL_REASON_UNDEFINED,ORD_REJECT_REASON_EXCHANGE_OPTION,,
1790820614.7,2026-10-01T02:10:14.677266387Z,ACTIVITY_TYPE_TRADE,ussewc-usse-fl-2026-11-03-rep,BUY,ORDER_INTENT_BUY_LONG,0.9,0.39,CTGP6XAKJYAQ,passive,0.29,2026-09-30T17:47:46.955513006Z,8.374,0,0,1,ORDER_STATE_PARTIALLY_FILLED,UNSOLICITED_CXL_REASON_UNDEFINED,ORD_REJECT_REASON_EXCHANGE_OPTION,,
1790820617.0,2026-10-01T02:10:16.986598993Z,ACTIVITY_TYPE_TRADE,ussewc-usse-fl-2026-11-03-dem,SELL,ORDER_INTENT_BUY_SHORT,0.12,0.25,CSBPPHBXMYBQ,passive,-0.19,2026-09-28T22:47:29.297526855Z,51.38,0,0,1,ORDER_STATE_PARTIALLY_FILLED,UNSOLICITED_CXL_REASON_UNDEFINED,ORD_REJECT_REASON_EXCHANGE_OPTION,,
1790820619.5,2026-10-01T02:10:19.476315853Z,ACTIVITY_TYPE_TRADE,ussewc-usse-ar-2026-11-03-rep,SELL,ORDER_INTENT_BUY_SHORT,0.93,0.07,CS9K7V4FCYBY,passive,0.06,2026-09-28T20:19:29.171166988Z,53.847,0,0,1,ORDER_STATE_PARTIALLY_FILLED,UNSOLICITED_CXL_REASON_UNDEFINED,ORD_REJECT_REASON_EXCHANGE_OPTION,,
1790820622.6,2026-10-01T02:10:22.632042708Z,ACTIVITY_TYPE_TRADE,ussewc-usse-ar-2026-11-03-dem,SELL,ORDER_INTENT_SELL_LONG,0.07,0.26,CTQXNQGB0YC6,aggressor,-0.01,2026-10-01T02:10:22.630529101Z,0,0,0,1,ORDER_STATE_FILLED,UNSOLICITED_CXL_REASON_UNDEFINED,ORD_REJECT_REASON_EXCHANGE_OPTION,,
1790820625.7,2026-10-01T02:10:25.731581937Z,ACTIVITY_TYPE_TRADE,ushrewc-ushr-oh-09-2026-11-03-rep,BUY,ORDER_INTENT_SELL_SHORT,0.28,0.11,CTQXQH7C2YAQ,aggressor,-0.06,2026-10-01T02:10:25.729903491Z,0,0,0,1,ORDER_STATE_FILLED,UNSOLICITED_CXL_REASON_UNDEFINED,ORD_REJECT_REASON_EXCHANGE_OPTION,,
1790820640.5,2026-10-01T02:10:40.517247059Z,ACTIVITY_TYPE_TRADE,ushrewc-ushr-ny-17-2026-11-03-dem,BUY,ORDER_INTENT_BUY_LONG,0.61,48.09,CSSSTWEQYYAQ,passive,-22.5,2026-09-29T15:09:44.301714843Z,35.016,-0.14,0,1,ORDER_STATE_PARTIALLY_FILLED,UNSOLICITED_CXL_REASON_UNDEFINED,ORD_REJECT_REASON_EXCHANGE_OPTION,,
1790820643.2,2026-10-01T02:10:43.206067460Z,ACTIVITY_TYPE_TRADE,ushrewc-ushr-me-02-2026-11-03-rep,BUY,ORDER_INTENT_SELL_SHORT,0.62,0.19,CTQXFC6FGYCC,aggressor,0.02,2026-10-01T02:10:43.204529717Z,0,0,0,1,ORDER_STATE_FILLED,UNSOLICITED_CXL_REASON_UNDEFINED,ORD_REJECT_REASON_EXCHANGE_OPTION,,
1790820645.8,2026-10-01T02:10:45.790124386Z,ACTIVITY_TYPE_TRADE,ushrewc-ushr-me-02-2026-11-03-dem,BUY,ORDER_INTENT_SELL_SHORT,0.35,0.02,CTQXTPK9RYC3,aggressor,-0.01,2026-10-01T02:10:45.788467294Z,0,0,0,1,ORDER_STATE_FILLED,UNSOLICITED_CXL_REASON_UNDEFINED,ORD_REJECT_REASON_EXCHANGE_OPTION,,
1790820648.6,2026-10-01T02:10:48.558507478Z,ACTIVITY_TYPE_TRADE,usgubewc-usgub-wy-2026-11-03-rep,SELL,ORDER_INTENT_SELL_LONG,0.96,10,CTQXXZY1AYBQ,aggressor,-4.91,2026-10-01T02:10:48.556367027Z,0,0.03,0,1,ORDER_STATE_FILLED,UNSOLICITED_CXL_REASON_UNDEFINED,ORD_REJECT_REASON_EXCHANGE_OPTION,,
1790820651.7,2026-10-01T02:10:51.740386947Z,ACTIVITY_TYPE_TRADE,usgubewc-usgub-vt-2026-11-03-rep,SELL,ORDER_INTENT_SELL_LONG,0.82,0.28,CTQXRGWVWYBY,aggressor,0.02,2026-10-01T02:10:51.738629394Z,0,0,0,1,ORDER_STATE_FILLED,UNSOLICITED_CXL_REASON_UNDEFINED,ORD_REJECT_REASON_EXCHANGE_OPTION,,
1790820654.8,2026-10-01T02:10:54.784649218Z,ACTIVITY_TYPE_TRADE,usgubewc-usgub-tx-2026-11-03-rep,SELL,ORDER_INTENT_SELL_LONG,0.8,7.38,CTQXNQV2WYC6,aggressor,-91.43,2026-10-01T02:10:54.782748926Z,0,0.08,0,1,ORDER_STATE_FILLED,UNSOLICITED_CXL_REASON_UNDEFINED,ORD_REJECT_REASON_EXCHANGE_OPTION,,
1790820657.5,2026-10-01T02:10:57.487676513Z,ACTIVITY_TYPE_TRADE,usgubewc-usgub-tx-2026-11-03-dem,BUY,ORDER_INTENT_BUY_LONG,0.21,0.09,CSXJSAG46YB5,passive,-0.24,2026-09-29T19:25:14.094332398Z,30.762,0,0,1,ORDER_STATE_PARTIALLY_FILLED,UNSOLICITED_CXL_REASON_UNDEFINED,ORD_REJECT_REASON_EXCHANGE_OPTION,,
1790820660.1,2026-10-01T02:11:00.111037036Z,ACTIVITY_TYPE_TRADE,usgubewc-usgub-tn-2026-11-03-dem,SELL,ORDER_INTENT_BUY_SHORT,0.07,0.17,CR7XJHMV6YCD,passive,-0.11,2026-09-27T04:53:54.684462613Z,93.285,0,0,1,ORDER_STATE_PARTIALLY_FILLED,UNSOLICITED_CXL_REASON_UNDEFINED,ORD_REJECT_REASON_EXCHANGE_OPTION,,
1790820662.9,2026-10-01T02:11:02.947706240Z,ACTIVITY_TYPE_TRADE,usgubewc-usgub-sd-2026-11-03-rep,SELL,ORDER_INTENT_SELL_LONG,0.95,0.99,CTQXQHKK4YAQ,aggressor,-5.04,2026-10-01T02:11:02.946071887Z,0,0,0,1,ORDER_STATE_FILLED,UNSOLICITED_CXL_REASON_UNDEFINED,ORD_REJECT_REASON_EXCHANGE_OPTION,,
1790820665.4,2026-10-01T02:11:05.407055041Z,ACTIVITY_TYPE_TRADE,usgubewc-usgub-sc-2026-11-03-rep,SELL,ORDER_INTENT_SELL_LONG,0.93,0.63,CTQY76MECYBE,aggressor,-7.36,2026-10-01T02:11:05.405826707Z,0,0,0,1,ORDER_STATE_FILLED,UNSOLICITED_CXL_REASON_UNDEFINED,ORD_REJECT_REASON_EXCHANGE_OPTION,,
1790820670.9,2026-10-01T02:11:10.881753491Z,ACTIVITY_TYPE_TRADE,usgubewc-usgub-ri-2026-11-03-dem,BUY,ORDER_INTENT_BUY_LONG,0.98,126.01,CR7ZW9BN8YCA,passive,-202.03,2026-09-27T04:58:38.572791943Z,93.209,-0.03,0,1,ORDER_STATE_PARTIALLY_FILLED,UNSOLICITED_CXL_REASON_UNDEFINED,ORD_REJECT_REASON_EXCHANGE_OPTION,,
1790820670.9,2026-10-01T02:11:10.881753491Z,ACTIVITY_TYPE_TRADE,usgubewc-usgub-ri-2026-11-03-dem,BUY,ORDER_INTENT_BUY_LONG,0.98,0.87,CQ9BGSF2RYBE,passive,-1.39,2026-09-25T17:20:35.538925700Z,128.843,0,0,1,ORDER_STATE_FILLED,UNSOLICITED_CXL_REASON_UNDEFINED,ORD_REJECT_REASON_EXCHANGE_OPTION,,
1790820673.4,2026-10-01T02:11:13.423114768Z,ACTIVITY_TYPE_TRADE,usgubewc-usgub-pa-2026-11-03-dem,BUY,ORDER_INTENT_SELL_SHORT,0.98,0.09,CTQY9PHY8YBY,aggressor,-0.01,2026-10-01T02:11:13.421618090Z,0,0,0,1,ORDER_STATE_FILLED,UNSOLICITED_CXL_REASON_UNDEFINED,ORD_REJECT_REASON_EXCHANGE_OPTION,,
1790820676.0,2026-10-01T02:11:16.004239573Z,ACTIVITY_TYPE_TRADE,usgubewc-usgub-or-2026-11-03-rep,BUY,ORDER_INTENT_SELL_SHORT,0.17,0.01,CTQY76QYJYBE,aggressor,-0,2026-10-01T02:11:16.002331028Z,0,0,0,1,ORDER_STATE_FILLED,UNSOLICITED_CXL_REASON_UNDEFINED,ORD_REJECT_REASON_EXCHANGE_OPTION,,
1790820678.5,2026-10-01T02:11:18.486021445Z,ACTIVITY_TYPE_TRADE,usgubewc-usgub-ok-2026-11-03-rep,SELL,ORDER_INTENT_SELL_LONG,0.92,0.07,CQ5KW2T4EYCA,passive,-0.05,2026-09-25T12:58:21.540613117Z,133.216,0,0,1,ORDER_STATE_PARTIALLY_FILLED,UNSOLICITED_CXL_REASON_UNDEFINED,ORD_REJECT_REASON_EXCHANGE_OPTION,,
1790820681.4,2026-10-01T02:11:21.407962824Z,ACTIVITY_TYPE_TRADE,usgubewc-usgub-ny-2026-11-03-dem,SELL,ORDER_INTENT_SELL_LONG,0.95,0.43,CSHHZCW0JYCA,passive,0.19,2026-09-29T05:38:20.724059749Z,44.55,0,0,1,ORDER_STATE_PARTIALLY_FILLED,UNSOLICITED_CXL_REASON_UNDEFINED,ORD_REJECT_REASON_EXCHANGE_OPTION,,
1790820685.2,2026-10-01T02:11:25.192298794Z,ACTIVITY_TYPE_TRADE,usgubewc-usgub-ne-2026-11-03-rep,SELL,ORDER_INTENT_SELL_LONG,0.9,25.15,CTQY91YKAYAQ,aggressor,-15.83,2026-10-01T02:11:25.190806074Z,0,0.16,0,1,ORDER_STATE_FILLED,UNSOLICITED_CXL_REASON_UNDEFINED,ORD_REJECT_REASON_EXCHANGE_OPTION,,
1790820685.2,2026-10-01T02:11:25.192298794Z,ACTIVITY_TYPE_TRADE,usgubewc-usgub-ne-2026-11-03-rep,SELL,ORDER_INTENT_SELL_LONG,0.9,5,CTQY91YKAYAQ,aggressor,-3.15,2026-10-01T02:11:25.190806074Z,0,0.03,0,1,ORDER_STATE_PARTIALLY_FILLED,UNSOLICITED_CXL_REASON_UNDEFINED,ORD_REJECT_REASON_EXCHANGE_OPTION,,
1790820688.8,2026-10-01T02:11:28.790459531Z,ACTIVITY_TYPE_TRADE,usgubewc-usgub-me-2026-11-03-dem,BUY,ORDER_INTENT_SELL_SHORT,0.96,0.02,CTQYCM2TJYC3,aggressor,0.02,2026-10-01T02:11:28.788922737Z,0,0,0,1,ORDER_STATE_FILLED,UNSOLICITED_CXL_REASON_UNDEFINED,ORD_REJECT_REASON_EXCHANGE_OPTION,,
1790820691.5,2026-10-01T02:11:31.508433025Z,ACTIVITY_TYPE_TRADE,usgubewc-usgub-md-2026-11-03-rep,BUY,ORDER_INTENT_SELL_SHORT,0.05,0.13,CTQYF17E6YBQ,aggressor,-0.19,2026-10-01T02:11:31.506574612Z,0,0,0,1,ORDER_STATE_FILLED,UNSOLICITED_CXL_REASON_UNDEFINED,ORD_REJECT_REASON_EXCHANGE_OPTION,,
1790820694.4,2026-10-01T02:11:34.350391422Z,ACTIVITY_TYPE_TRADE,usgubewc-usgub-md-2026-11-03-dem,SELL,ORDER_INTENT_SELL_LONG,0.95,5.01,CTQYK7NZ2YCA,aggressor,-44.75,2026-10-01T02:11:34.348683246Z,0,0.02,0,1,ORDER_STATE_FILLED,UNSOLICITED_CXL_REASON_UNDEFINED,ORD_REJECT_REASON_EXCHANGE_OPTION,,
1790820694.4,2026-10-01T02:11:34.350391422Z,ACTIVITY_TYPE_TRADE,usgubewc-usgub-md-2026-11-03-dem,SELL,ORDER_INTENT_SELL_LONG,0.95,4.43,CTQYK7NZ2YCA,aggressor,-39.56,2026-10-01T02:11:34.348683246Z,0,0.01,0,1,ORDER_STATE_PARTIALLY_FILLED,UNSOLICITED_CXL_REASON_UNDEFINED,ORD_REJECT_REASON_EXCHANGE_OPTION,,
1790820694.4,2026-10-01T02:11:34.350391422Z,ACTIVITY_TYPE_TRADE,usgubewc-usgub-md-2026-11-03-dem,SELL,ORDER_INTENT_SELL_LONG,0.95,16.84,CTQYK7NZ2YCA,aggressor,-150.41,2026-10-01T02:11:34.348683246Z,0,0.06,0,1,ORDER_STATE_PARTIALLY_FILLED,UNSOLICITED_CXL_REASON_UNDEFINED,ORD_REJECT_REASON_EXCHANGE_OPTION,,
1790820698.0,2026-10-01T02:11:37.959161590Z,ACTIVITY_TYPE_TRADE,usgubewc-usgub-ma-2026-11-03-rep,SELL,ORDER_INTENT_SELL_LONG,0.04,0.07,CTQYK7Q60YCA,aggressor,-0.07,2026-10-01T02:11:37.957822229Z,0,0,0,1,ORDER_STATE_FILLED,UNSOLICITED_CXL_REASON_UNDEFINED,ORD_REJECT_REASON_EXCHANGE_OPTION,,
1790820700.5,2026-10-01T02:11:40.521962808Z,ACTIVITY_TYPE_TRADE,usgubewc-usgub-id-2026-11-03-rep,SELL,ORDER_INTENT_SELL_LONG,0.95,0.23,CTQY923CTYAQ,aggressor,-0.52,2026-10-01T02:11:40.520522389Z,0,0,0,1,ORDER_STATE_FILLED,UNSOLICITED_CXL_REASON_UNDEFINED,ORD_REJECT_REASON_EXCHANGE_OPTION,,
1790820703.2,2026-10-01T02:11:43.224695263Z,ACTIVITY_TYPE_TRADE,usgubewc-usgub-fl-2026-11-03-rep,SELL,ORDER_INTENT_BUY_SHORT,0.78,0.02,CTP4NTWBWYCC,passive,-0.04,2026-10-01T00:05:54.075169500Z,2.097,0,0,1,ORDER_STATE_PARTIALLY_FILLED,UNSOLICITED_CXL_REASON_UNDEFINED,ORD_REJECT_REASON_EXCHANGE_OPTION,,
1790820705.7,2026-10-01T02:11:45.709170488Z,ACTIVITY_TYPE_TRADE,usgubewc-usgub-fl-2026-11-03-dem,SELL,ORDER_INTENT_SELL_LONG,0.22,0.42,CTP7AJVVWYC6,passive,-0.23,2026-10-01T00:12:26.668782804Z,1.989,0,0,1,ORDER_STATE_PARTIALLY_FILLED,UNSOLICITED_CXL_REASON_UNDEFINED,ORD_REJECT_REASON_EXCHANGE_OPTION,,
1790820708.3,2026-10-01T02:11:48.280814426Z,ACTIVITY_TYPE_TRADE,usgubewc-usgub-ct-2026-11-03-dem,SELL,ORDER_INTENT_SELL_LONG,0.95,0.01,CTQY9261PYAQ,aggressor,0.01,2026-10-01T02:11:48.279182048Z,0,0,0,1,ORDER_STATE_FILLED,UNSOLICITED_CXL_REASON_UNDEFINED,ORD_REJECT_REASON_EXCHANGE_OPTION,,
1790820710.9,2026-10-01T02:11:50.907276008Z,ACTIVITY_TYPE_TRADE,usgubewc-usgub-ar-2026-11-03-rep,BUY,ORDER_INTENT_BUY_LONG,0.97,0.44,CQ5H6EVT6YBQ,passive,-2.33,2026-09-25T12:53:56.531337148Z,133.298,0,0,1,ORDER_STATE_PARTIALLY_FILLED,UNSOLICITED_CXL_REASON_UNDEFINED,ORD_REJECT_REASON_EXCHANGE_OPTION,,
1790820713.2,2026-10-01T02:11:53.242253816Z,ACTIVITY_TYPE_TRADE,usgubewc-usgub-ar-2026-11-03-dem,BUY,ORDER_INTENT_BUY_LONG,0.01,0.23,CQ6YXS2GGYCD,passive,-0.3,2026-09-25T14:31:45.376374730Z,131.669,0,0,1,ORDER_STATE_PARTIALLY_FILLED,UNSOLICITED_CXL_REASON_UNDEFINED,ORD_REJECT_REASON_EXCHANGE_OPTION,,
1790820716.9,2026-10-01T02:11:56.898657554Z,ACTIVITY_TYPE_TRADE,usgubewc-usgub-al-2026-11-03-rep,BUY,ORDER_INTENT_BUY_LONG,0.91,7.97,CTMRSNXFGYBY,passive,-48.8,2026-09-30T22:33:17.661194845Z,3.644,-0.01,0,1,ORDER_STATE_PARTIALLY_FILLED,UNSOLICITED_CXL_REASON_UNDEFINED,ORD_REJECT_REASON_EXCHANGE_OPTION,,
1790820716.9,2026-10-01T02:11:56.898657554Z,ACTIVITY_TYPE_TRADE,usgubewc-usgub-al-2026-11-03-rep,SELL,ORDER_INTENT_SELL_LONG,0.91,1.11,CTQY9PZ8YYBY,aggressor,-6.8,2026-10-01T02:11:56.896937179Z,0,0.01,0,1,ORDER_STATE_PARTIALLY_FILLED,UNSOLICITED_CXL_REASON_UNDEFINED,ORD_REJECT_REASON_EXCHANGE_OPTION,,
1790820716.9,2026-10-01T02:11:56.898657554Z,ACTIVITY_TYPE_TRADE,usgubewc-usgub-al-2026-11-03-rep,BUY,ORDER_INTENT_BUY_LONG,0.91,4,CTCRMDBBCYB5,passive,-24.49,2026-09-30T13:15:30.795595303Z,12.941,0,0,1,ORDER_STATE_FILLED,UNSOLICITED_CXL_REASON_UNDEFINED,ORD_REJECT_REASON_EXCHANGE_OPTION,,
1790820716.9,2026-10-01T02:11:56.898657554Z,ACTIVITY_TYPE_TRADE,usgubewc-usgub-al-2026-11-03-rep,BUY,ORDER_INTENT_BUY_LONG,0.91,50,CSVF3YYMWYB5,passive,-306.1,2026-09-29T17:03:14.888763432Z,33.145,-0.05,0,1,ORDER_STATE_FILLED,UNSOLICITED_CXL_REASON_UNDEFINED,ORD_REJECT_REASON_EXCHANGE_OPTION,,
1790820716.9,2026-10-01T02:11:56.898657554Z,ACTIVITY_TYPE_TRADE,usgubewc-usgub-al-2026-11-03-rep,BUY,ORDER_INTENT_BUY_LONG,0.91,1,CSJXWW4A8YBQ,passive,-6.13,2026-09-29T07:12:48.854690437Z,42.986,0,0,1,ORDER_STATE_FILLED,UNSOLICITED_CXL_REASON_UNDEFINED,ORD_REJECT_REASON_EXCHANGE_OPTION,,
1790820716.9,2026-10-01T02:11:56.898657554Z,ACTIVITY_TYPE_TRADE,usgubewc-usgub-al-2026-11-03-rep,BUY,ORDER_INTENT_BUY_LONG,0.91,5.92,CSJXCD3WPYCC,passive,-36.24,2026-09-29T07:11:17.713247544Z,43.011,-0.01,0,1,ORDER_STATE_FILLED,UNSOLICITED_CXL_REASON_UNDEFINED,ORD_REJECT_REASON_EXCHANGE_OPTION,,
1790820723.0,2026-10-01T02:12:03.023532188Z,ACTIVITY_TYPE_TRADE,scc-senate-demst-2026-11-03-gte51,SELL,ORDER_INTENT_SELL_LONG,0.57,0.11,CTQYC4N7RYB5,aggressor,-0.1,2026-10-01T02:12:03.022314498Z,0,0,0,1,ORDER_STATE_FILLED,UNSOLICITED_CXL_REASON_UNDEFINED,ORD_REJECT_REASON_EXCHANGE_OPTION,,
1790820723.0,2026-10-01T02:12:03.023532188Z,ACTIVITY_TYPE_TRADE,scc-senate-demst-2026-11-03-gte51,SELL,ORDER_INTENT_SELL_LONG,0.57,0.09,CTQYC4N7RYB5,aggressor,-0.09,2026-10-01T02:12:03.022314498Z,0,0,0,1,ORDER_STATE_PARTIALLY_FILLED,UNSOLICITED_CXL_REASON_UNDEFINED,ORD_REJECT_REASON_EXCHANGE_OPTION,,
1790820731.2,2026-10-01T02:12:11.205069297Z,ACTIVITY_TYPE_TRADE,ftsc-nfl-wrtop12fp-2027-01-10-romodu,BUY,ORDER_INTENT_BUY_LONG,0.03,0.01,CT7WQEFR0YCC,passive,0,2026-09-30T07:39:53.615402417Z,18.538,0,0,1,ORDER_STATE_FILLED,UNSOLICITED_CXL_REASON_UNDEFINED,ORD_REJECT_REASON_EXCHANGE_OPTION,,
1790820744.4,2026-10-01T02:12:24.373408425Z,ACTIVITY_TYPE_TRADE,ewc-usse-tx-2026-11-03-rep,BUY,ORDER_INTENT_SELL_SHORT,0.38,28,CTM3JKW8EYAQ,passive,-41.63,2026-09-30T21:44:53.357466581Z,4.459,-0.08,0,1,ORDER_STATE_PARTIALLY_FILLED,UNSOLICITED_CXL_REASON_UNDEFINED,ORD_REJECT_REASON_EXCHANGE_OPTION,,
1790820804.5,2026-10-01T02:13:24.548886231Z,ACTIVITY_TYPE_TRADE,ussewc-usse-nm-2026-11-03-rep,SELL,ORDER_INTENT_SELL_LONG,0.02,8,CTQZ35TKTYCC,aggressor,-10.18,2026-10-01T02:13:24.546855042Z,0,0.01,0,1,ORDER_STATE_FILLED,UNSOLICITED_CXL_REASON_UNDEFINED,ORD_REJECT_REASON_EXCHANGE_OPTION,,
1790820804.6,2026-10-01T02:13:24.642140351Z,ACTIVITY_TYPE_TRADE,usgubewc-usgub-sd-2026-11-03-rep,SELL,ORDER_INTENT_SELL_LONG,0.95,1,CTQZ8GMTMYC6,aggressor,-3.22,2026-10-01T02:13:24.640632709Z,0,0,0,1,ORDER_STATE_FILLED,UNSOLICITED_CXL_REASON_UNDEFINED,ORD_REJECT_REASON_EXCHANGE_OPTION,,
1790820804.8,2026-10-01T02:13:24.782051705Z,ACTIVITY_TYPE_TRADE,ussewc-usse-il-2026-11-03-rep,BUY,ORDER_INTENT_SELL_SHORT,0.02,1,CTQZ7NG6TYBE,aggressor,0,2026-10-01T02:13:24.780148776Z,0,0,0,1,ORDER_STATE_FILLED,UNSOLICITED_CXL_REASON_UNDEFINED,ORD_REJECT_REASON_EXCHANGE_OPTION,,
1790820804.8,2026-10-01T02:13:24.847675727Z,ACTIVITY_TYPE_TRADE,vtc-usseto-ri-2026-11-03-gt400k,SELL,ORDER_INTENT_SELL_LONG,0.15,1.1,CTQZAVA0TYC3,aggressor,-0.27,2026-10-01T02:13:24.846209823Z,0,0.01,0,1,ORDER_STATE_PARTIALLY_FILLED,UNSOLICITED_CXL_REASON_UNDEFINED,ORD_REJECT_REASON_EXCHANGE_OPTION,,
1790820804.9,2026-10-01T02:13:24.882870778Z,ACTIVITY_TYPE_TRADE,vtc-usgubto-pa-2026-11-03-gt6pt5m,SELL,ORDER_INTENT_SELL_LONG,0.01,3,CTQZ9KFJGYAQ,aggressor,-0.57,2026-10-01T02:13:24.880959068Z,0,0,0,1,ORDER_STATE_FILLED,UNSOLICITED_CXL_REASON_UNDEFINED,ORD_REJECT_REASON_EXCHANGE_OPTION,,
1790820804.9,2026-10-01T02:13:24.916359042Z,ACTIVITY_TYPE_TRADE,vtc-usgubto-hi-2026-11-03-gt490k,SELL,ORDER_INTENT_SELL_LONG,0.17,1,CTQZEF0K4YBQ,aggressor,-0.27,2026-10-01T02:13:24.915060818Z,0,0.01,0,1,ORDER_STATE_FILLED,UNSOLICITED_CXL_REASON_UNDEFINED,ORD_REJECT_REASON_EXCHANGE_OPTION,,
1790820805.0,2026-10-01T02:13:24.951010845Z,ACTIVITY_TYPE_TRADE,vtc-usseto-nj-2026-11-03-gt2pt4m,BUY,ORDER_INTENT_SELL_SHORT,0.99,1,CTQZ9DCMMYBY,aggressor,0.85,2026-10-01T02:13:24.949797169Z,0,0,0,1,ORDER_STATE_FILLED,UNSOLICITED_CXL_REASON_UNDEFINED,ORD_REJECT_REASON_EXCHANGE_OPTION,,
1790820805.0,2026-10-01T02:13:24.985526945Z,ACTIVITY_TYPE_TRADE,vtc-usseto-nm-2026-11-03-gt550k,BUY,ORDER_INTENT_SELL_SHORT,0.99,1,CTQZ8GMX4YC6,aggressor,0.76,2026-10-01T02:13:24.984039096Z,0,0,0,1,ORDER_STATE_FILLED,UNSOLICITED_CXL_REASON_UNDEFINED,ORD_REJECT_REASON_EXCHANGE_OPTION,,
1790820805.0,2026-10-01T02:13:25.018050651Z,ACTIVITY_TYPE_TRADE,vtc-usgubto-ny-2026-11-03-gt5m,BUY,ORDER_INTENT_SELL_SHORT,0.99,1,CTQZ35TRGYCC,aggressor,0.74,2026-10-01T02:13:25.016298034Z,0,0,0,1,ORDER_STATE_FILLED,UNSOLICITED_CXL_REASON_UNDEFINED,ORD_REJECT_REASON_EXCHANGE_OPTION,,
1790820805.1,2026-10-01T02:13:25.051921537Z,ACTIVITY_TYPE_TRADE,vtc-usseto-la-2026-11-03-gt1pt1m,BUY,ORDER_INTENT_SELL_SHORT,0.98,0.17,CTQZ9DCN4YBY,aggressor,0.1,2026-10-01T02:13:25.050664706Z,0,0,0,1,ORDER_STATE_PARTIALLY_FILLED,UNSOLICITED_CXL_REASON_UNDEFINED,ORD_REJECT_REASON_EXCHANGE_OPTION,,
1790820805.4,2026-10-01T02:13:25.383409335Z,ACTIVITY_TYPE_TRADE,vtc-usseto-wy-2026-11-03-gt250k,SELL,ORDER_INTENT_SELL_LONG,0.03,1,CTQZ9XKPPYCD,aggressor,-0.28,2026-10-01T02:13:25.381673224Z,0,0,0,1,ORDER_STATE_FILLED,UNSOLICITED_CXL_REASON_UNDEFINED,ORD_REJECT_REASON_EXCHANGE_OPTION,,
1790820805.5,2026-10-01T02:13:25.473582210Z,ACTIVITY_TYPE_TRADE,vmc-ussemov-ky-2026-11-03-dwin,SELL,ORDER_INTENT_SELL_LONG,0.01,1,CTQZ8GN20YC6,aggressor,-0.11,2026-10-01T02:13:25.471964232Z,0,0,0,1,ORDER_STATE_FILLED,UNSOLICITED_CXL_REASON_UNDEFINED,ORD_REJECT_REASON_EXCHANGE_OPTION,,
1790820805.5,2026-10-01T02:13:25.505004315Z,ACTIVITY_TYPE_TRADE,vtc-usseto-de-2026-11-03-gt475k,SELL,ORDER_INTENT_SELL_LONG,0.01,3,CTQZ35TWRYCC,aggressor,-0.72,2026-10-01T02:13:25.503208620Z,0,0,0,1,ORDER_STATE_FILLED,UNSOLICITED_CXL_REASON_UNDEFINED,ORD_REJECT_REASON_EXCHANGE_OPTION,,
1790820805.5,2026-10-01T02:13:25.536667781Z,ACTIVITY_TYPE_TRADE,cpoc-ussegubc-ga-2026-11-03-rgov-dsen,BUY,ORDER_INTENT_SELL_SHORT,0.46,1,CTQZ9DCV8YBY,aggressor,-0.24,2026-10-01T02:13:25.535269567Z,0,0.02,0,1,ORDER_STATE_FILLED,UNSOLICITED_CXL_REASON_UNDEFINED,ORD_REJECT_REASON_EXCHANGE_OPTION,,
1790820805.9,2026-10-01T02:13:25.852420934Z,ACTIVITY_TYPE_TRADE,vtc-usseto-tx-2026-11-03-gt9pt6m,SELL,ORDER_INTENT_SELL_LONG,0.37,1,CTQZAVAD8YC3,aggressor,-0.6,2026-10-01T02:13:25.850757080Z,0,0.02,0,1,ORDER_STATE_FILLED,UNSOLICITED_CXL_REASON_UNDEFINED,ORD_REJECT_REASON_EXCHANGE_OPTION,,
1790820805.9,2026-10-01T02:13:25.885423192Z,ACTIVITY_TYPE_TRADE,vmc-ussemov-nj-2026-11-03-d15-20,BUY,ORDER_INTENT_SELL_SHORT,0.4,1,CTQZ9XKVJYCD,aggressor,-0.56,2026-10-01T02:13:25.884153339Z,0,0.02,0,1,ORDER_STATE_FILLED,UNSOLICITED_CXL_REASON_UNDEFINED,ORD_REJECT_REASON_EXCHANGE_OPTION,,
1790820805.9,2026-10-01T02:13:25.920118179Z,ACTIVITY_TYPE_TRADE,vmc-ussemov-nj-2026-11-03-d20-25,BUY,ORDER_INTENT_SELL_SHORT,0.34,0.1,CTQZEF11YYBQ,aggressor,-0.06,2026-10-01T02:13:25.918913838Z,0,0,0,1,ORDER_STATE_PARTIALLY_FILLED,UNSOLICITED_CXL_REASON_UNDEFINED,ORD_REJECT_REASON_EXCHANGE_OPTION,,
1790820806.0,2026-10-01T02:13:25.951736698Z,ACTIVITY_TYPE_TRADE,vtc-usgubto-nv-2026-11-03-gt1pt05m,SELL,ORDER_INTENT_SELL_LONG,0.73,0.1,CTQZ35V3MYCC,aggressor,-0.01,2026-10-01T02:13:25.949939900Z,0,0,0,1,ORDER_STATE_PARTIALLY_FILLED,UNSOLICITED_CXL_REASON_UNDEFINED,ORD_REJECT_REASON_EXCHANGE_OPTION,,
1790820806.0,2026-10-01T02:13:25.986829791Z,ACTIVITY_TYPE_TRADE,vtc-usgubto-vt-2026-11-03-gt325k,SELL,ORDER_INTENT_SELL_LONG,0.27,1,CTQZ9XKWJYCD,aggressor,-0.47,2026-10-01T02:13:25.985359271Z,0,0.01,0,1,ORDER_STATE_FILLED,UNSOLICITED_CXL_REASON_UNDEFINED,ORD_REJECT_REASON_EXCHANGE_OPTION,,
1790820806.0,2026-10-01T02:13:26.049656182Z,ACTIVITY_TYPE_TRADE,vmc-ushrmov-ca-47-2026-11-03-rwin,BUY,ORDER_INTENT_SELL_SHORT,0.05,9,CTQZ35V52YCC,aggressor,-8.4,2026-10-01T02:13:26.047632523Z,0,0.03,0,1,ORDER_STATE_FILLED,UNSOLICITED_CXL_REASON_UNDEFINED,ORD_REJECT_REASON_EXCHANGE_OPTION,,
1790820806.1,2026-10-01T02:13:26.083729870Z,ACTIVITY_TYPE_TRADE,vtc-usseto-ks-2026-11-03-gt1m,SELL,ORDER_INTENT_SELL_LONG,0.67,1,CTQZ9DD8CYBY,aggressor,-0.16,2026-10-01T02:13:26.082031907Z,0,0.02,0,1,ORDER_STATE_FILLED,UNSOLICITED_CXL_REASON_UNDEFINED,ORD_REJECT_REASON_EXCHANGE_OPTION,,
1790820806.1,2026-10-01T02:13:26.116057792Z,ACTIVITY_TYPE_TRADE,vtc-usseto-il-2026-11-03-gt4pt5m,BUY,ORDER_INTENT_SELL_SHORT,0.32,1,CTQZAVAGAYC3,aggressor,-0.64,2026-10-01T02:13:26.114362324Z,0,0.02,0,1,ORDER_STATE_FILLED,UNSOLICITED_CXL_REASON_UNDEFINED,ORD_REJECT_REASON_EXCHANGE_OPTION,,
1790820806.2,2026-10-01T02:13:26.151321778Z,ACTIVITY_TYPE_TRADE,vtc-usseto-de-2026-11-03-gt325k,SELL,ORDER_INTENT_SELL_LONG,0.01,1,CTQZBVCDEYB5,aggressor,-0.86,2026-10-01T02:13:26.150271487Z,0,0,0,1,ORDER_STATE_FILLED,UNSOLICITED_CXL_REASON_UNDEFINED,ORD_REJECT_REASON_EXCHANGE_OPTION,,
1790820806.2,2026-10-01T02:13:26.183067504Z,ACTIVITY_TYPE_TRADE,vtc-usseto-mi-2026-11-03-gt5pt6m,SELL,ORDER_INTENT_SELL_LONG,0.1,1,CTQZJVED6YCA,aggressor,-0.06,2026-10-01T02:13:26.181734225Z,0,0.01,0,1,ORDER_STATE_FILLED,UNSOLICITED_CXL_REASON_UNDEFINED,ORD_REJECT_REASON_EXCHANGE_OPTION,,
1790820806.2,2026-10-01T02:13:26.211588059Z,ACTIVITY_TYPE_TRADE,vtc-usgubto-hi-2026-11-03-gt460k,BUY,ORDER_INTENT_SELL_SHORT,0.99,1,CTQZ7NGP6YBE,aggressor,0.14,2026-10-01T02:13:26.210274552Z,0,0,0,1,ORDER_STATE_FILLED,UNSOLICITED_CXL_REASON_UNDEFINED,ORD_REJECT_REASON_EXCHANGE_OPTION,,
1790820806.2,2026-10-01T02:13:26.245821896Z,ACTIVITY_TYPE_TRADE,vtc-usseto-fl-2026-11-03-gt8pt25m,BUY,ORDER_INTENT_SELL_SHORT,0.56,0.1,CTQZ8GNA2YC6,aggressor,-0.02,2026-10-01T02:13:26.244303721Z,0,0,0,1,ORDER_STATE_PARTIALLY_FILLED,UNSOLICITED_CXL_REASON_UNDEFINED,ORD_REJECT_REASON_EXCHANGE_OPTION,,
1790820806.3,2026-10-01T02:13:26.312011323Z,ACTIVITY_TYPE_TRADE,vtc-usseto-ar-2026-11-03-gt900k,BUY,ORDER_INTENT_SELL_SHORT,0.84,1,CTQZAVAKGYC3,aggressor,0.5,2026-10-01T02:13:26.310342878Z,0,0.01,0,1,ORDER_STATE_FILLED,UNSOLICITED_CXL_REASON_UNDEFINED,ORD_REJECT_REASON_EXCHANGE_OPTION,,
1790820806.3,2026-10-01T02:13:26.344581454Z,ACTIVITY_TYPE_TRADE,vtc-usseto-fl-2026-11-03-gt8m,BUY,ORDER_INTENT_SELL_SHORT,0.99,1,CTQZ8GNB6YC6,aggressor,0.47,2026-10-01T02:13:26.342970187Z,0,0,0,1,ORDER_STATE_FILLED,UNSOLICITED_CXL_REASON_UNDEFINED,ORD_REJECT_REASON_EXCHANGE_OPTION,,
1790820806.4,2026-10-01T02:13:26.376936119Z,ACTIVITY_TYPE_TRADE,usgubewc-usgub-sc-2026-11-03-rep,SELL,ORDER_INTENT_SELL_LONG,0.93,1,CTQZJVEGCYCA,aggressor,-10.15,2026-10-01T02:13:26.375360631Z,0,0,0,1,ORDER_STATE_FILLED,UNSOLICITED_CXL_REASON_UNDEFINED,ORD_REJECT_REASON_EXCHANGE_OPTION,,
1790820806.4,2026-10-01T02:13:26.410454014Z,ACTIVITY_TYPE_TRADE,vtc-usseto-id-2026-11-03-gt680k,SELL,ORDER_INTENT_SELL_LONG,0.01,1,CTQZ9DDE8YBY,aggressor,-0.44,2026-10-01T02:13:26.409254131Z,0,0,0,1,ORDER_STATE_FILLED,UNSOLICITED_CXL_REASON_UNDEFINED,ORD_REJECT_REASON_EXCHANGE_OPTION,,
1790820806.6,2026-10-01T02:13:26.580760309Z,ACTIVITY_TYPE_TRADE,vtc-usseto-wy-2026-11-03-gt210k,SELL,ORDER_INTENT_SELL_LONG,0.02,1,CTQZEF1CPYBQ,aggressor,-0.51,2026-10-01T02:13:26.579669695Z,0,0,0,1,ORDER_STATE_FILLED,UNSOLICITED_CXL_REASON_UNDEFINED,ORD_REJECT_REASON_EXCHANGE_OPTION,,
1790820806.7,2026-10-01T02:13:26.705923216Z,ACTIVITY_TYPE_TRADE,vtc-usseto-mi-2026-11-03-gt4pt8m,BUY,ORDER_INTENT_SELL_SHORT,0.99,1,CTQZBVCQAYB5,aggressor,0.29,2026-10-01T02:13:26.703902843Z,0,0,0,1,ORDER_STATE_FILLED,UNSOLICITED_CXL_REASON_UNDEFINED,ORD_REJECT_REASON_EXCHANGE_OPTION,,
1790820806.8,2026-10-01T02:13:26.844095888Z,ACTIVITY_TYPE_TRADE,vtc-usgubto-md-2026-11-03-gt2pt15m,BUY,ORDER_INTENT_SELL_SHORT,0.99,1,CTQZ8GNJ0YC6,aggressor,0.2,2026-10-01T02:13:26.842414432Z,0,0,0,1,ORDER_STATE_FILLED,UNSOLICITED_CXL_REASON_UNDEFINED,ORD_REJECT_REASON_EXCHANGE_OPTION,,
1790820806.9,2026-10-01T02:13:26.896494973Z,ACTIVITY_TYPE_TRADE,vtc-usgubto-ny-2026-11-03-gt6m,BUY,ORDER_INTENT_SELL_SHORT,0.58,1,CTQZJVEN0YCA,aggressor,-0,2026-10-01T02:13:26.895074121Z,0,0.02,0,1,ORDER_STATE_FILLED,UNSOLICITED_CXL_REASON_UNDEFINED,ORD_REJECT_REASON_EXCHANGE_OPTION,,
1790820806.9,2026-10-01T02:13:26.932191600Z,ACTIVITY_TYPE_TRADE,vtc-usgubto-ny-2026-11-03-gt6pt5m,SELL,ORDER_INTENT_SELL_LONG,0.01,1,CTQZ35VDYYCC,aggressor,-0.5,2026-10-01T02:13:26.930308249Z,0,0,0,1,ORDER_STATE_FILLED,UNSOLICITED_CXL_REASON_UNDEFINED,ORD_REJECT_REASON_EXCHANGE_OPTION,,
1790820807.0,2026-10-01T02:13:26.968936934Z,ACTIVITY_TYPE_TRADE,vtc-usseto-al-2026-11-03-gt1pt7m,SELL,ORDER_INTENT_SELL_LONG,0.22,1,CTQZJVENCYCA,aggressor,-0.31,2026-10-01T02:13:26.967564345Z,0,0.01,0,1,ORDER_STATE_FILLED,UNSOLICITED_CXL_REASON_UNDEFINED,ORD_REJECT_REASON_EXCHANGE_OPTION,,
1790820807.0,2026-10-01T02:13:27.004344276Z,ACTIVITY_TYPE_TRADE,vtc-usseto-mn-2026-11-03-gt2pt75m,BUY,ORDER_INTENT_SELL_SHORT,0.46,0.1,CTQZ9XM8AYCD,aggressor,-0.05,2026-10-01T02:13:27.003027305Z,0,0,0,1,ORDER_STATE_PARTIALLY_FILLED,UNSOLICITED_CXL_REASON_UNDEFINED,ORD_REJECT_REASON_EXCHANGE_OPTION,,
1790820807.1,2026-10-01T02:13:27.067088728Z,ACTIVITY_TYPE_TRADE,vtc-usseto-ok-2026-11-03-gt900k,BUY,ORDER_INTENT_SELL_SHORT,0.99,1,CTQZBVCV8YB5,aggressor,0.84,2026-10-01T02:13:27.065646829Z,0,0,0,1,ORDER_STATE_FILLED,UNSOLICITED_CXL_REASON_UNDEFINED,ORD_REJECT_REASON_EXCHANGE_OPTION,,
1790820807.1,2026-10-01T02:13:27.095891177Z,ACTIVITY_TYPE_TRADE,vmc-ussemov-ky-2026-11-03-r0-10,SELL,ORDER_INTENT_SELL_LONG,0.02,1,CTQZ8GNPGYC6,aggressor,-0.18,2026-10-01T02:13:27.094275200Z,0,0,0,1,ORDER_STATE_FILLED,UNSOLICITED_CXL_REASON_UNDEFINED,ORD_REJECT_REASON_EXCHANGE_OPTION,,
1790820807.1,2026-10-01T02:13:27.127798021Z,ACTIVITY_TYPE_TRADE,vmc-ussemov-ky-2026-11-03-r10-15,SELL,ORDER_INTENT_SELL_LONG,0.18,1,CTQZ9XMAGYCD,aggressor,-0.05,2026-10-01T02:13:27.125746678Z,0,0.01,0,1,ORDER_STATE_FILLED,UNSOLICITED_CXL_REASON_UNDEFINED,ORD_REJECT_REASON_EXCHANGE_OPTION,,
1790820807.2,2026-10-01T02:13:27.165200096Z,ACTIVITY_TYPE_TRADE,vtc-usgubto-vt-2026-11-03-gt275k,BUY,ORDER_INTENT_SELL_SHORT,0.98,1,CTQZ35VH0YCC,aggressor,0.67,2026-10-01T02:13:27.163519561Z,0,0,0,1,ORDER_STATE_FILLED,UNSOLICITED_CXL_REASON_UNDEFINED,ORD_REJECT_REASON_EXCHANGE_OPTION,,
1790820807.2,2026-10-01T02:13:27.233089498Z,ACTIVITY_TYPE_TRADE,vmc-ussemov-id-2026-11-03-rgte40,SELL,ORDER_INTENT_SELL_LONG,0.02,1,CTQZEF1K2YBQ,aggressor,-0.09,2026-10-01T02:13:27.231980738Z,0,0,0,1,ORDER_STATE_FILLED,UNSOLICITED_CXL_REASON_UNDEFINED,ORD_REJECT_REASON_EXCHANGE_OPTION,,
1790820807.3,2026-10-01T02:13:27.295830333Z,ACTIVITY_TYPE_TRADE,vmc-usgubmov-ga-2026-11-03-r0-3,SELL,ORDER_INTENT_SELL_LONG,0.1,0.1,CTQZ35VJ0YCC,aggressor,-0.01,2026-10-01T02:13:27.294124470Z,0,0,0,1,ORDER_STATE_FILLED,UNSOLICITED_CXL_REASON_UNDEFINED,ORD_REJECT_REASON_EXCHANGE_OPTION,,
1790820807.3,2026-10-01T02:13:27.295830333Z,ACTIVITY_TYPE_TRADE,vmc-usgubmov-ga-2026-11-03-r0-3,SELL,ORDER_INTENT_SELL_LONG,0.1,0.9,CTQZ35VJ0YCC,aggressor,-0.14,2026-10-01T02:13:27.294124470Z,0,0.01,0,1,ORDER_STATE_PARTIALLY_FILLED,UNSOLICITED_CXL_REASON_UNDEFINED,ORD_REJECT_REASON_EXCHANGE_OPTION,,
1790820807.3,2026-10-01T02:13:27.327560972Z,ACTIVITY_TYPE_TRADE,vmc-usgubmov-ga-2026-11-03-r9-12,SELL,ORDER_INTENT_SELL_LONG,0.05,1,CTQZJVESTYCA,aggressor,-0.16,2026-10-01T02:13:27.325980905Z,0,0,0,1,ORDER_STATE_FILLED,UNSOLICITED_CXL_REASON_UNDEFINED,ORD_REJECT_REASON_EXCHANGE_OPTION,,
1790820807.4,2026-10-01T02:13:27.358702005Z,ACTIVITY_TYPE_TRADE,vmc-usgubmov-vt-2026-11-03-dwin,BUY,ORDER_INTENT_SELL_SHORT,0.22,1,CTQZ35VJJYCC,aggressor,-0.67,2026-10-01T02:13:27.357131878Z,0,0.01,0,1,ORDER_STATE_FILLED,UNSOLICITED_CXL_REASON_UNDEFINED,ORD_REJECT_REASON_EXCHANGE_OPTION,,
1790820807.4,2026-10-01T02:13:27.441508882Z,ACTIVITY_TYPE_TRADE,vmc-usgubmov-vt-2026-11-03-r20-25,SELL,ORDER_INTENT_SELL_LONG,0.03,2,CTQZBVCZCYB5,aggressor,-0.16,2026-10-01T02:13:27.440181849Z,0,0,0,1,ORDER_STATE_FILLED,UNSOLICITED_CXL_REASON_UNDEFINED,ORD_REJECT_REASON_EXCHANGE_OPTION,,
1790820807.5,2026-10-01T02:13:27.513999348Z,ACTIVITY_TYPE_TRADE,vmc-usgubmov-il-2026-11-03-d20-25,SELL,ORDER_INTENT_SELL_LONG,0.2,1,CTQZAVAXMYC3,aggressor,-0.01,2026-10-01T02:13:27.512645549Z,0,0.01,0,1,ORDER_STATE_FILLED,UNSOLICITED_CXL_REASON_UNDEFINED,ORD_REJECT_REASON_EXCHANGE_OPTION,,
1790820807.5,2026-10-01T02:13:27.546992779Z,ACTIVITY_TYPE_TRADE,vmc-usgubmov-il-2026-11-03-d0-5,SELL,ORDER_INTENT_SELL_LONG,0.1,1,CTQZJVEWMYCA,aggressor,-0.01,2026-10-01T02:13:27.545358763Z,0,0.01,0,1,ORDER_STATE_FILLED,UNSOLICITED_CXL_REASON_UNDEFINED,ORD_REJECT_REASON_EXCHANGE_OPTION,,
1790820807.6,2026-10-01T02:13:27.579753277Z,ACTIVITY_TYPE_TRADE,vtc-usseto-ms-2026-11-03-gt600k,BUY,ORDER_INTENT_SELL_SHORT,0.99,1,CTQZ8GNZAYC6,aggressor,0.81,2026-10-01T02:13:27.578047536Z,0,0,0,1,ORDER_STATE_FILLED,UNSOLICITED_CXL_REASON_UNDEFINED,ORD_REJECT_REASON_EXCHANGE_OPTION,,
1790820822.7,2026-10-01T02:13:42.692599860Z,ACTIVITY_TYPE_TRADE,vtc-usseto-tx-2026-11-03-gt9pt2m,BUY,ORDER_INTENT_SELL_SHORT,0.98,1,CTQZJVMH6YCA,aggressor,0.84,2026-10-01T02:13:42.691166630Z,0,0,0,1,ORDER_STATE_FILLED,UNSOLICITED_CXL_REASON_UNDEFINED,ORD_REJECT_REASON_EXCHANGE_OPTION,,
1790820823.2,2026-10-01T02:13:43.155169687Z,ACTIVITY_TYPE_TRADE,vmc-usgubmov-ia-2026-11-03-d3-6,SELL,ORDER_INTENT_SELL_LONG,0.16,1,CTQZ7NQ6JYBE,aggressor,-0.04,2026-10-01T02:13:43.153704466Z,0,0.01,0,1,ORDER_STATE_FILLED,UNSOLICITED_CXL_REASON_UNDEFINED,ORD_REJECT_REASON_EXCHANGE_OPTION,,
1790820823.7,2026-10-01T02:13:43.654207663Z,ACTIVITY_TYPE_TRADE,vmc-ussemov-nc-2026-11-03-d12-15,SELL,ORDER_INTENT_SELL_LONG,0.04,1,CTQZ7NQCPYBE,aggressor,-0.13,2026-10-01T02:13:43.652849855Z,0,0,0,1,ORDER_STATE_PARTIALLY_FILLED,UNSOLICITED_CXL_REASON_UNDEFINED,ORD_REJECT_REASON_EXCHANGE_OPTION,,
1790820824.2,2026-10-01T02:13:44.162446068Z,ACTIVITY_TYPE_TRADE,vmc-ussemov-ks-2026-11-03-r25-30,SELL,ORDER_INTENT_SELL_LONG,0.01,2,CTQZK703PYCC,aggressor,-0.38,2026-10-01T02:13:44.160867820Z,0,0,0,1,ORDER_STATE_FILLED,UNSOLICITED_CXL_REASON_UNDEFINED,ORD_REJECT_REASON_EXCHANGE_OPTION,,
1790820824.7,2026-10-01T02:13:44.653376114Z,ACTIVITY_TYPE_TRADE,vmc-usgubmov-nh-2026-11-03-r9-12,SELL,ORDER_INTENT_SELL_LONG,0.07,1,CTQZ9XTR8YCD,aggressor,-0.19,2026-10-01T02:13:44.651909736Z,0,0,0,1,ORDER_STATE_FILLED,UNSOLICITED_CXL_REASON_UNDEFINED,ORD_REJECT_REASON_EXCHANGE_OPTION,,
1790820840.2,2026-10-01T02:14:00.162290127Z,ACTIVITY_TYPE_TRADE,vmc-usgubmov-az-2026-11-03-d9-12,SELL,ORDER_INTENT_SELL_LONG,0.06,1,CTQZT8XVEYC3,aggressor,-0.32,2026-10-01T02:14:00.160309272Z,0,0,0,1,ORDER_STATE_FILLED,UNSOLICITED_CXL_REASON_UNDEFINED,ORD_REJECT_REASON_EXCHANGE_OPTION,,
1790820840.2,2026-10-01T02:14:00.192467383Z,ACTIVITY_TYPE_TRADE,vmc-usgubmov-vt-2026-11-03-r10-15,SELL,ORDER_INTENT_SELL_LONG,0.18,1,CTQZRQR80YBY,aggressor,-0.03,2026-10-01T02:14:00.190565330Z,0,0.01,0,1,ORDER_STATE_FILLED,UNSOLICITED_CXL_REASON_UNDEFINED,ORD_REJECT_REASON_EXCHANGE_OPTION,,
1790820840.3,2026-10-01T02:14:00.253309069Z,ACTIVITY_TYPE_TRADE,vmc-usgubmov-nh-2026-11-03-r12-15,SELL,ORDER_INTENT_SELL_LONG,0.06,1,CTQZRJ0YGYCD,aggressor,-0.24,2026-10-01T02:14:00.251803484Z,0,0,0,1,ORDER_STATE_FILLED,UNSOLICITED_CXL_REASON_UNDEFINED,ORD_REJECT_REASON_EXCHANGE_OPTION,,
1790820840.3,2026-10-01T02:14:00.326081459Z,ACTIVITY_TYPE_TRADE,vmc-usgubmov-vt-2026-11-03-r5-10,SELL,ORDER_INTENT_SELL_LONG,0.15,0.06,CTQZK75SEYCC,aggressor,-0.01,2026-10-01T02:14:00.324051455Z,0,0,0,1,ORDER_STATE_PARTIALLY_FILLED,UNSOLICITED_CXL_REASON_UNDEFINED,ORD_REJECT_REASON_EXCHANGE_OPTION,,
1790820840.4,2026-10-01T02:14:00.357701446Z,ACTIVITY_TYPE_TRADE,vmc-usgubmov-ct-2026-11-03-d20-25,SELL,ORDER_INTENT_SELL_LONG,0.19,1,CTQZRJ0ZMYCD,aggressor,-0.1,2026-10-01T02:14:00.356193059Z,0,0.01,0,1,ORDER_STATE_FILLED,UNSOLICITED_CXL_REASON_UNDEFINED,ORD_REJECT_REASON_EXCHANGE_OPTION,,
1790820840.4,2026-10-01T02:14:00.392947687Z,ACTIVITY_TYPE_TRADE,vmc-usgubmov-pa-2026-11-03-d10-15,SELL,ORDER_INTENT_SELL_LONG,0.16,1,CTQZRJ0ZYYCD,aggressor,-0.04,2026-10-01T02:14:00.391717185Z,0,0.01,0,1,ORDER_STATE_FILLED,UNSOLICITED_CXL_REASON_UNDEFINED,ORD_REJECT_REASON_EXCHANGE_OPTION,,
1790820840.4,2026-10-01T02:14:00.427050592Z,ACTIVITY_TYPE_TRADE,vtc-usseto-va-2026-11-03-gt3pt25m,SELL,ORDER_INTENT_SELL_LONG,0.01,1,CTQZT8Y06YC3,aggressor,-0.61,2026-10-01T02:14:00.425678382Z,0,0,0,1,ORDER_STATE_FILLED,UNSOLICITED_CXL_REASON_UNDEFINED,ORD_REJECT_REASON_EXCHANGE_OPTION,,
1790820840.6,2026-10-01T02:14:00.629576895Z,ACTIVITY_TYPE_TRADE,vmc-ussemov-va-2026-11-03-d0-5,SELL,ORDER_INTENT_SELL_LONG,0.01,1,CTQZRR1KCYAQ,aggressor,-0.19,2026-10-01T02:14:00.628016049Z,0,0,0,1,ORDER_STATE_FILLED,UNSOLICITED_CXL_REASON_UNDEFINED,ORD_REJECT_REASON_EXCHANGE_OPTION,,
1790820840.7,2026-10-01T02:14:00.660330787Z,ACTIVITY_TYPE_TRADE,aachc-cfb-wins-2026-11-28-vir-5pt5wins,BUY,ORDER_INTENT_SELL_SHORT,0.88,0.9,CTQZQNVH2YBE,aggressor,-0.01,2026-10-01T02:14:00.658943560Z,0,0.01,0,1,ORDER_STATE_FILLED,UNSOLICITED_CXL_REASON_UNDEFINED,ORD_REJECT_REASON_EXCHANGE_OPTION,,
1790820840.7,2026-10-01T02:14:00.660330787Z,ACTIVITY_TYPE_TRADE,aachc-cfb-wins-2026-11-28-vir-5pt5wins,BUY,ORDER_INTENT_SELL_SHORT,0.88,0.1,CTQZQNVH2YBE,aggressor,-0,2026-10-01T02:14:00.658943560Z,0,0,0,1,ORDER_STATE_PARTIALLY_FILLED,UNSOLICITED_CXL_REASON_UNDEFINED,ORD_REJECT_REASON_EXCHANGE_OPTION,,
1790820840.8,2026-10-01T02:14:00.781493450Z,ACTIVITY_TYPE_TRADE,aachc-cfb-wins-2026-11-28-mspst-5pt5wins,SELL,ORDER_INTENT_SELL_LONG,0.92,0.01,CTQZRJ13WYCD,aggressor,0.01,2026-10-01T02:14:00.779374896Z,0,0,0,1,ORDER_STATE_FILLED,UNSOLICITED_CXL_REASON_UNDEFINED,ORD_REJECT_REASON_EXCHANGE_OPTION,,
1790820841.0,2026-10-01T02:14:01.013608834Z,ACTIVITY_TYPE_TRADE,aachc-cfb-wins-2026-11-28-pennst-9pt5wins,BUY,ORDER_INTENT_SELL_SHORT,0.26,1,CTQZRJ15YYCD,aggressor,-0.54,2026-10-01T02:14:01.011772548Z,0,0.01,0,1,ORDER_STATE_FILLED,UNSOLICITED_CXL_REASON_UNDEFINED,ORD_REJECT_REASON_EXCHANGE_OPTION,,
1790820841.1,2026-10-01T02:14:01.122842593Z,ACTIVITY_TYPE_TRADE,aachc-cfb-wins-2026-11-28-arzst-4pt5wins,SELL,ORDER_INTENT_SELL_LONG,0.89,1,CTQZEFE5RYBQ,aggressor,0.43,2026-10-01T02:14:01.120990938Z,0,0.01,0,1,ORDER_STATE_FILLED,UNSOLICITED_CXL_REASON_UNDEFINED,ORD_REJECT_REASON_EXCHANGE_OPTION,,
1790820841.2,2026-10-01T02:14:01.248422175Z,ACTIVITY_TYPE_TRADE,aachc-cfb-wins-2026-11-28-arzst-8pt5wins,SELL,ORDER_INTENT_SELL_LONG,0.23,1,CTQZT8YA8YC3,aggressor,-0.06,2026-10-01T02:14:01.246635507Z,0,0.01,0,1,ORDER_STATE_FILLED,UNSOLICITED_CXL_REASON_UNDEFINED,ORD_REJECT_REASON_EXCHANGE_OPTION,,
1790820841.4,2026-10-01T02:14:01.359722452Z,ACTIVITY_TYPE_TRADE,aachc-cfb-wins-2026-11-28-hou-9pt5wins,SELL,ORDER_INTENT_SELL_LONG,0.21,0.9,CTQZK7648YCC,aggressor,0.15,2026-10-01T02:14:01.358062392Z,0,0.01,0,1,ORDER_STATE_FILLED,UNSOLICITED_CXL_REASON_UNDEFINED,ORD_REJECT_REASON_EXCHANGE_OPTION,,
1790820841.4,2026-10-01T02:14:01.359722452Z,ACTIVITY_TYPE_TRADE,aachc-cfb-wins-2026-11-28-hou-9pt5wins,SELL,ORDER_INTENT_SELL_LONG,0.21,0.1,CTQZK7648YCC,aggressor,0.02,2026-10-01T02:14:01.358062392Z,0,0,0,1,ORDER_STATE_PARTIALLY_FILLED,UNSOLICITED_CXL_REASON_UNDEFINED,ORD_REJECT_REASON_EXCHANGE_OPTION,,
1790820841.5,2026-10-01T02:14:01.541520068Z,ACTIVITY_TYPE_TRADE,aachc-cfb-wins-ou-2026-11-28-utahst,SELL,ORDER_INTENT_SELL_LONG,0.34,0.9,CTQZT8YDEYC3,aggressor,0.21,2026-10-01T02:14:01.539527502Z,0,0.01,0,1,ORDER_STATE_FILLED,UNSOLICITED_CXL_REASON_UNDEFINED,ORD_REJECT_REASON_EXCHANGE_OPTION,,
1790820841.5,2026-10-01T02:14:01.541520068Z,ACTIVITY_TYPE_TRADE,aachc-cfb-wins-ou-2026-11-28-utahst,SELL,ORDER_INTENT_SELL_LONG,0.34,0.1,CTQZT8YDEYC3,aggressor,0.02,2026-10-01T02:14:01.539527502Z,0,0,0,1,ORDER_STATE_PARTIALLY_FILLED,UNSOLICITED_CXL_REASON_UNDEFINED,ORD_REJECT_REASON_EXCHANGE_OPTION,,
1790821010.1,2026-10-01T02:16:50.068750991Z,ACTIVITY_TYPE_TRADE,scc-hrep-rep-2026-11-03-gte195,BUY,ORDER_INTENT_BUY_LONG,0.66,39,CTM2YQWMTYCC,passive,,2026-09-30T21:43:12.893327006Z,4.56,-0.11,0,1,ORDER_STATE_FILLED,UNSOLICITED_CXL_REASON_UNDEFINED,ORD_REJECT_REASON_EXCHANGE_OPTION,,
1790821010.1,2026-10-01T02:16:50.068750991Z,ACTIVITY_TYPE_TRADE,scc-hrep-rep-2026-11-03-gte195,BUY,ORDER_INTENT_BUY_LONG,0.69,2,CTPG6AVE0YB5,passive,,2026-10-01T00:30:01.953585322Z,1.78,-0.01,0,1,ORDER_STATE_FILLED,UNSOLICITED_CXL_REASON_UNDEFINED,ORD_REJECT_REASON_EXCHANGE_OPTION,,
1790821010.1,2026-10-01T02:16:50.068750991Z,ACTIVITY_TYPE_TRADE,scc-hrep-rep-2026-11-03-gte195,BUY,ORDER_INTENT_BUY_LONG,0.7,1,CTQZK7B04YCC,passive,,2026-10-01T02:14:13.002852103Z,0.044,0,0,1,ORDER_STATE_FILLED,UNSOLICITED_CXL_REASON_UNDEFINED,ORD_REJECT_REASON_EXCHANGE_OPTION,,
1790821010.1,2026-10-01T02:16:50.068750991Z,ACTIVITY_TYPE_TRADE,scc-hrep-rep-2026-11-03-gte195,BUY,ORDER_INTENT_BUY_LONG,0.7,0.01,CTQVJ8C06YB5,passive,,2026-10-01T02:06:13.775914351Z,0.177,0,0,1,ORDER_STATE_FILLED,UNSOLICITED_CXL_REASON_UNDEFINED,ORD_REJECT_REASON_EXCHANGE_OPTION,,
1790821010.1,2026-10-01T02:16:50.068750991Z,ACTIVITY_TYPE_TRADE,scc-hrep-rep-2026-11-03-gte195,SELL,ORDER_INTENT_BUY_SHORT,0.7,67,CTR1209SRYCC,aggressor,,2026-10-01T02:16:50.067262257Z,0,0.98,0,1,ORDER_STATE_PARTIALLY_FILLED,UNSOLICITED_CXL_REASON_UNDEFINED,ORD_REJECT_REASON_EXCHANGE_OPTION,,
1790821010.1,2026-10-01T02:16:50.068750991Z,ACTIVITY_TYPE_TRADE,scc-hrep-rep-2026-11-03-gte195,BUY,ORDER_INTENT_BUY_LONG,0.7,5.57,CTQR3CFNJYCA,passive,,2026-10-01T01:58:49.843955403Z,0.3,-0.01,0,1,ORDER_STATE_FILLED,UNSOLICITED_CXL_REASON_UNDEFINED,ORD_REJECT_REASON_EXCHANGE_OPTION,,
1790821010.1,2026-10-01T02:16:50.068750991Z,ACTIVITY_TYPE_TRADE,scc-hrep-rep-2026-11-03-gte195,SELL,ORDER_INTENT_BUY_SHORT,0.7,1,CTR1209SRYCC,aggressor,,2026-10-01T02:16:50.067262257Z,0,0.01,0,1,ORDER_STATE_PARTIALLY_FILLED,UNSOLICITED_CXL_REASON_UNDEFINED,ORD_REJECT_REASON_EXCHANGE_OPTION,,
1790821423.4,2026-10-01T02:23:43.365530367Z,ACTIVITY_TYPE_ACCOUNT_WITHDRAWAL,,,,,,,,,,,,,,,,,850,
1790821922.4,2026-10-01T02:32:02.371921376Z,ACTIVITY_TYPE_TRADE,vtc-usseto-la-2026-11-03-gt1pt1m,BUY,ORDER_INTENT_SELL_SHORT,0.98,0.83,CTQZ9DCN4YBY,passive,0.48,2026-10-01T02:13:25.050664706Z,0.31,0,0,1,ORDER_STATE_FILLED,UNSOLICITED_CXL_REASON_UNDEFINED,ORD_REJECT_REASON_EXCHANGE_OPTION,,
1790824801.4,2026-10-01T03:20:01.432481253Z,ACTIVITY_TYPE_TRADE,vmc-ussemov-nc-2026-11-03-d12-15,SELL,ORDER_INTENT_SELL_LONG,0.04,4,CTQZ7NQCPYBE,passive,-0.5,2026-10-01T02:13:43.652849855Z,1.105,0,0,1,ORDER_STATE_FILLED,UNSOLICITED_CXL_REASON_UNDEFINED,ORD_REJECT_REASON_EXCHANGE_OPTION,,
1790856717.7,2026-10-01T12:11:57.679018190Z,ACTIVITY_TYPE_TRADE,scc-hrep-rep-2026-11-03-gte195,BUY,ORDER_INTENT_SELL_SHORT,0.46,3,CV0F77Y12YGW,aggressor,-0.82,2026-10-01T12:11:57.677216279Z,0,0.05,0,1,ORDER_STATE_PARTIALLY_FILLED,UNSOLICITED_CXL_REASON_UNDEFINED,ORD_REJECT_REASON_EXCHANGE_OPTION,,
1790856786.5,2026-10-01T12:13:06.520141819Z,ACTIVITY_TYPE_TRADE,ewc-usse-nh-2026-11-03-dem,BUY,ORDER_INTENT_SELL_SHORT,0.87,226,CV0FS2558YH0,aggressor,160.84,2026-10-01T12:13:06.518739256Z,0,1.78,0,1,ORDER_STATE_FILLED,UNSOLICITED_CXL_REASON_UNDEFINED,ORD_REJECT_REASON_EXCHANGE_OPTION,,
1790856856.9,2026-10-01T12:14:16.926591900Z,ACTIVITY_TYPE_TRADE,usgovcc-26mid-rep-2026-11-03-20-21,SELL,ORDER_INTENT_SELL_LONG,0.2,1.56,CTZWVBXZPYHC,passive,-0.88,2026-10-01T11:54:34.646914610Z,0.328,0,0,1,ORDER_STATE_PARTIALLY_FILLED,UNSOLICITED_CXL_REASON_UNDEFINED,ORD_REJECT_REASON_EXCHANGE_OPTION,,
1790856859.9,2026-10-01T12:14:19.933843948Z,ACTIVITY_TYPE_TRADE,aqc-nfl-nfc-2027-01-24-champq-sea,SELL,ORDER_INTENT_SELL_LONG,0.82,1.3,CTZSM8ZVEYGW,passive,0.16,2026-10-01T11:59:57.132014043Z,0.24,0,0,1,ORDER_STATE_PARTIALLY_FILLED,UNSOLICITED_CXL_REASON_UNDEFINED,ORD_REJECT_REASON_EXCHANGE_OPTION,,
1790858350.1,2026-10-01T12:39:10.137192014Z,ACTIVITY_TYPE_TRADE,scc-hrep-rep-2026-11-03-gte200,SELL,ORDER_INTENT_SELL_LONG,0.57,84.5,CV0GFX6ZEYHH,passive,-129.27,2026-10-01T12:14:43.472703362Z,0.407,-0.26,0,1,ORDER_STATE_FILLED,UNSOLICITED_CXL_REASON_UNDEFINED,ORD_REJECT_REASON_EXCHANGE_OPTION,,
1790858455.5,2026-10-01T12:40:55.464167522Z,ACTIVITY_TYPE_TRADE,scc-hrep-rep-2026-11-03-gte195,BUY,ORDER_INTENT_SELL_SHORT,0.6,112.58,CV0F77Y12YGW,passive,-12.96,2026-10-01T12:11:57.677216279Z,0.483,-0.34,0,1,ORDER_STATE_FILLED,UNSOLICITED_CXL_REASON_UNDEFINED,ORD_REJECT_REASON_EXCHANGE_OPTION,,
1790864936.2,2026-10-01T14:28:56.175671346Z,ACTIVITY_TYPE_TRADE,scc-senate-gop-2026-11-03-48,SELL,ORDER_INTENT_BUY_SHORT,0.15,50,CV1BWQN84YG6,passive,,2026-10-01T13:15:03.466941930Z,1.231,-0.08,0,1,ORDER_STATE_FILLED,UNSOLICITED_CXL_REASON_UNDEFINED,ORD_REJECT_REASON_EXCHANGE_OPTION,,
1790866051.0,2026-10-01T14:47:30.975525045Z,ACTIVITY_TYPE_TRADE,scc-senate-gop-2026-11-03-52,SELL,ORDER_INTENT_SELL_LONG,0.07,21,CV0GD1FBPYHC,passive,0.32,2026-10-01T12:13:48.669487917Z,2.562,-0.02,0,1,ORDER_STATE_PARTIALLY_FILLED,UNSOLICITED_CXL_REASON_UNDEFINED,ORD_REJECT_REASON_EXCHANGE_OPTION,,
1790866703.7,2026-10-01T14:58:23.681806275Z,ACTIVITY_TYPE_TRADE,ewc-usgub-wi-2026-11-03-rep,SELL,ORDER_INTENT_SELL_LONG,0.16,149,CV0FV42DCYH4,passive,-27.27,2026-10-01T12:13:00.413278835Z,2.756,-0.25,0,1,ORDER_STATE_PARTIALLY_FILLED,UNSOLICITED_CXL_REASON_UNDEFINED,ORD_REJECT_REASON_EXCHANGE_OPTION,,
1790873356.7,2026-10-01T16:49:16.684491614Z,ACTIVITY_TYPE_TRADE,ewc-usgub-wi-2026-11-03-rep,SELL,ORDER_INTENT_SELL_LONG,0.16,32,CV0FV42DCYH4,passive,-5.86,2026-10-01T12:13:00.413278835Z,4.605,-0.05,0,1,ORDER_STATE_FILLED,UNSOLICITED_CXL_REASON_UNDEFINED,ORD_REJECT_REASON_EXCHANGE_OPTION,,
1790875550.7,2026-10-01T17:25:50.681377811Z,ACTIVITY_TYPE_TRADE,scc-hrep-rep-2026-11-03-gte195,SELL,ORDER_INTENT_BUY_SHORT,0.62,150,CV4RD21S2YG6,passive,,2026-10-01T17:07:38.531379526Z,0.303,-0.44,0,1,ORDER_STATE_FILLED,UNSOLICITED_CXL_REASON_UNDEFINED,ORD_REJECT_REASON_EXCHANGE_OPTION,,
1790883713.9,2026-10-01T19:41:53.941903285Z,ACTIVITY_TYPE_TRADE,scc-hrep-rep-2026-11-03-gte200,SELL,ORDER_INTENT_BUY_SHORT,0.58,150,CV4RN41JCYH0,passive,,2026-10-01T17:07:16.760301714Z,2.577,-0.46,0,1,ORDER_STATE_FILLED,UNSOLICITED_CXL_REASON_UNDEFINED,ORD_REJECT_REASON_EXCHANGE_OPTION,,
1790883768.9,2026-10-01T19:42:48.903659832Z,ACTIVITY_TYPE_TRADE,scc-hrep-rep-2026-11-03-gte185,BUY,ORDER_INTENT_BUY_LONG,0.78,150,CV4RQRM8RYGE,passive,,2026-10-01T17:08:02.209998522Z,2.58,-0.32,0,1,ORDER_STATE_FILLED,UNSOLICITED_CXL_REASON_UNDEFINED,ORD_REJECT_REASON_EXCHANGE_OPTION,,
1790883812.1,2026-10-01T19:43:32.093739163Z,ACTIVITY_TYPE_TRADE,scc-hrep-rep-2026-11-03-gte190,BUY,ORDER_INTENT_BUY_LONG,0.75,36.2,CV4RS4W9MYHC,passive,,2026-10-01T17:07:47.810454429Z,2.596,-0.08,0,1,ORDER_STATE_PARTIALLY_FILLED,UNSOLICITED_CXL_REASON_UNDEFINED,ORD_REJECT_REASON_EXCHANGE_OPTION,,
1790883839.2,2026-10-01T19:43:59.240063811Z,ACTIVITY_TYPE_TRADE,scc-hrep-rep-2026-11-03-gte190,BUY,ORDER_INTENT_BUY_LONG,0.75,2.8,CV4RS4W9MYHC,passive,,2026-10-01T17:07:47.810454429Z,2.603,-0.01,0,1,ORDER_STATE_PARTIALLY_FILLED,UNSOLICITED_CXL_REASON_UNDEFINED,ORD_REJECT_REASON_EXCHANGE_OPTION,,
1790884022.8,2026-10-01T19:47:02.777978310Z,ACTIVITY_TYPE_TRADE,scc-hrep-rep-2026-11-03-gte205,BUY,ORDER_INTENT_BUY_LONG,0.26,48.35,CV4RS3MV8YH8,passive,,2026-10-01T17:07:04.737248118Z,2.666,-0.12,0,1,ORDER_STATE_PARTIALLY_FILLED,UNSOLICITED_CXL_REASON_UNDEFINED,ORD_REJECT_REASON_EXCHANGE_OPTION,,
1790884035.3,2026-10-01T19:47:15.301039905Z,ACTIVITY_TYPE_TRADE,scc-hrep-rep-2026-11-03-gte205,BUY,ORDER_INTENT_BUY_LONG,0.26,0.23,CV4RS3MV8YH8,passive,,2026-10-01T17:07:04.737248118Z,2.67,0,0,1,ORDER_STATE_PARTIALLY_FILLED,UNSOLICITED_CXL_REASON_UNDEFINED,ORD_REJECT_REASON_EXCHANGE_OPTION,,
1790884108.8,2026-10-01T19:48:28.831514560Z,ACTIVITY_TYPE_TRADE,scc-hrep-rep-2026-11-03-gte200,BUY,ORDER_INTENT_BUY_LONG,0.57,5.88,CV4RT27REYHK,passive,,2026-10-01T17:07:22.677023511Z,2.685,-0.02,0,1,ORDER_STATE_PARTIALLY_FILLED,UNSOLICITED_CXL_REASON_UNDEFINED,ORD_REJECT_REASON_EXCHANGE_OPTION,,
1790884309.1,2026-10-01T19:51:49.083483555Z,ACTIVITY_TYPE_TRADE,scc-senate-gop-2026-11-03-52,SELL,ORDER_INTENT_SELL_LONG,0.07,199,CV0GD1FBPYHC,passive,2.92,2026-10-01T12:13:48.669487917Z,7.633,-0.16,0,1,ORDER_STATE_PARTIALLY_FILLED,UNSOLICITED_CXL_REASON_UNDEFINED,ORD_REJECT_REASON_EXCHANGE_OPTION,,
1790884350.6,2026-10-01T19:52:30.628566061Z,ACTIVITY_TYPE_TRADE,ushrewc-ushr-ca-47-2026-11-03-dem,BUY,ORDER_INTENT_BUY_LONG,0.94,50,CV0FQKF9TYGW,passive,,2026-10-01T12:12:12.129354560Z,7.672,-0.04,0,1,ORDER_STATE_FILLED,UNSOLICITED_CXL_REASON_UNDEFINED,ORD_REJECT_REASON_EXCHANGE_OPTION,,
1790884490.2,2026-10-01T19:54:50.159283937Z,ACTIVITY_TYPE_TRADE,cpoc-ussegubc-me-2026-11-03-dsweep,SELL,ORDER_INTENT_SELL_LONG,0.58,9,CV0G50VBMYGP,passive,-2.22,2026-10-01T12:13:55.436706835Z,7.682,-0.03,0,1,ORDER_STATE_FILLED,UNSOLICITED_CXL_REASON_UNDEFINED,ORD_REJECT_REASON_EXCHANGE_OPTION,,
1790886535.2,2026-10-01T20:28:55.218914365Z,ACTIVITY_TYPE_TRADE,ewc-usse-ia-2026-11-03-dem,BUY,ORDER_INTENT_SELL_SHORT,0.44,23,CV0G03C4RYHC,passive,1.8,2026-10-01T12:13:12.828248609Z,8.262,-0.07,0,1,ORDER_STATE_PARTIALLY_FILLED,UNSOLICITED_CXL_REASON_UNDEFINED,ORD_REJECT_REASON_EXCHANGE_OPTION,,
1790886591.6,2026-10-01T20:29:51.620997122Z,ACTIVITY_TYPE_TRADE,scc-hrep-rep-2026-11-03-gte185,SELL,ORDER_INTENT_SELL_LONG,0.72,204.98,CV76YX6RRYGE,passive,30.67,2026-10-01T20:01:52.549722928Z,0.466,-0.52,0,1,ORDER_STATE_FILLED,UNSOLICITED_CXL_REASON_UNDEFINED,ORD_REJECT_REASON_EXCHANGE_OPTION,,
1790886929.3,2026-10-01T20:35:29.330152983Z,ACTIVITY_TYPE_TRADE,scc-hrep-rep-2026-11-03-gte200,BUY,ORDER_INTENT_BUY_LONG,0.57,0.01,CV4RT27REYHK,passive,,2026-10-01T17:07:22.677023511Z,3.469,0,0,1,ORDER_STATE_PARTIALLY_FILLED,UNSOLICITED_CXL_REASON_UNDEFINED,ORD_REJECT_REASON_EXCHANGE_OPTION,,
1790891570.5,2026-10-01T21:52:50.482932997Z,ACTIVITY_TYPE_TRADE,ushrewc-ushr-ca-47-2026-11-03-dem,SELL,ORDER_INTENT_SELL_LONG,0.91,15,CV8RW07V2YG6,passive,-0.45,2026-10-01T21:52:46.186066463Z,0.001,-0.02,0,1,ORDER_STATE_FILLED,UNSOLICITED_CXL_REASON_UNDEFINED,ORD_REJECT_REASON_EXCHANGE_OPTION,,
1790892362.0,2026-10-01T22:06:01.968244576Z,ACTIVITY_TYPE_TRADE,aec-mlb-phi-atl-2026-10-01,BUY,ORDER_INTENT_BUY_LONG,0.495,50,CV47443T6YG6,passive,,2026-10-01T16:29:20.305397450Z,5.612,-0.16,0,1,ORDER_STATE_PARTIALLY_FILLED,UNSOLICITED_CXL_REASON_UNDEFINED,ORD_REJECT_REASON_EXCHANGE_OPTION,,
1790895124.7,2026-10-01T22:52:04.657906053Z,ACTIVITY_TYPE_TRADE,ewc-usse-ia-2026-11-03-dem,BUY,ORDER_INTENT_SELL_SHORT,0.44,28,CV0G03C4RYHC,passive,-6.16,2026-10-01T12:13:12.828248609Z,10.648,-0.09,0,1,ORDER_STATE_PARTIALLY_FILLED,UNSOLICITED_CXL_REASON_UNDEFINED,ORD_REJECT_REASON_EXCHANGE_OPTION,,
1790896805.4,2026-10-01T23:20:05.415289186Z,ACTIVITY_TYPE_TRADE,scc-hrep-rep-2026-11-03-gte205,SELL,ORDER_INTENT_BUY_SHORT,0.27,150,CV4R751T4YGP,passive,,2026-10-01T17:06:58.695535232Z,6.219,-0.37,0,1,ORDER_STATE_FILLED,UNSOLICITED_CXL_REASON_UNDEFINED,ORD_REJECT_REASON_EXCHANGE_OPTION,,
1790896909.9,2026-10-01T23:21:49.930736787Z,ACTIVITY_TYPE_TRADE,scc-hrep-rep-2026-11-03-gte220,SELL,ORDER_INTENT_BUY_SHORT,0.07,100,CV4QW6AFRYGE,passive,,2026-10-01T17:06:12.240762531Z,6.26,-0.08,0,1,ORDER_STATE_FILLED,UNSOLICITED_CXL_REASON_UNDEFINED,ORD_REJECT_REASON_EXCHANGE_OPTION,,
1790897238.3,2026-10-01T23:27:18.337215904Z,ACTIVITY_TYPE_TRADE,scc-senate-gop-2026-11-03-46,SELL,ORDER_INTENT_BUY_SHORT,0.11,0.99,CV181WCCJYHC,passive,,2026-10-01T13:06:05.096576901Z,10.354,0,0,1,ORDER_STATE_PARTIALLY_FILLED,UNSOLICITED_CXL_REASON_UNDEFINED,ORD_REJECT_REASON_EXCHANGE_OPTION,,
1790897251.4,2026-10-01T23:27:31.428029458Z,ACTIVITY_TYPE_TRADE,scc-senate-gop-2026-11-03-46,SELL,ORDER_INTENT_BUY_SHORT,0.11,0.01,CV181WCCJYHC,passive,,2026-10-01T13:06:05.096576901Z,10.357,0,0,1,ORDER_STATE_PARTIALLY_FILLED,UNSOLICITED_CXL_REASON_UNDEFINED,ORD_REJECT_REASON_EXCHANGE_OPTION,,
1790898268.6,2026-10-01T23:44:28.644260062Z,ACTIVITY_TYPE_TRADE,aec-mlb-phi-atl-2026-10-01,BUY,ORDER_INTENT_SELL_SHORT,0.495,50,CV8YVQ2G2YGW,passive,-1.21,2026-10-01T22:06:26.422591085Z,1.634,-0.16,0,1,ORDER_STATE_FILLED,UNSOLICITED_CXL_REASON_UNDEFINED,ORD_REJECT_REASON_EXCHANGE_OPTION,,
1790901125.6,2026-10-02T00:32:05.613750144Z,ACTIVITY_TYPE_TRADE,scc-hrep-rep-2026-11-03-gte190,SELL,ORDER_INTENT_BUY_SHORT,0.76,50,CV4RS447WYH8,passive,,2026-10-01T17:07:52.803024652Z,7.404,-0.11,0,1,ORDER_STATE_FILLED,UNSOLICITED_CXL_REASON_UNDEFINED,ORD_REJECT_REASON_EXCHANGE_OPTION,,
1790902254.2,2026-10-02T00:50:54.173942007Z,ACTIVITY_TYPE_TRADE,scc-senate-gop-2026-11-03-53,SELL,ORDER_INTENT_BUY_SHORT,0.06,150,CV1CZ7YQGYGW,passive,,2026-10-01T13:16:53.988052165Z,11.567,-0.11,0,1,ORDER_STATE_FILLED,UNSOLICITED_CXL_REASON_UNDEFINED,ORD_REJECT_REASON_EXCHANGE_OPTION,,
1790903228.8,2026-10-02T01:07:08.824606846Z,ACTIVITY_TYPE_TRADE,scc-hrep-rep-2026-11-03-gte200,BUY,ORDER_INTENT_BUY_LONG,0.57,19.11,CV4RT27REYHK,passive,,2026-10-01T17:07:22.677023511Z,7.996,-0.06,0,1,ORDER_STATE_FILLED,UNSOLICITED_CXL_REASON_UNDEFINED,ORD_REJECT_REASON_EXCHANGE_OPTION,,
1790903419.7,2026-10-02T01:10:19.652286899Z,ACTIVITY_TYPE_TRADE,paccc-balpow-2026-11-03-dsweep,BUY,ORDER_INTENT_SELL_SHORT,0.61,22.99,CV0G33FK8YHH,passive,4.64,2026-10-01T12:13:22.290131122Z,12.949,-0.07,0,1,ORDER_STATE_PARTIALLY_FILLED,UNSOLICITED_CXL_REASON_UNDEFINED,ORD_REJECT_REASON_EXCHANGE_OPTION,,
1790903792.8,2026-10-02T01:16:32.813877605Z,ACTIVITY_TYPE_TRADE,scc-senate-gop-2026-11-03-46,SELL,ORDER_INTENT_BUY_SHORT,0.11,2,CV181WCCJYHC,passive,,2026-10-01T13:06:05.096576901Z,12.174,0,0,1,ORDER_STATE_PARTIALLY_FILLED,UNSOLICITED_CXL_REASON_UNDEFINED,ORD_REJECT_REASON_EXCHANGE_OPTION,,
1790904108.2,2026-10-02T01:21:48.193003069Z,ACTIVITY_TYPE_TRADE,ewc-usse-ia-2026-11-03-dem,BUY,ORDER_INTENT_SELL_SHORT,0.44,20,CV0G03C4RYHC,passive,-119.86,2026-10-01T12:13:12.828248609Z,13.143,-0.06,0,1,ORDER_STATE_PARTIALLY_FILLED,UNSOLICITED_CXL_REASON_UNDEFINED,ORD_REJECT_REASON_EXCHANGE_OPTION,,
1790907659.7,2026-10-02T02:20:59.661491311Z,ACTIVITY_TYPE_TRADE,scc-hrep-rep-2026-11-03-gte205,BUY,ORDER_INTENT_SELL_SHORT,0.33,15.47,CVAZAJBRYYGW,passive,-3.62,2026-10-02T00:18:08.176890402Z,2.048,-0.04,0,1,ORDER_STATE_PARTIALLY_FILLED,UNSOLICITED_CXL_REASON_UNDEFINED,ORD_REJECT_REASON_EXCHANGE_OPTION,,
1790908184.4,2026-10-02T02:29:44.352218754Z,ACTIVITY_TYPE_TRADE,scc-hrep-rep-2026-11-03-gte200,SELL,ORDER_INTENT_BUY_SHORT,0.47,0.1,CVCXS2MJ2YG6,aggressor,,2026-10-02T02:29:44.351024438Z,0,0,0,1,ORDER_STATE_FILLED,UNSOLICITED_CXL_REASON_UNDEFINED,ORD_REJECT_REASON_EXCHANGE_OPTION,,
1790908184.4,2026-10-02T02:29:44.352218754Z,ACTIVITY_TYPE_TRADE,scc-hrep-rep-2026-11-03-gte200,SELL,ORDER_INTENT_BUY_SHORT,0.48,0.1,CVCXS2MJ2YG6,aggressor,,2026-10-02T02:29:44.351024438Z,0,0,0,1,ORDER_STATE_PARTIALLY_FILLED,UNSOLICITED_CXL_REASON_UNDEFINED,ORD_REJECT_REASON_EXCHANGE_OPTION,,
1790908184.4,2026-10-02T02:29:44.352218754Z,ACTIVITY_TYPE_TRADE,scc-hrep-rep-2026-11-03-gte200,SELL,ORDER_INTENT_BUY_SHORT,0.52,1,CVCXS2MJ2YG6,aggressor,,2026-10-02T02:29:44.351024438Z,0,0.01,0,1,ORDER_STATE_PARTIALLY_FILLED,UNSOLICITED_CXL_REASON_UNDEFINED,ORD_REJECT_REASON_EXCHANGE_OPTION,,
1790908184.4,2026-10-02T02:29:44.352218754Z,ACTIVITY_TYPE_TRADE,scc-hrep-rep-2026-11-03-gte200,BUY,ORDER_INTENT_BUY_LONG,0.52,1,CVCFB9ZZ0YH8,passive,,2026-10-02T01:59:14.387769184Z,0.508,0,0,1,ORDER_STATE_FILLED,UNSOLICITED_CXL_REASON_UNDEFINED,ORD_REJECT_REASON_EXCHANGE_OPTION,,
1790908184.4,2026-10-02T02:29:44.352218754Z,ACTIVITY_TYPE_TRADE,scc-hrep-rep-2026-11-03-gte200,BUY,ORDER_INTENT_BUY_LONG,0.52,0.01,CVC5ARFEYYG6,passive,,2026-10-02T01:35:49.752267527Z,0.898,0,0,1,ORDER_STATE_FILLED,UNSOLICITED_CXL_REASON_UNDEFINED,ORD_REJECT_REASON_EXCHANGE_OPTION,,
1790908184.4,2026-10-02T02:29:44.352218754Z,ACTIVITY_TYPE_TRADE,scc-hrep-rep-2026-11-03-gte200,BUY,ORDER_INTENT_BUY_LONG,0.52,0.01,CVC4CT7CCYH8,passive,,2026-10-02T01:33:25.780038683Z,0.938,0,0,1,ORDER_STATE_FILLED,UNSOLICITED_CXL_REASON_UNDEFINED,ORD_REJECT_REASON_EXCHANGE_OPTION,,
1790908184.4,2026-10-02T02:29:44.352218754Z,ACTIVITY_TYPE_TRADE,scc-hrep-rep-2026-11-03-gte200,SELL,ORDER_INTENT_BUY_SHORT,0.52,1,CVCXS2MJ2YG6,aggressor,,2026-10-02T02:29:44.351024438Z,0,0.02,0,1,ORDER_STATE_PARTIALLY_FILLED,UNSOLICITED_CXL_REASON_UNDEFINED,ORD_REJECT_REASON_EXCHANGE_OPTION,,
1790908224.5,2026-10-02T02:30:24.525206057Z,ACTIVITY_TYPE_TRADE,scc-hrep-rep-2026-11-03-gte200,BUY,ORDER_INTENT_BUY_LONG,0.44,6,CVCXYJX2GYH0,passive,,2026-10-02T02:30:00.344245191Z,0.007,-0.02,0,1,ORDER_STATE_PARTIALLY_FILLED,UNSOLICITED_CXL_REASON_UNDEFINED,ORD_REJECT_REASON_EXCHANGE_OPTION,,
1790908224.5,2026-10-02T02:30:24.525206057Z,ACTIVITY_TYPE_TRADE,scc-hrep-rep-2026-11-03-gte200,BUY,ORDER_INTENT_BUY_LONG,0.44,9,CVBT81RKCYHC,passive,,2026-10-02T01:11:54.678104896Z,1.308,-0.03,0,1,ORDER_STATE_FILLED,UNSOLICITED_CXL_REASON_UNDEFINED,ORD_REJECT_REASON_EXCHANGE_OPTION,,
1790910324.6,2026-10-02T03:05:24.587870614Z,ACTIVITY_TYPE_TRADE,scc-hrep-rep-2026-11-03-gte230,SELL,ORDER_INTENT_BUY_SHORT,0.02,100,CV4QV6J04YHC,passive,,2026-10-01T17:05:50.034729342Z,9.993,-0.02,0,1,ORDER_STATE_FILLED,UNSOLICITED_CXL_REASON_UNDEFINED,ORD_REJECT_REASON_EXCHANGE_OPTION,,
